tweet_clean,y_true,y_pred,prob_affected_individuals,prob_infrastructure_and_utility_damage,prob_injured_or_dead_people,prob_missing_or_found_people,prob_rescue_volunteering_or_donation_effort,prob_vehicle_damage,prob_other_relevant_information,prob_not_humanitarian
has a great event tomorrow for both byu and utah fans to support hurricane harvey relief,4,4,0.014919043,0.024771594,0.012290346,0.027375411,0.6306749,0.014446849,0.11676968,0.1587521
now also carlo surf band at 8pm pwyc mexicoearthquake fund,7,7,0.014699216,0.032848362,0.014274728,0.024734817,0.20291948,0.012935836,0.23707683,0.46051073
guaynabo resident efrain diaz stands by a bridge washed out by rains carrying debris from hurricane maria cnn,1,1,0.15331787,0.64812094,0.011564322,0.01738097,0.01658455,0.06564921,0.06864836,0.018733818
after harvey irma leaves its own trail of destruction metals,6,1,0.010205501,0.8257258,0.0114806425,0.00850113,0.012216983,0.025679613,0.085197516,0.020992726
dawn just won 400 and were gonna match the amount for hurricane maria relief,7,4,0.013037899,0.026173616,0.013600106,0.02800961,0.683575,0.016342836,0.09540514,0.123855695
harvey forces national weather service to add new color to its rainfall map,6,6,0.015959475,0.18374093,0.008670043,0.013365604,0.05202269,0.01516696,0.52449566,0.18657857
hurrican harvey transposed over illinois to show widespread heavyrain,6,6,0.013844969,0.24645786,0.010170002,0.01404094,0.03440266,0.01583464,0.5326792,0.1325697
wotv news presssec the primary focus right now in puerto rico is relief and support in the rebuilding effo,1,4,0.011921617,0.043838758,0.012007702,0.026360605,0.577583,0.01703485,0.15030435,0.16094914
harvey bashes texas coast leaving homes damaged residents injured amp without power,1,1,0.017192882,0.8112214,0.040253203,0.013352942,0.011150832,0.05726382,0.038364455,0.0112003
puerto rico is now a country dont believe me read,7,7,0.019289209,0.046740063,0.01478868,0.020907482,0.06980636,0.013349388,0.27339467,0.54172415
so many faves on one track for puerto rico a14y5a14y7 almostlikepraying supportpr,7,7,0.01844181,0.029003793,0.013312889,0.024687903,0.11413274,0.01299484,0.2435303,0.5438957
puerto rico power massive logistics challenge the commander of the us a usa news,7,7,0.014935548,0.046566565,0.009768991,0.021849211,0.14456278,0.01445013,0.3445866,0.4032802
raises big bucks for mexico earthquake relief,4,4,0.013239848,0.025829697,0.013989214,0.027567385,0.70413196,0.016488837,0.08767425,0.111078784
cyclone mora storm makes landfall in bangladesh six killed,2,2,0.007208645,0.007967977,0.9427223,0.01030067,0.006549958,0.010695812,0.0058629736,0.008691765
trump on hurricane harvey we will endure and we will overcome,6,6,0.12909159,0.054809984,0.008692972,0.021381203,0.077782385,0.015790518,0.44803292,0.24441843
m56 earthquake 119km ssw of tres picos mexico 20170929t040022z depth 2166km 94a 2 47 w 14a 54 14 n,6,6,0.015936691,0.07513433,0.015426836,0.022552704,0.05887811,0.014218497,0.4337462,0.36410668
how to help mexico recover from its devastating earthquake from wherever you are,4,4,0.027911203,0.03800883,0.0090813795,0.024019687,0.5615847,0.0135762105,0.17610073,0.14971727
schools feed studentsao need after hurricane irma,4,4,0.018641468,0.023510871,0.012734051,0.028476689,0.7458179,0.014724176,0.0722232,0.083871596
hurricane experts on harvey irma and whats next,6,6,0.0218198,0.12376124,0.0074579795,0.01461684,0.04598028,0.015118578,0.5860687,0.18517658
are california forest fire memes worth investing in,7,7,0.023433408,0.04824538,0.013587521,0.023370944,0.07062689,0.01302294,0.31437826,0.4933346
helmetcam video amp radio traffic from california apartment fire firefighters,6,6,0.0154394675,0.0998028,0.0073017045,0.021240242,0.14721927,0.018911295,0.4179508,0.2721344
north woodlands area church of christ delivers nearly 95k in supplies to harvey victims,4,4,0.01638315,0.022421742,0.015850995,0.029367637,0.7699173,0.01672045,0.059297502,0.07004119
money irma business itaos not just toys r us more credit weak spots are emerging ai a,7,7,0.0130559625,0.059518132,0.012160168,0.020314932,0.06928136,0.0152633395,0.37873682,0.43166935
a very hota weather fire danger expected in southern california algeria u2,6,6,0.017890407,0.15560304,0.014201986,0.015402472,0.034280956,0.01390527,0.5696022,0.17911364
wheel wednesday all the way from puerto rico a14y5a14y7a12f jeepwrangler offroad wheelwednesday,7,7,0.017908243,0.030100694,0.013446399,0.025486898,0.09730804,0.016182078,0.22958156,0.56998605
at mexican school hit by quake heartbreak and dwindling hope by paulina villegas via nyt,1,1,0.075162806,0.627814,0.012002388,0.013945004,0.014156152,0.025054298,0.17571755,0.056147832
tornado signature right outside of polygon moving inland from the coast flwx hurricaneirma,6,6,0.017195126,0.12140162,0.011613606,0.01680854,0.043137427,0.015135275,0.5924351,0.18227328
good morning puerto rico oldsanjuan saturdayvibes,7,7,0.026620911,0.040076762,0.015646702,0.021209149,0.07960372,0.012441843,0.24804482,0.5563561
first harvey then irma and jose why its the season,7,6,0.017494213,0.08890247,0.010800468,0.016211208,0.044822507,0.014528237,0.49826196,0.30897892
boat and car mechanics in high demand after storms harvey and irma rip through texas and la gulf fla coastal s,6,1,0.040312942,0.2968697,0.008852758,0.03714328,0.13478652,0.15885027,0.2163536,0.10683104
video shows dog being pulled to safety following earthquake in mexico,4,0,0.3789338,0.016352614,0.021127077,0.1305676,0.17741768,0.020881595,0.10445624,0.15026349
and ahead of hurricanemaria and hurracaineirma the fakenewsmedia never reported this,7,6,0.012309724,0.15389465,0.010262678,0.014895897,0.04343536,0.01622708,0.49942043,0.24955422
inbox issues harveyrelated interim charges txlege,7,7,0.01771003,0.056480017,0.010351501,0.019343488,0.0759164,0.013861696,0.31666768,0.4896691
talkback with cbs manuel bojorquez from mexico city following devastating earthquake,6,6,0.13373324,0.15195575,0.008289365,0.016373064,0.0463292,0.015222366,0.45675007,0.1713469
missing puerto rico amp watching the sun sets at the beach prselevanta ai a14y5a14y7,7,7,0.029744597,0.041851833,0.015089049,0.025603497,0.06281539,0.012679558,0.24885236,0.56336373
trump at a church in puerto rico from jonathan ernst,7,7,0.024320364,0.05769063,0.011759397,0.020262333,0.06525555,0.011613268,0.2716792,0.53741926
the struggle is real harvey recovery for many houstonians has just begun please remember and be patient,6,0,0.79186267,0.050197233,0.006859646,0.012703431,0.024542354,0.013302509,0.07107918,0.029453032
grabbing hurricane harvey by the pussy fakenews cant keep ignoring this heroism,7,7,0.03380681,0.044848494,0.009233768,0.020121358,0.07507263,0.01311157,0.342131,0.46167433
badass rescue dog who has rescued 52 lives is now saving people affected bya,4,4,0.015012215,0.020821432,0.020301253,0.03600923,0.7341322,0.015762692,0.06361236,0.09434871
nations lean on pacific disaster center to prepare for hurricane irma hawaii,6,6,0.03473478,0.07468754,0.008609393,0.022567853,0.28845724,0.01621641,0.40469438,0.15003242
an iconic moras icon,7,7,0.030477274,0.05021621,0.020039067,0.025502192,0.060227893,0.015514094,0.22763407,0.57038915
i think these new mhts are going to do just fine a12cjnj hurricaneharvey,7,7,0.017786613,0.048425455,0.009832741,0.0192841,0.083746806,0.013594271,0.33123225,0.47609785
harvey has got a busy footballing week football twice today football twice on thursday and once sunday,7,7,0.016808257,0.046913467,0.014710888,0.022200704,0.077251874,0.014762635,0.31272975,0.49462247
over half of puerto ricos schools remain closed,1,1,0.022630066,0.48209864,0.02445758,0.015068481,0.035862267,0.019426825,0.27777034,0.12268581
so was californiawild fire w trees standing cars burned wmelted rims bs,5,5,0.018360807,0.13577048,0.039988466,0.03249352,0.017181505,0.7058764,0.02957662,0.020752154
usd adds exhibition against arizona state to aid hurricane maria victims,4,4,0.018397935,0.023206284,0.013356921,0.02724815,0.72089076,0.013782854,0.08621492,0.09690229
how bout these fine folks in jax tryna pray and sing irma away,6,7,0.038112547,0.024941161,0.011339838,0.026199568,0.15489924,0.010353339,0.25432685,0.47982755
babies and stress the facts babies harvey ece,7,7,0.025225673,0.04114142,0.01098974,0.020672457,0.06247518,0.012672217,0.31794178,0.50888157
unconsolidated soil partly to blame for mexico city earthquake ksatnews,6,1,0.01029368,0.7144832,0.010815931,0.00954371,0.016900763,0.02090505,0.1715854,0.045472175
918 post irma information please continue to handle storm waste safely in the event of an emergency dial 911,6,6,0.015585142,0.1269952,0.011076926,0.02198787,0.15206327,0.01835746,0.4018042,0.25212997
maria looks more posttropical this morning look for the storm to begin moving out to sea later thanks,6,6,0.018135961,0.08823286,0.010790287,0.018931363,0.05763838,0.015410928,0.5701106,0.22074951
hemingways house and cats spared by hurricane irma,6,1,0.08444423,0.54677415,0.013960096,0.06265369,0.067226216,0.13924891,0.06206628,0.0236265
tornado of learning learn powerfully like the vacuum of a tornado involving knowledge that you need,7,7,0.021071747,0.039598342,0.0130414795,0.02288344,0.08975461,0.012486514,0.34080586,0.46035802
hernandezs big game means dodgers owner owes 1m for pr relief,7,4,0.017722538,0.030145226,0.011046119,0.028661754,0.4956132,0.014486029,0.15473236,0.24759284
video of live tv interview shows the moment a powerful earthquake hit iraq,6,1,0.016983727,0.4515296,0.013458788,0.011586279,0.021768287,0.020821437,0.36490571,0.09894619
hurricane irma creates carnage when it hits south florida,2,1,0.013820718,0.63526255,0.011824947,0.008527661,0.015438617,0.021567704,0.24132138,0.052236423
stop playing golfsit your fat ass wellit is down and figure out a way to help puerto rico,7,7,0.015365304,0.03402165,0.013142513,0.026287882,0.3131425,0.014999207,0.1941135,0.38892743
femail rosie perez trump tweets nonsense puerto rico suffers the 53yearold aca,7,7,0.03013146,0.04420457,0.013432943,0.02175768,0.049290147,0.012940136,0.26127946,0.5669636
tampa bay residents can apply for federal unemployment services after irma,6,0,0.80869627,0.014558678,0.00945923,0.016770184,0.04377273,0.008610386,0.05777291,0.0403596
tx diaper bank in urgent need of volunteers for harvey victims,4,4,0.018566763,0.021529634,0.0136522725,0.03013048,0.7657403,0.016107371,0.062807515,0.071465634
local pig rescue will shelter barnyard animals in hurricane irmas path,4,4,0.019505244,0.022446636,0.011113666,0.032597255,0.7573927,0.016337235,0.06654528,0.07406211
look at this very dangerous hurricane maria with winds of 175 mph,6,6,0.020129519,0.19351488,0.011139278,0.015003971,0.033200048,0.017992243,0.5837594,0.12526064
irma evacuees find shelter in demopolis locals lend helping hand,4,4,0.3942724,0.014344739,0.016533282,0.056486964,0.4014803,0.014013021,0.053781196,0.049088217
us coast guard saves texans from storm harvey flooding,4,4,0.02993151,0.021648206,0.013623639,0.032826748,0.76714396,0.014719193,0.060398,0.05970876
listening to beni mora by gustav holst on gustav holst orchestral works,7,7,0.023507793,0.037338853,0.016312817,0.02404843,0.08019221,0.011612127,0.22735,0.57963777
how ending daca could affect harvey victims hounews,6,0,0.8633119,0.017239701,0.011367473,0.01233337,0.019325595,0.008790791,0.044561233,0.023070006
breaking news second earthquake rattles central mexico in 4 days breakinga,6,1,0.014323537,0.5417858,0.024105737,0.0105062025,0.01868371,0.019054906,0.30134693,0.07019331
pimp cs wife revealed all ugk archives were lost in hurricane harvey,1,1,0.013511924,0.68090117,0.013353664,0.015291419,0.02128657,0.035707712,0.14987394,0.07007359
denver7 journalist recounts mexico earthquake firsthand fund set up for denvers,6,4,0.016198605,0.02977969,0.010348689,0.028808989,0.49194682,0.014455625,0.16267785,0.24578379
20170915 hurricane irma florida keys a boat not where itaos supposed to be in duck key gettyimagesa,6,1,0.010198621,0.48500496,0.016934771,0.022251192,0.027057504,0.24631584,0.13571385,0.056523267
hurricane maria loves you hurricanemaria via sandydelgado,7,7,0.030269777,0.043837655,0.009219174,0.020595739,0.08006356,0.012040072,0.36350372,0.44047034
hurricane marias eye remains 485 miles from miami and slowly moving north,6,6,0.017433975,0.13844922,0.009815946,0.016586458,0.043274947,0.015790707,0.5904967,0.16815211
alert tornado warning near columbia river mouth,6,6,0.019582719,0.1270287,0.010050829,0.016244065,0.04509227,0.014580734,0.589478,0.17794272
thiago alves loses dog to hurricane irma,6,3,0.25211203,0.043147285,0.06398032,0.3765285,0.092480294,0.067760915,0.055664472,0.04832616
illegal started cali fires,7,7,0.021293692,0.10751672,0.02379251,0.018641405,0.05559809,0.01548625,0.298123,0.45954838
how the trauma of a storm like harvey affects your brain hurricaneharvey trauma ptsd,7,6,0.084208086,0.19057383,0.009863199,0.016103256,0.03046188,0.019378895,0.45670038,0.19271043
coloradobased supertanker takes on california wildfires,6,4,0.024739195,0.038029175,0.008288887,0.030002557,0.35908318,0.023850739,0.2525393,0.26346695
metallica to perform at northern california wildfire concertannouncementcharityconcert,7,7,0.018785222,0.035272524,0.013895048,0.023850558,0.21427818,0.012589699,0.23754911,0.44377965
new tropical storm watches posted for coastal north carolina with winds that could gust 60 mph ncwx maria,6,6,0.021394037,0.11623195,0.01390454,0.018438894,0.045231767,0.014704758,0.6057392,0.16435486
hurricanemaria the devastation captured by joe raedlegetty,6,1,0.011794018,0.7662944,0.008325955,0.008974953,0.015046761,0.020883456,0.13293879,0.035741586
gfs has quite the et cyclone over the uk and ireland from the remnants of maria,6,6,0.014736703,0.28540328,0.008685887,0.013184079,0.033495918,0.016576234,0.5087407,0.1191772
cloud storage offers data safe haven from harveys deluge cloud,7,6,0.02734798,0.14669484,0.0063549415,0.019495867,0.15643543,0.019252146,0.4437535,0.1806653
the size of a tornado compared to the size of wind turbines via,7,6,0.013816757,0.34222537,0.01157766,0.0129733,0.03219495,0.020189703,0.42671776,0.14030448
know where to go in case of a tornado a hurricaneirma irma,6,6,0.034865003,0.059595976,0.007777396,0.021462725,0.08179797,0.014272083,0.50331724,0.27691168
how donald trumps failure to help puerto rico could haunt him in 2020,7,7,0.016365342,0.042012252,0.013565942,0.026013268,0.22487134,0.013487451,0.25097236,0.41271207
how irma and harvey may impact our food supply,6,1,0.023761086,0.6160107,0.008107179,0.009913671,0.02747811,0.021718059,0.2487299,0.044281173
hurricanes like harvey and irma make life even more miserable for allergy sufferers,0,0,0.7718557,0.033289935,0.011635582,0.014764429,0.016012413,0.012661909,0.09280147,0.04697858
i texas hog hunters private pilots provide airlift to hurricane victims a8,4,4,0.015773948,0.021173555,0.013156074,0.028080743,0.73131245,0.0151418885,0.07801934,0.09734196
four texas gop lawmakers voted against harvey aid package,6,4,0.015671352,0.049066674,0.012501469,0.025753515,0.36913118,0.016621282,0.22335704,0.28789747
fifteen daysjust over two weeks since harvey came to town,7,6,0.026732415,0.3359968,0.013602719,0.012609354,0.024622187,0.017131839,0.44789627,0.12140852
what it means to be a community in the wake of hurricane maria,7,0,0.8721088,0.017008824,0.010965548,0.013473198,0.016719444,0.009644714,0.039352458,0.02072706
biggest beneficiary from harvey and irma floor amp decor tts fnd,7,7,0.016014947,0.060977172,0.010817981,0.022300506,0.22446586,0.014324866,0.26161486,0.38948384
im out helping those affected by harvey a feels good helping others fight back rebuild 5,4,4,0.020715015,0.021848852,0.012438427,0.026559372,0.727451,0.013612346,0.0801028,0.0972722
many volusia residents still suffering one week after irma,0,0,0.9095666,0.013162577,0.015229896,0.013421642,0.010317784,0.011843038,0.016322223,0.010136203
help cenotaph drummer rebuild his home destroyed by earthquake in mexicoa city,7,1,0.02096039,0.7599413,0.011239122,0.021765737,0.042853393,0.07166949,0.048201658,0.023368927
were focused on recovery efforts after irma learn how the work continues even after the storm has passed,4,4,0.012924881,0.1455161,0.010981052,0.027973097,0.46556893,0.025441797,0.2012533,0.11034086
black scout reviews mora bushcraft survival black knife,7,7,0.02608789,0.034018356,0.011132762,0.023619493,0.111702316,0.010994309,0.27029908,0.5121459
please keep praying for our bible society colleagues in the caribbean prayer irma,6,7,0.025321884,0.03393328,0.0131972255,0.022755506,0.16814522,0.0106599955,0.2977084,0.4282785
helping to pack personalcare kits at warehouse those gallon ziploc bags hold a lot harvey,4,4,0.015958946,0.025025655,0.010058812,0.029306395,0.69463676,0.017454162,0.08913887,0.118420415
tree tunnels to control colombo floods flood srilanka colombo,6,1,0.011406757,0.6405431,0.0070513883,0.0104565285,0.032604545,0.021904672,0.19768225,0.07835076
a homage to early new york spiritual house valentino mora body nostalgia,7,7,0.020696227,0.036823243,0.012478878,0.02308674,0.08042504,0.012033408,0.2507274,0.5637291
california wildfires evacuees offered free haircuts amp chiropractica care,4,4,0.14037679,0.016534965,0.011439544,0.037424803,0.5985054,0.011763446,0.087169535,0.09678555
help to close the zoo located in mayaga14ez puerto rico for animal mistreatment plz sign,6,7,0.01547355,0.09063337,0.016008722,0.02920237,0.17563228,0.014928948,0.22802043,0.43010032
harvey trailers sells utility car enclosed dump snowmobile trailers in maine trailera,7,5,0.029841544,0.047708962,0.021549653,0.0540064,0.078153625,0.6360969,0.056659993,0.075982876
my brother amp his family added another family member added to the packa12 d also a harvey rescuea125,0,4,0.044479087,0.014593096,0.016061075,0.056143004,0.63778734,0.013169792,0.08042619,0.13734047
dreamers saving lives during harvey still trump says get them outta here daca haiku,4,4,0.038156655,0.021327538,0.012374321,0.030470064,0.5513644,0.011620654,0.14703262,0.18765369
breaking large and extremely dangerous tornado on the ground in broward county florida irma,6,6,0.013514928,0.3808465,0.010239978,0.012759917,0.025094457,0.017944556,0.44528696,0.09431268
hosts dinner tonight to raise money for hurricane maria victims,4,4,0.01684705,0.021315431,0.014772404,0.028383877,0.7427637,0.014666963,0.07116529,0.09008538
fabric of srilanka torn apart by cyclonemora,1,1,0.01330973,0.65386987,0.009943314,0.010716737,0.022542918,0.025979564,0.17015205,0.093485884
how many fire fighters are illegal aliens in california jerry brown use you dear loved citizens,7,7,0.064133905,0.025469495,0.015359126,0.027233297,0.10823474,0.012566156,0.24087322,0.50613004
hurricane irma recovery update,6,6,0.016929246,0.38392076,0.0073648267,0.012478244,0.05269562,0.018697126,0.42648524,0.081428975
take a trip to spanish speaking caribbean cuba dominican republic puerto rico,7,7,0.022433996,0.03578738,0.011482374,0.023594577,0.08680392,0.0120232925,0.25886607,0.54900837
need to talk the toll from harvey is more than just material,2,6,0.023191579,0.10270821,0.007972571,0.014386255,0.053480055,0.013069125,0.51175064,0.27344152
sacramento group cares for florida pets displaced by hurricane irma,4,4,0.031098278,0.017562097,0.011552183,0.03731054,0.7487475,0.013348306,0.0645485,0.07583262
islamic state celebrates but does not claim responsibility for california wildfires,6,7,0.019907864,0.08582508,0.02231722,0.018938124,0.0686097,0.012852573,0.37516215,0.3963873
please helpwestie found after mexicos earthquake,7,3,0.06282848,0.027175372,0.03886076,0.541168,0.13091445,0.061914273,0.053381506,0.08375714
hurricane irma terrifying path latest models show it will hit miami as category 5 storm,6,6,0.018495018,0.24812973,0.010823066,0.013259049,0.028319562,0.017916372,0.56085515,0.10220206
hurricane harvey threatens largest flood insurer,1,1,0.020871542,0.6942918,0.00814751,0.008079119,0.016724218,0.02371388,0.1922244,0.0359476
another dog of harvey named jimmy amp flown into bay area from texas he needs a home abc7news,0,3,0.26652202,0.02398414,0.017769849,0.3192717,0.13399523,0.044914022,0.080084614,0.11345846
orlando schools welcome students from puerto rico edchat hurricanemaria,7,4,0.047184702,0.017711312,0.010395958,0.03798088,0.42414194,0.011584833,0.17506354,0.27593678
evelyn says her neighbor javier who doesnt speak english rescued her from harvey javier we are all family,4,4,0.040063456,0.016040387,0.011124686,0.05940908,0.6516302,0.01441978,0.07935625,0.12795609
favourite line about irma,6,7,0.02270624,0.057473242,0.01864803,0.022020834,0.05944005,0.015760934,0.28548756,0.51846313
puerto rico getting the food out to the forgotten citizens,4,4,0.017877284,0.023187036,0.012250089,0.028020445,0.7012307,0.013958017,0.0900812,0.11339525
good friend of mine found this in his hurricaneharvey cleanup a12e,7,3,0.117384665,0.15233472,0.032780223,0.2552521,0.10181985,0.08063437,0.116811685,0.14298244
seen from above entire california communities reduced to ash,1,1,0.01254497,0.8271165,0.012186967,0.009092604,0.0119181285,0.024613703,0.078958146,0.023568906
money irma foxbusiness emmys ratings crater trumpbashing to blame foxnews fox b,7,7,0.014727166,0.06334637,0.017438795,0.02018833,0.056282956,0.015137583,0.30726853,0.5056102
fees waived at landfill for hurricane irma debris more infogtgtgt,1,4,0.01669666,0.10575206,0.008423782,0.026690897,0.42859578,0.026055967,0.21833627,0.16944857
94 tonnes of tin on route to anguilla to help after the destruction of irma,4,4,0.014115227,0.034373038,0.0138353985,0.032134864,0.7465866,0.022613956,0.06793236,0.068408564
scientists have run out of adjectives to describe hurricane marias devastating power,6,1,0.014434405,0.47043696,0.010905624,0.012585565,0.030656805,0.0180071,0.34408614,0.098887384
lets talk about hurricane maria,6,6,0.020512875,0.13602766,0.009838726,0.015667131,0.041627858,0.018739417,0.4876542,0.2699322
yaaas finally bought it i havent felt this happy since before hurricane mariaa12 2 i cant wait to start reading,7,7,0.03234371,0.03229401,0.017124848,0.028806822,0.07864588,0.014504329,0.21527578,0.58100456
irma poses us145bn sales hit to us retailers worse than harvey,6,1,0.0150361685,0.55964,0.013028959,0.009390995,0.022584043,0.021081049,0.28841347,0.070825286
isso porque a dona do post n mora em svp triste realidade,7,7,0.019422013,0.03949136,0.01757734,0.02808433,0.07084229,0.015167842,0.22782737,0.58158743
well thats new good for you james harvey hylton arca,7,7,0.021047913,0.03217906,0.016527925,0.025358139,0.082816,0.013656588,0.22425708,0.5841572
iam so proud to be born in puerto rico,7,7,0.09470747,0.033987302,0.049110144,0.030025363,0.054804813,0.017617512,0.18332754,0.53641987
john mora doubles and scores in the 1st 10 mets top 3 stlmets,7,7,0.0278612,0.033757698,0.034597274,0.032440323,0.09024144,0.014967015,0.18199453,0.58414054
texas countys long recovery from hurricane harvey begins,6,1,0.022232816,0.63918966,0.0063555986,0.010128047,0.030389069,0.025042236,0.22773981,0.03892274
the agriculture sector of puertorico faces lost crops and property damage from hurricane irma,1,1,0.012212976,0.8469171,0.01386397,0.010022312,0.012041706,0.03983336,0.050808966,0.014299647
more than 11000 in shelters as hurricane maria lashes puert tisnews click link,6,4,0.18625693,0.023291191,0.014802325,0.05530588,0.589232,0.021504426,0.06386968,0.04573752
a hard days work cleaning up irma debris always goes up in smoke at horsemintfarm,4,1,0.0125264,0.5412102,0.009701633,0.020719364,0.13417108,0.037855975,0.16322428,0.08059108
hurricane maria damages dominicas main hospital leaves war zone conditions,1,1,0.012486622,0.84798485,0.016363723,0.009341752,0.012853997,0.038048565,0.04762734,0.015293006
sinkholes are being found in florida postirma are you covered for that irma harvey,6,1,0.008150722,0.7963065,0.012148339,0.010167664,0.013683888,0.027699372,0.09989344,0.031950053
pregnant with twins mother helped to get back on feet after harvey kprc2,0,4,0.14824013,0.0148158185,0.013363976,0.045932252,0.57285064,0.012203553,0.08637642,0.10621718
dont forget a pictures worth a thousand details puerto rico after maria,6,7,0.019627959,0.043701842,0.014376584,0.02417118,0.0699606,0.014091375,0.29638493,0.51768553
indian ship delivers aid for cyclone victims burma myanmar cyclone cyclonemora,4,4,0.016909355,0.020144435,0.014834347,0.03015573,0.7610662,0.015460482,0.0635031,0.07792633
on their way to encourage the victims of hurricane irma,0,4,0.03330985,0.022591956,0.010969933,0.026076045,0.5995765,0.011689883,0.14457723,0.15120861
tropical storm harvey triggers toxic air pollutants telesur english full coverage via,6,1,0.012657887,0.599423,0.009737783,0.009479804,0.02347251,0.017982839,0.26102057,0.06622576
lcec hurricane irma update september 18th restored to 190104 lcec customers th,6,6,0.021494877,0.30526122,0.011090902,0.014033604,0.03860204,0.019080536,0.41736192,0.17307492
season over we could use able bodies at earthquake in mexico dig in,7,4,0.026964176,0.117320485,0.018715607,0.14438818,0.28751695,0.06625175,0.18271172,0.1561312
the eric and andre show featuring special guest the california forest fire,7,7,0.023852438,0.03732946,0.015424801,0.023052845,0.07069321,0.0125402445,0.26590613,0.5512009
do you remember now where is jesus to help you in hurricane irma amp hurricane harvey,6,4,0.026732843,0.029822655,0.008912383,0.02787881,0.4912671,0.013350267,0.19035226,0.2116837
marketsgtpolitic gt amid puerto ricos water crisis unions step in markets,4,6,0.024286894,0.07101993,0.008425544,0.01905247,0.1636235,0.013370656,0.3743294,0.32589158
iraniraq earthquake nsa leaks apple face id hacked and more security safety,6,7,0.0145380525,0.06589397,0.013340717,0.02061389,0.06920656,0.016694592,0.33710045,0.46261168
irma aftermath st martin residents are now struggling just to survive propaganda,7,0,0.909814,0.013224693,0.01481693,0.013775978,0.010584042,0.012592185,0.015500881,0.009691378
helping the keys this am calvary church in jupiter sending a team down w supplies post irma,4,4,0.014263972,0.024727434,0.013163986,0.028690131,0.73268515,0.016426584,0.075090714,0.09495208
calm is here with a california newt also called a fire belly,7,7,0.026744455,0.031024378,0.015083338,0.024218813,0.06940813,0.011847553,0.2764278,0.5452455
news startling footage shows california wildfire impact,1,1,0.012692416,0.73551446,0.011685161,0.008703867,0.014497101,0.020236898,0.16107549,0.035594657
passenger jet races against hurricane irma guess who won reports,6,6,0.05054599,0.046902128,0.009554744,0.03518783,0.1325789,0.07125692,0.34394553,0.31002793
tornado watch for most of south florida until 12am sept 10th,7,6,0.020506773,0.15808687,0.012974019,0.016189154,0.040328316,0.014927267,0.58728397,0.14970367
irma makes a slow exit from the tristate irma makes a slow exit cincy link,6,6,0.013879302,0.1331167,0.010797358,0.016675474,0.04469156,0.016641393,0.5533187,0.21087945
despite the rain wyeast middle school yard sale in the couv goes til 400 raising money for trip amp puerto rico,4,4,0.013658084,0.029283095,0.012586424,0.02649398,0.6382202,0.015436686,0.1121522,0.15216929
a post hurricanemaria update from stbarths caribbean stbarts,7,6,0.01938095,0.06825896,0.008251729,0.017656839,0.067384064,0.012927156,0.42829993,0.37784037
help people replace books lost to harvey flooding everything helps,4,4,0.02600883,0.06893709,0.016228983,0.05595035,0.6505414,0.07404786,0.0578557,0.050429806
video shows california family reuniting with pet dog presumed dead in wildfire,7,2,0.019773258,0.01987028,0.7269789,0.13580404,0.020113375,0.041508272,0.014615452,0.021336313
guest attacks man who let him stay during hurricane irma florida police say abc15,7,7,0.104918465,0.050927084,0.14613068,0.074934125,0.036227655,0.026283236,0.1472334,0.41334534
dont worry folks just got off an important conference call with hurricane irma well be fine,6,6,0.03159453,0.10656769,0.0079741785,0.015628349,0.04549585,0.0154892355,0.535876,0.24137415
un migration agency appeals for usd 495 million to support communities in wake of irmaa,4,4,0.016541263,0.024956556,0.01405663,0.028173232,0.73208326,0.015561525,0.080713436,0.08791419
hurricane irma track update dominican republic amp cuba next 9 dead amp 49 million at risk,2,2,0.0071384534,0.008885944,0.9428499,0.009973358,0.0062971674,0.01100464,0.0060222177,0.007828425
youre trending in puerto rico i miss you 57 hrvypreorder,7,7,0.028319424,0.02969083,0.01789579,0.028105136,0.07771242,0.012429642,0.23773581,0.56811094
iran used haarp technology which caused earthquake in kurdistan,7,6,0.013432928,0.15929222,0.009058241,0.017398814,0.09232575,0.017523434,0.37471917,0.31624943
what microbes may be lurking in floodwaters from hurricane harvey,6,1,0.022829233,0.5572088,0.0061600646,0.012274447,0.026366742,0.021544872,0.29165572,0.06196018
tickling bondage footworship licking hurricane maria in revenge of the tongue tickles,6,7,0.028944919,0.037920095,0.015424535,0.02577473,0.07610403,0.011624781,0.25551045,0.5486965
harvey amp irma came diesel generators instantly kicked inkeeping internet ops uninterrpted,7,1,0.009123441,0.7686768,0.017107632,0.011534771,0.018436978,0.067206,0.07771757,0.030196693
we are indivisible 100 of profits benefit aid for puerto rico,4,4,0.013054868,0.024056721,0.015476332,0.028633518,0.69332004,0.017097112,0.08917975,0.11918171
modular container home is d fastest ampmost efficient way 2 build strong durable buildings anywherea,7,1,0.014012099,0.3277953,0.011476794,0.018032456,0.090675086,0.029055528,0.25424415,0.2547085
the wait continues irma,7,7,0.030160585,0.07804776,0.011419026,0.019419532,0.04319502,0.013164541,0.40172583,0.4028678
mmmmm plus i made sure my cookie went towards the donation for harvey,4,4,0.012825679,0.022806518,0.014434664,0.03074267,0.6795634,0.017224759,0.08706665,0.1353357
irma is still leaving her mark in some areas of fl,6,6,0.023252856,0.116329074,0.010454503,0.016425356,0.048172075,0.012068857,0.5350528,0.23824452
first harvey and now irma relentless storms strain rescue workers,4,6,0.040893856,0.20940545,0.009697404,0.022117766,0.28494665,0.025182,0.32720828,0.080548584
6 scenes of sentinel ingested to hdds for event 201709hurricaneirma irma hurricane,7,6,0.01401894,0.06751026,0.009482731,0.017921569,0.090090804,0.012567833,0.41745952,0.37094828
how biglaw in hurricane maria ravaged puerto rico are pressing on,6,1,0.021178937,0.6354137,0.008593142,0.008514199,0.017928272,0.02033263,0.24299084,0.04504825
harvey nash hr business partner,7,7,0.02392903,0.031067207,0.013052416,0.022889512,0.10173635,0.011799417,0.27724135,0.5182847
sheriff suspect shot wounded during irma burglary,7,2,0.007564574,0.008854305,0.9299272,0.013363235,0.0076409173,0.010704631,0.008287406,0.013657831
cloudy water from irma as the waves continue to roll in,6,6,0.016298456,0.15461114,0.009012887,0.015205404,0.040573224,0.014396414,0.50974756,0.24015489
the stream what can be done to help caribbean nations recover from irma,6,4,0.015588808,0.032744233,0.011049767,0.026689585,0.64531267,0.0148009,0.12397166,0.12984242
major hurricane maria has now strengthened 60 mph in 24 hours,6,6,0.016266933,0.17837816,0.011812808,0.014373849,0.03957596,0.015675237,0.5802497,0.14366725
heres a midmorning update on harveys future forecast in the houston area,6,6,0.01574402,0.08120054,0.0098710945,0.017664598,0.056579463,0.015058079,0.5226684,0.2812137
sampc week 6 for harvey todays focus was explosive power a1414ba14d istrengthandconditioning basketball rugby athlete,7,7,0.020470103,0.030818326,0.014647638,0.026094332,0.101970546,0.01272556,0.25985923,0.5334143
the us embassy shows the reality of a devastating earthquake hitting iraq and iran,6,1,0.01990247,0.49527282,0.0103145875,0.010325389,0.020108635,0.017822152,0.3506989,0.07555508
crude oil weekly hurricanes harvey irma lifts oil prices,6,6,0.0138829835,0.16978565,0.0110381,0.015124635,0.04400034,0.016254457,0.5237815,0.20613231
local soccer tourney includes tx teams and money being raised for harvey relief,4,4,0.013965467,0.023405254,0.0137483,0.028588826,0.7112626,0.016583879,0.0811909,0.11125474
scenes from mexicos devastating earthquake by ro water filter,6,1,0.015459989,0.7131323,0.009681285,0.008494398,0.014868227,0.02105629,0.1764526,0.040854916
praying for those yet suffering from harvey i had the pleasure of volunteering with blmhtx in hard hit areas,4,4,0.21275924,0.01775628,0.013008892,0.032799732,0.4848773,0.0110484315,0.11885127,0.108898826
fema approves loans to keep harvey damaged cities working to repair damage,4,4,0.01431561,0.26596022,0.010895312,0.022041988,0.36326647,0.031597704,0.20032838,0.091594346
this is what stupid looks like earthquake hurricanemaria hurricaneirma,7,6,0.014383203,0.10766427,0.010425269,0.01668857,0.04419148,0.016603256,0.44348428,0.34655964
harvey by the numbers thx for hosting eco recovery brief today,1,6,0.015672714,0.10955257,0.007724229,0.018130176,0.16177203,0.015980367,0.45753855,0.21362935
gofundme how to immediately help those impacted by the california wildfires webdesigna,7,4,0.025846748,0.023051264,0.011192118,0.02588029,0.6690207,0.01208834,0.10831837,0.12460214
blog energy department responders are on the ground assisting hurricane recovery n irma,6,4,0.015105098,0.037145782,0.011211988,0.027301572,0.70567846,0.018228598,0.09996161,0.08536686
love seeing my kiddos in puerto rico,7,7,0.039928157,0.024335006,0.0109991105,0.033512466,0.20123868,0.011552054,0.22103599,0.4573986
behavior of donald j trump as president and leader of the united states of america in hurricane irma,6,7,0.021607257,0.053535737,0.014025554,0.021956675,0.061715912,0.012699736,0.323653,0.49080607
thanks to uncle sam and hurricane irma for the best 10 days ever see you in 2 months friend keep rockin,7,7,0.01994465,0.035269305,0.013779589,0.022004833,0.11486291,0.012682482,0.2823178,0.4991384
new activation emsr244 earthquake in central mexico copernicus earthquake eucivpro,7,6,0.01423355,0.06789967,0.0115359565,0.017925045,0.068656735,0.013344333,0.43109724,0.37530753
dang near everybody was affected by irma,0,0,0.732628,0.06374156,0.016464902,0.013180319,0.016561083,0.016856847,0.09994609,0.040621262
and not one irma model was right only one was close but it had her hit miami and the panhandle,6,7,0.019407136,0.042519968,0.015534576,0.023853792,0.05947144,0.015216461,0.29881665,0.52518
texas struggles with harvey flooding could still see water rise,6,1,0.022179868,0.73593336,0.008633621,0.008527513,0.016107015,0.024666406,0.15636802,0.027584277
hurricane irma ai aowonder girlsao help in georgia shelter redcross redcrosser,7,4,0.015117653,0.025936224,0.010521573,0.02781253,0.66535443,0.014507834,0.10544466,0.13530512
look at with a great graphic on how big hurricane irma is compared to the state of oklahoma,6,6,0.017268341,0.19081801,0.010052792,0.013344567,0.036007408,0.015380016,0.5716119,0.14551698
245 dead as school collapse during massive earthquake in mexico naijapals gistmania,2,2,0.007057564,0.010102564,0.9417483,0.009588976,0.006196481,0.01150398,0.005914133,0.007887832
hurricane irma minutebyminute animation,6,6,0.017243298,0.106607854,0.00986909,0.01632477,0.048570186,0.01425144,0.54739934,0.239734
hurricane irma path and track live noaa update as models show direct hit on florida,6,6,0.015086924,0.28505284,0.0099141095,0.0126287,0.030526107,0.017707128,0.527785,0.101299204
fema insurance chief harvey may end in 11 billion in payouts to homeowners,6,6,0.017427705,0.086316116,0.009334749,0.01938525,0.19842966,0.015406906,0.3523756,0.30132398
air canada suspends flights to st maarten due to hurricane maria impact travel,6,6,0.022827571,0.08560106,0.015587374,0.021556443,0.07987357,0.018322945,0.44872054,0.30751052
trump appears to side against federal government in lawsuit over harvey relief unitedstates,6,7,0.018380817,0.05715257,0.009919299,0.019853162,0.16645053,0.013917818,0.33015007,0.38417575
why irma and harvey could finally get republicans to care about climate change,6,6,0.01672669,0.084296174,0.009156968,0.017172374,0.06335273,0.014357094,0.44812447,0.34681344
rick brown what to do in the aftermath of harvey,6,6,0.27306125,0.03585793,0.009307907,0.02521618,0.071725614,0.013460103,0.34071913,0.23065184
iran health minister meeting to discuss relief plan earthquake,6,4,0.016202617,0.058621414,0.01183488,0.022590006,0.31416658,0.015875557,0.26817444,0.2925346
harvey looks to slow cubs in 3rd start off dl mlb mets baseball,7,7,0.018768858,0.04806158,0.012901304,0.023066081,0.086752474,0.012782632,0.3194072,0.47825992
with congressman luis gutierrez and pedro soler at the dsfs event supporting the mexico amp puerto rico relief fund,4,4,0.014774624,0.027439252,0.01146725,0.027888486,0.5571221,0.014792531,0.1360942,0.21042146
is that a shark in naples houston whatever someone is jumping it irma harvey impeachtrump,7,7,0.018363772,0.09443273,0.014345339,0.025809942,0.04863373,0.016548315,0.35598883,0.42587736
so to for holding and i down while we report from puerto rico a14y5a14y7,7,7,0.042590965,0.022481343,0.012049797,0.027150566,0.12866415,0.011267759,0.2479839,0.5078116
bill clinton also shared a pretty awkward puberty photo for puerto rico hurricane relief,7,7,0.020340545,0.028859606,0.010916183,0.026259154,0.23292853,0.012191443,0.23382604,0.43467858
science hurricane irma before and after images these satellite images show the destr,6,6,0.0137013635,0.32929474,0.008786082,0.013705552,0.029236529,0.017941833,0.47509935,0.11223447
in case you missed it new story rolling hills to collect items for harvey victoms,7,4,0.014413267,0.027062446,0.011926004,0.03338393,0.7127512,0.018404178,0.08283508,0.09922386
this was actually taken at a benefit for puerto rico gaga is wearing a white pantsuityes on purpose,7,7,0.02011039,0.02974331,0.0131491115,0.028195389,0.1736848,0.0136131095,0.22315277,0.4983512
wrt irma forming over cool water heres judith curry an expert on hurricanes a,6,6,0.016195176,0.11573017,0.0087216245,0.015280521,0.04157678,0.01351124,0.50267994,0.28630462
harvey cancels houston wedding louisiana city donates 1 us news amp world report,7,4,0.013959476,0.028349107,0.012938616,0.027684994,0.6038339,0.014780175,0.12975813,0.16869555
steve harvey tells how youtube has changed the daytime talk show,7,7,0.02733601,0.055310152,0.013171949,0.021362005,0.06456512,0.013367157,0.2935202,0.5113674
deadly california wildfires spark needed debate about current spending,6,6,0.016792677,0.12898286,0.014942669,0.01730531,0.07856625,0.01568403,0.3883422,0.33938393
heres how bad the mosquitos are after hurricane harvey,6,6,0.02322998,0.14741799,0.010909052,0.016313171,0.03840972,0.01484718,0.452508,0.29636493
in marathon key irma on search amp rescue mission and bringing aid,4,4,0.013198656,0.024273241,0.013985595,0.032159112,0.7217515,0.016346043,0.08100981,0.09727604
harvey and irma arent natural disasters theyre climate change disasters,6,6,0.016370779,0.25774303,0.01234496,0.012469454,0.030218124,0.017774563,0.51292264,0.14015639
mexico earthquake navy says no missing child in collapsed school,3,3,0.0444469,0.035695475,0.18103775,0.51364666,0.059336446,0.088145025,0.031913415,0.045778275
northern california fire survivors aitas shameful they didnat warn usa,7,0,0.8755818,0.01344278,0.012839643,0.014024044,0.01274642,0.008658622,0.036217917,0.02648875
market screwed up for sure eqf hires feye to fix mess feye goes down cpst has only working power after,6,6,0.010105864,0.21691665,0.0116718365,0.017817566,0.083298065,0.021844264,0.3299183,0.30842754
thinking of our friends in california as they begin recovery efforts from devastating wildfires,2,4,0.043265507,0.064419396,0.010552176,0.02607379,0.5730538,0.015820635,0.17152433,0.095290475
bridgeport family mourns relatives lost to hurricane maria,2,2,0.2644555,0.021157948,0.55628014,0.05765993,0.023161765,0.025944933,0.027270727,0.024069035
sabanas go go power rangers 3 arte de dan mora,7,7,0.018563963,0.03570275,0.015876336,0.024264647,0.0809012,0.014054317,0.23970675,0.57093006
what hurricane harvey says about risk climate and resilience,6,6,0.01987165,0.1725517,0.0076533156,0.013581269,0.041523464,0.01564301,0.5685813,0.16059425
i will never tire of this photojnj hurricaneharvey,7,7,0.022432635,0.044256885,0.012222552,0.020751633,0.07975416,0.012890494,0.29859197,0.50909966
scranton woman returns home from aid trip to puerto rico scranton timestribune,7,4,0.076572165,0.013414695,0.011365092,0.045509886,0.68519795,0.012596746,0.06838398,0.08695947
raging wildfires caught sleeping californians by surprise usrc,6,0,0.31649613,0.08956703,0.01836526,0.022866646,0.022950627,0.016935317,0.30166054,0.2111584
collecting items in parker for harvey relief drive,4,4,0.017467843,0.024867011,0.013154815,0.03127063,0.7620513,0.017629826,0.0628862,0.070672445
two new inquiries into controversial puerto rico power topstories,7,7,0.016165612,0.05853858,0.013245673,0.022476293,0.07209934,0.012845574,0.2957649,0.50886405
as deadly fires ravage california wine country officials prepare for further fatalities,6,2,0.010982595,0.026984595,0.90348595,0.009560809,0.007910681,0.01272523,0.014991248,0.013359082
wish i could find out are these tornado clouds rolls around coral springs often very bad trees down from irma,6,1,0.009694751,0.5994928,0.010412531,0.01036632,0.01927241,0.022743482,0.25032827,0.07768945
south floridians irma the ppl in tampa say git and not jit 1 irma ight bet,6,7,0.029356195,0.034311354,0.019612405,0.023998717,0.06365188,0.012760949,0.2377189,0.5785896
taking supplies to all of those affected by harvey harvey relief donations appraisalmc houston,4,4,0.018971032,0.022808576,0.012056541,0.027342534,0.75133264,0.015016015,0.071965,0.08050771
this is a line for gas people have been getting up at 3 am to make long lines like these,7,0,0.4800565,0.02563844,0.018675644,0.02809117,0.04470793,0.015024474,0.16509023,0.22271556
hurricane irma reminds us of an important truth about financial models,6,6,0.017769508,0.110003054,0.009279694,0.014689205,0.04721539,0.015544143,0.5332276,0.25227138
more florida keys residents return home to survey irmas destruction,1,1,0.09656489,0.73722816,0.012702324,0.014226472,0.01829872,0.038921922,0.066952094,0.01510551
algeria us sanctions snag donations to iran earthquake victims,4,4,0.016138358,0.022505827,0.013226766,0.027551893,0.7251611,0.014602175,0.080883905,0.09993004
money irma business a government crisis gives icelandaos pirate party a second chance a,7,7,0.018768419,0.041684847,0.009832524,0.022235239,0.09334159,0.013046822,0.29470232,0.50638825
sign language interpreter at press conference sparks outrage,7,7,0.06420229,0.03774237,0.018508648,0.02942602,0.07721628,0.01196273,0.24829659,0.51264507
drafts from irma,6,7,0.02088333,0.06323038,0.011524032,0.018788911,0.060013697,0.014479602,0.36413646,0.44694352
downtown dallas megashelter for harvey evacuees to close wednesday,6,4,0.021896191,0.032271884,0.01082261,0.026410727,0.72074366,0.015449956,0.092974715,0.07943029
bermudians david strong and jeff ryall survive brush with hurricane harvey,6,0,0.8935959,0.010587043,0.013430982,0.013424272,0.014696419,0.008914403,0.025456704,0.019894296
5pm sunday maria update cat 2 storm centered well east of the jacksonville florida coast heading north,6,6,0.018696109,0.10270945,0.010336827,0.018175174,0.05109427,0.014950864,0.5968236,0.18721375
portrait double exposure ai ai ai ai ai antonio mora ai,7,7,0.017499559,0.04068938,0.01508152,0.025188088,0.08059747,0.012768821,0.2374026,0.5707725
cyclone mora wreaks havoc cuts power in maungtaw,1,1,0.009571628,0.83561295,0.018871764,0.008745635,0.011611613,0.029533124,0.0661893,0.019864134
president donaldtrump push back when it comes to puerto rico,7,7,0.017380983,0.04635643,0.012112973,0.020636272,0.09031192,0.013363704,0.30346328,0.4963744
mexico may now have too much earthquake aid,6,4,0.01268603,0.042190958,0.012154652,0.026660547,0.46865165,0.017677993,0.18154252,0.23843561
i love you 8 from puerto rico is biutiful so cute,7,7,0.026659518,0.02999575,0.017908448,0.026743302,0.07367691,0.013668111,0.22300883,0.5883391
quake leaves trail of death and destructions iraq earthquake bahrain,1,2,0.0067291143,0.013288306,0.9339422,0.009763512,0.006495133,0.011782902,0.0077314475,0.010267541
deadly fires ravage californiaas wine country leaving at least 15 dead more than 150 missi,2,2,0.0072949016,0.009339709,0.94284016,0.009528524,0.0063465093,0.011059124,0.005795152,0.0077960095
emergency broadcast martial law in wake of hurricane harvey amp irma,6,6,0.022087723,0.14871724,0.0096384,0.014926716,0.05972533,0.01483845,0.56277156,0.16729459
the gekko files the qb and the coach try to get ucla righted we preview the 2017 bruins,7,7,0.019922858,0.033497225,0.011492854,0.023810612,0.08778533,0.013443213,0.278088,0.5319599
shout out to louisianas at aap17 by for exemplary humanitarian efforts during harvey,4,4,0.013385427,0.025623322,0.013198985,0.028783247,0.6809422,0.015804885,0.09765648,0.124605395
harvey irma us homebuilder sentiment falls on stormrelated supply concern,4,6,0.013902928,0.23813228,0.008758344,0.014380657,0.038493033,0.019266319,0.4951571,0.17190933
goodbye hurricane irma click link to view amp comment,7,6,0.01796301,0.16870578,0.008180067,0.013623048,0.038709797,0.01516198,0.55531883,0.18233752
usgsm 41 51km wsw of paredon mexico earthquake,7,6,0.015220755,0.15564844,0.0121802045,0.016664961,0.04058,0.015232525,0.5236934,0.2207797
biych i just got the text for tornado warning pray for me and all my floridian people rip,6,6,0.0754009,0.08879839,0.016003555,0.016677048,0.03746911,0.013870424,0.5112771,0.2405035
brandi harvey live tonight downtown at the 40 east grill,7,7,0.029230312,0.036970288,0.013450188,0.023208296,0.08917176,0.011775273,0.2517206,0.54447323
letter after rokitas vote against harvey relief lets pray,6,7,0.015128616,0.07161976,0.011229774,0.01841739,0.093502864,0.0145084085,0.35754374,0.41804945
leonel cardenas mora campeon panamericano jr de squash 2017 orgullosamente cdmx,7,7,0.018213421,0.03379193,0.015730968,0.02439357,0.080572374,0.013454666,0.2485012,0.56534195
raising funds to put rockport texas back together after hurricane harvey,4,4,0.02035722,0.032392517,0.009857559,0.02635187,0.70174044,0.0155843,0.1002287,0.093487434
hurricane irma bring it bitchna,7,6,0.019479087,0.11020609,0.009051447,0.0148386685,0.049715105,0.014628211,0.5264208,0.25566062
the floor was rippling professor who survived mexico earthquake tells story,0,0,0.8924482,0.017561154,0.013791853,0.013685489,0.010020127,0.011026739,0.02562489,0.015841583
dont forget ususvi hurricanemaria,7,7,0.018733688,0.04138417,0.013724098,0.020549055,0.09201031,0.013328009,0.2835618,0.5167089
join us in praying for those affected by the california wildfires psalm 911 esv,6,4,0.11834509,0.026929343,0.015664408,0.026956836,0.3076856,0.009612072,0.2556566,0.23915002
hurricane irmas trail of havoc in sintmaarten,1,1,0.011286731,0.7350491,0.0093238335,0.008533279,0.015790205,0.019842342,0.16603056,0.03414395
hellish california wildfires inspire haunting web comic,7,6,0.027677376,0.20100918,0.012790891,0.014319046,0.031093556,0.0144763095,0.4473765,0.25125718
hurricane marias track shifting closer to midatlantic coast via,6,6,0.017328927,0.1598225,0.009311587,0.014604473,0.04184994,0.015827803,0.5865217,0.1547331
rep castro insists on harvey aid without any games,6,4,0.014135902,0.03965499,0.011797975,0.025709564,0.43044242,0.015902914,0.19898358,0.2633727
west bank flea market in harvey,7,7,0.022492934,0.09876132,0.012599149,0.021708312,0.10079928,0.015211619,0.29556185,0.4328656
google firm flies balloons to deliver internet cellphone signals in devastated puerto rico,1,4,0.028299619,0.04439796,0.0076497626,0.030353261,0.6090242,0.017837586,0.14856462,0.11387305
as a class apostolic project pk3 pk4 collected items for hurricane harvey evacuees in irving shelters,4,4,0.015610255,0.022940142,0.01269776,0.030624129,0.7499221,0.016478194,0.06761965,0.08410772
skynews hurricane marias path along the coast of the unitedstates,6,6,0.019092472,0.26826015,0.008780525,0.013517332,0.032568723,0.017044717,0.5392445,0.10149161
south bay latino community devastated by mexico earthquake destruction sanfrancisco,1,1,0.016395863,0.84953797,0.013962847,0.010797502,0.011617467,0.033630997,0.04939133,0.014665896
rebuild dominica partners with project cure amp other global allies posthurricane maria,6,4,0.01555951,0.030828353,0.010876821,0.026683915,0.5879733,0.015034841,0.13488716,0.17815606
flood risks will be mitigated considerably by 2020 patali read more lka srilanka,6,6,0.019768842,0.2724802,0.0106380675,0.012478368,0.033031892,0.015328673,0.5019727,0.13430122
bond insurer proposes timeout for puerto rico litigation,7,7,0.01846144,0.05190036,0.010125884,0.020245511,0.105589226,0.0133243175,0.33766767,0.44268554
puerto rico braces for visit from hurricane maria via,6,6,0.02367536,0.14120768,0.0078446595,0.01412589,0.046942495,0.015386117,0.5820951,0.1687227
a tamilenglish translator needed floodsl srilanka,7,7,0.058935806,0.031761665,0.015202778,0.051072545,0.15835667,0.017222963,0.21717577,0.45027176
is it true that an earthquake will reach kuwait soon,7,6,0.016739387,0.1229707,0.015314953,0.014603175,0.04142047,0.015369994,0.5276558,0.24592553
events in nyc aim to help hurricane battered puerto rico,6,4,0.016639171,0.026751785,0.012664653,0.02678028,0.7044204,0.014864314,0.09413122,0.10374822
woman accused of assaulting woman preparing for hurricane irma,2,7,0.10195476,0.03876154,0.22014163,0.089012824,0.044012304,0.024897493,0.12375609,0.3574633
hurricaneharvey texas moves toward recovery gas prices slip,7,6,0.0146412505,0.16605161,0.009327017,0.014577092,0.047348306,0.017561,0.49643737,0.23405635
hey world this is the real batmanday mexicoearthquake mexicoestadepie,7,7,0.023305267,0.031401634,0.014898592,0.023761654,0.075646296,0.012484778,0.2452174,0.5732844
ummmm lol harvey norman have online,6,7,0.018470872,0.05071309,0.009950718,0.01934814,0.0604862,0.014301163,0.38284248,0.4438873
thing you can rndmly find at best coworking space in puerto rico,7,7,0.020297451,0.039075837,0.01416165,0.025053281,0.11407075,0.012288401,0.24406336,0.5309892
1105 lake moraine pl raleigh nca 27607,7,7,0.022878254,0.13380495,0.013534975,0.026655518,0.085208856,0.016458182,0.26635367,0.4351056
lebst du notch mexico earthquake puert rico dominca,7,7,0.014636206,0.052114118,0.013592116,0.02061239,0.06770957,0.01384639,0.35171586,0.46577334
a rabbi aid drive after irma devestation on by,4,4,0.0156086655,0.035801925,0.009085013,0.027963381,0.5969603,0.015938992,0.14917496,0.14946671
redditors donate wedding dresses to houston brides following hurricane harvey,4,4,0.020400768,0.02058706,0.012810142,0.029456848,0.7549736,0.0152290175,0.06476667,0.081775844
history shows we dont need big government to clean up after harvey and irma,6,6,0.016419161,0.114091694,0.008672141,0.019285426,0.23892601,0.018572517,0.32662186,0.25741118
our power our future puerto ricoas road to a justrecovery,7,7,0.01563467,0.055071004,0.010965015,0.019727321,0.10461269,0.013910791,0.31586626,0.46421227
you can support mexicoquake victims right now,4,4,0.026288291,0.020676509,0.012304515,0.028288648,0.69191784,0.012201532,0.09552697,0.1127956
california pizza kitchen shits fire af,7,7,0.025058972,0.055776443,0.018766353,0.02170047,0.083080366,0.014342817,0.22644848,0.55482614
googles project loon seems to be having trouble with stationkeeping above puerto rico,7,7,0.015757743,0.18913388,0.0152857695,0.018902265,0.05089413,0.018518444,0.3442603,0.3472475
a team of american experts is in mexico to assist with search and rescue efforts followinga,4,4,0.014194562,0.022372808,0.013709811,0.03436165,0.74441165,0.017632157,0.070816,0.08250137
this is a mirrored image from a wild fire in california this this is a susano,4,1,0.014434555,0.39670432,0.0111737475,0.012560361,0.025003476,0.017517667,0.36530077,0.15730515
california wildfire probes hammer pgampeas value,7,6,0.014178737,0.118322864,0.0095372,0.017522518,0.051995568,0.015057787,0.43931493,0.33407032
hillary caught on tape laughing about irma wiping out all of those florida hillbillies,7,6,0.026625946,0.11659904,0.0139719155,0.016058601,0.03566504,0.014742464,0.40688038,0.3694566
irma flooding last week pumped more h2o into lakeo than armycorp released that stops today,7,1,0.010010151,0.5327075,0.009430942,0.010980846,0.033556707,0.018696006,0.3098501,0.074767806
sun 7am maria is no longer a major hurricane winds have dropped to 110mph heading toward cape hatteras nc,6,6,0.01747698,0.14630054,0.010643844,0.01647453,0.039425034,0.015763469,0.5885715,0.16534407
strategic planning business viability using publicly available data irs help for harvey,6,6,0.017112361,0.06633722,0.00798123,0.022483539,0.23332375,0.015715504,0.36007515,0.27697122
el paso to orange soldiers travel 1000 miles in wake of harvey,6,4,0.036124557,0.017694464,0.0119208135,0.030654391,0.6710282,0.01283334,0.106214695,0.11352964
eating tornado potato and drinking beer while waiting for taeyeon albmusicfest albatrossmusicfestival,7,7,0.03354746,0.03526282,0.012943354,0.024880135,0.07742814,0.011998091,0.22572394,0.578216
harvey city asks residents to remove parked cars from street for debris pickup,1,5,0.024396757,0.055331256,0.032616943,0.042289935,0.031568542,0.7644267,0.02816731,0.021202588
cleanup from hurricane harvey by skmiller photography beautiful,4,1,0.020125894,0.3361627,0.006419348,0.01735149,0.14365871,0.021021256,0.32126337,0.13399725
still standing after hurricane irma,6,6,0.01734588,0.3183018,0.0066365725,0.012884921,0.03675617,0.019929541,0.46436244,0.12378267
california wildfiresa devastating effect on marijuana industry,6,1,0.017850941,0.55862546,0.019914871,0.010793886,0.02370931,0.017064147,0.26702613,0.08501522
even governor moonbeam is sight unseen,7,7,0.030556008,0.045963954,0.016127566,0.024240771,0.05056398,0.014108341,0.27801126,0.54042816
13 toxic waste sites damaged by harvey houston awash in chemicals,1,1,0.009773238,0.84591705,0.0125941895,0.009461921,0.012671438,0.03484374,0.056759235,0.017979316
pioneer woman ree drummond holding harvey fundraiser news9,7,4,0.026643159,0.021499932,0.009776624,0.0306179,0.6393892,0.012147206,0.11199689,0.14792909
les harveyables actors stage musical amid piles of debris in floodimpacted houston,1,1,0.028911864,0.5659311,0.0075557563,0.024246456,0.15218143,0.047391877,0.12686408,0.046917446
bb i just been eating like crazy since irma had me home for two weeks,7,7,0.0650668,0.04794976,0.013639748,0.029466486,0.06263563,0.01728431,0.3164652,0.4474921
eastside fire spent week helping california crews,4,4,0.014989985,0.03052429,0.011448696,0.02796423,0.709568,0.017236682,0.09065328,0.09761488
after a flood inspect all medicines harvey,6,1,0.011285187,0.52871186,0.010850826,0.016716044,0.05221976,0.034988943,0.22379328,0.121434085
look at harvey simply embracing it,7,7,0.05763105,0.04950458,0.008118565,0.020429036,0.06488789,0.012262683,0.37932453,0.40784165
srilankas food gap widens in wake of regional floods and drought warn and,6,6,0.1055552,0.29140338,0.009523943,0.01930574,0.13600744,0.019711835,0.32193178,0.09656063
hurricane irma orlando assesses the damage photos,1,1,0.010050415,0.8121566,0.009399409,0.008350147,0.01461451,0.024154741,0.09845256,0.022821639
proud to work w to get fl lawyers amp their clients back on their feet nationwide access free,7,4,0.071134955,0.022668658,0.009853889,0.029064894,0.433425,0.011695312,0.1868882,0.23526907
southern california prepares for potential wildfires,6,6,0.028783679,0.23521578,0.009595507,0.012099172,0.035410576,0.015957365,0.54226923,0.12066869
claudia harvey of dig it apparel to be featured on cutv news radio,7,7,0.021545555,0.029385228,0.013706226,0.025159454,0.12199456,0.013101867,0.23695602,0.538151
california wildfires kill 10 destroy 1500 buildings,2,2,0.007492375,0.028100012,0.9103028,0.010330094,0.0068383613,0.018907657,0.00918931,0.008839287
the cone of uncertain continues to shift west putting atl on e side of irma meaning greater tornado threat gawx,6,6,0.015835736,0.14811473,0.010841536,0.01530219,0.03921197,0.015999308,0.58936495,0.16532965
do good today stop hogan street by from 11am6pm to donate supplies to help puerto rico after hurricane maria,4,4,0.013865313,0.02232226,0.014349381,0.029191013,0.7223974,0.016128447,0.07740364,0.104342535
irma update from highlands county next on,6,6,0.015329585,0.16546932,0.009751738,0.013969392,0.040278215,0.014648427,0.56681514,0.17373818
what is the future of puerto ricos energy grid techbuzz,7,7,0.015804708,0.10560567,0.010577695,0.017507035,0.062306397,0.015464986,0.36892265,0.4038109
thats indiana and thats how large hurricane irma is oh my,6,6,0.014715161,0.37030783,0.008947846,0.011420408,0.024832938,0.019031595,0.44521436,0.105529845
call the texas immigrant rights hotline if you have experienced an instance of hate or discrimination sb4 harvey,7,7,0.08346764,0.045866717,0.01807033,0.026550941,0.074898295,0.011427037,0.27955619,0.46016282
harvey spins deeper inland full scope of damage is unknown from,6,1,0.009399834,0.801718,0.011521349,0.009131033,0.013317992,0.025358876,0.10724433,0.02230863
been a rough 3 weeks in the antilles backtobacktoback major hurricanes irma jose maria,6,6,0.016135998,0.22124799,0.010570661,0.0135550955,0.030210365,0.01789428,0.5342069,0.15617868
i am alive he recalled thinking over and over again alive iran earthquake,0,7,0.06839134,0.031275902,0.017948166,0.027585577,0.05075726,0.012259553,0.25323263,0.5385496
student asks to bring dog to class before hurricane irma professor has the best response via rupliftingnews,6,7,0.120625146,0.021124424,0.0148910945,0.055796638,0.18155603,0.011590324,0.24921732,0.34519902
pray for all those families in californiawhy how did this fire startso very sada12b,7,0,0.6774149,0.031652264,0.017579,0.016946552,0.026688613,0.010535743,0.13356379,0.08561916
reload miami conference irma update,6,7,0.015504242,0.054191418,0.012577455,0.020598244,0.07075715,0.0136222225,0.3782972,0.43445212
here are some explanations for the mysterious lights that follow earthquakes,6,6,0.019135091,0.12691598,0.014614268,0.01963246,0.050276775,0.016490305,0.42936584,0.32356927
thank you to those who purchased in support of hurricaneharvey enjoy your crunchi,4,4,0.0156228375,0.023364624,0.013738798,0.030475311,0.61400276,0.0149434,0.10916638,0.1786859
harveys floodwaters flexed earths crust pushing it down as much as 2 centimeters,6,1,0.009659857,0.76930016,0.010290373,0.008945749,0.0139712235,0.02262737,0.13228008,0.0329253
in key west stayed for irmathis is our tree in the back of our townhouse,1,1,0.016494026,0.38945565,0.0086167725,0.013223962,0.02559051,0.018071966,0.3613033,0.16724381
time lapse video shows rapid rise of water in houston bayou during hurricane harvey,6,1,0.010972034,0.7780026,0.009554749,0.008814664,0.014494626,0.021885367,0.12771322,0.028562738
houses damaged roofs blown off as hurricane maria batters usvi,1,1,0.013343497,0.8280671,0.018043956,0.011489349,0.011350108,0.06263042,0.04119045,0.013884989
tytlive situation in usvi just as dire as puertorico,6,6,0.039066136,0.1500536,0.012374104,0.01524627,0.035486687,0.013791441,0.40727302,0.32670873
here is the new guyharvey aruba long sleeve guys tribute to that enchanting island,7,7,0.023709154,0.028801309,0.01317342,0.023218844,0.10633537,0.011585192,0.24429742,0.5488793
flooding from irma prompts a new look at marshfront surge,1,1,0.012190856,0.69180083,0.009030664,0.008551704,0.017562618,0.020624163,0.20244668,0.03779245
watch expert frank mora discuss uscuba policy on,7,7,0.019566204,0.042418126,0.011610602,0.019624908,0.09301024,0.013188315,0.3021926,0.49838904
if hurricane irmas eye was over phoenix thats scary azfamily,6,6,0.013811147,0.22258681,0.009139098,0.013838398,0.033341717,0.017465478,0.5095251,0.18029213
releases statement on hurricane irma,6,6,0.018789496,0.19268252,0.008115403,0.013123166,0.045288436,0.016783865,0.557209,0.1480081
put your hands up if ur not workn the mora,7,7,0.0469306,0.030554693,0.027740415,0.025945755,0.07978924,0.013762944,0.22654758,0.5487287
rainbow right over the tornado hit homes lady next to me says mother nature saying shes sorry,6,6,0.032888915,0.25893456,0.008108607,0.013162318,0.0264042,0.016604703,0.42078525,0.22311142
pray for all in the path of hurricane irma we are worried,6,6,0.23284464,0.10264026,0.012576109,0.0155807715,0.036197845,0.017019277,0.46252823,0.120612904
john besh delivers hot bowls of gumbo and red beans to harvey evacuees,4,4,0.017207045,0.021876559,0.011703928,0.028199695,0.71982723,0.014817903,0.08253901,0.10382862
seismograms from yesterdays earthquake on the iran iraq border,6,6,0.014305215,0.3041228,0.009161194,0.013230707,0.033733707,0.016596198,0.4564162,0.15243402
24 and 48 hour rainfall amounts and most of this occurred in the last 12 hours harvey houstonflood,6,6,0.012823434,0.33798635,0.012638135,0.013580325,0.029320266,0.01719246,0.46803242,0.10842659
hurricane irma victims jesus saved us,0,0,0.87276936,0.010382446,0.01353622,0.016138336,0.03239492,0.008471578,0.027731065,0.018576091
tropical storm maria still making waves but will pick up speed over next few days and continue to move away,6,6,0.018209351,0.12675421,0.010075848,0.017123383,0.047404982,0.016063873,0.5926286,0.17173977
oh nice how about you send that money to puerto rico,4,4,0.01744524,0.030300628,0.01162851,0.029421883,0.42190075,0.016392319,0.16906421,0.30384642
amommy donat crya a 4yearold girl surviving hurricane maria unicef connect,4,0,0.90644705,0.009997769,0.01205853,0.015935143,0.011670965,0.010231932,0.018799307,0.014859351
an earthquake just shook la after mexico now we get hit after irma now maria5 hitting the caribbean but argue w,6,6,0.01295342,0.33449593,0.014317261,0.012295082,0.02412006,0.018471941,0.47036955,0.1129768
12 years ago my parents opened a museum a week ago it looked like this a127 harvey harveyflood,1,1,0.0120591,0.54377437,0.009469783,0.014976898,0.03711638,0.023985483,0.20726985,0.1513482
irma nfl right on the a0a0a0 top 5 throws of week 2 via twitter,7,7,0.018228982,0.03744897,0.014302375,0.022013105,0.07782959,0.014406462,0.28665906,0.5291115
some in texas begrudge aide to puerto rico,4,7,0.019168667,0.02550758,0.013202184,0.029276941,0.309515,0.013253571,0.20188926,0.38818684
theres still a lot of work to do heres how to help,4,4,0.019317808,0.035586026,0.010976143,0.027305013,0.47020417,0.014434005,0.17513382,0.247043
mexico we are the crack they are the collapse mexicoearthquake sismosmexico2017,7,7,0.020582749,0.056466717,0.011436195,0.019323576,0.06138461,0.013446511,0.29953003,0.5178296
hurricane irma storm batters caribbean islands as florida emergency declared,6,6,0.023233147,0.381625,0.009829412,0.010961774,0.02901218,0.01698966,0.45723093,0.07111787
irma deals an unprecedented blow to floridas citrus industry,6,1,0.016889924,0.52252215,0.012782762,0.010553255,0.023727465,0.0180244,0.3091469,0.08635312
joel osteen asks new yorkers for charity after harvey in spoof read more money,4,4,0.019587992,0.020957587,0.011329344,0.0303195,0.6184798,0.012059443,0.115005046,0.17226142
sunny day landscape flooded area due to hurricane maria,1,1,0.011701904,0.8374691,0.010079263,0.008802712,0.011819637,0.029502923,0.0713976,0.019226799
chef cooks barbecue for california wildfire victims,7,4,0.034481283,0.018953288,0.012315433,0.029797034,0.7172419,0.011727991,0.083228774,0.09225441
familiar weather pattern for fl although satellite shows hurricane maria in distant e amp upper low pressure in gulf,6,6,0.016509887,0.14708918,0.010199018,0.01515643,0.0408762,0.014475697,0.58952767,0.16616595
were on the road to jacksonville to coordinate our response to irma in florida see you soon,7,4,0.01537041,0.058494132,0.009153048,0.02341191,0.3319114,0.015753008,0.3093003,0.23660581
after irma communities look at the long road ahead,6,6,0.035883132,0.25429803,0.0058494583,0.013324905,0.032226887,0.018291207,0.49705863,0.14306779
pnnl scientists weigh the factors that power a hurricane like harvey or irma,6,6,0.018361978,0.2531856,0.00803037,0.01405076,0.036432683,0.018908653,0.53552145,0.11550851
photographer spotlight nick leggio owner ig mikemora photo by apin1k full feature,7,7,0.024546336,0.032687437,0.017175628,0.025675016,0.08272973,0.01256592,0.20813794,0.596482
thousands of iranians homeless after strong iraqiran earthquake phnews,0,0,0.9101081,0.012900004,0.013651848,0.01419127,0.011454249,0.0121526085,0.015861474,0.009680518
looting thugs take to streets during hurricane then get what they deserve video,6,7,0.1779128,0.038915414,0.026329575,0.02794832,0.07008842,0.014074603,0.25833905,0.38639185
forecast models indicated hurricane irma will turn north amp move over or near southflorida sunday cbs4,6,6,0.017849283,0.1459055,0.011266461,0.016164014,0.042160634,0.016210834,0.60462064,0.14582269
would you be prepared if a disaster like harvey or irma struck greater cincinnati,6,6,0.02157292,0.28847632,0.010038591,0.011117484,0.029622857,0.018143227,0.5188574,0.10217116
researcher claims to have predicted the iraniraqearthquake through planetary alignments,6,6,0.014277842,0.10329557,0.012430058,0.018559948,0.057741266,0.0151012875,0.46330497,0.3152891
high tide hurricanemaria,6,6,0.015848108,0.081112534,0.010818271,0.018366886,0.05330163,0.015002596,0.4448753,0.3606746
rescue work suspended at earthquake collapse site in mexico city ap,4,4,0.013873034,0.049696174,0.012461247,0.031709347,0.7161265,0.022249293,0.08345317,0.07043125
dcsdfootball hurricane irma delayed them but week 4 stats are up online now,6,6,0.014649779,0.104973346,0.010688171,0.016490586,0.0507856,0.016401062,0.4803796,0.30563182
a reminder of what happened as evacuated passengers ahead of irma earlier this month,6,0,0.4574211,0.016254224,0.017238025,0.05407995,0.28278986,0.015159852,0.08836548,0.068691485
harvey disaster food boxes available in impacted areas visit to learn more,4,4,0.019661786,0.0246834,0.011231658,0.030173527,0.7498531,0.019099098,0.07088886,0.07440854
find out how you can join disaster relief efforts by clicking the link,4,4,0.016277613,0.026507666,0.014617015,0.027792742,0.68761885,0.015410349,0.09963255,0.11214319
president trump on tuesday raised the prospect of wiping out hurricaneravaged puerto ricos,7,1,0.011839731,0.43343225,0.008344327,0.011758943,0.035572242,0.017051298,0.3657819,0.11621927
vw audi nissan production hit by mexico earthquake,5,5,0.02382559,0.1895824,0.021003451,0.044639487,0.05378168,0.33771655,0.16201527,0.16743563
teen suffering health crisis during hurricane harvey uses siri to call for her own rescue,0,0,0.87637573,0.008889321,0.0099001415,0.021879122,0.035035644,0.008750436,0.022869498,0.016300123
new 11pm advisory from the nhc no change irma still a very dangerous storm heading toward fl amp ga,6,6,0.018775603,0.10427147,0.011232026,0.017215086,0.045306344,0.01553004,0.603561,0.18410848
univision news weekly brief a month after the mexico quake and hurricane maria,7,6,0.01634139,0.11208944,0.009508755,0.015630769,0.049287055,0.014612517,0.56268704,0.219843
tubbsfire victim karen aycock 54 wouldnat leave the house without her animals,7,0,0.8814931,0.009444836,0.012003742,0.031028021,0.01484249,0.011109892,0.021352278,0.018725663
mexico earthquake leaves historical churches in countrya hit,7,1,0.014321465,0.815272,0.036865022,0.010526122,0.010383174,0.04893287,0.04680926,0.01689015
it takes no compromise to give people their rights harvey milk,7,7,0.035803966,0.03286406,0.014451101,0.023729267,0.109478146,0.010449262,0.27492258,0.49830157
fsu students community send hurricane irma relief supplies to south florida,4,4,0.016254298,0.022337945,0.014347032,0.029232733,0.76102614,0.016098743,0.065446265,0.07525687
dog protects livestock from california wildfires,6,4,0.050366756,0.05703506,0.008486976,0.038704675,0.47533423,0.0198219,0.21749857,0.13275193
i am alive survivors of iran earthquake mourn as government scrambles to help,0,0,0.894088,0.008639738,0.012328956,0.015648326,0.025597166,0.008862295,0.02066092,0.014174682
afpphoto a14yaa14y8 thousands evacuate as california wildfires kill 10 a127 frederic jbrown joshedelson robynbeck afp,2,2,0.08636103,0.008551163,0.80663306,0.035515253,0.020846326,0.012508857,0.012152535,0.017431708
a list of what u can donate and where u can send your donations to for hurricane harvey victims,4,4,0.014728276,0.023870012,0.014523218,0.027802704,0.71318305,0.015786273,0.08382022,0.10628625
popular on 500px collection of classic bmws saved from california wildfires by karnadi39,6,7,0.028403135,0.06760222,0.009100608,0.02288443,0.09877957,0.013188764,0.3636961,0.3963452
austins turnkey vacation rentals takes a hit from harvey on texas coast,1,6,0.020055091,0.14288016,0.0068578282,0.015289886,0.063295335,0.01535866,0.4511433,0.28511977
get started tax help for small businesses hit by harvey and irma usa today,4,4,0.02114735,0.045669693,0.010052782,0.024437971,0.52576953,0.016932536,0.19792451,0.15806562
as expected one 12hr tornado watch expires another is issued hurricane irma jaxwx savwx flwx gawx,6,6,0.0169447,0.07795924,0.012940832,0.018252162,0.054738395,0.014441719,0.5535541,0.25116885
chefs aiding puerto rico find redients difficult to come,4,4,0.032523964,0.023914568,0.009448775,0.029306246,0.5544725,0.011578019,0.15261787,0.18613811
td15 expected to become hurricanemaria next week threatening parts of caribbean hit by irma,6,1,0.014756027,0.42951092,0.011748917,0.011176327,0.023070415,0.020886779,0.41909322,0.0697574
hurricane harvey was no match for the boxing family fightnewsasia fightnews,7,6,0.039129037,0.114047736,0.008704178,0.015204074,0.037145413,0.01371132,0.5084652,0.26359308
azerbaijan offers assistance to iran after earthquake iranian envoy,4,4,0.015628733,0.024900535,0.012311897,0.02931191,0.6727179,0.014110112,0.10491205,0.12610683
the same islands that took a direct hit from irma will not take a direct hit from maria however puertorico isa,6,6,0.015287111,0.31405836,0.010502746,0.011593599,0.029096764,0.02010416,0.4874275,0.11192968
strong earthquake in iran had no effect on yesterdays earthquake in azerbaijan,6,6,0.013162174,0.21286549,0.014918315,0.01458163,0.034598127,0.016459314,0.51446056,0.17895438
yeah ive been ready to gojnj hurricaneharvey,7,7,0.042117473,0.053374518,0.007993696,0.019495422,0.056393374,0.012550234,0.38830668,0.41976866
news on npr a week after irma florida families still living in the dark,0,0,0.9089189,0.013431144,0.012571846,0.014124685,0.010254341,0.012116092,0.01811146,0.010471433
sandy beach mora psaria at the northern coastline of rizokarpaso cyprus,7,1,0.016607486,0.3730644,0.008756189,0.018533768,0.046412688,0.019624649,0.30000436,0.21699652
virginia beach woman chartered plane to rescue 300 animals as hurricane maria bore dow,4,4,0.020533016,0.020024639,0.015490051,0.03918647,0.7801965,0.019231359,0.048837513,0.056500457
how irma got her own wifi,7,7,0.02633439,0.082537204,0.012677161,0.020548144,0.07951183,0.012989351,0.2957749,0.46962705
see how we are moving forward together postirma fumccg news and happenings gablesstrong,6,7,0.01836047,0.037994303,0.010310435,0.022765584,0.17333086,0.012963676,0.30211982,0.4221549
whatas happening in puerto rico after hurricane maria is environmental injustice,7,6,0.01703923,0.3314501,0.010691309,0.012142706,0.030032504,0.0162004,0.3865069,0.19593681
this is the most adorable pic ive seen from visit a12 dai houston beygood hurricaneharvey,7,7,0.022937376,0.037484378,0.0115035605,0.02706835,0.07193482,0.013098418,0.2684045,0.54756856
workplace gratitude in action helping harvey amp irma hurricane victims beinspired,4,4,0.01659085,0.026278654,0.012300893,0.025987154,0.7168813,0.014600208,0.088491365,0.09886955
sine mora ex dev on the new coop mode,7,7,0.022812193,0.03386113,0.012648422,0.024150852,0.075048186,0.012532329,0.26494372,0.5540031
hurricane harvey downgraded to category 1 will likely become a tropical storm d27,6,6,0.020776667,0.09419826,0.012295362,0.018521367,0.05887332,0.014973205,0.5896362,0.19072561
tracking irma this morning as it passes north of dominican republic dangerous category 5 storm gt,6,6,0.017095925,0.13964821,0.010177956,0.015903747,0.04108196,0.015654666,0.59687847,0.16355899
copped tho right before my mom forced me to sit in the bathroom for tornado warning,7,7,0.19523099,0.05217205,0.013839144,0.026873415,0.03868774,0.014501152,0.30539575,0.35329983
irma maria jose forestfires earthquakes s song so much trouble in the world so true wheres the,7,6,0.015223246,0.10677003,0.011449713,0.01602577,0.041637413,0.014946701,0.46313435,0.33081278
yes thats a cadillac stuck in water the driver had to be rescued harvey,5,5,0.047546607,0.0313421,0.03027358,0.12187733,0.045549165,0.6625952,0.028574152,0.03224183
hurricane maria left puerto rico absolutely devastated,1,1,0.017077666,0.806763,0.010141072,0.008124348,0.01208637,0.023201752,0.10149112,0.021114716
weekend soccer games called off after mexicoa earthquake,6,7,0.02112116,0.0865149,0.028553717,0.026452355,0.07095069,0.018357629,0.3539983,0.39405128
hurricane marias effect on us not ruled out forecasters say,6,6,0.01934529,0.2577749,0.011537914,0.0128464075,0.030960232,0.01633796,0.5428763,0.108321086
in kingwood texas where many families are picking up the pieces after hurricaneharvey,0,0,0.9057136,0.016590053,0.01051782,0.012988269,0.012600571,0.012683258,0.01846733,0.010439025
family houston young professionals volunteered at the giving hub to help families in need after harvey,4,4,0.018094087,0.021583686,0.012913798,0.028514508,0.74775374,0.014137428,0.070338085,0.08666465
kenny chesney helps teen brothers reunite with mother after hurricane irma,4,4,0.04191315,0.016574213,0.012457404,0.03719725,0.7432345,0.012464783,0.061319746,0.074838966
20 of every order at squeezedonline goes towards hurricane harvey relief until sep 14th,4,4,0.014155587,0.028343106,0.014141039,0.028102893,0.66320634,0.016616764,0.10300475,0.13242956
relatives say children missing after a school collapsed in mexicos deadly earthquake have sent whatsapp messages,3,3,0.048887875,0.04601136,0.13904849,0.52569455,0.048898946,0.12684643,0.028285597,0.036326665
nationaldayofprayer is bullshit you really wanna help those impacted by harvey donate timemoneysupplies,4,4,0.01713059,0.021933476,0.012586078,0.028245285,0.6614162,0.013268583,0.10426139,0.14115837
breaking tornado warning for adams and yorkcounties in pa until 445 pm edt,6,6,0.02183588,0.15162444,0.013971175,0.018306931,0.039791595,0.014488893,0.59286904,0.14711206
fire crew shares video of what they faced battling californiaa blaze,6,0,0.8755843,0.014860295,0.012470591,0.013879112,0.023852088,0.009186192,0.031439718,0.018727697
linmanuel miranda talks helping puerto rico amp notching first top 40 hit exclusive,7,4,0.014453754,0.028045239,0.011678308,0.026936661,0.58597165,0.014388101,0.12951958,0.18900666
artists send thoughts amp prayers to mexico city following the devastating earthquake,6,4,0.073571004,0.031506795,0.016395759,0.03174257,0.3375956,0.010596883,0.25436845,0.24422298
northern california wildfire interactive map esri gis waze,6,6,0.01761515,0.16730504,0.008821359,0.013481532,0.04035327,0.013793707,0.5249694,0.21366061
good tuesday morning we hope things are back to normal at your home following irmajoin us now until 7am,6,7,0.01882959,0.07873677,0.011489284,0.016943285,0.05702375,0.013986658,0.38846523,0.41452545
uns global emergency response fund enables humanitarians to provide urgent aid for victims of hurricane irma,4,4,0.01798769,0.02024509,0.0147183705,0.028787332,0.7552452,0.014994726,0.06847454,0.07954713
click here finance politics business three storms raging in atlantic with one aimi,6,6,0.015178345,0.10145536,0.011347365,0.01655417,0.046225708,0.01384909,0.50695455,0.28843543
check out new 61 magnitude earthquake hits mexico again hoodnews,6,6,0.015236413,0.19773173,0.016974457,0.013673015,0.033785537,0.015499442,0.5364535,0.17064592
baby born during hurricane harvey gets most apropos name,6,0,0.82391644,0.015284624,0.0110643925,0.048411544,0.024810707,0.01807,0.03651712,0.02192509
state aid to puerto rico has also been delayed by a mix of slow requests and money woes,4,4,0.0125527335,0.045334555,0.012261423,0.029452648,0.5363065,0.017569885,0.16271137,0.18381092
fire storm california a geoterrorism a no justice aa justus,6,7,0.0153252045,0.059962537,0.013299121,0.018921258,0.05841491,0.014482294,0.34268054,0.4769141
everybody go give eagle alum a120mora a follow at,7,7,0.03780977,0.026187839,0.02124817,0.031370774,0.12387918,0.01497654,0.18421069,0.56031704
after earthquake mexico holds out hope for those trapped under rubble a not givinga upa,6,0,0.5421526,0.03508161,0.010749147,0.052968215,0.18823332,0.017598812,0.10338581,0.049830478
iran turns down offers of earthquake aid including from its archfoe israel,4,4,0.015943754,0.030567693,0.012362207,0.029166972,0.5638228,0.016276142,0.1436072,0.18825321
hurricanemaria relief just dropped off first baptist orlando,6,4,0.0130227525,0.03044223,0.012391895,0.026636422,0.6786473,0.01729731,0.10054202,0.121020146
power slowly being restored after hurricane irma,6,1,0.009733,0.8071742,0.015676804,0.009547569,0.018010676,0.03347318,0.080895394,0.025489228
california wildfires moment familys dog is found alive in ruins of home a video,4,3,0.053238448,0.039535813,0.10987734,0.56692845,0.051340587,0.09601082,0.03477745,0.048291083
enjoying the golden tornado band from home in erie,7,7,0.026827594,0.056319084,0.011087183,0.018388372,0.06666902,0.011803399,0.35814402,0.45076132
mexicans turn to church as earthquake death toll hits 320,2,2,0.009635343,0.007445904,0.9415849,0.010223093,0.007393993,0.009376515,0.0058275843,0.008512755
business expert president trump signs hurricane harvey relief bill creditrepair jobs,4,4,0.014915032,0.055932235,0.01058815,0.022734035,0.3065985,0.0155960135,0.26983228,0.30380362
democrat mocks trump with paper towels in congress after puerto rico fiasco,7,7,0.040338404,0.035599478,0.015055076,0.025171665,0.06484835,0.011533186,0.26587355,0.54158026
get to mora and try the whole menu,7,7,0.030826807,0.0405928,0.016436964,0.024230182,0.07913577,0.01259414,0.23959985,0.5565835
rainierwildflower one of the first flowers of spring coltsfoot already gone to seed kl,7,7,0.017594732,0.036625825,0.015224789,0.028180663,0.105654076,0.012657064,0.26901653,0.5150463
hillary clinton links climate change to wildfires hurricanes in california speech,7,6,0.020375084,0.08331386,0.0112474775,0.01744902,0.050332256,0.013339474,0.4110611,0.39288163
this drone footage shows the devastation caused by the 71 magnitude earthquake in mexico,1,1,0.012611114,0.8385925,0.014344697,0.0089634275,0.011361136,0.02639937,0.07052729,0.017200435
bun b on hurricane harvey a itas worse than everyone music,7,7,0.020929765,0.05797626,0.011976764,0.0201508,0.05469618,0.014436281,0.3241969,0.4956371
latest update on hurricane irma with links to resources,6,6,0.020427661,0.15134352,0.0075726854,0.014556302,0.06411378,0.015705716,0.5909972,0.1352831
ontiermexico will provide free legal advice to those affected by the earthquake,4,4,0.06918697,0.028011551,0.009931918,0.026384035,0.30453816,0.012149953,0.27933082,0.27046666
still havent taken down the plywood from irma im waiting to see what maria does f pray she heads north after,6,1,0.008988978,0.45774603,0.009607656,0.013149859,0.040986426,0.021744499,0.3122985,0.13547796
newsgraphic satellite view of hurricane irma traversing the caribbean on wednesday,6,6,0.016545635,0.29146597,0.008785474,0.013394374,0.03318652,0.016372312,0.5166616,0.10358816
orlando city wins friendly 61 helps puerto rico orlandocity,7,4,0.015276834,0.028374404,0.012894465,0.027575905,0.5448014,0.013990396,0.13443187,0.22265461
irmas twisted sister hurricanemaria maria2017 wx weather prayforpuertorico,6,6,0.015176691,0.11005474,0.010803136,0.016290877,0.045224305,0.014976821,0.5063664,0.28110704
frequentou one direction mora londres,7,7,0.023115154,0.034240983,0.016199801,0.025666684,0.06343368,0.013661683,0.23712747,0.5865546
tornado watch continues for the tri county and the nearby atlantic ocean water until midnight chswx irma,6,6,0.019939594,0.13670394,0.011653262,0.016769402,0.04358388,0.013874911,0.5950133,0.16246168
hurricane maria knocks out power across all of puerto rico nbc nightly news,1,1,0.010794965,0.82366014,0.019883165,0.008993758,0.012102275,0.03138774,0.07217146,0.021006545
welcome back titans finally back to school post irma bcpsfirst knownova backinbusiness,7,7,0.018174306,0.03216616,0.013783024,0.02303675,0.09778026,0.013714508,0.2773353,0.5240097
a damaged apartment is seen after the earthquake in the narrate neighborhood in mexico city,1,1,0.012412329,0.8278968,0.017300958,0.013583994,0.011261274,0.061465815,0.040289134,0.015789675
californias notorious winds feed wildfires,6,6,0.020496517,0.17689057,0.009860539,0.013037605,0.03477178,0.014910599,0.518454,0.21157837
the dominican president expresses his amost sincere condolencesa to mexico fora,7,7,0.025373427,0.029003883,0.013316677,0.027466146,0.2049487,0.011939206,0.24040866,0.44754332
so trumps new nasa adm is also a climate skeptic see irma harvey,7,7,0.023822764,0.052008387,0.011239649,0.019675072,0.0496409,0.0130779585,0.35444227,0.47609305
after 3 weeks of delay and one messy harvey my backpack was delivered at 1055 pm,7,7,0.019613493,0.124554925,0.04034988,0.048216205,0.13985947,0.08484084,0.21355769,0.3290075
puerto rico se levanta med students unite to help those in need,4,4,0.016664695,0.02070051,0.01391202,0.02867919,0.7123783,0.01440052,0.08074975,0.11251505
all my family is there boston restaurateur relieved after mexico earthquake,6,7,0.10643093,0.03185661,0.008830545,0.027490834,0.27370504,0.012032972,0.22253545,0.31711766
so proud of our kids who raised nearly 600 for puerto rico a14y5a14y7 hurricane relief with a bake sale today fwsu ai a14a,4,4,0.013523789,0.023417233,0.013800211,0.029445414,0.66399264,0.015288457,0.09034445,0.15018785
how hurricanemaria could affect mentalhealth edchat naturaldisaster,7,6,0.058803592,0.19103816,0.013566132,0.015160678,0.04616487,0.014770024,0.4335316,0.22696492
opening 19 locations postharvey kprc2,6,7,0.021837825,0.06279904,0.017700616,0.024532536,0.11743323,0.01416666,0.24202988,0.4995003
commanders of irgc irans army visit earthquake areas in western iran,7,4,0.027196802,0.042214792,0.008242916,0.026062597,0.41250527,0.014205045,0.24259748,0.22697519
30a tv update jazzfest star to play irma benefit friday 30atv 30a,6,4,0.0138864955,0.031049402,0.0142547125,0.026558619,0.36927274,0.013649514,0.19338785,0.33794066
smoke from californias wildfires will harm people beyond the flames reach,0,1,0.06169985,0.40382177,0.057763208,0.01630993,0.021440247,0.019461768,0.2984506,0.1210526
hurricane harvey could create 1m salvage vehicles,4,5,0.031284135,0.04710404,0.027481189,0.04353255,0.032955073,0.77118784,0.025856411,0.02059871
ian harvey offers us a brief insight into the history of passwords in his latest blog post,7,7,0.032783695,0.042099036,0.014144176,0.023604074,0.06570131,0.014006956,0.3014621,0.50619864
maria still roiling central florida beaches lee becomes hurricane,6,1,0.014289328,0.5917479,0.009543601,0.009442518,0.018547593,0.01965074,0.28556922,0.051209103
hurricane irma recovery fund for our island neighbours,4,4,0.016225286,0.050765395,0.010493027,0.025748888,0.68292654,0.019616876,0.10877492,0.08544898
supplies to fight off my post irma cold stress longhours loweredimmunity,7,4,0.018208396,0.027111005,0.011247738,0.026619188,0.6863868,0.013888951,0.09968742,0.116850525
tech labs reach out to researchers hit by harvey,6,4,0.025629107,0.022812337,0.011864708,0.030346911,0.7166046,0.01475885,0.090384774,0.08759867
the ghost of jose being absorbed by hurricane maria as she slowly heads north,6,6,0.033693478,0.13780649,0.0072153877,0.01811021,0.035061345,0.01521348,0.5020372,0.25086242
congress looking into how tiny company from zinkes hometown gets 300 million contract to,7,7,0.017068306,0.037514903,0.011323191,0.023606883,0.18209212,0.014066086,0.25415727,0.46017125
harvey rainfall so far houston,6,6,0.014834256,0.30473718,0.009611754,0.012738187,0.03748826,0.017833902,0.46352077,0.13923572
my harvey always knows when i aint well a121,7,7,0.04142191,0.042324528,0.015237844,0.027097652,0.07784509,0.015577739,0.27239007,0.5081052
british troops help fix home wrecked by hurricane irma,4,4,0.02703111,0.2524061,0.015985727,0.041856345,0.4605579,0.08342951,0.077787854,0.040945515
tell that hurricane bitch irma to come this way i keep that mf thang on me,7,7,0.025840165,0.048725147,0.01224981,0.022086293,0.062638365,0.014942273,0.3547326,0.45878538
thank youuuu d irma,6,7,0.01827881,0.045399517,0.014044968,0.02105218,0.11712755,0.012686941,0.26735997,0.5040501
pizza hut workers paddle through harvey floodwaters to deliver free pies,4,4,0.08109818,0.023793824,0.010862166,0.032908462,0.70192105,0.016088875,0.07802812,0.055299297
blakpac member has not stopped assisting hurricane irma victims,4,4,0.016872203,0.023766186,0.013341905,0.026496904,0.7224572,0.014490983,0.08549503,0.097079515
irma resources for homeowners businesses amp workers,4,4,0.019057536,0.04913699,0.010167448,0.022561848,0.39164498,0.014996643,0.26528513,0.22714937
earthquake in kermanshah irans new genocide against religious and ethnic minorities,6,7,0.04006269,0.071991,0.03060527,0.021220535,0.048524134,0.013352555,0.29816908,0.47607473
this photographer captured the devastation of hurricane maria from above,1,1,0.014438095,0.817884,0.010434482,0.0089372955,0.014192221,0.026131548,0.08778127,0.020200975
houston office market sees slight increase in vacancy post harvey cre,6,6,0.012857811,0.2513861,0.013983361,0.021039296,0.07268557,0.021471027,0.32813913,0.2784377
a jesuits firsthand account of hurricane harvey via,6,6,0.10053901,0.084370784,0.00635423,0.018884866,0.057517532,0.014217535,0.50292665,0.21518941
him amp his family lost a lot during harvey amp theyre just opening back up check them out,7,0,0.90894765,0.010825534,0.010997894,0.015289631,0.01240979,0.010024895,0.018844211,0.012660292
delivering aid to floodravaged sri lanka jewish sandiego,4,4,0.014821723,0.023964146,0.013041483,0.028511595,0.72889066,0.015458177,0.0775893,0.097722836
how i watched hurricane maria terrorize my home from a distance,1,1,0.028683485,0.76372856,0.009804271,0.00878542,0.012297333,0.024061615,0.125202,0.027437361
classicmsinthebiz awhy donat you try acting like a womana by gia mora,7,7,0.027668945,0.03264787,0.014815039,0.024057614,0.0667031,0.012473111,0.2479675,0.5736668
the stahl boys doing a little cleaning up after hurricane irma dadepba thinblueline maria,4,4,0.014508886,0.054609306,0.01060401,0.02854107,0.68302155,0.02042289,0.095935516,0.09235683
recent hurricane hunters flying through maria find flight level winds of 120mph maria could be cat 3 again soon,6,6,0.017088773,0.16163027,0.009106833,0.016754722,0.039437488,0.016093329,0.5804219,0.15946661
evidently somebody didnat want to risk putting orlando under a tornado warning,6,6,0.02001471,0.114288434,0.011231361,0.015040005,0.046603538,0.015163997,0.50096,0.27669802
one of the first solar storage tesla energy projects in puerto rico has come online,7,4,0.012374816,0.053863455,0.012220254,0.029257867,0.3701693,0.01730746,0.208063,0.2967438
puerto rican farm saved from hurricanemaria thanks to solarpower via,0,4,0.021954745,0.18994749,0.014332141,0.03367581,0.53260297,0.040222134,0.108403966,0.05886077
dogs rescued from puerto rico after hurricane maria are being adopted tech technology,4,4,0.03484746,0.016999006,0.012127395,0.061206724,0.70987165,0.017119952,0.064260796,0.083566934
behind the scenes with mora a124a12a,7,7,0.024232043,0.03513877,0.011382152,0.023927893,0.1288278,0.013035346,0.24376996,0.5196861
tornado low light,6,6,0.01687954,0.3342362,0.011551661,0.0129349865,0.029902896,0.017230142,0.4365935,0.14067113
collapsed school in mexico earthquake is checked for a hidden defectsa,1,1,0.009331068,0.776493,0.014080794,0.009363739,0.014780724,0.032740843,0.100605324,0.04260449
xmen gold 11 cover by dan mora omega red returns xmen marvel,7,7,0.021124944,0.030626735,0.015295742,0.024460245,0.094840474,0.013110527,0.21480063,0.58574075
lucky duck irma sits on eggs even during hurricaneforce winds,7,7,0.03078071,0.04900488,0.008267984,0.022907408,0.058321368,0.01346766,0.40004677,0.4172032
ashe members offer engineering support to puerto rico hospitals by,4,4,0.016392332,0.024140304,0.012567235,0.026864955,0.72867054,0.01571858,0.081239395,0.0944066
mexico further updates and advice to british nationals following the 19 sept earthquake,7,6,0.08178182,0.037718024,0.011069711,0.022443358,0.090283535,0.011185101,0.40621123,0.33930716
skutchi wants to help businesses affected by hurricaneharvey and irma call us today 8889933757,6,4,0.024093037,0.036326136,0.009272993,0.024666369,0.6196146,0.015242611,0.14735438,0.12342982
auto abs issuers pull pools back from harvey irma impacted areas,6,1,0.01123964,0.6985444,0.0076848124,0.009321113,0.023618024,0.028119074,0.18404813,0.037424847
hurricane maria latest winds 105 mph about 475 miles sse of cape hatteras nc,6,6,0.018036494,0.14591515,0.010989104,0.017705552,0.040519968,0.01671381,0.5765907,0.17352922
my beloved friend is doing godas work in puertorico right now hurricanemaria crytime keepgoing,7,7,0.017303344,0.03599748,0.010173841,0.027533423,0.28734183,0.012545914,0.22123434,0.38786986
comparto con ustedes mi columna con ustedes en the hill congress must fund puerto ricos new electrical grid,1,7,0.010781866,0.07592889,0.012751338,0.019326713,0.14952292,0.016344761,0.301591,0.41375247
lee has a massive eye maria now a tropical storm not looking as healthy as it once did,7,6,0.014945794,0.1730132,0.011308079,0.0167417,0.0335707,0.016818987,0.51414883,0.21945278
many islands devastated by irma will get hit again by maria your forecast at 4 pm,6,1,0.014631483,0.7944191,0.010518157,0.008397907,0.011459179,0.029047463,0.11142186,0.020104898
dominica hurricanemaria first cases of anarchy receiving whatsapp messages reports sos security,6,6,0.044213183,0.09483998,0.040995155,0.025845114,0.04167982,0.013828857,0.37228635,0.36631152
11 pm update on hurricane maria hurricane warnings discontinued for pr,6,6,0.017222289,0.12075432,0.011536951,0.01576535,0.04856439,0.015232302,0.5945927,0.17633173
f you ao atca ed ta is afl house soyluna2 vuelvemdt3 hurricane maria middendrenthe,7,7,0.015283431,0.05605278,0.012112773,0.020197012,0.06628919,0.014116911,0.34038302,0.4755649
great puerto rico project solar energy presents a great opportunity for puerto rico prstrong,7,4,0.012692133,0.048911806,0.0101372525,0.026660826,0.38611245,0.016513824,0.21657382,0.28239787
puerto rico is so grateful thanks mr president,7,7,0.032035064,0.036169805,0.010831084,0.023178503,0.16361347,0.01097142,0.26517653,0.45802405
fuck all no wall no clinton arrest zero help for puerto rico,7,7,0.015808461,0.05457053,0.013013255,0.023154296,0.09979186,0.015301246,0.27469814,0.5036622
tofu section during harvey hit texas,6,6,0.029230393,0.14269127,0.0066612205,0.014985374,0.054800015,0.01329947,0.521095,0.2172373
tracking hurricane irma,6,6,0.017605796,0.17524336,0.008358927,0.014553404,0.04270579,0.016777437,0.55116546,0.17358975
exxonmobil us branded wholesale network teams up to provide harvey relief,4,4,0.015280486,0.029830005,0.010976278,0.026170217,0.69538045,0.01642936,0.10192662,0.104006544
statement attributable to the on the earthquake in iran humanrights,7,7,0.015630597,0.054987255,0.013875801,0.018720057,0.08975402,0.012812865,0.34866965,0.44554973
houston mayor pushes storm surge spine to protect city,6,6,0.015168308,0.12689824,0.010828315,0.019532686,0.22114226,0.018010668,0.34694156,0.24147792
storm harvey flood victims face displaced alligators,0,0,0.91148865,0.011581058,0.012792347,0.013703855,0.011943148,0.01121504,0.016841589,0.010434389
yalls president has a networth of 35 billion dollars but could only donate 1 mill to harvey victims,4,4,0.01451595,0.025399838,0.013644831,0.027879018,0.593843,0.014744687,0.12229686,0.18767585
harvey james was born on this day,7,7,0.036602747,0.036827687,0.03496281,0.032294996,0.06344445,0.017320776,0.20132406,0.5772224
just in tornado warnings spike across florida via,6,6,0.021644067,0.14281084,0.012700159,0.015415959,0.042352468,0.014307027,0.5807987,0.16997084
house washed away by river during hurricanemaria sadly 5 people were taken dominica dauki dausa,7,1,0.025944036,0.41436368,0.21577287,0.04882281,0.01475802,0.24059473,0.026381169,0.0133627
hurricane maria takes aim at battered caribbean florida could be next,6,6,0.016297316,0.2732901,0.008284795,0.01191831,0.031345922,0.018690953,0.5243775,0.11579512
damn i forgot how much of a shitshow bernies puerto rico operation was,7,7,0.017470859,0.07020606,0.012967166,0.02187925,0.08227582,0.015096034,0.27390477,0.5062
wells fargo building in downtown jax flooded during irma forcing the doors to close for a while,1,1,0.009378887,0.8255255,0.014281074,0.009683344,0.014119608,0.04437915,0.059388027,0.023244275
harvey in any language volunteer translators for farsi arabic vietnamese answer thea call,4,4,0.0211661,0.024559919,0.009408805,0.029704567,0.5121837,0.013426817,0.157257,0.23229311
hurricane irma millions fleeing storm could bring highways to halt,6,0,0.8378231,0.053843655,0.011334578,0.012188934,0.012781442,0.019530473,0.038446516,0.014051396
permitting fees for irmarelated repairs have been waived contact us to report hurricane damage to start the repa,1,1,0.009885903,0.4958301,0.008504599,0.014420533,0.08861025,0.029910043,0.2467007,0.106137924
savannahaos undergoing repairs after irma damage,1,1,0.010434837,0.8278586,0.011697306,0.010423006,0.016888198,0.047881592,0.052756008,0.022060554
investigations on image search on mexico earthquakehave ss debating over a caption lies or not,7,7,0.013185818,0.09418701,0.010932949,0.020694956,0.064910166,0.014342933,0.36529624,0.4164499
just saw the duke unc score has hurricane maria made it to chapel hill already unc starts the season 13,6,6,0.013990985,0.09406683,0.0109342225,0.017292699,0.050948523,0.013629224,0.48333046,0.31580707
15 stark videos expose reality of california wildfires,6,1,0.057356365,0.5294048,0.01158787,0.012225915,0.019478932,0.019663759,0.2879049,0.062377464
buy a solar light amp spread the word lets light aguadilla puerto rico letslightaguadilla,7,7,0.014099909,0.03989785,0.012408632,0.025399497,0.2637277,0.014034561,0.21593246,0.4144994
first alert hurricane maria continues moving on northern track,6,6,0.019047264,0.13089891,0.009685439,0.016289124,0.044784736,0.016133694,0.6028946,0.1602662
lifeline animal project and atlanta humane society to hold postirma mega adoption event,4,4,0.019404288,0.022680806,0.009989295,0.035098102,0.6125307,0.014080636,0.11750502,0.16871125
please support my gofundme campaign,7,4,0.026784152,0.025465457,0.011476182,0.03369006,0.58337796,0.016059544,0.12586783,0.17727882
damage caused by hurricanemaria in roseau dominica strafpgetty images,1,1,0.009205756,0.8412869,0.0123470845,0.009312826,0.012445248,0.026764926,0.06642092,0.02221627
because record floods just arent enough theres another couplet and tor warning harvey txwx,6,6,0.014109086,0.23789576,0.010078022,0.012657056,0.03288544,0.016808258,0.52364033,0.15192597
arirang news wildfires ravage california,6,1,0.02152054,0.747711,0.013282925,0.008201448,0.014589195,0.01933188,0.14805257,0.027310468
help michael bailey amp his family recover from the california wildfires a signala boost,0,0,0.55111676,0.015490022,0.01393228,0.03583069,0.2696495,0.01188214,0.054129176,0.0479695
when all the meat thawed after irma,7,6,0.020664986,0.28492045,0.016168054,0.018778648,0.03851502,0.022076655,0.33498168,0.26389447
so hurricane harvey left a lot of dogs without homesmax just found onea12 aa12 aa12 a,7,0,0.43997368,0.050889723,0.025932726,0.2658117,0.042791285,0.08427327,0.05182902,0.038498543
tornado watch cancelled for two counties,6,6,0.019722309,0.13818423,0.012171089,0.017424578,0.044386864,0.015937164,0.55557966,0.19659409
home from houston east texas needs a lot of help and time to recover you can help here,4,4,0.18924297,0.016541077,0.009473126,0.06074574,0.537571,0.01628686,0.07931825,0.09082094
video of cu collecting donations for hurricane harvey cuboulder cubuffs boulder,4,4,0.015035257,0.026869202,0.012009132,0.02734492,0.7305909,0.016037514,0.07879474,0.09331836
navy marine corps providing aroundtheclock hurricane maria relief,4,4,0.014157125,0.027333401,0.013197206,0.026440185,0.73318726,0.01762493,0.07902482,0.08903505
langevin applauds passing of supplemental funding package for hurricane harvey relief,4,4,0.014378106,0.048827264,0.012357106,0.024768341,0.5851762,0.019292831,0.14938845,0.14581174
nofollowtwitter for iphonea,7,7,0.025710477,0.05698278,0.017805442,0.02380963,0.056152612,0.015487135,0.268999,0.53505296
hurricane blame harvey amp irma punishment for trump amp gay mayor internet says,7,6,0.018154172,0.07500776,0.012707957,0.017489117,0.050310135,0.013772454,0.41627306,0.3962853
grand chandelier rocked by earthquake from the weather channel iphone app,7,1,0.009215753,0.6696248,0.013423894,0.009424145,0.014542075,0.02338927,0.2072104,0.05316975
glen cove park kemah texas houstonflood kemah texas hurricaneharvey,7,6,0.014352347,0.33623517,0.008419879,0.0130660795,0.030547487,0.016686542,0.40204543,0.17864704
the local seismograph detected the iraniraq earthquake making the detector ringing for more than 12 minutes,7,6,0.011177318,0.2917743,0.014891557,0.015519974,0.032692015,0.017947467,0.43414932,0.18184808
bankrupt puerto rico set for fresh hit from hurricane irma,6,1,0.02032797,0.5525206,0.010536344,0.009362401,0.018654555,0.02325059,0.313672,0.051675554
is serving victims of harvey emdayofservice might even help,0,4,0.065965645,0.01952747,0.01054387,0.027530177,0.6298958,0.010934741,0.11482676,0.12077548
hadley brown join forces to aid puerto rico,4,4,0.014617096,0.022738742,0.013591908,0.027997857,0.70345473,0.0161542,0.08891895,0.1125266
flooded cars could flood usedcar market irma harvey,7,5,0.02688399,0.039542045,0.03956455,0.042177893,0.023623215,0.7871158,0.021088947,0.020003574
congrates we are waiting of loon in india as well,7,7,0.032351263,0.03369485,0.023235852,0.025963439,0.06241641,0.013223651,0.22197628,0.5871383
flew through the very outer edge of hurricane mariaas cloud cover no desire to fly any closer,7,6,0.022429489,0.1470024,0.0068780053,0.016292674,0.040669758,0.017463623,0.53517276,0.21409133
21 dead in catastrophic california wildfires,2,2,0.007940612,0.0089518055,0.94141793,0.009396939,0.0067348024,0.01063327,0.0062050736,0.00871955
students raise 1000 for puerto rico by dressing down one day,7,4,0.016177012,0.02193767,0.013994731,0.028448505,0.6589233,0.013960725,0.09965219,0.14690585
travel simulation reveals what its like inside a tornado in the new simulation from,6,6,0.088973686,0.1265741,0.009125742,0.018817313,0.041984953,0.014204974,0.4550673,0.2452519
miami football resumes practice following hurricane irma canes,6,6,0.021284766,0.05826911,0.009593629,0.01956887,0.0828692,0.013150583,0.41534674,0.3799171
some new brunswickers are doing a really great job helping florida reconstruct from irma power restored to over 6a,4,1,0.010721091,0.41474178,0.01323305,0.022097826,0.2608133,0.04155109,0.15690586,0.079936005
tolls to be reinstated following irma,6,6,0.02036214,0.13720182,0.018723663,0.018154256,0.051108308,0.02347848,0.4020646,0.3289068
wet mora a12a uom,7,7,0.019752057,0.041115005,0.015442036,0.023622202,0.069142036,0.013363389,0.24055906,0.5770042
puerto ricos governor says island is on steady path to improvement after hurricane maria,6,1,0.012280736,0.61865306,0.0073742485,0.010767775,0.033093132,0.02130292,0.2269007,0.06962758
linmanuel mirandas releases starstudded song for puerto rico,7,7,0.024096724,0.02710967,0.012981384,0.026173092,0.21400848,0.012513929,0.20729391,0.47582278
please consider donating if you can hurricaneharvey houstonstrong chartwells,4,4,0.01781807,0.024214286,0.011362484,0.027933346,0.6647263,0.013781824,0.10293759,0.13722605
as hurricane irma nears hospitals in floridas southernmost county are evacuating patients a,6,4,0.12025714,0.08877231,0.016403155,0.041286044,0.54482096,0.028202403,0.1105992,0.049658816
in addition to hurricane irma hurricanes katia and jose formed on wednesday,6,6,0.018008482,0.15409769,0.011472996,0.015640264,0.038054846,0.016437894,0.5908932,0.15539464
matches of the cup of mexico are postponed because of a powerful earthquake,7,7,0.018883947,0.078180864,0.026888216,0.025427941,0.06020271,0.018566437,0.35180163,0.4200483
if anyone can hear us help cry lost in the trump maelstrom,7,0,0.8786202,0.008535327,0.009433993,0.02131533,0.026355576,0.008336656,0.026304783,0.021098118
ilustradora joanna mora obtiene premio mundial en los gourmand word cookbook awards,7,7,0.01898308,0.030348353,0.015867818,0.02601856,0.12621036,0.012827236,0.23418596,0.5355586
a country torn to bits puerto rico,1,1,0.028244626,0.47814313,0.015861316,0.016986832,0.029152263,0.027752958,0.19592966,0.20792924
a painting of the hurricane irma chainsaw nun this acrylic pain painting,7,7,0.017163463,0.14178145,0.008279601,0.019926356,0.06321013,0.015783828,0.3589779,0.3748772
winstonsalem native back in nc from st thomas after irma,7,0,0.46988413,0.028928531,0.017838387,0.032345872,0.03630248,0.014497749,0.1498091,0.25039375
please note that fiu is not a dropoff site for donations how to help irma,7,4,0.013836817,0.02410792,0.0121357255,0.029122623,0.6708526,0.016070096,0.10084774,0.13302645
a121 soldes a14oe sine mora ex nintendo switch a bonplan,7,7,0.017927574,0.03455737,0.015562943,0.024601998,0.07848675,0.01345766,0.24556945,0.5698362
vegasnewsnow hurricane harvey hits texas hard vegas,1,6,0.024544623,0.39343044,0.009522583,0.010057728,0.023578517,0.017347557,0.4425354,0.07898315
winds from hurricane irma peeled away this stop sign at horizons elementary,1,1,0.010913561,0.78036404,0.009506249,0.009217578,0.012296253,0.04279357,0.10108624,0.03382251
from cajun navy to houston midwives zello is goto app for harvey rescues,4,4,0.014161076,0.025735091,0.011238051,0.028241822,0.6357094,0.014754491,0.11497814,0.15518188
demand for just recovery battles shock doctrine in puerto rico,7,6,0.016705634,0.08403298,0.009014045,0.01810774,0.08308025,0.015875826,0.4017785,0.37140507
festival gives boost to puerto rico for hurricane maria relief wmc5 gtgt,6,4,0.014033596,0.024982948,0.015345727,0.02742049,0.72658193,0.016707204,0.079001345,0.09592677
congratulations to our new missnewmexicousa ashley moraa12 1,7,7,0.031027691,0.027027775,0.024270874,0.034681212,0.07738667,0.013610441,0.18733458,0.6046608
mariana velasquez mora proud alumni of rennes school of business a14z8a14y4 rsbgrad,7,7,0.057275776,0.028102454,0.017537178,0.029767277,0.06689526,0.011164305,0.20228489,0.58697283
what a great organization is providing free propaganda tshirts and hats to the victims of hurricane maria,4,4,0.017932065,0.02001922,0.012255648,0.027740983,0.6989974,0.0142886825,0.09014642,0.118619725
how the big tree got devastated and the small one untouched is beyond me luck of the draw or a tornado,1,1,0.008837013,0.7341388,0.011805679,0.008998357,0.0155302575,0.024216803,0.1462518,0.050221436
puerto ricoas coffee industry 6 weeks on,7,7,0.015960155,0.0491895,0.012692222,0.021514673,0.08398421,0.013291115,0.31230304,0.49106506
hurricaneharvey by the numbers according to houstonstrong wfaa more,7,6,0.016798325,0.1528528,0.01017527,0.014776987,0.04136359,0.014298635,0.5750506,0.17468381
high confidence that hurricane maria wont affect south carolina,6,6,0.015267366,0.3079137,0.0106724845,0.011763402,0.031076781,0.018124534,0.49421835,0.11096345
irans mullah regime imposes new measures to quell earthquake victims,0,4,0.046429038,0.024204869,0.0141712725,0.029838102,0.54336166,0.011092375,0.16117421,0.16972849
icymi earthquake aftershocks shake iraqiran border,6,1,0.014032646,0.66135865,0.011787243,0.008971167,0.015191989,0.018628472,0.22689842,0.04313147
when she says shes going to puerto rico with her friends,7,7,0.069854654,0.029259307,0.017180368,0.029897584,0.07936919,0.01235868,0.23957193,0.5225083
we just had a hurricane just hits florida big bad irma,6,6,0.017070092,0.41121513,0.010483197,0.010445158,0.021548565,0.021283243,0.42829272,0.079661764
survivors of mexico citys earthquake land in las vegas with stories of horror and heroics,6,0,0.9030196,0.009276075,0.013383682,0.014808277,0.014040157,0.009597117,0.020280413,0.015594657
hero alert please share a1414da12s8a motorcycle,7,7,0.022389324,0.023866758,0.012640539,0.03143437,0.16165113,0.013500449,0.22931811,0.5051993
view from bridge into orange from bridge city lots of neighborhoods still flooded out setxnews harvey,1,1,0.012033666,0.8357773,0.009988502,0.009039976,0.012092279,0.031376854,0.069231644,0.020459674
ppr volunteers jill amp kimberly at parc pet suites are caring for hurricane irma dogs that continue to arrivea,4,4,0.01480882,0.022194708,0.0129076615,0.030233294,0.720544,0.015223947,0.0754092,0.10867835
saw so much of this before during and after irma amazing people,7,7,0.023851601,0.036134187,0.014216476,0.024154654,0.11054792,0.012163847,0.29909554,0.47983584
56 magnitude undersea earthquake off chiapas mexico,6,6,0.013688151,0.19953986,0.015498767,0.017173707,0.037878267,0.016933257,0.50198627,0.19730167
puerto rico has incomparable beautiful beaches do you agree prstrong isladelencanto islabendita,7,7,0.017687667,0.088170394,0.013242322,0.020274075,0.061578132,0.013817536,0.26439798,0.52083194
irma nfl 0 to wish tysonpedro a happy birthday ufcpittsburgh ufc september 17 2017,7,7,0.025409844,0.024262179,0.021876706,0.028887816,0.09522526,0.011982876,0.20162953,0.5907257
damn nature you scary 8 irma,7,6,0.01823658,0.12490575,0.010370138,0.015465169,0.040157214,0.015428952,0.47160056,0.3038356
prayers for those who suffering the natural disaster in iran e7 and iraq e6 f earthquake,7,0,0.7374802,0.034444675,0.017077828,0.013511576,0.0291125,0.011499992,0.10621452,0.050658677
florida keys reopens for residents to assess damage after hurricane irma,1,1,0.013401121,0.7761084,0.008878753,0.011085166,0.032424826,0.029973565,0.1058877,0.02224042
aerial view of a damaged road caused by a landslide in barranquitas puerto rico fema,1,1,0.009536004,0.8341186,0.014048956,0.010156271,0.011658513,0.04617603,0.05523286,0.019072764
lularoe irma and leggings lularoe jamie bigley lularoe lularoeleggings llr lulaaddict howiroe,7,7,0.026099041,0.035675313,0.013562691,0.024298491,0.07737584,0.012689452,0.22945142,0.58084774
328 die as massive earthquake hit kermanshah province of iran along iraq border iran,2,2,0.008074227,0.008059948,0.9433761,0.009980119,0.006480656,0.010303007,0.005593112,0.0081327045
frank lopez on puerto rico toxic water amp fema candy,6,7,0.017124504,0.070247814,0.009059735,0.01794334,0.0592831,0.013614527,0.3539079,0.45881906
a week after irma puerto rico faces far worse from maria ai miami herald,6,1,0.04807445,0.46155235,0.011067757,0.0106505025,0.020447401,0.021550266,0.36223513,0.06442219
people seek tents for temporary housing and breathing mask after mexicoearthquake,0,4,0.08831952,0.020829422,0.008714606,0.03498408,0.65216315,0.013165334,0.09343813,0.08838569
hurricane harvey unites a 083117 video,6,6,0.022605779,0.12445196,0.006420323,0.01421296,0.057308394,0.014276273,0.54425555,0.21646874
sharapova puig to bring supplies to hurricanehit puerto rico,4,4,0.014418512,0.025217067,0.013543063,0.027664363,0.7329191,0.016553808,0.07871614,0.09096791
financiallystrapped puerto rico faces hurricane maria after 1 billion hit by irma,6,1,0.047209978,0.6923142,0.008215626,0.009106674,0.015452328,0.029742898,0.16923615,0.0287221
oped philadelphians provide ten helping hands for relief work in puerto rico,4,4,0.014574629,0.021131447,0.014909192,0.029360417,0.73986757,0.015463154,0.070127755,0.094565816
puerto rico sees scores of college students leave in hurricanes aftermath college,0,0,0.91025305,0.012052512,0.012832848,0.012694759,0.011436588,0.0110068275,0.018586496,0.011137029
a week after irma caribbean devastation is laid bare hurricaneirma environment,6,1,0.0118024,0.8305761,0.012072364,0.008713499,0.011118078,0.02357401,0.08139018,0.020753311
here are two ways to support mexicoearthquake survivors 1 prayformexico 2 donate,4,4,0.02122517,0.019717919,0.011773647,0.028354552,0.6828675,0.01191843,0.09392728,0.13021551
thehuffingtonposthurricane maria slams into puerto rico,7,1,0.012295733,0.43362683,0.0092072,0.011276207,0.022652252,0.030281276,0.37067056,0.109989904
the 2017 iraniraq earthquake from sentinel1 copenricus sentinel data esa snap,6,6,0.013152208,0.15658522,0.011191684,0.015574168,0.040207375,0.014494698,0.51229554,0.23649912
dog rescued from earthquake in mexico city xinhuaalamy,4,4,0.034186207,0.017526228,0.0139604965,0.091851406,0.6502998,0.019618047,0.06889283,0.10366502
mastercard lends support 2 flood relief efforts in srilanka,4,4,0.014551392,0.023244385,0.015939394,0.030085202,0.75094855,0.016935436,0.06630499,0.08199067
radar indicated tornado in nw osceola co over west lake toho moving west 35 mph take shelter if here or near by,6,6,0.018791841,0.16849488,0.010857535,0.01716294,0.034960855,0.016541481,0.5799926,0.15319791
new artwork for sale fort san juan puerto rico,7,7,0.017051253,0.073689766,0.014964625,0.028392542,0.12023747,0.014826672,0.23392646,0.49691123
san diegans helping california wildfire victims sandiego,4,4,0.018699996,0.022037907,0.012989707,0.027546871,0.74771285,0.014058858,0.072114535,0.084839165
harvey aid tax reform lead busy congressional todo list nbc news,7,4,0.012475377,0.051621284,0.01271513,0.025818307,0.38003185,0.016946686,0.2237043,0.27668703
hurricane harvey airline flies plane of abandoned animals out of texas to safety,4,4,0.053739745,0.017136905,0.009277959,0.08204281,0.5932438,0.029340414,0.09566971,0.119548745
five of 32 first coast bank of america branches open postirma,6,7,0.016417174,0.08541335,0.013859715,0.025857063,0.21940653,0.017006677,0.25377887,0.36826062
harveys unlikely hero meteorologist jeff linder fakenews propaganda,7,7,0.027559303,0.0328296,0.0140701225,0.02413931,0.06884122,0.011793844,0.2602807,0.56048596
another successful trip to puerto rico to deliver much needed medical amp other aid bstrongglobalbetter wedobetter,4,4,0.012662439,0.025246527,0.013375756,0.028525965,0.68590313,0.016550368,0.09120217,0.12653378
harveyas canada coupons chicken wrap amp drink for just 749,7,7,0.0274054,0.03517913,0.021714082,0.028325772,0.13073687,0.014817596,0.21658242,0.52523875
and arrived in puerto rico this morning to deliver life saving supplies wedobetter,4,4,0.014784714,0.02197209,0.013505345,0.029162187,0.7274622,0.015952347,0.0775051,0.09965602
help adlcrc make a difference in puerto rico,7,4,0.01452645,0.02557488,0.013007463,0.02985259,0.6712032,0.016238235,0.0976248,0.13197242
iraniraq border earthquake death toll tops 200 officials say,2,2,0.0076809446,0.007838953,0.9444854,0.009965527,0.0065948158,0.010435161,0.0053163185,0.0076826625
guys new article out nowa126a126a126link is in the bio a14 3a14 3a14da14ea14fa12yai a1412di a12s8 was harvey and irma really disasters foodforthought,6,7,0.016504794,0.04231634,0.012686809,0.021600157,0.07451075,0.014242291,0.32030675,0.4978321
pm of israel more why did israel offer medical aid to victims of the earthquake on the,4,4,0.01786504,0.019622616,0.012889334,0.029612035,0.6931327,0.013344946,0.09283472,0.12069854
harvey destroyed dairy treet im officially pissed2,1,1,0.01098985,0.79114586,0.0092506055,0.008810193,0.01588017,0.024520004,0.100943364,0.038459994
countdown to hurricane irma from orlando florida the lancescurv show,6,6,0.018438177,0.12190419,0.0082826745,0.014844975,0.04257229,0.014219971,0.5631203,0.21661748
breaking tornado warning for lantana rd south to boca raton besafe,6,6,0.017267449,0.15697716,0.010876567,0.015977442,0.038158473,0.015747018,0.5814824,0.16351344
media confirmations about wildfires in california predicted by clairvoyant dimitrinkaa,7,6,0.01615975,0.17139196,0.011329913,0.013879972,0.034593884,0.013892281,0.52634877,0.2124035
finally garnidelia speedstar mora hires,7,7,0.020624053,0.033879567,0.014042111,0.025397586,0.14029686,0.013539915,0.2315645,0.52065533
tree down in nw hillshurricaneharvey,1,1,0.009528815,0.82664084,0.014972257,0.008865754,0.012930596,0.028777963,0.07399728,0.024286514
starting on on discussing irma and clean up after harvey congress and the debt ceiling,7,6,0.012040384,0.082063824,0.010476567,0.018023575,0.1131217,0.015972616,0.38639694,0.36190444
houston one week on relief religion recovery in pictures,7,6,0.012741748,0.10727593,0.008539257,0.01831325,0.1624599,0.015783913,0.3914961,0.28338987
emergencymanager resigns in puertorico army ends its mission head,7,7,0.022620175,0.04118352,0.017674344,0.023823455,0.13854437,0.012507875,0.25636336,0.48728287
f1 force india driver sergio perez donated three million pesos to victims of the earthquake in his native mexico,7,4,0.015868193,0.020072253,0.013680413,0.030222956,0.7264444,0.014503754,0.073032066,0.10617593
shes a tornado with pretty eyes and an invincible heartbeat a,7,7,0.06708729,0.052647993,0.02094218,0.036221463,0.05802781,0.017148936,0.23230311,0.5156212
video shows flood waters from hurricane maria rush down street,6,1,0.012880846,0.8315572,0.009973653,0.008839952,0.012113032,0.037146583,0.06896062,0.018528117
linmanuel miranda is not throwing away his shot will reprise lead role in hamilton fora,7,7,0.025460303,0.029296916,0.01543329,0.026741615,0.08792481,0.013043546,0.22780927,0.5742903
hurricane irma a practically impossible storm,6,6,0.020536106,0.09346503,0.009023853,0.016470594,0.045827694,0.014397286,0.54863816,0.25164133
california couple hid in pool as deadly wildfires swallowed everything around themgtgt,0,0,0.8028207,0.074320726,0.01599949,0.019963,0.013495407,0.022061316,0.037572395,0.013767033
irma hits cotton in southeast especially in georgia,6,1,0.011607292,0.49950445,0.011822108,0.010966291,0.025645947,0.020926809,0.33129695,0.08823022
santa rosa pd nuns fire rapidly approaches oakmont residents must leave now,6,0,0.7506745,0.042842645,0.009617887,0.015369491,0.017344449,0.011111323,0.10257597,0.050463773
hurricane maria eye nears turks and caicos islands news world media,6,6,0.01741648,0.13633,0.009144748,0.015368294,0.04463783,0.0147770215,0.5766313,0.18569434
kempa mens tornado xl handball shoes white wei weimarinefluo grn 02 size 48 eu 13,7,7,0.025942734,0.0352845,0.01656567,0.024238724,0.08573331,0.01183079,0.22174025,0.578664
pets orphaned by hurricane harvey headed to san diego the san diego uniontribune,4,4,0.14563856,0.017681016,0.011280864,0.08639742,0.5626877,0.019191556,0.077511966,0.079610944
james harvey cameron sentenced to 11 years in jail,7,7,0.05052095,0.0340644,0.041365184,0.039256636,0.08163538,0.015899431,0.19856663,0.5386914
watching for some coastal storm surge but not as bad as matthew gusty amp tornado threat higher here,7,6,0.01696327,0.19705778,0.0115081845,0.014208116,0.034322035,0.016338352,0.57935315,0.13024917
crews to return today after helping with irma recovery in georgia vt,4,4,0.01630887,0.03025995,0.013429561,0.031265426,0.75840455,0.019139657,0.06676198,0.06443003
canadian cargo plane sent to texas to aid posthurricane harvey relief effort,4,4,0.014322938,0.020524284,0.014284426,0.031639975,0.7564761,0.01941885,0.06264649,0.080686934
raymond james supports its associates and communities impacted by hurricanes harvey and irmaa,4,4,0.02075083,0.029006114,0.010551307,0.025942631,0.6693024,0.01398281,0.117304176,0.113159776
covering the army corps of engineers efforts to save the gujataca dam in puerto rico,4,4,0.011383949,0.14919952,0.012257613,0.028552867,0.49628782,0.028282866,0.15659118,0.117444254
california fires how this picture of a cat sums up the horror of wildfires sweepinga usa,6,0,0.5683102,0.047094185,0.010368542,0.026974749,0.025490927,0.015290042,0.1747553,0.13171607
wait wasnt mexico city suffered from an earthquake last week just asking,7,1,0.023424856,0.4176715,0.013133583,0.010397206,0.02209088,0.02306865,0.36843574,0.12177757
jennifer lopez and alex rodriguez raise 26m for puerto rico relief efforts christian post,4,4,0.0140386615,0.01988705,0.015604506,0.031840082,0.7163344,0.016023235,0.07374339,0.11252869
follow me linmanuel miranda to return to a hamiltona role in puerto rico followforfollow,7,7,0.024375083,0.030775197,0.012179275,0.023284497,0.08926063,0.011893173,0.2591773,0.54905486
irmas devastating impact on caribbean islands nbc news,6,1,0.01664989,0.7265677,0.012376122,0.008327859,0.014672745,0.019716784,0.17136785,0.030320901
are irma and harvey godaos punishment for electing trump,7,7,0.024953661,0.05282951,0.015945317,0.019900506,0.064750925,0.012643124,0.31487775,0.4940993
modular expandable office unit is a clean and modern environment i irma,7,7,0.013542805,0.12350347,0.010392351,0.019366084,0.10576057,0.021184076,0.28776288,0.4184878
what will maria do after punishing puerto rico find out more in the latest tropical update,6,7,0.021680942,0.05641555,0.01038689,0.020950692,0.07081871,0.01255613,0.38757712,0.419614
magnitude 61 aftershock hits mexico as search for people and pets continues a a1a 2a,4,3,0.057404947,0.031927347,0.04998251,0.5041073,0.18871464,0.07044823,0.046705764,0.050709277
iraq strong earthquake hits iraqiran border area six killed in iran humanitarian newzealand auckland,2,2,0.007103891,0.008438606,0.94251484,0.010060564,0.006430507,0.010534597,0.006134476,0.008782682
my hubby is at today on the column of harvey schachter business influencers,7,7,0.022380026,0.03209545,0.014487065,0.022482114,0.076878406,0.012637138,0.27779353,0.54124635
the waters in irmas path are 88 degrees thats like a hot tub of fuel for a category 5 storm,6,6,0.014039365,0.3411508,0.010507549,0.012189343,0.029206818,0.017677996,0.43868247,0.1365457
my administrators are the best 7 goodbye irma we are back in business 0dbd8,6,7,0.020577293,0.03129971,0.014264941,0.023596268,0.11415618,0.011746123,0.25024232,0.53411716
moore church dedicates new sanctuary 14 years after being destroyed in tornado,6,1,0.014119024,0.4887414,0.018381111,0.024094302,0.20488751,0.034353387,0.13127114,0.08415209
words cant describe how grateful we are for the hard work amp generosity of those who responded to our plea for clea,4,4,0.01711409,0.022602856,0.011888579,0.030773666,0.63961834,0.013978558,0.10647293,0.15755096
while most were worried about storm surge from hurricaneirma many actually witnessed waters recedinga,6,1,0.023727138,0.5650733,0.009409189,0.009624976,0.015802514,0.020662332,0.29431203,0.06138854
modular homes match the quality and appearance of traditional stickbuilt houses irmaa,7,1,0.018729588,0.38995898,0.009824557,0.020841451,0.060709085,0.04625442,0.21614248,0.23753944
icymi mississippi natl guard helps with hurricane harvey response,4,4,0.014307897,0.026571404,0.012111381,0.026251454,0.7145838,0.016231796,0.08977042,0.10017178
dollar stabilises after selloff focus on north korea hurricane irma,7,6,0.013655565,0.079699315,0.013634198,0.020557707,0.06974288,0.016266763,0.44954705,0.33689648
time for me to visit saydrith mora home of the telvanni mages and their slaves,7,7,0.038125705,0.050201815,0.01532844,0.025051165,0.05273778,0.011672912,0.2581613,0.54872084
in puerto rico can you upgrade your taps to the ones that are in toronto more durable and strong,7,7,0.0142078465,0.091673516,0.01348888,0.020595282,0.09102064,0.017988382,0.26348287,0.4875426
heres a close up look at the forecast track of maria thru friday staying a major hurricane,6,6,0.018448867,0.13747337,0.01042657,0.016191203,0.040205408,0.015648352,0.5998535,0.16175275
labrador helping mexicoas earthquake efforts earns presidential thanks,7,4,0.013765566,0.02441867,0.013660421,0.028424153,0.71173906,0.016512787,0.08320916,0.10827012
high school football returns this week in broward after hurricane irma,7,7,0.02308093,0.06918504,0.013191269,0.018805401,0.06282268,0.013031488,0.38572776,0.41415545
california basically on fire internet 90s mc donalds saaauuuuuce,7,7,0.016487408,0.06992247,0.009923669,0.018825956,0.054641977,0.014896711,0.3309673,0.48433453
mora builds on its 126year heritage with a new drive in the uk outdoor industry news,7,7,0.017077897,0.051145855,0.012144762,0.023277894,0.13705738,0.014061362,0.2715059,0.47372892
feds team with texas to provide postharvey relief,4,4,0.015966974,0.027308794,0.01121494,0.026678318,0.70732147,0.016330138,0.09604777,0.0991316
north east india worst hit by cyclone mora,6,1,0.028484005,0.6999401,0.011809653,0.008639851,0.013731424,0.022942742,0.18349092,0.03096138
how east coast dudes look making fun of hurricane harvey while irma is coming for them,6,6,0.082519345,0.08206707,0.011214961,0.01584182,0.03476384,0.014445741,0.46357268,0.2955746
networks join forces for hurricane harvey telethon featuring george clooney beyonce others,4,4,0.018682005,0.028605565,0.0099062305,0.026015291,0.5491843,0.014050465,0.16754885,0.18600729
hes shaking peoples hands and then preparing food trump harvey houston,7,7,0.025022963,0.032037724,0.011423924,0.024199646,0.17169508,0.010694208,0.2564696,0.46845683
mexico earthquake prophecy fulfilled official video,7,6,0.016391369,0.087765604,0.011575416,0.01791174,0.05228963,0.015117104,0.45335907,0.34559008
puerto rican menas volleyball championship canceled due to hurricane maria,6,7,0.017309563,0.08450443,0.021472236,0.02383207,0.06551464,0.01767431,0.3541642,0.4155286
mexico revokes permits of schools that collapsed ina earthquake,6,1,0.0117916595,0.68202895,0.014256891,0.0110816285,0.029547052,0.037693776,0.13639845,0.077201754
viequeslove raises nearly 900000 in hurricane maria assistance,4,4,0.015359679,0.021795439,0.014897412,0.028599491,0.7377007,0.016371794,0.07350812,0.09176732
a ray of hope tesla brings solarpower to childrens hospital in puerto rico solar,4,4,0.014423728,0.03480621,0.009955244,0.02738167,0.660954,0.016269036,0.11052251,0.12568758
california wildfire by bachirbadaoui1 photography beautiful,7,7,0.01902612,0.13373879,0.010770871,0.016508821,0.04762902,0.013813917,0.36336428,0.39514816
new texas law amid harvey eases home insurer penalties on damage claims,1,1,0.016364122,0.38557652,0.008561309,0.012198225,0.05632839,0.031326126,0.35448936,0.13515589
red flag warnings today october 22 in california nebraska kansas and colorado wildfires,7,6,0.019135559,0.09703851,0.011621516,0.016334312,0.045555934,0.01391793,0.5607731,0.23562318
irma gonna getchya is all smiles in fairbanks ak get the entire weeks geek in review here,7,7,0.016024638,0.05416756,0.011531508,0.0197926,0.06768747,0.013756742,0.39581755,0.42122194
all wet resist harvey presidential,7,6,0.022612603,0.07570702,0.008086193,0.017573921,0.05585022,0.014561298,0.4144004,0.39120835
together we are stronger strongertogether hurricanemaria here is how you can help,4,4,0.020372992,0.027410146,0.010131655,0.02753707,0.54548055,0.014198206,0.16080967,0.19405985
beyonca and her mom eat at their favorite houston spot after serving meals to harveya,7,7,0.047756042,0.02194867,0.011468754,0.030535402,0.2738085,0.010543724,0.19148105,0.4124578
dtmag secshulkin provides an update on harvey recovery efforts,6,4,0.01673688,0.11483875,0.009704628,0.026266502,0.48501977,0.023077605,0.2152436,0.10911228
adventist review online adventist relief personnel mobilize to help earthquake victims,4,4,0.014584186,0.023589816,0.01433078,0.0277453,0.7437214,0.016313976,0.0730645,0.086649954
twitter erupts after iraniraq earthquake,7,7,0.019625569,0.095467225,0.016085427,0.018378476,0.04180507,0.014401537,0.35437006,0.4398666
cyclone mora hits bangladesh destroys refugee homes news dw 30052017,1,1,0.019385112,0.84637105,0.0156235695,0.00986204,0.01119356,0.035012633,0.049144574,0.013407547
what a great welcome back to work after hurricane irma by of course no notifications for the huge delay,6,6,0.019283406,0.11896725,0.011653502,0.015368956,0.047334075,0.015641866,0.45934454,0.31240636
president trump says he will travel to stormravaged puerto rico next tuesday,7,6,0.029175704,0.08804604,0.007839638,0.0178947,0.13505735,0.012296322,0.44023508,0.26945516
satellite images show harveys impact on texas towns,6,1,0.014913874,0.6987493,0.009193509,0.008522183,0.016463282,0.020529138,0.19794202,0.033686534
california fire crew gain control damage could reach a 3b,1,1,0.009593139,0.7501999,0.008758793,0.00982737,0.026303314,0.022790702,0.13983816,0.032688607
irma and harvey trump man nothing could save this ye,7,6,0.016499132,0.16220759,0.009469685,0.01523783,0.03593321,0.017092243,0.4769959,0.26656446
600 celebrities tweet your puberme for puerto rico relief lssc,4,4,0.01585418,0.027395396,0.011981269,0.027550265,0.55438435,0.014334089,0.13915575,0.20934463
irma nfl and its only halftime 1 gopats nevsno via twitter,7,7,0.02044784,0.036763437,0.019843139,0.023867758,0.068501145,0.013489239,0.2591621,0.55792534
mlb baseball melvin mora bobblehead baltimore orioles sga with box,7,7,0.022314671,0.029671067,0.015069929,0.026201967,0.08959446,0.014448462,0.23016855,0.57253087
mexico earthquake forces postponement of clasico nacional a soccer,7,7,0.015947321,0.059795596,0.019298598,0.023672098,0.07559703,0.01612972,0.3398755,0.44968405
breaking red cross to relaunch harvey assistance site on sept 21,7,4,0.015469556,0.03213408,0.0109562045,0.02652618,0.6631887,0.015685111,0.11858578,0.117454454
no power from irma but this raised our spirits from lgm seeyounextspring,6,1,0.01389091,0.6749872,0.012290899,0.0101164775,0.017089907,0.021852072,0.18887071,0.060901783
wildfires continue to burn across california oregon and utah,6,1,0.016533509,0.64159703,0.013932679,0.008924831,0.017109808,0.017095316,0.22913718,0.055669665
tornado damage canton fruitvale tx 43017 drone 000157,1,1,0.009764438,0.82254857,0.012337186,0.009571509,0.013561855,0.026078053,0.07578427,0.030354131
sensational alex harvey band livepenthouse tapes a699 arrived in stock see,7,7,0.020349812,0.032362353,0.013373868,0.024620598,0.0926468,0.012559615,0.25267443,0.5514125
puerto rico will rise again,7,7,0.02286367,0.07641455,0.01132258,0.018424036,0.06263889,0.013637585,0.30619183,0.48850682
reporting from houston on hurricaneharvey great job and please be safe,6,6,0.036277384,0.044159457,0.009671418,0.018950151,0.10733755,0.011518875,0.3973043,0.37478092
read more on how delivering good is helping harvey victims,4,4,0.016709495,0.024185883,0.011967144,0.027435968,0.7076815,0.014666739,0.091188625,0.1061647
10 benefit shows you can attend to stand with victims of the mexico earthquake,4,4,0.03031568,0.019208614,0.014320073,0.027446505,0.6476597,0.011208424,0.11385289,0.13598807
they are taking away early release days because of irma,7,6,0.018507084,0.069805145,0.0139605235,0.019149005,0.08400037,0.014795197,0.39394596,0.38583675
we cant forget the victims of harvey amp irma their path was destructive staystrong,0,0,0.6701969,0.047540598,0.06335893,0.015716992,0.023873217,0.014021494,0.10980201,0.05548989
here are key messages for hurricane irma from flwx flkeys keywest,6,6,0.018956544,0.091678426,0.009233816,0.016162781,0.050288375,0.015119083,0.58683294,0.21172799
on hurricane irma aftermath news duty today for miami herald,6,6,0.022475794,0.0769302,0.0077090273,0.016383065,0.11235269,0.013190686,0.4994628,0.2514957
were all feeling puerto ricos pain tweets and social posts from disasters change how we help breaking,6,0,0.7482993,0.013102498,0.0100037195,0.019131402,0.06967643,0.008674184,0.06866032,0.062452186
deadly hurricane irma leaves hundreds of thousands without power in puerto rico,1,1,0.09517121,0.62118655,0.1031566,0.022380125,0.014556262,0.09281119,0.03942397,0.011314142
gary ferman column team needs to regain edge after hurricane irma,4,6,0.022210632,0.0544035,0.0076673795,0.020751707,0.1352931,0.013611181,0.40224907,0.34381345
the navy has been gearing up to help respond to hurricane irma,4,4,0.014720367,0.03024662,0.011734471,0.026824659,0.6918976,0.016956337,0.10645693,0.101163015
photo of cop carrying woman baby through harvey floodwaters goes viral,4,0,0.37840095,0.022572355,0.02711788,0.2502045,0.17599738,0.045534737,0.049336396,0.050835762
1 week after irma and walmart still cleared out,6,1,0.010377617,0.7218689,0.013184522,0.011645052,0.025502065,0.028661279,0.13002601,0.058734596
sunearthquake model matches m81 in mexico,6,6,0.01695619,0.06374334,0.011324498,0.018461997,0.058574654,0.013759972,0.42153957,0.39563975
aect president amp ceo julia rathgeber discussing hurricane harvey response with legislative staff txlege,6,6,0.019151136,0.07060314,0.008276679,0.018244006,0.17227343,0.013360507,0.38547584,0.31261525
california wildfires wow what a crazy month in the states,7,6,0.0171404,0.1913025,0.014433839,0.013924063,0.031220362,0.015451497,0.50641894,0.21010843
man who killed ex before harvey knew exactly what he was doing,7,2,0.014194993,0.013008491,0.8470957,0.02412418,0.017665664,0.013699806,0.023392273,0.046818893
help us support puerto rico 1116 you can win a shoveit snow sleeve among other cool prizes maria,7,4,0.016542258,0.02546847,0.0125318365,0.028334608,0.51297516,0.013888389,0.139569,0.2506903
puerto rico part ii national grid and tesla team up to solve nantucket islands energy woes,7,4,0.015843723,0.09044019,0.008415024,0.022781093,0.38096642,0.018744286,0.2573534,0.2054558
mexico city earthquake cristiano ronaldo and top clubs lead tributes to victims of disaster,7,4,0.034785043,0.019921804,0.023824621,0.03271395,0.48344657,0.012488174,0.14175752,0.25106236
mora companion get the point,7,7,0.023858402,0.0449407,0.015230215,0.022929244,0.07311593,0.013863566,0.2585715,0.5474904
does the us honestly expect puerto rico to reimburse them for whitefishas outrageous rates,7,7,0.018593028,0.03925087,0.010703614,0.02411553,0.24747595,0.013328506,0.2245826,0.4219499
one restaurant donated 3000 falafel sandwiches to the earthquake victims kermanshah iran,4,4,0.015270442,0.020619934,0.0152424555,0.030044949,0.75268173,0.015669515,0.06272197,0.087748975
a12c yasss its time for livemes show magaaa a1439a340a1439moraa12b,7,7,0.01780377,0.036333658,0.01479292,0.023996634,0.08706913,0.013007505,0.2377846,0.5692118
caughtoncamera amp write new song for hurricane harvey relief,7,4,0.015971081,0.027218884,0.010433522,0.026489338,0.56143063,0.014842249,0.1439348,0.19967948
kim kardashian showcases sexy looks in vogue mexico cover shoot and makes a plea to help earthquake victims,7,4,0.02185034,0.020782802,0.0139711695,0.031167481,0.5339059,0.011721916,0.13669468,0.22990571
a horrific time in puerto rico and the caribbean generally,7,7,0.0436135,0.07573002,0.015817463,0.017692424,0.04808516,0.012119325,0.3930898,0.3938523
underweight and overweight mainly overweight v high in central america data from alberto mora,7,7,0.09500674,0.04735972,0.015348493,0.027833551,0.054957416,0.012800991,0.32293057,0.42376247
did i use the wrong hashtag ayto jeugdzorg bergen2017 hurricane maria paulo freire,7,7,0.015477151,0.06305657,0.011609378,0.018364958,0.06245454,0.014485571,0.36014172,0.45441008
dozens of employees members lose home in california wildfires,1,0,0.7470262,0.085334204,0.039754137,0.025264459,0.01362417,0.043623887,0.033309277,0.012063763
arescuers save dog trapped under rubble after mexicoas earthquakea a121a14y2a14yd,4,4,0.032947917,0.023081927,0.019155148,0.12898383,0.63227373,0.027913617,0.056657765,0.078986146
lebron and the cavs may be sounding like jim mora soon i just hope we can win a game nbafinals2017,7,7,0.022465628,0.03529015,0.015891412,0.024753356,0.061347287,0.013497212,0.2413618,0.5853932
harvey katia irma jose our planet is screaming for help 2e,6,0,0.41724005,0.04461053,0.0062898495,0.043081302,0.18257646,0.015381677,0.1851541,0.10566606
aphrodite born on the waves antonio mora photography,7,7,0.053987578,0.030278835,0.017965015,0.03625247,0.059419554,0.012381774,0.21408683,0.575628
because the mississippi delta was my home for 10 days while outrunning hurricane irma,7,1,0.020528901,0.60945046,0.007820074,0.010022996,0.01734211,0.021124892,0.24726002,0.06645043
chickfila manager organizes jet ski rescue for harvey victims,4,4,0.016150646,0.02163894,0.014189842,0.029846594,0.7594666,0.015425629,0.06424547,0.07903624
puerto rico was dope last nightstorm,7,7,0.017409626,0.057285026,0.01412736,0.020812474,0.0659937,0.014135173,0.29779035,0.5124463
hurricane irma might not have gotten us but we got a whole new storm thats about to destroy us,6,6,0.018464088,0.33025214,0.009356221,0.011575029,0.024249759,0.020249002,0.48410782,0.10174588
florida man dies in police custody after violating irma curfew,7,2,0.007519763,0.007839818,0.9414867,0.01167774,0.0066470527,0.010564282,0.0055856616,0.008679012
hurricane irma gov deal expands state of emergency to all georgia,4,6,0.017470265,0.07908421,0.013369263,0.01893058,0.1319588,0.014661044,0.4654576,0.25906816
quick someone find mike ross harvey needs the talk help him mike quickly darvey,7,3,0.10432955,0.025350342,0.038433928,0.40512678,0.14766385,0.045799106,0.07963752,0.15365893
irma nfl frank gore is in for the colts touchdown colts azvsind via twittera,7,7,0.023575839,0.031034604,0.02020684,0.027313238,0.08348741,0.012676144,0.24015597,0.56154996
what i learned from hurricaneirma or rather what i didnt know before it tuesdaythoughts,7,7,0.021312857,0.043358684,0.014716148,0.021359285,0.06705773,0.014988787,0.3605169,0.45668972
last of the irma rations until next time,7,7,0.021077411,0.045779582,0.010858661,0.021489458,0.08989526,0.011728237,0.33673644,0.462435
their fault for not whipping out their own hurricane and kicking marias ass s puertorico lasvegas,6,7,0.018983638,0.05957534,0.011121767,0.017746909,0.08097227,0.013904224,0.3420041,0.4556918
small tornadoes unfortunately are part of tropical systems currently six tornado warnings are in effect in fl,6,6,0.020480275,0.10837443,0.012233085,0.016046735,0.041602917,0.015473841,0.5921632,0.19362545
this man cares nothing about puerto rico,7,7,0.030144976,0.04536947,0.01978455,0.026761314,0.06333486,0.013307016,0.2353053,0.56599253
mora impact port city sees heavy rain waterlogging tisnews click link,1,1,0.010366213,0.81332487,0.010521933,0.008386278,0.012564764,0.022758033,0.097455144,0.024622712
most mexico city museums have reopened,7,7,0.019641532,0.1322586,0.01515809,0.022285404,0.10107977,0.0141741065,0.28527033,0.41013217
sentedcruz sbasouthcentral individual sba disaster loan assist now available harvey portaransas 8006,4,4,0.013664878,0.028822388,0.010844901,0.027749866,0.6052828,0.016440075,0.12559749,0.17159766
hurricane irma would stretch from san francisco to los angeles 3,6,6,0.017839517,0.21203123,0.009135577,0.01300322,0.037530404,0.015795395,0.5624644,0.13220021
maria is now a category 2 hurricane as it approaches the leeward islands track has it taking a more northerly roua,6,6,0.020472527,0.097152665,0.011862353,0.018542044,0.051075734,0.014991436,0.59003365,0.1958696
watch cnn ignore hurricaneharvey to keep complaining about trump,7,7,0.017808389,0.06527396,0.011525428,0.017021632,0.05608441,0.01435155,0.3800749,0.43785974
treasure coast family recounts vacation in the caribbean during irma,6,0,0.8785354,0.013251832,0.008645359,0.015062152,0.017556205,0.009441606,0.03429729,0.023210295
impressive thermal image of hurricanea maria,6,1,0.011863163,0.39775008,0.0081397155,0.013662369,0.032119755,0.018144922,0.38453323,0.1337868
nana tornado at afia schwaras house celebrating her yawa of week lol animguaasea wakekeeping,7,7,0.07703203,0.045901522,0.009583411,0.02724608,0.06263771,0.011580231,0.26259235,0.5034266
hey your bio is redundant puerto ricous youare welcome,7,7,0.02882532,0.03233706,0.014688882,0.024075598,0.06723159,0.012837561,0.23212881,0.5878752
my fuji gotten to lean on everything in puerto rico lvpr16 lamblas,7,7,0.020777382,0.033710696,0.012373042,0.024404649,0.09674097,0.012723921,0.26033452,0.5389348
happy birthday to carlos moras biological son and brother chris gonzalez,7,7,0.039728038,0.031184714,0.028417243,0.036085326,0.064207934,0.012855053,0.18020944,0.60731226
military mission to help puerto rico contact me for details you are not alone,4,4,0.01626759,0.020778624,0.013262493,0.029411528,0.69025636,0.014774613,0.09078303,0.12446585
rutgers chabad helping puertoa rico,4,4,0.014144768,0.028080974,0.011912737,0.026202217,0.6735596,0.015684685,0.101142496,0.1292726
dropoff centers throughout valley collecting items for puerto rico,4,4,0.015749853,0.024078311,0.012833964,0.03130701,0.75595605,0.01885109,0.06366277,0.077560894
a huge crane just collapsed on top of building in down town miami irma,1,1,0.011461515,0.7520521,0.024409253,0.014440804,0.014009584,0.113157675,0.047669996,0.022799054
stormtech ii hurricane maria edition,7,6,0.017439473,0.08662078,0.009264365,0.015758384,0.05607137,0.013704398,0.4924241,0.30871707
hurricane irma dislocated worker program,6,1,0.014849399,0.7141662,0.010369075,0.0093436465,0.017527686,0.026975917,0.16214272,0.044625323
i just liked this song the wind by pj harvey musicmedicine playlist,7,7,0.019471364,0.034163438,0.015171258,0.023566073,0.0834283,0.012995738,0.24726194,0.56394196
crews fanned out across dekalb county today to assess damage to homes businesses left by irma has thea,1,1,0.009455743,0.8196062,0.011735535,0.01131303,0.02328031,0.04662747,0.060771506,0.017210195
irma update free roof help available,4,4,0.013601548,0.10342376,0.008738094,0.02321638,0.49336347,0.02398302,0.19836168,0.13531199
there is a lot of good info in here hurricaneirma irma scwx,6,6,0.014149597,0.08229325,0.010706559,0.017670566,0.060585562,0.015616224,0.51340735,0.28557092
watch 2 men film their narrow escape from raging california wildfire heatwave wildfires,7,0,0.9062689,0.011164426,0.011696007,0.015860269,0.012933637,0.010527952,0.018870125,0.01267861
minn women caught in california wildfires are home safe looking to help,0,0,0.68078965,0.009749969,0.012700727,0.04405934,0.1366113,0.010180092,0.05400009,0.051908776
selena gomez tears up talking about hurricane harvey victims via instyle celebrity entertainment lifestyle,6,0,0.5611802,0.015171655,0.0115606785,0.029456925,0.17191541,0.009997203,0.11053136,0.09018658
this is what hurricane harvey will mean for trucking,6,6,0.028905446,0.19879985,0.007212175,0.01339065,0.03918543,0.02099256,0.5537448,0.13776918
on this day in 1991 a fire swept through oakland california burning thousands of homes tbt ccltbt,1,1,0.012354022,0.8399938,0.019978551,0.009017638,0.010531733,0.03560842,0.05512732,0.01738843
how the california wildfires will ravage the weed economy,6,6,0.025520444,0.36054143,0.015548527,0.01184397,0.02652559,0.017491277,0.37537766,0.167151
puerto rico got leveled by hurricane maria and all i got was this lousy tshirt from cnn,7,6,0.020290801,0.34600535,0.009842644,0.012101912,0.022194978,0.02112118,0.39695594,0.17148718
usatoday raw over 400 known dead in iran earthquake,2,2,0.0070812716,0.007964441,0.9441863,0.010260345,0.0066082054,0.01075339,0.005417072,0.007729047
couldnt be happier to help those who were impacted by hurricane harvey 7,4,4,0.033001963,0.020282423,0.01146008,0.026893938,0.7068685,0.01242136,0.08896554,0.10010616
ucla head coach jim mora and db coach demetrice martin watching at the bruin elite camp,7,7,0.03127212,0.030169448,0.012274167,0.024904244,0.099416204,0.011350888,0.25589824,0.53471464
and i wouldnt drink from this if it were the only water on puerto rico staples,7,7,0.024451701,0.052335646,0.022346038,0.026821755,0.0685421,0.014588647,0.22022276,0.5706914
from hurricane watches will likely be issued for parts of fl today irma,6,6,0.019491127,0.117736705,0.011852642,0.016779084,0.04935438,0.014577448,0.6064945,0.16371417
hurricane maria downgraded to a category 2 storm here is the 5 pm advisory,6,6,0.020443322,0.093358986,0.013264755,0.018615182,0.05756138,0.015084062,0.586077,0.19559528
puerto ricos massive blackout underscores islands fragile electrical system,6,1,0.010666813,0.82469755,0.014465356,0.008271108,0.0110682035,0.027858784,0.07871559,0.024256665
interesting day volunteering for the red cross houstonstrong harvey logistics irmahurricane a121a121a121a121,4,4,0.015375711,0.028270526,0.010733347,0.026266612,0.6142697,0.014183673,0.12406753,0.16683291
3 jawdropping videos from the california wildfires,6,6,0.050634988,0.117450304,0.010483062,0.017219236,0.050649762,0.013620751,0.48899955,0.25094232
california woman stole from fire evacuees in santaa rosa,7,4,0.19274044,0.018477226,0.010072152,0.068736695,0.5038106,0.018508524,0.08447581,0.103178605
irs disaster relief info for hurricane maria available,6,4,0.018751564,0.045976873,0.0111642135,0.024014875,0.5477474,0.017319424,0.1949333,0.14009245
pay con mora 3,7,7,0.02150443,0.038370743,0.017293263,0.024198731,0.06996942,0.013689004,0.24612674,0.56884766
earthquake swarming continues near yellowstone popocatapetl volcano erupts in mexico,6,6,0.0125421025,0.3502318,0.012605584,0.012418932,0.025359113,0.01599696,0.42611113,0.14473441
nancy pelosi demands probe into montana firmas a highly suspecta contract to repaira,7,7,0.016387496,0.044800833,0.011769302,0.023658687,0.09156641,0.0122081395,0.26197487,0.53763425
news lata reassures visitors to mexico following huge earthquake,6,0,0.43652177,0.03135704,0.010830452,0.025551746,0.07829857,0.010933993,0.2540628,0.15244368
when i say sko you say mora sko,7,7,0.030725602,0.041371357,0.02024795,0.027110279,0.062143844,0.014246527,0.23807791,0.5660766
thehill fema chief harvey should be a wake up call to states to fully fund emergency management a,6,6,0.014737116,0.088354364,0.009341318,0.018025195,0.18504621,0.01447788,0.41032806,0.25968987
puerto rico is still in emergency mode hope of improvement is fading,1,6,0.013786141,0.13224189,0.008120876,0.017291151,0.08236276,0.01543173,0.4410301,0.28973532
diehard cyclist rides bike through hurricane irma,6,0,0.8200531,0.016061533,0.011043689,0.016066374,0.025291393,0.010076648,0.057674453,0.0437327
money irma business bull market loses this particular wind at its back via gadfly ai ba,7,6,0.013646816,0.08173652,0.0123008415,0.018227503,0.05012151,0.01620447,0.4471511,0.36061135
marcus luttrell texas residents helping world war ii vet rebuild home hit by harvey for 100th birthday,1,4,0.024176173,0.04447251,0.010965246,0.029845083,0.746885,0.020456105,0.06563319,0.057566807
did i fail in helping a harvey evacuee hcldr pinksocks a122,7,4,0.016769461,0.022877447,0.011175752,0.029059164,0.66064876,0.013701531,0.09979551,0.14597234
byeharvey i do feel for anyone named harvey right now though,7,7,0.26781675,0.032945804,0.017753566,0.025646884,0.04588503,0.013024293,0.24049042,0.35643724
apuerto ricos posthurricane recovery efforts have been largely a grassroots impulsea,6,4,0.013086729,0.07464615,0.011941317,0.029561887,0.60257655,0.020921359,0.13389069,0.11337532
centralfinance provided medicine for the flood affected communities floodsl,4,4,0.017836224,0.027162286,0.012184032,0.025694195,0.7399567,0.015729947,0.07808191,0.0833547
firefighters gain ground on california wildfires theresistance will maga follow,4,4,0.021366384,0.026706254,0.010669166,0.027522013,0.6002454,0.013402104,0.13929433,0.16079436
rescue workers continue to search through rubble following earthquake in iran and iraq,4,4,0.024000622,0.050057698,0.0145286275,0.073530786,0.69481564,0.03316172,0.06093937,0.048965506
a modular home is not a mobile home it is simply a home that is built offsite as opposed to onsite irmaa,7,7,0.016516665,0.2574921,0.011568192,0.024968037,0.06955861,0.0431122,0.23698267,0.33980152
just liked sangre gitana y mora by lole y manuel,7,7,0.020960499,0.03551967,0.014498453,0.023802143,0.07408825,0.01264337,0.23822057,0.580267
world leaders offer condolences to iran and earthquake survivors,6,4,0.10604021,0.02083867,0.016412962,0.037235755,0.3901688,0.010775073,0.19292481,0.22560368
blackedout puerto rico makes a longshot pitch for amazons hq2,7,7,0.022550656,0.027128266,0.012000533,0.026235301,0.11133742,0.012045428,0.24045749,0.54824495
a12c yasss its time for a great show a12bgabmaleno a12bhelping harvey amp i,7,7,0.017922617,0.030968407,0.013903502,0.024793984,0.112187,0.012760074,0.24586363,0.54160076
while he insults them from a golf resort his second golf vacation since hurricane maria hit,7,7,0.02630512,0.06029837,0.018714678,0.020648973,0.048630044,0.014621107,0.30119345,0.5095883
steve harveys 6th grade teacher doubted him and he didnt forget it,7,7,0.038515378,0.03449576,0.018703952,0.028587403,0.055030018,0.013408537,0.22091492,0.590344
this is why its so difficult to get supplies across puerto rico all major highways are blocked by utility poles,1,1,0.01054579,0.627525,0.011818793,0.014129252,0.06620347,0.053937342,0.1527304,0.0631098
get your irma relief blowjob tshirt to help us rebuild in the spirit of george carlin at,4,4,0.013930446,0.028433478,0.012093219,0.026138406,0.6338074,0.015134465,0.116209485,0.1542531
wildfires in californiaas winelands economy finnacial,6,6,0.014042421,0.17454049,0.0116860345,0.014707022,0.040590413,0.015676767,0.46715516,0.26160175
all clear issued for the turksandcaicos islands by hurricane maria recovery underway cometogether a14y9a14z8,6,6,0.0134370625,0.2914479,0.0073315785,0.013455689,0.054627035,0.017568704,0.47972387,0.12240816
whats happening harvey damage testing texas infrastructure,1,1,0.010822936,0.8288288,0.011819068,0.0086956695,0.012930822,0.03271054,0.07094766,0.023244595
a why morataas move to manchester united is not done yetaa agent,7,7,0.019677803,0.037752673,0.014215526,0.028200278,0.08033303,0.014226125,0.22342351,0.582171
the mets 6179 nimmo goes deep twice as harvey beats the reds 6180 72 this evening at citi field,7,7,0.025177171,0.037338525,0.019560529,0.02512257,0.07911991,0.013506212,0.24549101,0.5546841
just in readout of briefing on hurricanes harvey and irma,6,6,0.014229063,0.12935841,0.008959855,0.014499469,0.05027333,0.015719034,0.56263727,0.20432362
news boris johnson calls for greater cooperation in wake of hurricane irma,6,6,0.01672853,0.051993992,0.011278019,0.023300093,0.24529059,0.014013871,0.35066617,0.2867287
hurricane harveys impact on the us oil industry,1,1,0.016561862,0.45626226,0.010348045,0.010876502,0.025112523,0.019177388,0.3740031,0.08765831
lessons from hurricane irma we need to embrace science and address outdated infrastructure irma study science,6,1,0.012458535,0.42206392,0.006781141,0.011358812,0.037686117,0.021619234,0.35998088,0.12805142
our furry friend safely returned home after boarding with us during hurricane irma chestercounty vetlife,6,0,0.27024022,0.018637778,0.011096304,0.13183002,0.26011232,0.022709385,0.12759626,0.15777782
flood damage 8 problems to watch out for harvey propertydamage,1,1,0.008738253,0.74270904,0.009191199,0.009326725,0.016580507,0.028805178,0.1423464,0.04230273
lpd officers return from harvey disaster relief,4,4,0.017508205,0.02506751,0.0110265445,0.028271832,0.73271906,0.016845945,0.08192488,0.0866361
storm clouds near the area under a tornado warning in st lucie county,6,6,0.018988369,0.15188313,0.009574508,0.015101968,0.04090376,0.014601144,0.5844698,0.16447732
hurricane maria crushed puerto rico farms this activist wants to grow resilience through,1,1,0.015927136,0.7686625,0.0068756673,0.008360148,0.019106263,0.023007808,0.12816752,0.029892964
texasstrong harvey aid debt on todo list as congress gets back to work houstonproud,4,4,0.012019116,0.04600891,0.012808576,0.026445022,0.5055367,0.017215587,0.17210363,0.20786256
amazing dogs help rescuers in mexico earthquake,4,4,0.016578998,0.019987825,0.014461052,0.032018296,0.7481784,0.015512673,0.06565148,0.08761121
abbreviated pundit roundup puerto rico is still there,7,7,0.018401293,0.037390947,0.012104814,0.02215528,0.078213945,0.013116617,0.29268736,0.52592975
icymi asks for 2nd collection for irma needs in us parishes this weekend,6,4,0.014146572,0.030794337,0.011667957,0.027799858,0.68511415,0.016165538,0.101810135,0.11250146
dear harvey specter wake the hell up now seriouslynow darvey suits,7,7,0.020774884,0.047832146,0.012282079,0.021570357,0.06688383,0.012356816,0.2865432,0.53175664
from space hurricane irma looks like a superstorm from another planet,6,6,0.015294374,0.14847349,0.009813761,0.0154726,0.04246247,0.016197326,0.54321605,0.20906997
made it clear that there isnt a policy dictating leave from natural disaster like irma,6,6,0.020193787,0.067495435,0.011732392,0.017626975,0.0774181,0.014625767,0.44170165,0.3492059
the latest irma news usa headline 0 by,6,6,0.018225376,0.051432446,0.014182266,0.019705249,0.07071739,0.0133210905,0.41275033,0.39966583
lee harvey leyton orient lofc great player,7,7,0.025477033,0.03534921,0.017017746,0.025601942,0.06832239,0.013048352,0.21888675,0.59629655
im done being politically correct,7,7,0.044781905,0.05357487,0.023315264,0.024833085,0.06082961,0.015536051,0.24490468,0.5322245
scotx issues emerg order suspending dismissal deadline in cps cases where judge finds harvey precluded compliance,7,7,0.020783544,0.053615727,0.016413903,0.024832614,0.09506491,0.014722802,0.32428527,0.4502813
smoke smolders from a wildfireravaged home in sonoma california marcio jose sanchezap photo,1,1,0.012195344,0.75621694,0.013353357,0.012501705,0.017595667,0.024882302,0.10389682,0.059357844
cleanup begins in puerto rico where landfills are already filled to capacity,7,1,0.017938167,0.43394494,0.012720756,0.028134001,0.26027754,0.04682391,0.12856103,0.07159966
51617 mclean tx to elk city ok tornadohail,6,6,0.013174797,0.21072394,0.007991608,0.015041443,0.038376205,0.016919045,0.45304117,0.24473175
iraniraq earthquake 450 dead 7000 injured as iranian rescue missions wind down,2,2,0.0070462497,0.0073729185,0.9403511,0.010942908,0.009842631,0.010596958,0.0057281917,0.008119044
israelis report feeling iran earthquake no local injuries or damage,6,1,0.011568626,0.77905846,0.056813076,0.014170311,0.011849278,0.05648562,0.054669283,0.015385153
navy delivers supplies to mexico hours after deadly earthquake,4,4,0.01883885,0.021243133,0.014900878,0.030193953,0.7608841,0.015855093,0.0645491,0.073534936
florida irma evacuee wins 10k in nc lottery,7,4,0.14481293,0.015054351,0.013039331,0.05286182,0.5645996,0.01276155,0.082512796,0.114357695
power lines and electrical equipment are a leading cause of california wildfires,6,1,0.013380105,0.7463934,0.022053795,0.010592844,0.015762132,0.044968504,0.10533078,0.04151842
clouds from tropical storm maria lucky its not coming any closer 9,6,6,0.017116014,0.17124075,0.0089966,0.013939232,0.037255775,0.015960606,0.5608967,0.17459431
hosa members collecting blood for hurricane harvey and irma victims,4,4,0.021865468,0.020360965,0.014388231,0.031529967,0.7626666,0.014488603,0.06179921,0.07290095
tropical storm harvey set to hit us motorists at the pumpa a financial times tropicala via,6,0,0.51888764,0.16377619,0.013010583,0.017174944,0.019022333,0.06283818,0.16020572,0.0450845
these women dressed up and were among dozens of volunteers running kids activities in a park mexicoearthquake,7,4,0.024130976,0.019709587,0.012208935,0.02995889,0.68185097,0.012602959,0.08859986,0.1309378
my ideal holiday sunny floridafortunately this area suffered very little damage from irma,7,1,0.01016063,0.80678743,0.009574421,0.0084609315,0.013862196,0.028786913,0.09598653,0.02638099
remarks by vice president mike pence after briefing on california wildfires,6,7,0.017796086,0.060167354,0.012898122,0.019224716,0.07765157,0.012924053,0.3649498,0.4343883
devastating earthquake in iran has civilians begging for help ciaravinoecon,0,0,0.8773347,0.0094786985,0.011609878,0.01763121,0.034060575,0.008030915,0.024661312,0.01719282
scdoc director bryan sterling says will recruit corrections officers in puerto rico,7,4,0.01724959,0.027382037,0.011175384,0.029386865,0.523557,0.01461822,0.15878129,0.21784967
sat fam 20 homes cleared amp 60k meals prepd 4 harvey affected ppl texasstrong jesusstrong,4,4,0.016780125,0.06596857,0.013951988,0.02891263,0.6870875,0.026699275,0.085773095,0.07482681
clive smith no sympathy for those tax exiles hit by hurricane irmaa columnistsa,6,0,0.3871527,0.049901158,0.019043129,0.018419664,0.04540885,0.013865065,0.24981256,0.216397
rihanna educates donaldtrump on the puertorico hurricanemaria crisis,7,7,0.029117541,0.03439919,0.008899958,0.023581203,0.13246246,0.011317866,0.29985356,0.46036822
watch houston caught in crosshairs of harvey read more abc rain storm,7,6,0.022833481,0.34497246,0.007671307,0.011609688,0.024303466,0.021635637,0.4715562,0.09541781
its so sad to hear about the families in iran iraq has lost so many people doing a earthquake f,2,0,0.8281661,0.02309573,0.051219013,0.020380681,0.011514099,0.015407935,0.032220922,0.017995475
tornado watch now in effect through noon sunday,6,6,0.019609673,0.10898218,0.013352845,0.017527172,0.05044634,0.014633884,0.5835887,0.19185922
yes tasted new tequila but this is more important theyre taking hurricaneharvey,7,7,0.017344944,0.046274107,0.012064823,0.020921487,0.077245325,0.012838406,0.30499634,0.5083146
bumper to bumper traffic in to beaumontnormally not backed up here in lumberton harvey,7,1,0.025814425,0.38460684,0.021134552,0.023212241,0.028970944,0.17164269,0.22312008,0.12149827
hurricane maria live updates catastrophic flooding in puerto rico,1,1,0.012022263,0.7859544,0.010117598,0.008324748,0.0141579565,0.022143094,0.12199922,0.025280595
st augustine bed amp breakfast picking up the pieces after hurricane irma,7,4,0.014446942,0.22231416,0.0097695235,0.024877025,0.26699817,0.025285441,0.22672507,0.20958373
tx gop delegation on harvey relief,6,6,0.016887132,0.07430873,0.008889484,0.02135097,0.28333965,0.015784612,0.30578238,0.27365708
firefighters gain edge in battle with deadly california blazes usnews usrc,4,4,0.02416257,0.02385346,0.012370641,0.027726155,0.6972403,0.013680442,0.09911967,0.10184684
hurricane harvey update from klein isd superintendent bret champion,6,6,0.026238412,0.102783345,0.0065842904,0.014849564,0.06459723,0.013482414,0.53700787,0.2344569
amazing photo of neighborhood postwildfire from,1,1,0.014483997,0.66043556,0.008746007,0.010678287,0.018803999,0.021875318,0.1885785,0.07639836
looking into joses eye in awe of natures power stay safe everyone irma katia vitamission,6,7,0.017549794,0.052184477,0.01321907,0.018844474,0.070681475,0.0127102155,0.38865107,0.42615947
thousands still without power this morning 1 week after irmalatest were hearing from the power companies livea,1,0,0.76272035,0.096845075,0.028798155,0.021514757,0.012296957,0.032819886,0.033161975,0.011842865
hurricane harvey rescue dogs looking for new homes in connecticut,4,4,0.05719147,0.01894309,0.013228716,0.11295124,0.585507,0.023661867,0.07768758,0.110828936
just another tornado flooding kinda day,1,1,0.017165154,0.6321429,0.013363984,0.009584327,0.01850103,0.021582693,0.22295232,0.0647074
in harveyas wake will abbott still deny climatea change,6,7,0.017822137,0.064190194,0.011531874,0.018674595,0.05787174,0.013065474,0.3510887,0.46575525
hurricane mariaabout 400 miles se of ncis weakening some tonight no direct landfall expected for us coast,6,6,0.0171065,0.2166071,0.012158408,0.015964644,0.03679229,0.017675307,0.5724388,0.11125706
metallica has lined up a benefit gig for the california wildfires awe hope youall join us on november 9 a348,4,4,0.016215632,0.023579046,0.012607736,0.02763206,0.5706972,0.014510122,0.12813517,0.20662309
hurricane maria has redeveloped an eye it is now getting better organized,6,6,0.013739212,0.16112891,0.008637339,0.01467045,0.04532071,0.015771167,0.5441097,0.19662254
asking austinites to donate toys for harvey evacuees,4,4,0.016654622,0.01988546,0.014236542,0.03188979,0.75665903,0.015522322,0.06296577,0.082186505
cyclone mora hits mizoram damages houses triggers landslides,1,1,0.011684061,0.8480478,0.017919268,0.009307034,0.010336875,0.039504323,0.049206972,0.013993676
together for mexico fundraising event for mexicos earthquake victims join us october 1 vancouver bc,7,4,0.016974874,0.021932537,0.012634562,0.027366119,0.7046587,0.01389902,0.08696429,0.115569904
hands of hope foundation extends irmaharvey relief aid project,4,4,0.014257764,0.024771497,0.013855584,0.028343022,0.7396972,0.016515283,0.074054785,0.08850496
52013 moore ok ef5 tornado,6,6,0.015677167,0.07124136,0.011420724,0.019504687,0.055559337,0.014195236,0.439479,0.37292248
hushed crews listen for survivors after mexico earthquake toll tops 200,6,2,0.07013444,0.014185679,0.5092448,0.10146411,0.22362246,0.023631612,0.023912404,0.03380446
rescuers search rubble as dawn breaks in mexico city earthquake toll hits 217,1,3,0.07166734,0.041420568,0.2015842,0.28488672,0.27831233,0.06386148,0.03031552,0.027951762
a benefit concert in savannah ga to help those effected by hurricane irma on september 24th starting at 6pm,4,4,0.01672341,0.022869496,0.013470487,0.027080474,0.7173573,0.014009806,0.083251074,0.10523797
hellacious hurricane maria earthcastsos,6,6,0.018188847,0.17787315,0.008952362,0.014041354,0.036020022,0.015866315,0.543945,0.18511298
bay area residents rallied in oakland to demand aid for puerto rico,7,4,0.047200352,0.02012996,0.012740453,0.034190673,0.60740393,0.01179667,0.12675387,0.13978408
harveyrelated scams on the rise guns 2a,7,7,0.02096389,0.066277824,0.01430677,0.02064955,0.06426879,0.013468649,0.35120842,0.44885612
a doctor who survived katrina now tends victims of harvey,4,0,0.3679915,0.015176578,0.013531761,0.042732973,0.36524463,0.012718574,0.09229413,0.09030982
mainline establishes fund with feeding florida to aid hurricane irma victims,4,4,0.016309846,0.02129788,0.014910173,0.02828717,0.7535466,0.015529994,0.068737596,0.08138063
subsistence helps send aid to mexico earthquake victims,4,4,0.016733479,0.020072784,0.015383029,0.02967274,0.75411224,0.015302043,0.066195,0.08252877
puerto rico knows whats what ht fipi lele,7,7,0.021407355,0.0362669,0.012076478,0.021955714,0.07794518,0.013113698,0.25786182,0.5593729
cut puerto rico loose wallow in your deliberate fiscal hell,7,7,0.01804603,0.06473524,0.0115640825,0.018588591,0.06838247,0.013352303,0.2914375,0.5138938
money irma business an 18500 home bar for the most aspirational of cocktail makers,6,7,0.018269993,0.03722514,0.013526447,0.023202496,0.096193,0.012072685,0.2597433,0.5397669
nh donation drive for puerto rico exceeds expectations,4,4,0.016329981,0.02310373,0.012583597,0.02902402,0.72032917,0.015534041,0.08065134,0.10244411
1 messages of solidarity from mexico to irans earthquake victims in seeyouiniran,7,4,0.12023344,0.019109678,0.01626727,0.032646272,0.329253,0.010180828,0.2073607,0.26494882
lessons learned from irma via psychology hurricaneirma goodreads,6,7,0.021561708,0.047338516,0.011559926,0.020371618,0.07071281,0.01440497,0.39531177,0.4187387
two confirmed drowning deaths from harvey in fort bend county deputies say,2,2,0.007399165,0.008199395,0.9418124,0.011435603,0.006731603,0.010657334,0.0055312826,0.008233232
thank you to roxburyct for collecting donations to help danburyct help danburytx harveyrelief hurricaneharvey,4,4,0.013893778,0.02550057,0.011951564,0.027938284,0.7011912,0.015960516,0.08615546,0.117408685
moron trump will do this when he visits fire ravaged california,7,7,0.029035797,0.10188733,0.011215758,0.016437858,0.05418025,0.012359867,0.37735996,0.39752316
aoe tala hunter renfroe wildplassen dna20m hurricane maria sean spicer,7,7,0.023061195,0.04020733,0.01451583,0.022622729,0.06252124,0.012118513,0.27356347,0.5513897
style nike air 323085164 puerto rico jordan size 9,7,7,0.024896435,0.029954642,0.015330119,0.026294367,0.09111603,0.01268351,0.23731469,0.5624103
teaching saturday nov 11 at 4pm in bmore 10 all proceeds go to those impacted by the hurricane in puerto rico,4,4,0.017076837,0.02397304,0.01310332,0.026637219,0.64226794,0.013069668,0.11395785,0.14991406
6th grade maryland student collects 3000 cases of drinking water for puerto rico,4,4,0.019348804,0.020354703,0.011819493,0.032458916,0.74555415,0.015012704,0.068627685,0.0868235
we did it home in ct roadwarriors texasaftproud hurricaneharvey,7,7,0.033391874,0.02967746,0.009203028,0.025862897,0.21993843,0.011156151,0.26734954,0.40342066
florida had its flag with irma texas had its flag with harvey,6,7,0.021285353,0.04633233,0.015667658,0.020193005,0.07485217,0.014427627,0.30766445,0.4995774
the effects of harvey,1,6,0.02352489,0.40025586,0.00945639,0.011108525,0.025918873,0.019221649,0.41423714,0.096276686
mora 740 mg fixed blade bushcraft knife review,7,7,0.022928195,0.042027388,0.013642607,0.022388147,0.09449623,0.0120098805,0.26197627,0.53053135
surprised by this preirma only 8 cat 3 hurricanes had tracked win 75 mi of ctrl puerto rico in noaa databasea,6,6,0.012995891,0.15005697,0.011951072,0.016304908,0.040679622,0.016382165,0.5651261,0.18650326
business a puerto rico is one of the worldas biggest centers for pharmaceutical manufacturing,7,7,0.016652357,0.063181534,0.016351618,0.025471013,0.19235575,0.0155272735,0.2449776,0.42548284
irma displaces worlds best quant now hes on a climate mission,7,7,0.02598452,0.035819516,0.015197322,0.02584953,0.068964705,0.012452684,0.28614897,0.5295827
category 3 major hurricane maria continues to track nnw some uncertainty in track beyond tuesday,6,6,0.017796008,0.111878596,0.011283472,0.016927363,0.045749377,0.015783004,0.60259324,0.17798896
a serene environment and a fierce ride photo by adrian mora maroto ds5 dsperformanceline,7,7,0.0259083,0.04464773,0.011304507,0.022435514,0.07414582,0.012373011,0.2690631,0.54012203
scattered covered and irmad,7,6,0.023197329,0.18056357,0.010747657,0.017107977,0.04601837,0.019547168,0.35215384,0.35066408
dark goddess antonio mora,7,7,0.036164854,0.037187036,0.01680716,0.026674416,0.06323156,0.012973014,0.22755496,0.579407
news wrap trump signs 15 billion hurricane harvey relief bill uspolitics via,4,4,0.013697624,0.054115213,0.012213184,0.024668703,0.39032924,0.017379353,0.21193609,0.27566057
hey puerto rico here are some paper towels oh by the way you screwed up our budget,7,7,0.020516796,0.043479998,0.01295743,0.022355085,0.093623094,0.014568789,0.26011035,0.53238845
aau news hurrican harvey amp irma updates aau sports youthsports weareaau,6,7,0.01587425,0.052553523,0.012772738,0.020233745,0.08347214,0.013659364,0.3934588,0.40797544
frustration mounts over puerto ricos new normal as federal troops leave the island,6,7,0.03158119,0.039616484,0.012695752,0.024766373,0.17917742,0.013933291,0.3183856,0.37984395
donates 100k to mexico earthquake relief gtgtgt etalk,4,4,0.014026329,0.021696603,0.014815674,0.029261341,0.71776545,0.0157211,0.07828637,0.10842722
pr ham radio update hamradio huracanmaria hurricanemaria,6,7,0.016178597,0.047076993,0.011991772,0.02167398,0.08566778,0.013969259,0.29707387,0.50636774
weird during irma an earthquake hit mexico and now during maria it happens again coincedense does this maka,6,6,0.01212794,0.22192109,0.016492188,0.0135286935,0.03192169,0.017331572,0.48966107,0.19701584
sorry to see the round barn in santa rosa destroyed by fire,1,1,0.009168971,0.8328297,0.015177526,0.010747492,0.0134617025,0.046114918,0.05101177,0.021487914
what katrina can teach us about disrupted cardiac care after hurricane harvey ahanews,6,6,0.059714086,0.08247463,0.007936357,0.020699441,0.13241334,0.013443314,0.4228737,0.26044518
death toll from harvey surpasses 60,2,2,0.008085207,0.007878182,0.943585,0.009585896,0.00689284,0.010349653,0.0055101,0.008113157
hurricane harvey 5 die in floodwaters while hundreds rescued from flood areas,2,2,0.007942773,0.007145051,0.94299793,0.011345291,0.007795058,0.010453047,0.0050419522,0.0072789006
nfl star goes above and beyond for victims of harvey in amazing gesture,4,4,0.022455117,0.018057864,0.015000539,0.02939527,0.71674114,0.012520171,0.07923892,0.10659097
hundreds leave homes near dangerously crumbling puerto rico dam,1,0,0.567238,0.24315532,0.021934541,0.02894378,0.018173186,0.066228926,0.04262789,0.011698569
steve harvey cant come to the phone right now why oh cause hes dead,7,7,0.02198007,0.050925385,0.022906449,0.028009182,0.063489884,0.015381791,0.26874724,0.52856004
my whole worlda12fa12fa12fa12f you are best actor in whole the world mora saiyaaa superstar,7,7,0.022319628,0.037440766,0.021841807,0.02866838,0.07399746,0.01385684,0.18738203,0.6144931
day 4 clearing the backyard part 2 taking the deck to the pile hurricaneharvey cleanup aftermath,1,1,0.010269717,0.6639313,0.008462016,0.012909219,0.05221766,0.025518341,0.15950195,0.06718983
money irma business lawmakers subpoena new jersey transit over railsafety project,7,7,0.01600745,0.064437054,0.009985563,0.019682843,0.16438995,0.013503819,0.33033434,0.38165906
toxic plant may have sprung undisclosed leak during hurricane harvey,1,1,0.007834073,0.7659263,0.015288789,0.010544973,0.018178161,0.030497257,0.11360015,0.038130242
mountains of aid are languishing on the docks in puerto rico,4,4,0.016284496,0.027609847,0.010615331,0.029408915,0.6835946,0.01688516,0.10036126,0.115240395
volunteers filling semi trailer for mexico earthquake relief,7,4,0.016039226,0.025877815,0.013477219,0.029051792,0.763039,0.020367522,0.06100306,0.07114442
mexico still open for tourists travelnews mexico earthquake tourism,7,7,0.031182455,0.028391315,0.012522,0.028276877,0.1781977,0.010975013,0.2750862,0.43536845
hurricane irma forces cancelation of miami at arkansas state with no makeup date,6,6,0.014269506,0.069942564,0.014623546,0.021276318,0.064760804,0.015868101,0.40460882,0.3946504
information for canadian and us citizens affected by mexicoa earthquake,6,0,0.83493084,0.016360626,0.011615032,0.013521894,0.021675145,0.008757764,0.05540472,0.03773403
nasa satellites capture breadth of northern california wildfires,6,1,0.014484858,0.634787,0.009966321,0.010754619,0.02151617,0.018222652,0.23038305,0.05988525
economic impact from harvey irma likely to be shortlived,6,1,0.014715081,0.49186867,0.010125364,0.010842509,0.022923758,0.021031486,0.3564592,0.07203393
praying for the devastated rain forest 3 of puerto rico 57 f the only rain forest in america a,6,1,0.015656969,0.6657052,0.009434565,0.01030106,0.025695318,0.017282646,0.19587137,0.060052734
unitednations appeals for more resources for floodhit srilanka,4,4,0.015375696,0.033904467,0.01268204,0.027391639,0.70789474,0.016633155,0.09553969,0.09057855
can puerto rico be the model for a renewablespowered energy system business,7,7,0.013705226,0.08062461,0.01017657,0.01910187,0.125188,0.0151982745,0.32680514,0.40920022
follow this list of trusted accounts for uptodate information as irma unfolds,6,6,0.015474214,0.08584312,0.010756728,0.016750468,0.064437,0.014089318,0.516533,0.27611613
playa team joined red cross mexico to help sort amp package donations for the earthquake victims gvitravel gviplaya,4,4,0.015233054,0.022693451,0.013386812,0.028682586,0.74855584,0.016139504,0.06871067,0.08659801
worcester state sga joins in puerto rico disaster relief effort woostate news,4,4,0.01368088,0.028469132,0.013099002,0.02682567,0.7004931,0.016091961,0.09567239,0.10566783
this is quite frankly the only reason i watch instagram stories rn i live for harvey the calf updates,7,7,0.02420115,0.037699677,0.0142185595,0.023255043,0.07292182,0.013425552,0.27682287,0.5374553
swimming not advised at collier co beaches today there is possible bacterial contamination flwx swfl yuck irma,6,1,0.011896148,0.34258464,0.022340158,0.019872975,0.044791855,0.021326523,0.33472484,0.202463
new fire danger threatens to worsen most disastrous wildfire season in california historya,6,1,0.017155945,0.54144526,0.019073723,0.010282843,0.017634083,0.017736783,0.3080861,0.068585254
donald porter as larry mason looks like lee harvey oswald 711oceandrive noiralley darknessatnoon,7,7,0.025490722,0.03489699,0.01514739,0.026517473,0.056810267,0.012711313,0.22080244,0.60762346
so this song just reminds me of hurricane irma that just happened,7,6,0.019727554,0.18321909,0.009726241,0.014280134,0.03767285,0.017568035,0.51502776,0.20277837
seawalls across swfl crumbling in wake of irma,1,1,0.011878034,0.83446026,0.011620122,0.008173905,0.011948953,0.024957877,0.07575501,0.02120574
fuente de las nereidas fountain of the nymphs1903 by argentine pioneering sculptor lola mora womensart,7,7,0.019117683,0.05396351,0.016106075,0.022993214,0.08058968,0.012499558,0.22952713,0.56520313
california is obviously shaking the ring of fire is restless,6,6,0.016112104,0.16211851,0.011077145,0.014981604,0.03647982,0.015789326,0.4230076,0.32043383
program to issue id cards to flood victims read more lka srilanka,3,4,0.02295775,0.019803008,0.012480944,0.028882213,0.7290527,0.012867864,0.078783095,0.095172495
miami florida right now irma,6,6,0.01786796,0.09355443,0.0103980675,0.016330404,0.044779673,0.014033555,0.4520612,0.35097468
as california burns trump displays little interest,6,7,0.023100434,0.08563459,0.018327227,0.019504521,0.047866248,0.013065279,0.33829316,0.4542086
cash donations can be made at mampt banks hurricanemariarelieffund,4,4,0.0148118455,0.023279954,0.01256464,0.02953948,0.7007696,0.016345218,0.08327031,0.119418934
on fire just like california gayfever,7,7,0.025027568,0.04800979,0.015447664,0.020556627,0.06064551,0.012628666,0.29017538,0.52750885
hurricane harvey texas electricity update ercot,6,1,0.010824744,0.7634408,0.011942199,0.008879044,0.014426957,0.025519744,0.12900808,0.035958435
hurricane marias aftermath photos reveal devastation on caribbean islands science,1,1,0.014516759,0.8375108,0.011174843,0.008827619,0.011337995,0.025830697,0.074464485,0.016336799
toxic sites hit by harvey threaten texans,1,1,0.02466224,0.8051601,0.010683793,0.007813318,0.011897032,0.024083214,0.09505761,0.020642681
we have your back john velazquez help as much as you can with hurricane maria relief ai,7,4,0.015311135,0.025202684,0.011147105,0.027115393,0.67043024,0.015092162,0.10457948,0.13112184
puerto rico gets aid from waterstep future efforts in the works,4,4,0.014819577,0.029896548,0.0115732625,0.027532475,0.66324925,0.016507667,0.112749085,0.1236721
returning savannah evacuee gives birth in hardeeville irma,7,0,0.79109323,0.008922114,0.017742686,0.06522895,0.041299198,0.013652176,0.029947102,0.03211458
disaster management officials visit cyclone mora affected areas,4,4,0.03986333,0.1374342,0.007946814,0.025221288,0.41757146,0.022441437,0.25937864,0.09014282
iraniraq earthquake rouhani vows action over collapsed buildings,7,1,0.010180159,0.606679,0.010443642,0.011299067,0.041631624,0.02456189,0.2023332,0.09287143
fhsaa launches web portal to coordinate sports aid to schools after irma,4,4,0.015843036,0.028901558,0.012054623,0.026825823,0.69199556,0.016039355,0.103611544,0.104728386
great coverage on the struggles still going on in puerto rico,6,0,0.46613756,0.03849674,0.011119152,0.022745043,0.051748563,0.014491858,0.21072137,0.18453966
irma nfl texans release wr jaelen strong via jamespalmertv,7,7,0.032324903,0.028471963,0.015768498,0.041169066,0.09534935,0.014468332,0.2172349,0.5552129
the aftermath of the moral and social bankruptcy orchestrated in the bbnaijaa show,7,6,0.014760549,0.1156578,0.010893378,0.016596088,0.056032624,0.014989392,0.3859376,0.3851325
map of 2017pueblamexicoearthquake,7,6,0.015292468,0.08360246,0.012936891,0.018177824,0.05258715,0.014625479,0.4245423,0.3782355
recovery timing from irma and harvey will differ for business homeowners,6,6,0.019977435,0.25233,0.0073563894,0.011805995,0.035090584,0.01697718,0.5400557,0.116406724
irma pummels cuban economy cuba standard your best source for cuban business news,6,6,0.013194055,0.23297971,0.012932963,0.013682545,0.036547426,0.017724294,0.4457802,0.22715887
earthquake gfz m 39 gulf of mexico forecast,7,6,0.015149618,0.09242378,0.013691774,0.017198145,0.04903159,0.013256444,0.49718544,0.30206332
palm trees have very little left on them sanjuan puertorico hurricanemaria cnn,6,1,0.010855323,0.6204534,0.00844612,0.01222353,0.024663595,0.024427949,0.20293802,0.095991984
prayers for the millions people affected by the powerful earthquake in mexico a12aa14y2a14ydai mexicofuerte mexicocity,7,0,0.6268488,0.027828317,0.014763069,0.01873221,0.043721367,0.009775784,0.13903707,0.11929335
no aessential oilsa will not clear the california fire smoke out of your air mother jones,7,6,0.012533402,0.11615167,0.010733527,0.018746302,0.07513967,0.015380984,0.38398084,0.3673336
a massive earthquake struck mexico yesterday if youre interested to help please contact me,4,4,0.057459638,0.059880886,0.008162812,0.024850538,0.45773274,0.013290264,0.23756672,0.14105642
hurricane maria two naval mines wash up on north carolina beaches,6,1,0.009442795,0.76922184,0.008694358,0.009405433,0.01667019,0.027177047,0.12702604,0.032362286
hurricane harvey diss freestyle by michael white underground texas hip hop,7,7,0.029617913,0.041781045,0.01345898,0.022002963,0.0551422,0.014309524,0.27730942,0.5463779
after over two weeks in darkness after harvey light is finally returning to port aransas,6,1,0.012097385,0.65891856,0.011255123,0.010422976,0.018841572,0.020888025,0.20318694,0.06438934
texans are unstoppable houstonstrong texasstrong harvey harveyrecovery sundaymorning americans a14yaa14y8a,7,7,0.035440557,0.034246475,0.011108633,0.024181016,0.08100472,0.012569745,0.27595404,0.5254949
suzana peric fashion show the mora smoothie,7,7,0.019494342,0.03380627,0.012930907,0.023917556,0.09781119,0.011802893,0.25219476,0.5480421
local residentas a hurricane magneta family impacted by harvey irma arlingtonva,6,0,0.8992419,0.0206717,0.011078943,0.013547958,0.010288987,0.014445745,0.020032467,0.010692131
animals colorado rescue groups to open doors for harvey animals fox31 denver,4,4,0.016583942,0.020306371,0.01336361,0.032630075,0.74141884,0.0148252295,0.06976386,0.091107994
irmas winds ripped down many of our millennium signs and damaged a few locations please pardon our appearance as,1,1,0.010826193,0.82225883,0.013123528,0.009358301,0.011516908,0.043947123,0.066114284,0.022854893
vegetation fire burns at least 30 acres ina dublin,1,1,0.012204401,0.84150803,0.020109838,0.00892768,0.01181078,0.025806963,0.06047468,0.0191577
i like to wake up to good news this is not it irma stcroix,6,7,0.019715596,0.033697814,0.017210286,0.025264451,0.08258218,0.0134856785,0.26961645,0.53842753
oregon strike teams return home from battling wildfires in california liveonk2,4,4,0.01956607,0.026685676,0.011071976,0.030654224,0.6593443,0.01501473,0.11526494,0.12239805
firefighters quickly contain clifftop brush fire sf,4,4,0.020524837,0.03519317,0.010978671,0.034554265,0.69390017,0.017152399,0.097364716,0.09033169
puerto rico utility regulators push back on feds in new court filing,6,7,0.021664288,0.06586698,0.0118205,0.019089641,0.10886661,0.013403773,0.33257353,0.4267147
had a blast djing larisalove salon in benefit of hurricaneharvey a12s4ai,7,7,0.016327266,0.03533171,0.012094332,0.024779579,0.34012154,0.013887511,0.1933646,0.3640935
maria wind whipping up in anguilla living on hope irma,6,6,0.032442633,0.05157497,0.008403422,0.020220654,0.0547254,0.01154806,0.41058782,0.41049707
talks to our exec committee about state rebuild from harvey amp prep for future storms,6,1,0.013462613,0.4592798,0.0069031226,0.01232732,0.08155067,0.022957293,0.32064718,0.08287201
us economy hit by harvey sky news australia econ,6,1,0.020205809,0.4792631,0.010904551,0.011135233,0.025233494,0.022686863,0.34338886,0.08718208
aflac and tsys give to hurricane harvey relief others urged to help,4,4,0.0149770435,0.021523459,0.0151237175,0.028646525,0.7331851,0.015931467,0.0735315,0.09708106
after mexico earthquake bike brigade delivers muchnee muchnee news,7,4,0.014148893,0.028579786,0.011518382,0.027955187,0.5800454,0.016169967,0.13788545,0.18369693
the 500year storm quantifying marias destruction smart cities dive,1,1,0.011300652,0.8014165,0.010366689,0.008133219,0.011465143,0.02413989,0.10367436,0.029503644
central california sunset tonight lots of wildfire smoke to punch up the color pallet,7,6,0.013651409,0.25674358,0.009630805,0.013565415,0.037247416,0.015412837,0.44191104,0.21183753
follow me donald trump iran earthquake nfl your monday briefing followforfollow,6,7,0.018732563,0.040024552,0.015058437,0.021486115,0.07267566,0.0137308445,0.30449343,0.51379836
michigan state volleyball to only play one match in florida due to hurricane irma,6,7,0.021238672,0.058876913,0.017660564,0.023568342,0.07442,0.015108778,0.3631801,0.4259467
maria has been a hurricane for six days now could be around 6 more,6,6,0.019698473,0.13378271,0.012119766,0.016148632,0.037721533,0.016038215,0.57950395,0.18498677
arkansas national guard assists in response of hurricane harvey watch now a129,4,4,0.013846353,0.028137697,0.012194626,0.027075866,0.70178473,0.016477648,0.09810764,0.10237554
civil air patrol illinois wing to help survey damage from hurricane harvey,1,1,0.012201576,0.37657425,0.009980098,0.027062472,0.27810633,0.03830076,0.18910493,0.06866957
fema actually can stay in puerto rico indefinitely,7,7,0.03290994,0.03211374,0.012545026,0.02649801,0.0713701,0.012062695,0.26111975,0.5513808
after harvey amp irma using recovery to build stronger and safer communities by,6,4,0.017131317,0.19502085,0.009042699,0.023076173,0.3765367,0.02395148,0.24131565,0.1139252
pro football club raises funds for california fire,7,4,0.014184674,0.025361747,0.014825839,0.027705269,0.6938133,0.016374126,0.087266654,0.1204684
deadly earthquake hits iran and iraq nbc nightly news,6,1,0.061520826,0.5000401,0.057279807,0.012167655,0.01855683,0.01955054,0.26169318,0.069191016
purchased buymigenteremix hurricane earthquake houston mexico puertorico,7,7,0.017120512,0.048275787,0.01018576,0.021471487,0.12109584,0.013304019,0.26118624,0.50736034
remember our brethren throughout the world tonight mexicoearthquake,7,7,0.046412665,0.030421421,0.01664087,0.023068577,0.12507962,0.010588869,0.298343,0.44944495
hoping everyone is able to get back on track post hurricane irma wishing everyone well,7,6,0.16877307,0.0663767,0.009004712,0.01745246,0.06218103,0.013729733,0.4093898,0.25309247
port canaveral provides pipeline of fuel for postirma relief,4,4,0.014301308,0.03378897,0.012637717,0.028855097,0.73948,0.020119378,0.07770574,0.07311179
after 200000 initial goal jj wattas harvey fund hits 20 million,4,4,0.013797398,0.029511489,0.011846275,0.02968726,0.6567217,0.017005164,0.10627867,0.13515203
hurricane harvey irma jose and now maria americans brace for new danger,6,6,0.029102502,0.14309369,0.008870117,0.0150100365,0.03874843,0.015934648,0.6064346,0.142806
san juan flights still on hold in wake of hurricane maria,6,6,0.048479687,0.06977606,0.024470821,0.029728293,0.058661737,0.02476486,0.37765452,0.36646402
trend alert hurricane irma more trends at trndnl,6,6,0.017922997,0.10702301,0.011272856,0.016714517,0.045046005,0.0151159335,0.5882425,0.19866228
please irma evacuee from fl still in nc looking for her missing dog my friend is desperatea,4,3,0.08201973,0.028496185,0.036733873,0.5680377,0.09267247,0.06495478,0.051156178,0.07592901
harvey levinas objectified gives glimpse of celebsa prized possessions,7,7,0.022732144,0.04497177,0.012364602,0.024581006,0.0665429,0.014850284,0.27255803,0.54139924
hurricane irma cat5 165mph will be near stcroix midnight tonight and eastern puerto rico around 8am tomorrow,6,6,0.018442975,0.09828177,0.010743201,0.017641574,0.049488027,0.014885594,0.5902259,0.20029098
us govat pesticide spraying in wake of harvey a toxic boon to agrochemicala giants,6,6,0.01580153,0.16397685,0.010196525,0.017445901,0.08062024,0.013571111,0.41020247,0.28818542
help puerto rico get free rare beer at dock street cannery,7,4,0.016446104,0.029528143,0.011971036,0.027463684,0.46744308,0.01381338,0.16361688,0.26971772
helping harvey move into uwe today doing my bit by watching the game,7,4,0.018365368,0.033822738,0.009227627,0.02676161,0.68135583,0.015644673,0.10481942,0.11000262
briefshell midstream partners hurricane harvey operational update,6,6,0.016963672,0.05597845,0.008259852,0.020972181,0.20894039,0.014807194,0.3896164,0.28446192
issued directive on hurricane irma response,6,6,0.01654504,0.15252884,0.007944562,0.014345102,0.07090139,0.017060382,0.5650374,0.15563734
tailgating in a different lot thanks to irmabut the hardcore tailgaters will not be denied,6,7,0.04309682,0.038129367,0.012960702,0.022152536,0.07007396,0.011739666,0.3215988,0.4802481
cyclonemora as usual buddhist monks are door to door to their peoples,7,7,0.03301111,0.02835911,0.012783665,0.02799868,0.2115068,0.010762703,0.22156078,0.45401716
stay strong puertorico and mexico hurricanemaria earthquake,7,6,0.018041905,0.0853742,0.009477938,0.015813595,0.06406811,0.014741824,0.47483742,0.31764498
harvey and irma are causing some people to have hurricane anxiety in robeson county,6,0,0.7426672,0.08728456,0.0116218785,0.013288667,0.013205338,0.019256694,0.086799845,0.025875788
cmu student raises more than 100000 for puerto rico charters third rescue plane,4,4,0.015219662,0.019020963,0.015231293,0.031832404,0.73438483,0.016070817,0.0692214,0.09901855
we are still in need of donations to repair damage from irma donations are taxdeductible,4,4,0.013711704,0.060424276,0.013806573,0.030726999,0.7068403,0.028795384,0.077506125,0.06818863
trumps fix for puerto rico communications issues,6,7,0.015789282,0.086764835,0.012379775,0.018266656,0.06659508,0.014444438,0.32937023,0.45638976
update every county in yellow is under a tornado watch until 10 pm irmacsra,6,6,0.01749771,0.30707672,0.010452662,0.013046291,0.028506659,0.018223302,0.50961107,0.09558564
is california the deep state,7,7,0.027565233,0.07182483,0.015696509,0.019111319,0.062378876,0.014307755,0.2800779,0.50903755
liam anderson talks about impact of california wildfires after big race at mt sac,7,6,0.020161437,0.384894,0.01136146,0.010662477,0.026100015,0.015588494,0.41665068,0.11458134
earthquake relief in iran and iraq a difficult task,6,4,0.018639648,0.05080986,0.009451196,0.025975205,0.54122496,0.015001315,0.17073251,0.16816527
third day in a row of recordbreaking temperatures brings critical fire conditions across southern california,7,1,0.014865054,0.55807096,0.01685842,0.010648446,0.018381603,0.020009175,0.28688204,0.07428434
at times he felt that he had almost rather not be in love with her for it brought him no peace antonio mora,7,7,0.044242285,0.037635777,0.018738069,0.03192276,0.0505402,0.014732042,0.2288094,0.57337946
harvey boyer arlington tx,7,7,0.022000382,0.07569672,0.008850811,0.017967066,0.057735972,0.01278494,0.36138535,0.44357878
iran criticised for earthquake response details,7,6,0.02149731,0.10224381,0.012244209,0.017592989,0.10013651,0.0155284135,0.3829514,0.34780535
harvey all over industrial production gt read more,7,1,0.010474194,0.7207993,0.009978212,0.008614432,0.016946007,0.023475438,0.16678065,0.042931754
hurricane irma 10 challenges for employers,6,6,0.042215485,0.082879536,0.008539256,0.015068672,0.06097164,0.013396106,0.53090817,0.24602108
fire at kuna mora cole roads stretches 280 acres,6,1,0.011104347,0.8207342,0.011050011,0.0088660335,0.012939005,0.031726547,0.07538187,0.028197944
moras midnight bakery a moon sea jellya149,7,7,0.01904299,0.03849152,0.016618563,0.024468057,0.09384775,0.013203823,0.21926904,0.5750582
mr richmond hates mr mora doesnt stop talking about soccer has never spoken to a female student,7,7,0.027982332,0.037844177,0.019639947,0.026929628,0.04939835,0.013909195,0.23497236,0.58932406
a budding masterchef maybe wilf in the kitchen by matt harvey oilpainting,7,7,0.06355625,0.031877,0.012978566,0.02829451,0.06923923,0.011476507,0.23308684,0.5494911
irmas aftermath with seigonie mohammed cnc3,6,6,0.016721908,0.1306208,0.008487355,0.014754749,0.0433054,0.014945397,0.5005246,0.27063984
thanks for donating to irma bvi appeal,4,4,0.015501816,0.02701176,0.011766279,0.02713202,0.65978396,0.015389972,0.10589396,0.1375202
the situation in puerto rico is dire please help your fellow clinicians and donate today,4,4,0.061059404,0.023200054,0.009236032,0.027770152,0.5987675,0.011854105,0.13369524,0.13441755
believe the meteorologists harvey is incredibly dangerous,6,6,0.01707229,0.2252376,0.010408849,0.012554978,0.029919341,0.016514346,0.52469,0.16360264
37 days after hurricanemaria pure ineptitude or lack of any sense of urgency,7,6,0.012364664,0.17466445,0.011409573,0.017800855,0.056520294,0.017066417,0.41025472,0.29991892
as wildfires blazed on in santa rosa california help was needed from all over fire,6,4,0.050448824,0.09002994,0.008382301,0.024305766,0.43197325,0.016147396,0.23669991,0.14201258
aa pope francis offers prayer for victims of california wildfires news online,6,4,0.093470834,0.021185776,0.02303927,0.032270357,0.3348848,0.009979137,0.21739094,0.26777884
harvey wonat help flagging housing market,7,1,0.012002412,0.7030297,0.0072892895,0.010711884,0.0231601,0.026520608,0.16312595,0.054160114
turn any keyword into article article makemoney former steve harvey writer a,7,7,0.021061799,0.03367903,0.014783513,0.026364258,0.09741859,0.013538139,0.28507602,0.50807863
so the state of california is pretty much on fire your move pres trump,7,6,0.017152905,0.13911788,0.012996285,0.015727373,0.04086295,0.015662136,0.3928354,0.36564508
congratulations on a beautiful wedding coach mora,7,7,0.03200626,0.043591283,0.023598175,0.030961215,0.06952462,0.01673093,0.19591153,0.587676
a new fire threatens dozens of homes in california prompting more evacuations,6,1,0.019927578,0.83384466,0.025437392,0.010432754,0.011383172,0.033580553,0.050930683,0.01446316
satellite images show just how bad californiaas wildfires really are,6,1,0.016709834,0.65135825,0.012066296,0.009136902,0.016146347,0.01951219,0.22426113,0.050809205
maria grows to a cat 3 nears already battered caribbean 0 by,6,6,0.01643467,0.10488376,0.009636956,0.018156854,0.053596362,0.014585944,0.55224085,0.23046455
final day skinnycocares irmarecovery irmarelief hurricaneirmaaftermath irma,7,7,0.016892064,0.04617604,0.011298856,0.020391567,0.07759142,0.013596526,0.3095132,0.5045403
california fire survivors respond unexpectedly to loss of homes,1,0,0.75888866,0.10251151,0.023231182,0.021305673,0.017258314,0.0393165,0.028483719,0.0090045
usarmy soldiers from texas prepare to convoy south in support of harvey relief efforts,4,4,0.017088616,0.020754632,0.013196411,0.029800944,0.7382863,0.015538005,0.0748043,0.090530686
irma nfl browns fear wr corey coleman broke his hand via tw,2,7,0.07324818,0.06126608,0.033252962,0.034366682,0.040779278,0.01736774,0.22434808,0.51537097
prolife attorney puts his life at risk to save victims of hurricane harvey,4,4,0.08810927,0.01548231,0.09655583,0.060538627,0.54428005,0.016311394,0.07151646,0.10720607
i swear harvey and irma both boutta catch these hands 4,6,7,0.041426387,0.042413317,0.030452963,0.029496659,0.050912134,0.015059249,0.2468379,0.5434014
so proud of our kindergarten eagles taking pride in helping keep our campus beautiful following irma,4,4,0.01286785,0.039150067,0.012426612,0.027305761,0.5410352,0.015469387,0.15546174,0.1962834
puerto rico power grid deal under scrutiny nbc nightly news,6,6,0.013336677,0.2618581,0.010335692,0.014840861,0.061627455,0.020094354,0.36050847,0.25739837
maria to batter after irma second hurricane to strike eastern caribbean,6,6,0.016369632,0.20949267,0.011651049,0.013568281,0.03575121,0.015761241,0.56513995,0.13226599
night before puerto rico trip,7,7,0.038503107,0.04114012,0.011667255,0.024595764,0.07549008,0.012112629,0.2766231,0.51986796
puerto rico this seems like the kind of thing one would remembera121,7,7,0.02539899,0.032022204,0.013966015,0.024143983,0.07036316,0.01321732,0.24628027,0.574608
colonialismas legacy neglect in puerto rico suffocation in dc,7,1,0.015090142,0.54340136,0.010303624,0.011885078,0.025938904,0.018520458,0.24108924,0.1337712
carmen mcreynolds victim of tubbsfire was a doctor and a western gala,7,0,0.6721151,0.01088694,0.18725401,0.038871463,0.016470142,0.015934806,0.024451364,0.0340162
fox news harvey fallout 53 of houstonas schools have a majora damage at least 22 will bea,1,1,0.012505797,0.838868,0.02573805,0.010712639,0.010714948,0.04427005,0.04376595,0.013424474
via rand paul wants harvey relief to come from spending cuts p2 tcot,6,7,0.014330317,0.07417184,0.011236357,0.018745188,0.1528315,0.015264734,0.33476627,0.37865373
medtronic evacuates california facilities because of wildfires via startribune,6,4,0.028577399,0.06831863,0.012680708,0.028532412,0.6610961,0.020334955,0.11468802,0.06577186
new questions about areciboas future swirl in the wake of hurricane maria,7,6,0.016834171,0.19441408,0.0069887484,0.014707354,0.038784266,0.017031807,0.5244699,0.18676972
20 of gbp 25 and free shipping harvey striped cotton cutout shoulder d gbp 1099,4,7,0.023795336,0.034139834,0.014140591,0.024739113,0.10545825,0.012751011,0.252389,0.5325868
we could feel some effects from hurricane maria this week,6,6,0.019870734,0.32263607,0.010117061,0.011403962,0.028753955,0.019273913,0.5000248,0.08791951
this book arrived back in my hands after surviving hurricane maria in puerto rico itsasign thankiu nextread a12fa,7,7,0.05365223,0.03264011,0.0093102185,0.032213744,0.14862691,0.017329883,0.2746785,0.43154836
tubb fire victims visit the remains of their home,1,0,0.89023834,0.022342553,0.008206423,0.01702508,0.015369445,0.013314307,0.022975378,0.010528668
how climate change hurricanes are rapidly accelerating the militarization of america,6,6,0.015803622,0.20751438,0.009555944,0.013081927,0.044926796,0.015275137,0.47847846,0.21536364
hurricane tracker carolinas midatlantic should watch maria forecasters say,6,6,0.016260495,0.09679755,0.009966334,0.016418142,0.051112175,0.014699999,0.5529225,0.24182276
news via foxnews the latest fires smoke reaches california beach town,6,6,0.016056575,0.3242771,0.012017633,0.01215101,0.029390784,0.013247938,0.4402681,0.15259083
children unable to attend school in devastated puerto rico,0,0,0.9057289,0.014531386,0.011788105,0.014652705,0.012211852,0.011055976,0.019396674,0.0106344065
see hurricane irmas massive eye engulf an island,6,1,0.011561583,0.6893931,0.00823164,0.009250078,0.015884595,0.020926071,0.20003313,0.044719856
a selection of sunday front pages focusing on the california wildfires,7,6,0.020404588,0.05870365,0.013623609,0.01795876,0.07127488,0.012578319,0.41433766,0.39111853
we called they answered showing up outside section 8 housing closed after irma residents wait to get b,4,1,0.20329069,0.48705122,0.0075850473,0.016219247,0.026072135,0.038121168,0.16304263,0.058617845
irma blues latest speed test on verizon unlimited plan i hope spectrum services return soon,7,7,0.015293612,0.12066304,0.011780145,0.017688267,0.05279438,0.015278837,0.3576196,0.4088821
i wanted to get mora i didnt get her but at least i got lyonesse,7,7,0.0291427,0.030704694,0.017725904,0.034936596,0.07415718,0.01623072,0.21865149,0.57845074
beyond harvey and irma,6,6,0.01796966,0.33822337,0.008092211,0.011666788,0.026995897,0.01772946,0.4677699,0.111552745
please donate generously for the flood victims of sri lanka,4,4,0.018298563,0.02192409,0.013793837,0.028293427,0.7504398,0.014823003,0.06966298,0.08276429
everything dog lovers need to know about hurricane harvey,6,6,0.11072792,0.040493477,0.009273775,0.02917681,0.08835673,0.013669983,0.42776734,0.280534
tesla is helping puerto rico get its power back via fastcompany,4,4,0.014826896,0.08167,0.0105306255,0.026740704,0.61698306,0.023249801,0.13204417,0.09395479
harvey victims nerves fray as days drag in houston shelter,4,0,0.9083808,0.012108573,0.0136353625,0.012669681,0.010968753,0.010406247,0.019287726,0.012542973
this is a disaster money is running out in hurricaneravaged puerto rico,6,7,0.014101125,0.13762583,0.009335247,0.016909856,0.071713224,0.016413426,0.3397057,0.39419562
the national academy jury of 1907 francis luis mora,7,7,0.019626038,0.034848765,0.016597645,0.025216425,0.08684418,0.014176911,0.23722962,0.5654604
a pic of the mexican government helping mexicos earthquake recovery,7,4,0.013085255,0.029999318,0.012380812,0.027390108,0.69159156,0.016319148,0.09600252,0.113231234
lloyds of london estimates net claims for hurricane maria of 900 mln,4,0,0.39453164,0.26216754,0.011151661,0.020573111,0.060675543,0.042251907,0.17242174,0.036226913
domenica se atlantic coast hamlets devastated by hurricanemaria says,1,1,0.012313698,0.84707403,0.011243798,0.009520894,0.011748564,0.029792424,0.061221335,0.017085206
more than 400 killed in iraniraq quake state media says,2,2,0.0073561477,0.007910323,0.94369364,0.009962825,0.006808316,0.010489206,0.005703953,0.008075532
bravo helping in puertorico,4,4,0.015914835,0.029697187,0.0105171185,0.02761863,0.65258044,0.015834745,0.11331737,0.13451977
3 weeks the mora until cancun a12 1a12 1,7,7,0.02215114,0.03145268,0.013656921,0.02554294,0.091908485,0.012516585,0.2502521,0.5525192
the sarasota heraldtribune from wednesday 96 friday 915 irma sarasota,7,7,0.017088456,0.0435349,0.016416738,0.02254657,0.09672524,0.01409289,0.30296874,0.4866264
trump blames delayed message to mexican quake victims on bad phone reception,7,0,0.5273539,0.03528909,0.011990049,0.023199476,0.055309303,0.010890998,0.18595625,0.15001091
this newborn photo shoot celebrates hurricane harvey rescue,4,4,0.022453666,0.022786986,0.010603757,0.030314503,0.6605957,0.013278932,0.10948169,0.1304847
week review beat mtsu harvey relief drive practice hard rti we noticed anchor down,6,6,0.013787735,0.055021655,0.010402884,0.020435903,0.080428906,0.014857872,0.4037741,0.40129098
mortgage rates rise monday as irmaaos impact becomes clearer,6,6,0.015801193,0.14283487,0.011378264,0.015828026,0.05077007,0.015285108,0.475224,0.27287844
ancient artifacts saved from deadly earthquake hold clues to mysteries of iraqs past,7,1,0.03227685,0.39507645,0.02854627,0.0651982,0.0799205,0.052409902,0.18054514,0.16602676
billboard is streaming the drag race queens puerto rico benefit show,7,4,0.019855954,0.029967168,0.012006159,0.027570067,0.3625885,0.013179503,0.19659942,0.33823323
broward county public schools to reopen on monday september 18 following hurricane irma,6,6,0.019185971,0.3358204,0.016986704,0.0154775325,0.04639067,0.02008902,0.41495642,0.13109338
hurricane jose ambles off us coast as new tropical storm maria tracks irmas early path,6,6,0.019521082,0.1720595,0.009308024,0.014696139,0.038478453,0.01589623,0.5896608,0.14037968
cute totes proceeds to united ways mexico earthquake relief fund,7,4,0.013356822,0.023072794,0.014640577,0.029128151,0.71886593,0.016643126,0.0783992,0.10589353
usa today sees a template in its hurricane irma email newsletter,6,6,0.016961066,0.073956996,0.00934661,0.016110405,0.06189786,0.014509802,0.51525307,0.29196423
dont forget about puerto rico,7,7,0.024112131,0.046181183,0.01562081,0.020970646,0.07616305,0.014484498,0.27137947,0.5310882
breaking tornado watch in orlando area hurricaneirma,6,6,0.018517273,0.14664048,0.010050974,0.015595553,0.039094757,0.014582297,0.6008185,0.15470017
is postponing the floridapeppi due to the impact of hurricane irma on florida new date and venue wil,6,6,0.016101677,0.098807655,0.011372602,0.01731517,0.058575373,0.013831575,0.5124956,0.2715003
popular on 500px before hurricane irma by lindahammad streetphotography,7,6,0.021664135,0.14096084,0.008814786,0.017106097,0.05140374,0.013695948,0.45230654,0.29404792
sarasota group escapes ca wildfire usa vacation travel,7,0,0.8840148,0.009634857,0.00902471,0.015704019,0.020331528,0.008098729,0.030583747,0.022607636
donald drumpf puerto rico wants everything to be done for them,7,7,0.019852662,0.03525606,0.011742422,0.024406869,0.20153162,0.011817275,0.23464867,0.46074438
electricity is something you dont notice until its gone report from puerto rico,1,6,0.013420674,0.2906626,0.015189244,0.015483214,0.0344487,0.022553766,0.36011878,0.24812308
raradio israel sends aid to mexico after devastating earthquake claims 248 lives,4,2,0.025266303,0.012096003,0.66537094,0.04942422,0.17234376,0.019553639,0.021939524,0.034005508
my tattoo so so so in love credit simon mora at hollow crown tattoo liverpool anime tattoo,7,7,0.016046287,0.04133248,0.016061146,0.025831636,0.091776535,0.014986966,0.20512864,0.5888363
postkatrina lessons for harveys returning students,7,7,0.045197997,0.026161278,0.010062489,0.029291335,0.21188934,0.011260815,0.28632388,0.37981287
if you dont like our president then dont accept federal fund relief help for hurricane maria dont be a hipocrite,7,4,0.014425634,0.032421634,0.014029073,0.026514329,0.4122167,0.01564302,0.18122114,0.30352846
one california doctoras dangerous mission to save his newborn patients from fire,4,4,0.029035402,0.016329825,0.014842701,0.043087002,0.7202886,0.012369793,0.0671442,0.0969025
trending this week operators prepare for irma restaurant serves as shelter,4,4,0.03529818,0.029972864,0.009128997,0.026396943,0.65578794,0.014203016,0.12668952,0.10252254
charter communications commits 135 million to hurricane irma relief efforts,4,4,0.013501502,0.029999152,0.015655782,0.02829066,0.7360945,0.019004598,0.07556475,0.08188907
tonight is dedicated to you puerto rico make sure to tune in on nbc at 10 et 9 ct a12ca12c,7,7,0.021179656,0.028219907,0.015180877,0.0241113,0.11683913,0.01210502,0.2630936,0.51927054
i live in puerto rico and its hella hot but who cares imma be rocking this shit for days,7,7,0.08064943,0.03574738,0.017960608,0.026113523,0.05473153,0.014781864,0.24293621,0.52707946
roundup bitcoin blowing up california fire survival story amp college basketball player,7,6,0.025441041,0.13620579,0.008760482,0.016361,0.04281756,0.013408056,0.41411376,0.34289235
i had a great time packing meal for puerto rico yesterday a14y5a14y7a14y5a14y7a14y5a14y7,7,7,0.020396305,0.027586002,0.011882285,0.02583348,0.18645705,0.012048976,0.21901226,0.4967837
junk food dirty water and disease a month later puerto rico is still suffering,6,1,0.06838973,0.34849617,0.011697927,0.015601964,0.031378962,0.018620627,0.29082084,0.21499377
flesheating bacteria cancercausing chemicals and mold harvey and irmas lingering health threats,6,1,0.014237744,0.5460767,0.012745955,0.01105865,0.02457472,0.016509363,0.27649552,0.098301426
he collected donations for tx after hurricaneharvey now lorain councilman sends supplies to fl for hurricaneirma,4,4,0.015015066,0.024170976,0.01323409,0.028388802,0.73810947,0.016003298,0.074799575,0.0902787
california native loses everything in fire just two wee topstories,6,0,0.63783747,0.19730334,0.023811406,0.019841079,0.013895161,0.042512804,0.050241534,0.01455723
fema to rush recovery money for insurance claims related to harvey algeria,6,4,0.013939933,0.081713155,0.007998406,0.025738811,0.45213783,0.025431478,0.22715107,0.16588926
new death toll in californias wildfires has jumped to 21 details,2,2,0.007782307,0.007800303,0.94393224,0.009597951,0.0068421173,0.010204414,0.0056122565,0.008228414
league city tx this morning harvey,7,6,0.016198242,0.13073501,0.008100604,0.014958847,0.04511957,0.015108483,0.501245,0.2685342
midnight circus is so cool for the whole family link for tix,7,7,0.028678345,0.030564811,0.01643034,0.025766304,0.09945974,0.011635389,0.26933455,0.51813054
beyoncas list of climate change disasters seem to include the mexico 81 earthquake,6,6,0.014586982,0.17478357,0.01420581,0.01365412,0.034690004,0.016050816,0.52910256,0.20292611
fire jumps southern california highway in rancho cucamonga a nbc 7 sana diego,1,1,0.010932312,0.76356393,0.013330387,0.009597773,0.014985705,0.030539678,0.1103383,0.04671194
tropical update tropical storm maria is bigger hurricane lee is stronger no issue for fl moving away swfl,6,6,0.018882094,0.105332434,0.010918241,0.017185844,0.049811184,0.015807778,0.596099,0.18596347
harvey houstonstrong watch gulf 20 chance tropical development next 5 days would likely move toward tx,6,6,0.01758528,0.101573326,0.01154863,0.017932998,0.048576094,0.015356261,0.58523715,0.20219025
dont get sick helping w harvey,6,4,0.021091249,0.028605524,0.009942463,0.026237391,0.5118325,0.0130560715,0.17535664,0.21387815
early morning reminder to do your part californiawildfires california,6,7,0.015151869,0.039414834,0.014684784,0.025111541,0.242516,0.013459782,0.26472917,0.384932
homes and lives in ruins in california wildfires nbc nightly news,1,1,0.017087992,0.8418835,0.016172014,0.012313269,0.011048569,0.04148222,0.04390987,0.016102502
jose andres wants to use school kitchens in puerto rico to feed more people,4,4,0.014180826,0.027803134,0.011871087,0.027097069,0.6615115,0.015134601,0.10435725,0.13804457
meet harvey and irma a love thatas weathered 75 years fitnessworldabs,7,7,0.24887331,0.026339937,0.014381656,0.034694303,0.053457394,0.013309278,0.23941666,0.3695275
icymi trump pushes to run for senate during irma recovery visit,7,7,0.024367834,0.03497833,0.01555937,0.023290321,0.0936911,0.0119908545,0.28435186,0.5117703
why couldnt and have come to puerto rico instead of,7,7,0.019337187,0.03036431,0.019757025,0.026544487,0.08866441,0.014544176,0.22838701,0.5724014
the gym above subway got destroyed the cement wall got blown out hurricanemaria,1,1,0.009066903,0.82968163,0.013924278,0.009784139,0.0132140815,0.04095322,0.057758942,0.025616745
5am irma update national hurricane center still has irma making landfall near miami sunday as cat 4 storm,6,6,0.018438304,0.11014198,0.011225823,0.018368779,0.047130432,0.0148038175,0.60221416,0.17767677
waiting for answers in corpus christi,7,7,0.115991734,0.0444993,0.016251834,0.036508836,0.059174202,0.013544597,0.27349994,0.44052956
gospel singer performs for harvey evacuees in conroe,7,4,0.022573538,0.020708831,0.0120388195,0.028712133,0.72243226,0.012720629,0.08261962,0.09819412
tampa news polk county flower shop struggling with business after damage from hurricane irma,6,1,0.011280429,0.8231715,0.015716882,0.011296156,0.015033315,0.0606401,0.04559481,0.017266925
proposed rewiring for puerto rico,7,7,0.015775215,0.14788832,0.008997331,0.018130444,0.09098635,0.016547464,0.3321874,0.36948752
from the ap archives old san juan mainly untouched by hurricane maria,6,1,0.010512946,0.7944081,0.007952524,0.009154418,0.014401253,0.023699652,0.11071604,0.02915506
whats left of the mighty hurricane maria is now passing harmlessly to the south of us,6,1,0.016258717,0.4753074,0.00890534,0.0107489005,0.022880077,0.01996015,0.37734225,0.06859719
the caribbean has been hit by a lot of storms this year but we still have 72 days until hurricane season ends,6,1,0.018349115,0.44421604,0.009864751,0.009898905,0.020997807,0.02160988,0.3988309,0.07623244
nature at its fiercest and humanity at its best,7,7,0.034702457,0.041759137,0.014546181,0.026023617,0.08629157,0.013938943,0.29560527,0.4871329
rescue workers in iran search for survivors after blocks in town of 30000 people collapsed,4,4,0.05342628,0.027787061,0.079100825,0.29070762,0.41716105,0.0482572,0.038498227,0.045061707
help raise money for harvey amp irma victims at on 920 ticket link,4,4,0.021358103,0.020313846,0.013798076,0.029302264,0.74691993,0.0133911595,0.070167504,0.084749036
a message from the queen to the president of mexico following the recent earthquake,7,7,0.029365502,0.048477057,0.011186516,0.020797018,0.09349426,0.01117758,0.36393732,0.4215648
same region different islands distinct difference between irma and maria tracks in the caribbean,6,6,0.013384888,0.16312136,0.009261623,0.014175486,0.04130127,0.015838211,0.52223927,0.22067787
now i know why trump is spoiled he switch to imported milk please share i am hungry in puerto rico,7,7,0.04374358,0.03228587,0.011266893,0.025683774,0.07646031,0.012137687,0.23827949,0.5601424
sabine pass lng terminal receives first tanker since disruption from hurricane harvey,6,1,0.010584545,0.64361703,0.008871667,0.012641798,0.050748024,0.05725344,0.1695502,0.046733424
help is urgently needed in cuba through friday 922 cda will collect donations for irma,4,4,0.015263369,0.021326281,0.012773227,0.029637791,0.7238563,0.015357012,0.077449314,0.10433669
austin stands with houston scenes from weekend hurricane harvey benefits,4,6,0.01772527,0.08924183,0.007756785,0.015297639,0.06485836,0.014086328,0.49863896,0.2923948
forget about can you hear me now under this cell phone coverage scenario 13th day mariapr hurricanemaria,7,7,0.016158205,0.051796086,0.011772216,0.021087017,0.066623986,0.013229972,0.35144266,0.4678899
good gear morakniv garberg fixedblade knife,7,7,0.021589585,0.038656842,0.013111646,0.021827264,0.08456199,0.012470819,0.24710019,0.56068164
us to provide rs350mn flood relief to srilanka,4,4,0.014519033,0.030218158,0.014515896,0.027621007,0.73038703,0.017360829,0.081176,0.08420205
hurricane harvey victims take shelter in san angelo,0,0,0.9080807,0.01306556,0.011618866,0.013287453,0.013978093,0.010884348,0.019032562,0.010052399
days of national mourning over life and traffic getting back to normal mexicoearthquake mexicocity,7,6,0.01907768,0.28371587,0.014705947,0.014755264,0.025446227,0.02471603,0.38413683,0.23344608
if you havent seen the destruction from harvey heres what our rv park looks like im standing at the front door,1,1,0.011957764,0.8430104,0.012832926,0.009123635,0.011817748,0.030853093,0.061098054,0.019306332
hurricane maria wont impact directly but indirectly bring high surf to our coastline the next two days,6,6,0.016283318,0.37396413,0.010546344,0.011665876,0.02853129,0.018231122,0.45945752,0.0813204
letters hard to know if trump will learn anything from hurricane harvey,6,7,0.028810374,0.055535685,0.015016781,0.0206185,0.052591152,0.013812882,0.32733095,0.48628372
new 00z gfs shows irma as intense hurricane just offshore of miami sunday am tropics,6,6,0.015441571,0.13462114,0.01067391,0.016419834,0.043425836,0.014960447,0.590083,0.17437421
oliveharvey collegehonoring the us powmia war veterans on today,7,4,0.01497846,0.027997615,0.015609997,0.027425913,0.49145478,0.014577371,0.15976699,0.24818891
hmmmm todays weather map vs the one from the day after tomorrow irma doomsday,6,6,0.014127158,0.10123448,0.011759039,0.016456386,0.046307385,0.015161525,0.51988757,0.2750665
sislovesme moka mora hush hush big brother full video porn sexy hot,7,7,0.023761021,0.029844046,0.014269741,0.025845105,0.07938143,0.011894231,0.24463402,0.57037044
father dies of asthma attack from californiaa wildfires,2,2,0.0095114745,0.008387454,0.9395635,0.011119499,0.0068165585,0.0106171435,0.0054826625,0.008501681
iom plans more help for floodhit srilanka top news,4,4,0.013590944,0.029800426,0.014424707,0.027496064,0.7123343,0.016162213,0.08879144,0.09739987
harvey still causing damage and flooding,1,1,0.011843826,0.8238237,0.01067288,0.0086972425,0.014443451,0.027498662,0.08337555,0.019644627
still doesnt have the majority of menu items a whole week after irma hit 2,7,7,0.024839489,0.061885554,0.014933817,0.023793917,0.06581248,0.013931641,0.28837863,0.5064245
watch now 330 killed earthquake 75 magnitude in iraq and kuwait,2,2,0.0072447215,0.007923649,0.94301426,0.010011231,0.006666342,0.010313788,0.005999141,0.008826631
leepride red raiders helping with hurricane harvey disaster relief a12ea128pts,4,4,0.014114729,0.027014678,0.013084321,0.026694324,0.73106796,0.016511464,0.07836694,0.09314558
found with an injured wing this little owl is now receiving the care he deserves at our affiliate swfc irma,4,3,0.073429346,0.026485384,0.043552313,0.5272761,0.11107794,0.059270184,0.05558908,0.10331963
losangelestimes another fire has broken out in southerncalifornia,6,1,0.010973216,0.69985145,0.051393174,0.014434079,0.019654276,0.031038502,0.11787794,0.05477738
money irma business what us decline the world still watches the fed via bv ai blooma,7,7,0.015458431,0.05422524,0.012405175,0.019447202,0.0630728,0.013805116,0.34479916,0.47678685
2017 joins a list of elite years with multiple category 5s in the atlantic maria irma,6,7,0.015751218,0.056586668,0.011775042,0.019720435,0.07125587,0.015267048,0.39711323,0.41253045
wsbtv reports bmonahanwsb maria is actually a hurricane again barely wind at 75 mph but its headed ou,6,6,0.018727606,0.15363698,0.010759805,0.016148515,0.038476273,0.017071456,0.5926433,0.15253605
new bbe blog post telemedicine provides care for hurricane harvey victims,4,4,0.01830766,0.022208946,0.012493226,0.02721514,0.74937737,0.015041289,0.0738217,0.08153458
live at this am awaiting arrival of on his way to puerto rico abc7ny,7,7,0.03795543,0.025812699,0.013437868,0.030276243,0.06524089,0.0145712625,0.24021815,0.5724874
extension granted due to hurricane irma amp harvey,6,6,0.015970029,0.22412881,0.008674387,0.016397143,0.093067095,0.019510768,0.4816717,0.1405801
meet carmen yulan cruz the woman taking on donald trump after hurricane maria a newsweea,7,7,0.11971653,0.026512265,0.010645257,0.03134556,0.08787277,0.0116247535,0.24777915,0.4645037
cnn when hurricane maria knocked out power and phone phoneservices puertorico,1,1,0.01061383,0.825533,0.017364595,0.009150505,0.011921562,0.031615023,0.070201136,0.023600452
puerto rico board asks congress for backing in fight with governor,7,7,0.017493693,0.046165146,0.01083853,0.024080615,0.28400907,0.014409079,0.26739427,0.3356096
photos show destruction and scramble for survivors after deadly mexico earthquake,1,3,0.14779353,0.09516003,0.053289134,0.36041605,0.16947488,0.098292045,0.04701264,0.028561711
homes of the rich and famous in the path of hurricane irma,6,1,0.019925438,0.8059232,0.0123859225,0.011937786,0.010896536,0.06454521,0.0562157,0.018170223
visit our infrastructure map at the hurricane maria portal,7,6,0.016128171,0.38355333,0.00814847,0.011834513,0.036861077,0.020742869,0.40823114,0.11450048
latest update on maria slow movement of storm could enhance impacts especially over the outer banks,6,6,0.013119208,0.39391747,0.010291915,0.0118663255,0.027603146,0.018055955,0.44171405,0.083432004
1994a1 aministry of soundadj harveya12 6a a a,7,7,0.016127024,0.04141738,0.013890363,0.023862774,0.094636515,0.013061438,0.2627456,0.53425896
harvey was not a product of climate caused by change,6,6,0.013373247,0.3497402,0.0110671995,0.012457391,0.02818239,0.019636922,0.4465783,0.11896439
over 15 million people exposed to strong shaking after mexicoearthquake report,6,0,0.5822925,0.21581116,0.031200286,0.015384812,0.015321898,0.024802297,0.09028401,0.024903009
is mentoring a moral obligation,7,7,0.02128566,0.040278994,0.014720907,0.025245491,0.14841253,0.013552407,0.23779449,0.49870956
hope was just 10 days old when her family was rescued following harvey photo by noelle mills,0,3,0.16428392,0.022574417,0.025589772,0.37331548,0.18114528,0.044529118,0.07311401,0.11544804
everyone is welcome zumba for puerto rico,7,7,0.024132429,0.031849384,0.015255117,0.023713402,0.11206814,0.011171078,0.25093344,0.530877
tumi morake and martin bester join forces on jacaranda fmas new breakfast show,7,7,0.02081898,0.030675488,0.013928458,0.023374585,0.12970254,0.011752731,0.24224968,0.52749753
storm heads north off u s coast as irma like system eyes florida keys usnews,6,6,0.020137774,0.14302896,0.009972042,0.014232585,0.03989251,0.015050488,0.59855115,0.15913443
sundayas paper has zero mention of the california wildfires unbelievable not even a teaser at the bottom,7,6,0.014871788,0.10653417,0.016957564,0.017912356,0.04471249,0.015624744,0.43173182,0.35165507
what hurricane irma taught me by rebecca sherry eshraghi bahai,6,7,0.032192715,0.052657504,0.00878609,0.019461809,0.063697286,0.012815682,0.39562,0.41476893
hurricane harvey drenches texas one stormrelated death reported,2,2,0.0075470237,0.0089954045,0.942522,0.009827905,0.006597457,0.010939375,0.005694487,0.007876414
a we lost everything but we will rebuilda,1,1,0.038157936,0.45158526,0.015293112,0.019580204,0.043416105,0.03101191,0.22001047,0.18094501
condor survival craft amp mora clipper knifea comparison,7,7,0.02373281,0.030745648,0.009549929,0.025828099,0.16063903,0.0114976,0.280015,0.45799196
hi douglas wilbur here had a scary time last plane from orlando b4 irma hope all in florida r ok,7,7,0.1930545,0.05386101,0.016559565,0.021700703,0.0316114,0.018647248,0.3167845,0.3477811
oucou7 release on the arrival of hurricane irma in the dominican republic,6,6,0.015017934,0.14564493,0.008948564,0.014989203,0.045918092,0.01409752,0.5675774,0.18780631
student saves dozens of birds injured by hurricanemaria in puerto rico,4,4,0.027300531,0.036501277,0.069562584,0.14573255,0.5690991,0.049879365,0.047522176,0.054402396
first day back in class after hurricane irma todays word goal set goals today to become a better you tomorrow,6,7,0.03207322,0.031214979,0.013234231,0.026019963,0.12253945,0.012130939,0.3155017,0.44728556
me and my cousins waiting on the power to come back on hurricaneharvey,6,1,0.2036305,0.5552786,0.016343556,0.015775558,0.014565773,0.04452813,0.11708092,0.03279687
mexico tallying economic cost of big earthquake,6,1,0.021552743,0.57443297,0.009848423,0.010430269,0.038702823,0.021492558,0.24931224,0.074227974
federal loans approved to help cities in hurricane harveys wake independentie,4,4,0.019189801,0.030072248,0.010921268,0.025955765,0.7118591,0.01618397,0.09643164,0.08938622
only 2 more days to apply for this years mora award at,7,7,0.025501825,0.025020264,0.014831333,0.031061634,0.2390981,0.014545722,0.22300458,0.42693645
uk weather warning met office issues rain warnings for uk as maria arrives,6,6,0.018480022,0.12339253,0.011627567,0.017320035,0.04930953,0.01484389,0.5956655,0.16936089
remarkable growth of solar industry in maryland climateaction podcast,7,6,0.012211193,0.13854511,0.011929606,0.01837118,0.08607044,0.0149535425,0.3705314,0.34738752
lots of backyard work can be time consuming but linemen do whateverittakes to get the lights back on irma,4,1,0.013234172,0.3333769,0.010736564,0.0183569,0.15792368,0.02686761,0.25605,0.18345417
chp sends stern message to drone operators near californiaa wildfires,6,7,0.022699678,0.038912743,0.010391451,0.023600224,0.1722961,0.012464823,0.35929248,0.36034244
us brigade working hard to reestablish power in puerto rico,4,4,0.014372842,0.043835822,0.010816957,0.026677309,0.59134585,0.017066883,0.14571351,0.15017082
hurricane maria path update shock spaghetti model warning a usa must watch out,6,6,0.018022548,0.10455294,0.0100960815,0.01616871,0.046685096,0.014628858,0.58283347,0.2070123
edaccessiblert jugosocial amorality is simply an attitude we adopt toward people we dislikea oscarwilde moraa,7,7,0.028231936,0.04243549,0.014064351,0.023982376,0.059752375,0.012390051,0.2566855,0.5624579
mexico withdrew its offer of harvey aid to texas after last weeks powerful earthquake,4,4,0.014182234,0.028313342,0.012034856,0.029180152,0.6773285,0.016004184,0.10772223,0.11523456
mike grabow 40 identified as among those killed in tubbs fire,0,2,0.006842796,0.0076345024,0.9416588,0.01256544,0.0068242163,0.011782021,0.0050944174,0.007597848
news artists grapple with devastation caused by california wildfires,6,0,0.8038671,0.07552688,0.015992451,0.015075412,0.020250585,0.020791354,0.036933415,0.01156286
a shrinking shrinking shrinkinga puerto rico faces a demographica disaster,1,1,0.02072667,0.35130382,0.010079123,0.013503039,0.033576738,0.019268917,0.3187849,0.23275684
early expert opinion is that hurricane irma will have little if any lasting effect on reala,6,6,0.015150489,0.21938002,0.009778581,0.0136669455,0.036331616,0.016450932,0.5584341,0.13080728
deadly wildfires threaten thousands of acres of pot farms in california,1,1,0.019248363,0.83301866,0.013322178,0.0093710935,0.012757345,0.028106477,0.06494599,0.01922985
iran pledges swift aid after major quake kills 400,4,2,0.018027266,0.011211803,0.83941466,0.02526729,0.057841472,0.013919841,0.014723477,0.01959412
icymi tandberg joined at the hip climatesilence climatechange renewables harvey irma maria auspol,7,7,0.0146401,0.056764893,0.010375808,0.019760896,0.07862098,0.014180392,0.38973784,0.41591913
puerto rico aid bill named for slang that means cool,7,4,0.0130473,0.036275826,0.012800685,0.02593203,0.3782481,0.015590318,0.20039652,0.31770915
my heart goes with iran and iraq 73 earthquake pray for sarpole zahab and kurdistan fff444,7,7,0.021799382,0.03947396,0.018167663,0.022094632,0.10104309,0.013312072,0.30950937,0.47459978
letter to the editor who will pay for houston work hurricaneharvey,6,7,0.01538377,0.040968638,0.009482249,0.02299314,0.22194552,0.013967425,0.2638475,0.4114118
furry responder brings hope to mexico earthquakea victims,4,4,0.022904215,0.017655052,0.0126913665,0.032257985,0.7130573,0.012160935,0.07937129,0.10990188
powerful earthquake slams into mexico city,6,1,0.017744174,0.5066311,0.013748138,0.009787094,0.019236425,0.021081438,0.34058964,0.07118203
silverado lending help to hurricane irma victims,4,4,0.020195287,0.021651736,0.013582813,0.028223256,0.760216,0.014300054,0.06734061,0.0744902
a join us oct 1st 1000am 6pm show your support and love for victims of mexicos earthquake,4,4,0.019350676,0.020756641,0.013891497,0.02971405,0.56201416,0.012350178,0.13677378,0.20514901
a picture worth a thousand words hurricaneharvey,7,7,0.02242103,0.07299526,0.012527962,0.021101488,0.05898228,0.01443999,0.36296678,0.43456522
us carriers offer free calls texts and data after hurricane maria and mexicoa,4,6,0.021573987,0.0554085,0.009473213,0.022720998,0.16121641,0.014258359,0.3645301,0.35081843
hurricane maria has flooded multiple roads on ocracoke island again today,1,1,0.011096353,0.8282222,0.012193394,0.008723144,0.011977777,0.039825555,0.06829634,0.019665273
hurricanes irma harvey apply brakes to us economy marketwatch econ,6,6,0.015466542,0.13588421,0.009162993,0.014318933,0.045831695,0.015668027,0.56152683,0.20214076
hij de la bernarda directly from puerto ricoajust 3 weeks away tkts going fast click,7,7,0.02317231,0.031186694,0.013996204,0.024404664,0.10029239,0.012307654,0.26535356,0.52928656
airmen from the kentucky ang deployed to caribbean for hurricanemaria relief operations,4,4,0.014211971,0.021791417,0.014051461,0.030082604,0.7428315,0.016777107,0.070529595,0.089724265
san juan puerto rico cant wait to go back later this year livingthedream,7,7,0.027520189,0.035080764,0.013340698,0.02336748,0.07945287,0.011438758,0.2557011,0.5540981
fake irma video explodes online irma stjohn barbuda from the weather channel iphone app,7,1,0.008539674,0.6099251,0.0137734795,0.010902698,0.017691202,0.021823,0.24969575,0.06764913
houston corpus christi beaumont amp se texas seeing mosquitoes w zika virus harvey texas,7,7,0.026043257,0.081595704,0.010453992,0.021434104,0.047744196,0.012786584,0.36962497,0.43031722
its been done hurricane irma in lewd anime form we have reached peak horny,6,6,0.016955469,0.0780907,0.0094414195,0.018680891,0.053238355,0.013947501,0.45354316,0.35610256
yes there were 4,7,7,0.033428777,0.058148697,0.027986743,0.025315572,0.057257432,0.016694883,0.25323296,0.5279349
from linkedin donts to trump in puerto rico this weeks top leadership stories,7,7,0.021057729,0.031054249,0.01402841,0.024152482,0.0932792,0.012525949,0.28121462,0.5226874
gov scotts tour of irma s impact on swfl today travels around collier county hear what he had to say in marcoa,6,6,0.015662579,0.15425257,0.009007395,0.014249568,0.05187239,0.01376351,0.5298966,0.21129538
kris jenner poses showing off her wealth meanwhile in puerto rico,7,7,0.09548983,0.039470118,0.014790363,0.03071585,0.068230115,0.01442736,0.22744082,0.5094356
busy weekend new ropes from robinson cano billy hamilton and puerto ricos debut wbc game in 2006 sodomofo,7,7,0.019500285,0.032483272,0.016319746,0.02416939,0.079319425,0.012907769,0.23959893,0.57570124
icymi mexicos second earthquake in two weeks leaves over 200 dead,2,2,0.0070462427,0.008469445,0.9433952,0.009864526,0.006504896,0.010869051,0.0057474966,0.00810321
call antinori construction to rebuild after irma 3867612805 eastcoastdockandseawall irma,1,1,0.009435269,0.61097705,0.008175877,0.014916013,0.0663082,0.03296065,0.16291988,0.094307035
puerto rico mayor and montana firm feud on twitter over restoring power,7,7,0.018064013,0.1370521,0.014214518,0.017027102,0.061848946,0.015636448,0.35441074,0.38174617
the second disaster facing the victims of harvey and irma climatechange tfb f4f,0,0,0.81516737,0.05995664,0.019776404,0.012107088,0.013425004,0.017730411,0.046814993,0.015022039
happeningtoday tracking irma hurricane harvey relief efforts eat fit br campaign,6,4,0.013379241,0.038339347,0.0115444185,0.026320761,0.6710679,0.017231416,0.11356351,0.10855345
update hurricane maria winds remain at 110 mph may increase in days,6,6,0.0169977,0.24097139,0.012777262,0.013594186,0.031037655,0.016186807,0.53990257,0.12853247
newsletter endangered earth harveys toxic toll,6,1,0.011842913,0.6760588,0.010618876,0.009768746,0.017461995,0.019611333,0.19114757,0.0634898
asian traders look to snap up us crude in wake of hurricane harvey,6,6,0.027574422,0.056094643,0.009703812,0.023590332,0.11322019,0.015061542,0.38459677,0.37015826
yaall look at my presidenta12 c puertoricorelief mexicoearthquake,7,7,0.014409607,0.059910066,0.012969166,0.01871095,0.06705123,0.014719849,0.32187283,0.4903562
update northern california wildfires water tender operator killed in vehicle accident,2,2,0.0065127653,0.008684147,0.93914497,0.0116496775,0.007082993,0.012938285,0.005720419,0.008266627
this song starts a fire in me losangeles blink182 california a12s4,7,7,0.029525736,0.035772517,0.019821825,0.028094383,0.06475653,0.012873026,0.22492594,0.58423007
mexico city earthquake triggers migration wave toa cancun,6,6,0.0429141,0.3584174,0.007933039,0.0123230815,0.027463844,0.015947716,0.40891966,0.12608112
hurricane irma aftermath schools seek to regain normalcy,6,1,0.012767565,0.74429065,0.01246079,0.010433764,0.022061711,0.028745657,0.1298757,0.039364196
opinion column harvey irma and 911 we can replace the stuff,6,6,0.0123487,0.19550933,0.0074388785,0.013786478,0.045637924,0.019001095,0.466417,0.23986061
donate today a12fa14da12fa14da12fa14da12fa14da14y5a14y7a14y5a14y7a14y5a14y7a14y5a14y7,4,7,0.019903988,0.029551832,0.01695234,0.030979574,0.24756658,0.013425578,0.16874641,0.47287363
harris feinstein raise concerns about wireless emergency alert system deficiencies duringa,7,1,0.0109875975,0.32965097,0.01277912,0.015396367,0.0516586,0.020703778,0.32274133,0.23608223
bill murray is the man 20 donation to puertoricorelief for an autograph,4,4,0.014032562,0.025663089,0.013166884,0.02911382,0.5315893,0.014580939,0.1299974,0.24185602
hurricane irma symphony of compensation,0,6,0.016630294,0.1230866,0.008920746,0.01532282,0.046808254,0.015097783,0.5405742,0.23355931
85 of puerto rico remains without power 40 of people still dont have access to drinking water,0,1,0.16528314,0.6193833,0.049034595,0.020825885,0.018997943,0.051783044,0.057736848,0.01695532
house approves harvey relief bill among debt ceiling controversy,7,6,0.018423712,0.08504595,0.010549143,0.020052655,0.23246637,0.017112277,0.32147494,0.29487494
friend sent me this picture of a building on her street mexicoearthquake,1,1,0.013181138,0.80464417,0.011377218,0.010168968,0.011220135,0.036265846,0.07859682,0.034545545
tracking this area of heavy rain that produced a tornado warning tracking now on cbs47,6,6,0.0133573,0.26529446,0.009803681,0.01416706,0.033878636,0.017174138,0.52885884,0.11746583
our power just came back on we lost it for about 3 hours i thought about puerto rico the whole time,7,1,0.009613338,0.738486,0.031129902,0.012879737,0.014648914,0.041381806,0.102515236,0.049344998
combined harvey amp irma losses could strain some reinsurers fitch,6,1,0.010818948,0.74307,0.010168337,0.008390123,0.01522773,0.023879614,0.15733495,0.03111029
seth troxler donates 10k to earthquake relief efforts challenges fellow umf mexico,4,4,0.014029917,0.020092282,0.0163764,0.030637225,0.7173032,0.015627928,0.074421346,0.11151169
come out and donate or volunteer to support those impacted by hurricane irma sat 923 pgcacirmadrive,4,4,0.017907139,0.0218486,0.013366715,0.027087785,0.7288457,0.014126266,0.07880389,0.098013975
our staffroom cake sale to help with irma,4,4,0.01357597,0.0263732,0.012984239,0.027677333,0.690815,0.01647929,0.090510674,0.121584296
benjamin mora reveals his thoughts on the penalty for ceres read,7,7,0.023216201,0.03916163,0.014498775,0.02269187,0.070217155,0.012215605,0.26054046,0.5574583
walt disney world in hurricane irma,6,1,0.020471105,0.42258286,0.007915808,0.012748855,0.032858327,0.01967468,0.33552754,0.14822078
hurricane maria important stuff for nc pm monday sept 25a 2017,6,6,0.017415857,0.08226665,0.010488379,0.017651042,0.056142554,0.014198432,0.5554891,0.24634789
watch multiple buildings collapse during earthquake in mexico city,1,1,0.0102930665,0.82143474,0.023694647,0.010073531,0.010522339,0.057318717,0.049600683,0.017062306
you can hurt me and try to break me but ill always rise and ill tear you the fuck up like a tornado,7,7,0.030742927,0.07011041,0.026540907,0.024006834,0.058454014,0.015658572,0.2765931,0.4978933
when an earthquake struck this rural corner of mexico city the flimsy shacks,7,1,0.015959004,0.6610899,0.012766414,0.009438407,0.014627402,0.018381273,0.20516415,0.062573455
more evidence of high winds from irma in south florida head south,6,6,0.013951606,0.30081534,0.00910977,0.013110877,0.031211602,0.01643561,0.49822924,0.11713587
harrowing footage shows plane flying through hurricane irma,7,5,0.06592279,0.19175689,0.026045946,0.043587733,0.03517339,0.52849275,0.08005162,0.028968867
things still bad in puerto rico while more weather misery on the way,6,6,0.01615117,0.2701664,0.01245704,0.012574626,0.028849928,0.018060328,0.46114686,0.18059362
bill quigley warning letter to harvey and irma survivors from katrina survivor,6,0,0.8082494,0.016766613,0.010622839,0.015456991,0.023144452,0.009208218,0.070522115,0.046029393
deals todaysdeals nwt lularoe irmamystery sale extra large deals todaysdeals,7,7,0.021767098,0.035344735,0.018124193,0.025069445,0.095868155,0.012863234,0.24761423,0.54334897
wildfires raging through northern california are terrifying,6,1,0.022335023,0.63979536,0.011263388,0.009174282,0.016864179,0.018365005,0.23032069,0.051882
watching maria tropical storm watch issued for nc coast,6,6,0.021684518,0.10550073,0.010296968,0.017323468,0.052302692,0.014201495,0.6044758,0.17421432
keep sharing the mexicoquake everyday,6,7,0.020541012,0.035485663,0.013761031,0.022739561,0.15951464,0.0112217525,0.27896976,0.4577665
dynamo and dash players recount harvey experiences foreverorange,7,0,0.8355213,0.01319229,0.0102386065,0.016328318,0.028273907,0.008908152,0.050061043,0.037476458
pelosi wants the disaster relief package updated to include aid to california victims of the wildfires,4,4,0.019008413,0.026559368,0.012291463,0.025040787,0.66567755,0.013836879,0.113954954,0.12363055
quilting club in kewanee illinois made 75 quilts for puerto rico thank you ladies,4,4,0.013538967,0.029580504,0.012200413,0.028912852,0.5258359,0.014594215,0.13944148,0.23589571
video news via cnn zakarias grand bargain to rebuild puerto rico,7,7,0.011415109,0.07209846,0.011258782,0.024041587,0.28847066,0.016675727,0.26140344,0.3146362
el fogon de jule has been offering a taste of puerto rico in readingpa for 25 years,7,7,0.018690774,0.034297872,0.012419313,0.02501895,0.16513267,0.011559867,0.23934007,0.4935405
imagine math students donate thousands to hurricane harvey relief,4,4,0.016599918,0.020888643,0.01489811,0.029123042,0.7480689,0.015283016,0.06827587,0.08686242
queue of blooddonation after the destructive earthquake iran sympathy,4,7,0.022800354,0.053014636,0.0105403215,0.02200102,0.12900506,0.011331026,0.3073293,0.4439783
chef juan jose cuevas speaks to puerto ricos resiliencyaand why you should visit in 2018,7,7,0.033487055,0.032203086,0.01150555,0.023037296,0.09861108,0.010697472,0.27915844,0.5113
hurricane harvey and irma disasters bring potential of 700b unpaid mortgage balances,6,1,0.01431417,0.70277506,0.008871493,0.008733452,0.018114554,0.024099244,0.18271294,0.040379014
this worked for detroit and puerto ricolol,7,7,0.021071142,0.04475041,0.013936673,0.020262947,0.09181276,0.012601288,0.2587393,0.5368255
hurricane harvey victims waiting for food houston texas 2017 colorized,0,0,0.9088683,0.010906612,0.010246776,0.013281328,0.014192247,0.0102491705,0.01953368,0.0127218785
gov edwards announces statewide blood drive to help victims of hurricane harvey nwlanews,4,4,0.021862736,0.0182813,0.0143375555,0.03000062,0.74516493,0.012991092,0.07049588,0.086865835
i just had to evacuate my home in california due to the wildfire obviously i took the essentials,0,0,0.76213413,0.08430044,0.015985055,0.020116633,0.02245532,0.022264732,0.053783033,0.018960573
birds parrots irma take care little birdies,7,7,0.025944602,0.03655901,0.014122301,0.02627411,0.11074353,0.012970766,0.28042752,0.4929581
dead ass a12 2a12 2a12 2 harveyirma kenneka jenkins iphone x,7,7,0.017416162,0.032414593,0.013650027,0.025654228,0.07961354,0.014137421,0.24074963,0.5763644
hurricane maria intensified explosively today from cat 3 to cat 5 loop,6,6,0.017654462,0.1306106,0.011375427,0.016623402,0.048114657,0.015444414,0.5977623,0.16241476
matt harvey fucks,7,7,0.035776626,0.037752304,0.019435704,0.026907919,0.062639624,0.0134107955,0.21631359,0.58776337
needing irma resources visit for an updated list dial 211 or text your zip code to 898a,4,4,0.022433838,0.04281149,0.009444326,0.026343113,0.38785464,0.013341063,0.2681135,0.22965796
sandy survivors warn harvey and irma victims about whats ahead,6,0,0.8982536,0.012485569,0.011653423,0.012449817,0.013625505,0.009112008,0.027425628,0.014994591
hurricane marias predicted path twitter,6,6,0.022215085,0.10315686,0.009786239,0.015798105,0.04321488,0.014664455,0.59082574,0.20033863
fundraiser for hurricane irma and harvey with women beyond survival,4,4,0.024354754,0.022453004,0.010756591,0.026935453,0.6991999,0.013083475,0.09456212,0.108654745
they did it supplies at ix to leave for puerto rico reports,4,4,0.015819732,0.02602428,0.011979715,0.027740318,0.71762574,0.016399102,0.08513988,0.09927122
attagirl aracely way to get out there today to clean up for our neighbors a12saa14da127a128sd6workin4u harvey,7,4,0.013789247,0.029212588,0.013005295,0.02777708,0.5660777,0.0145544885,0.13244288,0.20314077
jose is expected to weaken as he moves north along the e coast while maria is expected to strengthen as she movea,7,6,0.018372685,0.10760465,0.010985644,0.01809839,0.05038482,0.0151672885,0.5616641,0.21772249
lets help to make them strong again hurricanemaria,6,4,0.01751792,0.026671115,0.010471764,0.027405243,0.63849247,0.014656938,0.11575938,0.14902511
need a job fema needs texans to help with harvey recovery,4,4,0.017991008,0.022982687,0.010757142,0.027877703,0.7080896,0.014896573,0.08984349,0.10756179
sent this to irma and he left me on read,6,7,0.041389532,0.03931669,0.026807511,0.033906933,0.05339361,0.01796468,0.21179242,0.57542866
uw experts weigh in hurricane irmaaos unique magnitude future recovery response,6,6,0.01763939,0.20936339,0.0068791867,0.013827096,0.05385464,0.016515914,0.54293895,0.13898139
oh my god i never actually tried using the tornado in lego dimensions before this is cute,7,7,0.025087057,0.035410874,0.015229824,0.027645485,0.08129088,0.01293462,0.2507034,0.5516979
thousands homeless as mexico quakes death toll tops 300,2,2,0.012279624,0.007618443,0.939269,0.011568497,0.006599856,0.010305419,0.0052037043,0.0071553737
major hurricane 0 maria category 3 115 mph windmapapp,6,6,0.018779323,0.10435184,0.010952286,0.017343001,0.04793991,0.015699066,0.5886146,0.19632001
rich rodriguez ranked 38th best college coach by athlon,7,7,0.029335337,0.031703133,0.024226427,0.027041731,0.085143834,0.0137782935,0.24957635,0.5391949
3monthold girl who was ripped from fathers arms during hurricane harvey found dead,2,2,0.009312297,0.009625236,0.9127089,0.027826346,0.00791337,0.016802993,0.006294472,0.009516424
expert warns harvey will be us most expensive natural disaster via,6,1,0.02432726,0.43459374,0.0108230375,0.010445893,0.023631645,0.023326844,0.4022839,0.0705678
this is where one of the best computer models predicts harvey will besix days from now,6,6,0.01577297,0.15582024,0.00989914,0.014479255,0.037942722,0.015937546,0.56330764,0.18684046
looking for answers times reporters tested the water in houston,6,7,0.021026347,0.102126375,0.008698577,0.02021222,0.08924361,0.013195332,0.3664777,0.37901992
matt harvey fits in with the mets highly questionable rotation,7,7,0.031452566,0.038996067,0.01600435,0.027466493,0.07395504,0.0151403,0.22859599,0.5683892
tornado warnings popping up in south florida as irma nears,6,6,0.019593287,0.14353961,0.011760377,0.014673165,0.039357226,0.015125318,0.6034034,0.15254766
from a one on onea documentary shows puerto rico school before the storm,7,1,0.029756155,0.360463,0.0076326476,0.014205211,0.04045511,0.017939568,0.35522124,0.1743271
my son playing in prospect park jnj hurricaneirma2017 hurricanemaria,7,7,0.044677194,0.028790975,0.010129203,0.029372653,0.120339155,0.011346423,0.23940457,0.51593983
california and wines postfire wine sommelier sfrfoodies,1,7,0.019188277,0.03482063,0.014652206,0.023249462,0.08152807,0.013006643,0.27609754,0.53745717
puerto rico is a ghost town as visitors stay away after storm,6,0,0.71699023,0.07022113,0.010896167,0.018506909,0.016156413,0.015308165,0.1002132,0.051707804
key largo couple says hurricane irma took water away from florida bay,1,1,0.053092435,0.701241,0.0074890363,0.010316243,0.023211703,0.023921292,0.14900523,0.031723052
lots of our forest to haul away thanks irma,6,4,0.0174684,0.09077579,0.008329838,0.02568435,0.3727787,0.018839568,0.26215196,0.20397139
are harvey and irma good enough reasons to dump mcdonaldas stock via,7,6,0.013436255,0.104221955,0.011902949,0.020041617,0.062284846,0.017732179,0.41440138,0.35597873
she died in california wildfire trying to rescue hera puppy,2,2,0.016308177,0.007791467,0.9033125,0.027714092,0.012539099,0.013846709,0.0070851855,0.0114027625
i came back from hurricane marias aftermath to annoying fan wars but what was i expecting rly,7,6,0.039856628,0.12720497,0.015761146,0.017070968,0.029234035,0.019108657,0.4362222,0.31554136
powerful 71 magnitude earthquake hits southern mexico,6,6,0.018024685,0.286824,0.019280422,0.012961548,0.027067859,0.017328968,0.49664453,0.12186805
warmer waters are fueling hurricane harveyas power,6,1,0.01553317,0.4572891,0.007874846,0.011014021,0.025513072,0.02061473,0.3810699,0.081091136
hurricane harvey strikes a powerful blow to texas and lingers,6,1,0.0199724,0.48603413,0.011161474,0.009734505,0.020829452,0.019274872,0.37230185,0.0606912
a few anxious faces around gintime o8 irma,7,7,0.11208759,0.03868039,0.015430285,0.02616884,0.04942448,0.013287334,0.28076634,0.46415472
held a miracle minute and raised 900 to aid victims of hurricaneharvey,4,4,0.015728936,0.020446751,0.016237995,0.02935658,0.7503999,0.014719856,0.066283874,0.0868261
after irma solar plus storage a small beacon of light in a sea of darkness,7,6,0.011485551,0.1822976,0.008124693,0.020470245,0.15800835,0.018535888,0.3700423,0.23103532
rockport tx 08272017 video footage via harvey hmrd,7,6,0.012448457,0.20866986,0.008622643,0.015881518,0.03904745,0.016992455,0.4856015,0.21273611
1 oz silver coin 2015 proof blue marlin guy harvey designed gainsville,7,7,0.015467953,0.03924364,0.016276872,0.026236765,0.09486784,0.01576664,0.2573899,0.5347504
live qampa hurricane irma slams florida,6,1,0.015653182,0.49101618,0.0115523515,0.010003298,0.020895135,0.020445628,0.36938128,0.06105303
confirmed tornado with storm north of south lake tahoe california cawx,7,6,0.015129016,0.18721507,0.010574847,0.015443064,0.038008317,0.014343343,0.5574717,0.16181454
hurricane maria not getting same amount of coverage as harvey ora irma,6,6,0.016690534,0.21051711,0.008766302,0.013955094,0.037136216,0.016731432,0.54516304,0.15104033
guy fieri cooking 5000 meals day wildfire victims,7,4,0.02082571,0.022932714,0.011400735,0.02666856,0.6970157,0.013198902,0.09604719,0.1119105
trump tells people of puerto rico not to believe the fake news about response to,7,7,0.022510575,0.04302929,0.01395926,0.020686643,0.07617745,0.011566446,0.28946808,0.52260226
hurricane maria is pounding our hotel in fajardo puerto rico tourism,6,1,0.016084336,0.7875187,0.008212815,0.00802364,0.011903635,0.024697265,0.11363252,0.029927082
distributing tarps in huamuchil oaxaca mexicoearthquake,4,4,0.013707907,0.035251047,0.010775762,0.02686116,0.6068903,0.017277414,0.12279664,0.16643985
in this afternoons matinee performance mr harvey thorne will be playing the part of al jolson,7,7,0.03224258,0.031794947,0.019976009,0.0297843,0.10222017,0.014750767,0.20030878,0.56892246
anura were you scraping coconut for one year via lka srilanka floodsl,7,7,0.021925522,0.0494752,0.010310526,0.021916764,0.08762474,0.011914989,0.3025951,0.49423715
these photos show how residents are coping in puerto rico nearly one month after maria,6,0,0.9069385,0.014653481,0.010749925,0.012666543,0.011726233,0.011039271,0.02025414,0.011971987
espn puerto rico tipoff relocated to ccu because of hurricane maria,7,6,0.018236997,0.0643464,0.0103402,0.018982193,0.09260469,0.012689473,0.4118084,0.37099165
the ocean is already picking up irma didnt do anything this soon,6,6,0.0125591,0.20506077,0.009880263,0.013581548,0.037442043,0.017090434,0.52274245,0.18164346
harvey a storm like no other by creationcare healthykids,6,6,0.02316471,0.09526581,0.008219417,0.015288355,0.05228653,0.012871969,0.52577114,0.26713198
irma harvey florida have mercy blacks just trying to feed their starving families,7,0,0.45056793,0.01833189,0.010023851,0.035753824,0.26982987,0.0115955295,0.105839856,0.09805726
schilling defends trump on puerto rico yet warns of grave consequences ahead,7,7,0.027085312,0.04533777,0.019283744,0.021696324,0.057708487,0.012299377,0.29663506,0.5199539
portorico hurricanemaria scam spam they keep on trying,7,7,0.01789976,0.04810985,0.011190773,0.020792678,0.08780559,0.013067262,0.2869165,0.51421756
urgent support needed for dominica island hardesthit by hurricanea maria,4,4,0.022618115,0.02213149,0.009781269,0.0300851,0.7215435,0.014474754,0.082455814,0.09690996
first indulgence since irma still no power but i have my caramelmacchiato,1,6,0.014287422,0.24273863,0.014007578,0.017260566,0.038573835,0.020678023,0.3573793,0.29507467
dallas readies itself for influx of hurricaneharvey evacuees hurricanerelief,0,0,0.5925293,0.018268151,0.010662262,0.035136193,0.2225508,0.015715279,0.066996515,0.038141478
south florida peeps we need volunteers hurricanemaria puertorico,4,4,0.018608667,0.020766275,0.010387361,0.029659733,0.69876987,0.014997871,0.08736802,0.11944216
is out of patience with democrats who think we cant afford nice things like saving the planet,7,7,0.020817356,0.04355589,0.0131591065,0.022146545,0.09278697,0.013368165,0.2757423,0.51842374
mexico city earthquake a rescuers battle to save children trapped beneath rubble of schoola,4,4,0.05110714,0.019696424,0.021774601,0.10051956,0.6934262,0.023230178,0.042845372,0.04740056
mexico city a risk from earthquake tremorsbuiltup on top of,7,1,0.016175864,0.5213449,0.010582762,0.010543521,0.018973988,0.022372158,0.32883263,0.0711742
captive blackfish tokitae left 2 fend 4 herself during irma v freelolita,6,0,0.8748139,0.008946832,0.010052677,0.025950566,0.019282607,0.0102055175,0.027347738,0.023400318
we want to make floridians aware of an important issue called assignment of benefits heretohelp irma,4,4,0.025521975,0.031094309,0.010102098,0.02437887,0.38261858,0.011706385,0.22319569,0.29138204
classless trump insults california by sending warm respects during wildfire a resist za,7,7,0.029241765,0.03272761,0.0176091,0.025148254,0.088101275,0.011418241,0.2586278,0.5371259
a couple of middle school students are raising money to help californias fire victims,4,4,0.019079296,0.019473411,0.014331856,0.029752063,0.73615104,0.013393137,0.06953763,0.098281555
far from baseball norm charlton looks to rebuild his hometown after hurricane harvey,4,1,0.026672592,0.59062564,0.0054508597,0.014293543,0.057616796,0.023189118,0.1989232,0.083228216
hurricane irma took their homes and possibly their future news,1,1,0.024038916,0.8174323,0.01317156,0.009272783,0.009660688,0.03178324,0.07780532,0.01683528
harvey did next to nothing for oil in comparison to katrina,6,6,0.011533159,0.2788472,0.010448536,0.013952628,0.04650786,0.018561918,0.4775518,0.14259687
one of our safety patrols escorting 2 of our prek students to class our first day back after hurricane irmaa,4,4,0.06470679,0.021766247,0.009461086,0.04098063,0.5072604,0.013930291,0.17032248,0.1715721
barry bonds among pro athletes who fled golf club ahead of california wildfires,0,0,0.8438371,0.011455915,0.011121676,0.016701275,0.024219116,0.0081452625,0.046176024,0.038343593
our little town of nome hurricaneharvey texasstrong,7,1,0.018043727,0.5759526,0.0063902424,0.011140419,0.021825915,0.020631775,0.2507894,0.09522596
california suburb destroyed by fire last night,1,1,0.011888061,0.8461794,0.015134621,0.009262556,0.011409785,0.033142272,0.055758223,0.017225197
dad where are the lights its been one month son the politicians of puerto rico stole the lights,7,7,0.01478073,0.27343786,0.025574798,0.026359443,0.061699413,0.036740825,0.2304148,0.33099216
new new hurricane maria puerto rico officials describe apocalyptic conditions,7,6,0.022406623,0.3034267,0.007944472,0.011937862,0.030111916,0.016575161,0.49585143,0.11174582
woman at las vegas shooting loses california home to wildfires,1,1,0.27757505,0.28697073,0.088178866,0.06781284,0.017668882,0.21497656,0.032888822,0.013928276
harvey aftermath houston open for business other cities suffering,6,6,0.035039257,0.18350466,0.005764771,0.013356346,0.04999778,0.014877552,0.49715272,0.20030694
5am advisory maria weakens significantly overnight but it is still a hurricane with winds up to 80 mph,6,6,0.01866756,0.172249,0.012454729,0.015892228,0.03907918,0.016352637,0.5929781,0.13232654
hurricane irma charleston flooded neighborhoods watch now 9,1,1,0.012694804,0.82902825,0.010719213,0.008599734,0.011806814,0.026947873,0.08207516,0.018128242
hurricane irma could hit us by this weekend after harvey devastation,6,1,0.018332724,0.5390816,0.00951339,0.009664771,0.019933658,0.020167429,0.33305264,0.050253797
much like harvey hurricaneirma could bring rain to arkansas as it fizzles out arwx,6,6,0.014815019,0.20375793,0.009584259,0.013528481,0.036401052,0.01635136,0.5482239,0.15733798
oil amp gas operators increase number of evacuated platforms due to harvey oilandgasnews,6,4,0.018222766,0.058688097,0.0126158595,0.029733414,0.6702613,0.023569712,0.109486416,0.07742246
tropical stormhurricane lee will likely interact with mariamary later this week,6,6,0.02072698,0.09868792,0.010363906,0.018226823,0.05116621,0.015284822,0.5971395,0.18840383
michael buffer had his steve harvey moment with carlos estrada winning the fight,7,7,0.034212593,0.034382883,0.019334957,0.029245818,0.066800356,0.014644424,0.20715138,0.5942276
republikkklans rnc gop voted against 4disasters harvey irma katrina thank a democrat,6,7,0.01754579,0.06295097,0.013060883,0.01953704,0.08062268,0.013503326,0.3136344,0.47914487
mims family of 7 loses everything to tornado during irma gt,0,0,0.46192318,0.10733976,0.16226132,0.107383326,0.016816238,0.10449804,0.027146325,0.012631803
thats cause steve harvey did the announcinga,7,7,0.020852655,0.049128402,0.013245004,0.01930401,0.07564219,0.014058612,0.26942146,0.53834766
provides shelter for evacuated zoo animals during hurricane irma,4,4,0.022886498,0.01983204,0.0119146155,0.033363145,0.75763893,0.015038206,0.06590606,0.07342056
as i pleas bring these supplies everything will be donated to those impacted by hurricane harveyas i,4,4,0.016140781,0.02264259,0.013900776,0.029212449,0.7492845,0.016851,0.068442926,0.083524935
did the dark state create harvey fakenews propaganda,6,7,0.016331796,0.0906126,0.010350249,0.017493943,0.062941805,0.014733385,0.39161336,0.39592287
california architects begin to assess the catastrophic wildfire damage,6,1,0.012161447,0.8044929,0.008074051,0.008460452,0.021347262,0.02420393,0.09545156,0.025808508
this graphic feels like a very poor representation of actual real life hurricane maria,6,6,0.020547584,0.15493245,0.008697421,0.014155406,0.038316134,0.01591909,0.52122205,0.22620982
first time i text mora in months and he thinks all im trying to do is get drunk smh,7,7,0.05009809,0.036271848,0.022161426,0.03509513,0.054738503,0.015982628,0.21768261,0.5679697
pre august 11th at 730am and post september 18th at 730am irma fortunate and resilient,6,6,0.015747903,0.052072886,0.012065996,0.02038359,0.07253618,0.013989269,0.41832584,0.39487833
mexico earthquake relief paypal donations donativosrescatetoposorg toposmx,4,4,0.014318149,0.02396706,0.012389305,0.029119005,0.6854822,0.015384548,0.089260474,0.13007918
irma will cost disneyworld other theme parks millions via orlando sentinel,7,1,0.012416955,0.7909523,0.012909177,0.0076580797,0.014084685,0.024893954,0.10570544,0.03137937
northern california wildfires are devastating the areas cannabis crop cannabis,1,1,0.016079731,0.8238049,0.011613888,0.008056245,0.011424687,0.023961764,0.083749846,0.021308828
join the pro bono attorneys helping with californias fire recovery,4,4,0.015175867,0.03465834,0.010136414,0.025759054,0.6243757,0.015739186,0.12908101,0.14507446
day 8 no power irma sarasota,1,1,0.012382349,0.7318201,0.020135583,0.0115523385,0.014372772,0.024227161,0.13503405,0.050475582
deadly aftershock volcanic ash spread alarm in mexico,6,1,0.012057545,0.70972043,0.016610442,0.009618707,0.014734273,0.019444173,0.17554374,0.0422707
to show you how scary hurricane harvey is,6,6,0.030230952,0.18791471,0.008109279,0.0135031035,0.03456354,0.016193906,0.5537764,0.15570815
this was taken the day we left summerland key floridakeys irma hurricaneirma missing the keys pretty bad today,6,6,0.012911574,0.33810678,0.009407917,0.015321137,0.028521618,0.01987737,0.38571647,0.19013712
know your hurricane evacuation zone,6,6,0.0675545,0.12419665,0.010164364,0.02024166,0.124163225,0.017848643,0.4778351,0.15799588
ever since harvey melania has looked like secretservice,7,7,0.028863229,0.04211421,0.014512315,0.024657771,0.05590167,0.013803855,0.23795903,0.5821879
top charity found scamming hundred of harvey victims out of food do not donate,4,4,0.2269159,0.02011759,0.013508364,0.039124202,0.36249924,0.011483647,0.14905654,0.17729458
this really puts things in perspective please help houston however you can harvey,4,4,0.01901101,0.02715231,0.010804468,0.02822287,0.49571717,0.013341505,0.1649417,0.24080896
ibec emergency housing wkh puerto rico,6,4,0.015631424,0.037548494,0.00965967,0.02661268,0.5287221,0.01617361,0.15934801,0.20630406
govt donates b2m to help floodstricken sria lanka,4,4,0.01614049,0.022678435,0.016178526,0.029041989,0.75564384,0.016243244,0.06483592,0.07923752
introducing the new 2017 puerto rico a14y5a14y7state seal,7,7,0.019861326,0.03379591,0.012896826,0.026104603,0.08591964,0.017692257,0.22883321,0.5748962
final 49 knox webb 22 blue tornado improve to 31 gobigblue,7,7,0.021087637,0.041571338,0.02041997,0.025531407,0.08056907,0.012645061,0.27129543,0.5268801
forcecast track of hurricane irma has trumps maralago club in its sights,6,6,0.013386055,0.1795017,0.009154869,0.014460349,0.03827218,0.015978307,0.5437407,0.18550594
liga fully sustainable and disaster resistant living environments irma harvey,6,1,0.025260411,0.5326976,0.006732888,0.01130189,0.031330343,0.019647317,0.2977184,0.07531111
bryn amp harvey all the way from england whos the bigger kid bbl06 turnuptheheat,7,7,0.041706324,0.029096315,0.015922297,0.026042987,0.06569004,0.011597508,0.21997106,0.5899735
harvey victims worried irma could slow recovery read more victims,0,0,0.8849637,0.028085398,0.011677805,0.011706529,0.011406175,0.013962248,0.027246999,0.010951155
is puerto rico part of the us another katrina should we help them heres how to donate,4,4,0.015736282,0.028508019,0.010454341,0.025521046,0.5665921,0.013985552,0.14250912,0.19669357
aztf1 has been demobilized from harvey were heading home,7,6,0.014409934,0.08157942,0.0077943467,0.019126888,0.07725711,0.020171696,0.4516812,0.32797942
donald trump is yet to address the deadly iraniraq earthquake but has had time to tweet,6,7,0.016319709,0.0706416,0.017682062,0.021361884,0.06490273,0.013609715,0.34232995,0.45315236
mexico im sad i think of wenchuan earthquake in chinaa123a123,7,7,0.033274304,0.047053445,0.012636522,0.020744072,0.05015167,0.012739895,0.31631935,0.50708073
abannon says bush 43 a most destructivea,7,7,0.021559078,0.046458744,0.018352639,0.020536534,0.061673913,0.014525438,0.26600096,0.5508928
de mora just landed,7,7,0.01592553,0.05349767,0.012691813,0.022384912,0.06397103,0.015214798,0.35591304,0.46040124
if youre looking for a way to help my church has a few good options hurricane harvey relief cottonwoodfamily,4,4,0.016213087,0.025353292,0.0109835835,0.027253207,0.6749305,0.014435116,0.101373844,0.12945738
ozarksfirst kolr hurricane irma death toll at 9 as florida awaits storm,2,2,0.007481844,0.0081831645,0.9439132,0.010078215,0.006587496,0.01080694,0.0054267966,0.007522321
iraqiran earthquake from bhuj to haiti the deadliest quakes of this century worldnews,6,2,0.013544129,0.30462503,0.38238257,0.02036938,0.019322908,0.035858393,0.15577613,0.06812148
stepupfortexas help our kxly radio stations raise money for victims of hurricaneharvey,4,4,0.014870378,0.02339145,0.013469184,0.028059723,0.7148697,0.015286856,0.08079905,0.10925375
mexico drops harvey aid to texas citing its own natural disasters,4,4,0.014757543,0.025410784,0.012677575,0.02788905,0.71541506,0.016352106,0.088137746,0.09936005
coast guard investigative service agents inspect sailboats damaged by hurricane irma in key west floridaa,5,5,0.019292718,0.170832,0.026041405,0.037502486,0.029893387,0.6650366,0.033736113,0.017665254
34 pot farms have burned down in california wildfires via socialmedia mlm,1,1,0.011202741,0.83976066,0.016763324,0.009346241,0.011699526,0.034770384,0.056847718,0.01960946
funnel cloud reported w tornado warning d sdwx,6,6,0.017698247,0.13742669,0.011026763,0.016057186,0.042176336,0.01380969,0.5857248,0.17608038
four tornadoes have been confirmed so far from irma full report scwx gawx,6,6,0.013682148,0.17948951,0.026100876,0.019976674,0.039366405,0.018652836,0.54097193,0.16175966
carlton church plans fundraiser on oct 29 for community in puerto rico,4,4,0.014617577,0.024683334,0.011940779,0.027888305,0.6895379,0.01472868,0.09214526,0.12445823
so sad to hear about the earthquake in mexico city my thoughts go out to everyone there a12ca12c mexicocity,6,7,0.042606756,0.049397707,0.039145462,0.024924014,0.082959756,0.01565275,0.3138506,0.43146294
powerful hurricane irma slams caribbean eyes us,6,6,0.016074713,0.37898302,0.0095614195,0.011219042,0.024932602,0.018786673,0.45533642,0.08510614
tesla starts energy storage at hospital to help puerto rico,4,4,0.0133322785,0.030086752,0.013148927,0.029088827,0.7319922,0.01840018,0.07646185,0.08748902
huge earthquake could strike today says prophet who predicted iraniraq killer quake,6,6,0.016157648,0.14131235,0.014928467,0.014300166,0.037121464,0.014941119,0.5290474,0.23219141
tell us how you really feel obx hurricanemaria,7,7,0.030986434,0.037138056,0.01338163,0.026217382,0.07522338,0.012831414,0.2674541,0.5367676
also had to replace my tryb thanks to harvey fuckoffharvey,7,7,0.018261077,0.28889763,0.010035514,0.016761174,0.045322064,0.04706641,0.2722373,0.30141887
kids open lemonade stand to help raise money for animals displaced by hurricane harvey,4,4,0.017863184,0.019256653,0.014667062,0.03258678,0.7585964,0.014900901,0.060832907,0.081296034
dr jim denison california wildfires whose door will you knock ona today,7,7,0.023359012,0.03631286,0.012833521,0.02355766,0.07609854,0.012244885,0.2881308,0.5274628
thankfully we are free of damage and are back in full swing post hurricane irma,6,1,0.012622259,0.8080195,0.010437052,0.008785053,0.015293603,0.033807818,0.08944805,0.021586748
raytheon coyote uavs help noaa track and model hurricane maria,6,4,0.013801384,0.027246267,0.011277965,0.027808841,0.6538244,0.015386543,0.10902769,0.14162697
although i got this care package after irma my girlfriend is still the best dd,7,7,0.03326557,0.024103804,0.017798938,0.033891045,0.11771566,0.015776124,0.20643985,0.55100906
horses sheep amp turkeys evacuated from fire how to help after california fires,6,4,0.037557416,0.016470542,0.011080786,0.034702815,0.72108555,0.012779047,0.07744039,0.08888339
fl irma preliminary needs on bigpinekey distribution center 30250 overseas hwy big pine key fl 33043a,4,7,0.009951424,0.1415503,0.009586752,0.025667576,0.22590226,0.024437405,0.27981424,0.2830901
and get puertorico users cell service,7,7,0.032172844,0.15005544,0.011285961,0.019941472,0.0579566,0.016143726,0.34663543,0.36580852
rain brings breath of fresh air to areas hit hard by california wildfires,6,6,0.095305786,0.25774336,0.0074642375,0.013428307,0.06957068,0.016150607,0.4297548,0.110582195
how to help victims of the northern california wildfire,6,4,0.077487886,0.01780533,0.012451911,0.031044373,0.6506291,0.010806544,0.09903119,0.10074366
looking for a new pet dogs rescued from puerto rico are looking for new homes in nyc,6,4,0.091181025,0.022066753,0.016790299,0.17766137,0.39142504,0.033120003,0.096124046,0.17163143
71km ssw of paredon mexico earthquake mag 57 september 24 2017 060612 100612 gmt,6,6,0.014610497,0.105422765,0.0165996,0.020087428,0.049793076,0.015141357,0.4957642,0.2825811
53000 people made homeless by hurricane harvey what happens next,0,0,0.90976125,0.012849599,0.013326499,0.014307067,0.011570492,0.011783569,0.016695693,0.009705864
puerto ricans in ct wait anxiously for news about hurricane,6,0,0.8331003,0.022265771,0.011940349,0.014072237,0.01612537,0.010973488,0.055283442,0.03623902
la mina in earlier this year i cant imagine what hurricanemaria has done to this rainforest amp ecology,1,1,0.011746391,0.5948775,0.010093776,0.010384264,0.020718738,0.01778244,0.25091553,0.08348131
land ofrost chipped in time and person power to provide relief supplies to hurricaneharvey victims in houston,4,4,0.0135784205,0.03019989,0.013895567,0.028328141,0.74481845,0.018719422,0.07226521,0.07819485
harveyas heroes area man steps up when no one else will patxnews,7,4,0.033681333,0.016604502,0.011655194,0.037826233,0.6284473,0.012178575,0.100197576,0.15940936
from the archive macron i will help st martin recover from irma,6,4,0.01395615,0.03186965,0.011592967,0.02648701,0.6757042,0.015805837,0.106835686,0.11774853
an update from about disaster relief in response to hurricanemaria,4,4,0.013258096,0.043043375,0.01241039,0.025205659,0.6205897,0.01833948,0.13939546,0.12775783
creating new voters daily a343,7,7,0.048131786,0.033047177,0.021480326,0.03237889,0.0945816,0.012888926,0.25925276,0.49823847
maria is still a major hurricane and will actually have a positive effect on our weather this weekend dry,6,6,0.018174708,0.122213595,0.011011989,0.015605056,0.04621606,0.01490801,0.59354204,0.17832851
raiders release statement on central mexico earthquake,7,6,0.01918379,0.05658336,0.010506445,0.018587312,0.10050966,0.013081706,0.4070329,0.3745149
earthquake ml 39 eastern iran emsc,6,6,0.015826896,0.09946256,0.015939696,0.01729341,0.04663508,0.013502324,0.46596014,0.32537982
hurricane harvey another crushing burden for houstons poorest and most vulnerable,6,0,0.80511105,0.052626554,0.012486671,0.011507973,0.019362634,0.012950114,0.06340768,0.02254736
after hurricane irma group handing out bulk bbq at germain arena,4,4,0.017531652,0.036568593,0.00920779,0.026346944,0.60822266,0.01594466,0.13993306,0.14624465
when you try to figure out how pellegri salcedo mora60m nainggolan60m,7,7,0.024536783,0.034452412,0.01297346,0.024297943,0.07573352,0.012430824,0.24929231,0.5662828
hurricane maria has left a path of devastation behind it heres how you can help gtgt,6,1,0.019747112,0.7949152,0.007935956,0.009289986,0.026396254,0.025561452,0.09426843,0.021885602
bayarea restaurants join forces help north bay fire,7,4,0.015593237,0.02758008,0.012638459,0.026535032,0.7064356,0.01637251,0.09074878,0.10409631
shop kipsongo and help us support rebuilding efforts in the virgin islands post hurricane irma shop kenyaa,4,4,0.013944174,0.03654176,0.011862765,0.02692886,0.7053048,0.017055582,0.09210355,0.09625857
radio reports on california wildfires,7,6,0.025872674,0.18064956,0.011243447,0.013629335,0.040234715,0.013756854,0.48461825,0.22999515
large tree fell in mount mora cemetery no tombs seem to be damaged,7,1,0.00986652,0.8396826,0.019041184,0.010698848,0.01103443,0.038752377,0.049671642,0.021252545
apartment residents angry displaced after irma,7,0,0.9037557,0.017876897,0.010547495,0.013394886,0.010912359,0.01270778,0.019644123,0.0111607285
need something to get your over hump day come out to b3 brew beats amp bites at perry harvey park starting at 5 pm,7,7,0.02280214,0.030463085,0.014813519,0.024070865,0.1272369,0.011738163,0.22571142,0.54316396
beautiful samoan firefighters sing moving hymn in midst of california wildfiresa,6,4,0.020748185,0.022811413,0.01124371,0.030982902,0.64053464,0.013561767,0.109323844,0.1507936
telegraph pics landlords demand rent for flooded homes from hurricane harvey victims,1,1,0.030581249,0.67275846,0.0063690688,0.01413808,0.06973716,0.047735844,0.12512481,0.033555306
insurers and reinsurers struggling to assess the damage of hurricane harvey,4,1,0.012512965,0.7735818,0.007307652,0.009444579,0.024656037,0.027265439,0.12001623,0.025215378
106th rescue wing returns from harvey irma missions,6,4,0.014649543,0.025317997,0.011702779,0.030454243,0.73154753,0.017376862,0.07965389,0.089297175
hurricane maria a the aftermath a st croixa usvi,1,6,0.016122827,0.21497455,0.009440565,0.013561399,0.037720945,0.01563218,0.54852325,0.14402434
if hurricane maria kills me gets my warhammer stuff this is a legally binding tweet,7,7,0.021228932,0.07885727,0.017058073,0.020779287,0.036638178,0.017064402,0.36243668,0.4459372
do you have boat damage due to hurricane irma we can assist you with filing a claim with your insurance company,1,1,0.015886074,0.6045228,0.016803619,0.020905636,0.02426899,0.23222567,0.063510105,0.021877093
icymi raradio samaritans purse ramping up aid efforts in caribbean after hurricane maria,4,4,0.012931067,0.02654438,0.013264958,0.028957512,0.7216364,0.016777817,0.08108525,0.098802686
trending in scuba hurricane maria relief,7,6,0.016590243,0.06596246,0.008613315,0.021368636,0.18069299,0.013432853,0.3559576,0.33738184
wh releases pic of trump signing harvey aid etc into law earlier at camp david,6,7,0.013917632,0.0449822,0.012063022,0.025197892,0.2977484,0.014997705,0.24811539,0.34297782
new assessment data on hurricaneirma irma,6,6,0.014527427,0.24106078,0.008407475,0.013335246,0.039911687,0.015573927,0.5312454,0.135938
perspective amp fright cat 5 irma from the virgin islands ht fox35,6,6,0.015868708,0.11146977,0.009514726,0.016752802,0.04761773,0.013692813,0.54699165,0.23809175
weighing the hazards as i via,7,6,0.036540322,0.078838535,0.011626518,0.01858638,0.049373146,0.014080137,0.406489,0.38446602
icymi maria will be joining monica in puerto rico on monday to help distribute supplies a12fa14bai a14y5a14y7 beblessed,4,4,0.01328769,0.024165092,0.013069362,0.028254617,0.65855855,0.015393061,0.09990176,0.14736994
harvey and ruby waiting to settle down and watch crufts2017,7,7,0.16421936,0.027683567,0.010924718,0.032884456,0.06540898,0.011622707,0.23806776,0.4491884
irma the savage rat ripshelia,7,7,0.02877803,0.038030412,0.012630199,0.023255289,0.058073446,0.012724332,0.2619341,0.5645742
watch teaming up for texas telethon with coach cal and the cats on from 330630 pm,7,4,0.018328467,0.026178185,0.01105673,0.027797211,0.38111392,0.013034025,0.20231734,0.3201741
how about getting some power to the american citizens in puerto rico you hopeless asswipe,6,7,0.026486106,0.043954056,0.012542807,0.021247989,0.10162099,0.011745494,0.2696025,0.51280004
kill people burn shit fuck school 666 ofwgkta i punch bitches stop kony 2012 fuck steve harvey,7,7,0.020606382,0.04838215,0.021701239,0.02432918,0.06622346,0.013603452,0.25191388,0.5532403
not irma anymore his name is dukeaf,7,7,0.05782816,0.027587242,0.01860408,0.044855405,0.059548542,0.013511861,0.20125124,0.57681346
join us in the clubhouse on sunday 18th june for a special three course fathersday lunch,7,7,0.026311297,0.03240612,0.017845998,0.026668461,0.11250308,0.014191315,0.2251815,0.5448923
oh snap darrell issa,7,7,0.027643485,0.038124453,0.018095344,0.025629355,0.059917044,0.013995842,0.22342664,0.5931679
twitter erupted over president trumps federal g tweet about hurricane irma,7,6,0.0166592,0.10684441,0.011635767,0.015408572,0.043746337,0.014175324,0.46587092,0.32565936
in hot weather a power outage can be deadly check on friends neighbors amp loved ones,7,1,0.04621796,0.4822262,0.024261838,0.013412557,0.01962499,0.021173624,0.29168653,0.10139627
congrats on hitting yoir goal guys im sure the victims of harvey will appreciate it greatly,7,4,0.06507261,0.023134204,0.011126331,0.026484953,0.38383922,0.010766079,0.20315069,0.2764259
ive never flown in one of these what a beauty tornado,7,7,0.025163105,0.03387075,0.022922976,0.02987802,0.0851638,0.025558226,0.24303964,0.53440344
21 kids among dead found in school after mexico earthquake,2,2,0.0069744433,0.007976744,0.94149697,0.01247599,0.006559639,0.0119196,0.0051336745,0.007463133
one volunteer me helping another for hurricaneharvey rescues,4,4,0.015044106,0.021381967,0.014412075,0.030421574,0.7356798,0.01574353,0.07046524,0.096851684
california nurse flees wildfires nurse nurses nurselife nursepractitioner nurseblog,7,0,0.81308544,0.01126313,0.010119093,0.020779919,0.034331538,0.008400788,0.05096027,0.051059727
tropical cyclone mora by eumetsat composite image of tropical cyclone mora approaching banga,6,6,0.016816141,0.13368838,0.010059334,0.0188687,0.047423232,0.016013138,0.5744148,0.18271628
champions for puerto rico medical relief in ny nhma2017,7,4,0.013437494,0.026843611,0.012042874,0.027648875,0.66029924,0.015730813,0.10249789,0.14149925
a lesson from hurricane irma bury the utility poles by unknown author via nyt,6,1,0.008848962,0.7340184,0.010761517,0.008874595,0.015271515,0.028094461,0.14727332,0.046857193
jonny gomes bringing huge truck to help california fire victims the kansa royals,4,4,0.014295431,0.020919975,0.015098674,0.029416258,0.7517688,0.018838381,0.06329064,0.086371824
on air sur np fedo mora amp camurri after the rain pochette,7,7,0.017797358,0.04320916,0.012005235,0.02235179,0.092129245,0.013064248,0.28673086,0.51271206
image of the week irma churns up sediment in the florida keys video,6,1,0.009015304,0.7286317,0.010803523,0.009105191,0.01625302,0.019641794,0.16558631,0.04096323
paralympics body postpones world championship over mexicoa earthquake,6,7,0.019351875,0.049612023,0.01901071,0.023013165,0.08373135,0.014075734,0.29255766,0.49864742
so puerto rico was already part of the us somethings fishy with whitefish,7,7,0.021534033,0.05531732,0.014603467,0.020677952,0.066483706,0.014739247,0.26856542,0.53807884
before hurricane irma quinn street flood clean up,1,1,0.011107528,0.43125427,0.009650034,0.020425448,0.19188677,0.030996371,0.20407583,0.10060369
local sheriff smacks down breitbart for bigoted lie about california wildfires,7,7,0.020999698,0.05865002,0.019095201,0.018686302,0.060622524,0.0125626065,0.32508874,0.48429492
breaking tornado warning has been cancelled houston may see some tornadoes overnight tonight harvey,6,6,0.0153469965,0.19646233,0.011719427,0.014750078,0.03243442,0.017696721,0.5746582,0.13693187
pretty sure yall got investigate reporters,7,7,0.02857391,0.044839147,0.015311444,0.022041246,0.06653583,0.014084406,0.2633628,0.54525125
iran survivors struggle in aftermath of years most deadly earthquake,0,0,0.9093338,0.0108429175,0.016613895,0.014176831,0.012332982,0.010849357,0.015446655,0.010403722
losangelestimes the package includes 5765 million for california wildfire,7,4,0.012108264,0.041594017,0.012822588,0.02643127,0.61750346,0.02100157,0.12646005,0.1420788
s a f e b o y e s ready to look for people after earthquake in mexico,4,7,0.046524648,0.01941554,0.010612143,0.07154377,0.29854664,0.016230099,0.20652507,0.3306021
thesciencemic nasa map of wildfire damage helps california recovery effort science,6,1,0.009690023,0.699017,0.007153013,0.011469902,0.04488424,0.023181684,0.15915439,0.04544975
harvey damage could reach 180 billion,1,1,0.011043128,0.8071978,0.012440978,0.008543268,0.014282007,0.023176894,0.10026745,0.023048468
maria wants to do the work irma couldnt completely do 34,7,7,0.017995568,0.04586833,0.009331313,0.0232383,0.13476358,0.012691426,0.32508624,0.43102524
