tweet_clean,y_true,y_pred,prob_affected_individuals,prob_infrastructure_and_utility_damage,prob_injured_or_dead_people,prob_missing_or_found_people,prob_rescue_volunteering_or_donation_effort,prob_vehicle_damage,prob_other_relevant_information,prob_not_humanitarian
has a great event tomorrow for both byu and utah fans to support hurricane harvey relief,4,4,0.00034328978,0.00032535303,4.5060322e-05,8.5815496e-05,0.9090968,7.1254355e-05,0.024298755,0.06573368
now also carlo surf band at 8pm pwyc mexicoearthquake fund,7,7,8.420401e-05,0.00021970319,5.1654628e-05,3.262452e-05,0.0011440098,6.568944e-05,0.02775651,0.97064567
guaynabo resident efrain diaz stands by a bridge washed out by rains carrying debris from hurricane maria cnn,1,1,0.00033792795,0.97942346,0.0003867589,9.682371e-05,0.00078201166,0.0033213252,0.00959328,0.006058371
after harvey irma leaves its own trail of destruction metals,6,1,0.00036102306,0.9816757,0.00031686426,3.4266635e-05,0.00045292804,0.0021264185,0.014361589,0.0006711203
dawn just won 400 and were gonna match the amount for hurricane maria relief,7,7,0.0009143191,0.0015585899,7.678788e-05,0.0002636098,0.13149776,0.000287905,0.051579308,0.81382173
harvey forces national weather service to add new color to its rainfall map,6,6,0.0001924969,0.0035595007,0.0001271713,4.5138044e-05,0.0028604923,0.00016698665,0.88809353,0.10495466
hurrican harvey transposed over illinois to show widespread heavyrain,6,6,0.0068680914,0.22730482,0.006990167,0.0011008293,0.010262932,0.0077102804,0.5286224,0.21114054
wotv news presssec the primary focus right now in puerto rico is relief and support in the rebuilding effo,1,4,0.006215392,0.01891013,0.00014991235,0.0011086661,0.85451955,0.0009267423,0.07625076,0.041918855
harvey bashes texas coast leaving homes damaged residents injured amp without power,1,1,0.0030587944,0.7223583,0.009693108,0.0013701376,0.0007998232,0.26041505,0.0021795416,0.00012531181
puerto rico is now a country dont believe me read,7,7,0.0068821283,0.020027066,0.00033322003,0.000100329366,0.003553798,0.00029953872,0.32973218,0.63907176
so many faves on one track for puerto rico a14y5a14y7 almostlikepraying supportpr,7,7,4.9817663e-05,7.491194e-05,1.29345835e-05,1.301376e-05,0.00018813669,5.807951e-05,0.004149564,0.9954535
puerto rico power massive logistics challenge the commander of the us a usa news,7,1,0.001674755,0.81306446,0.0007159864,0.00019876064,0.04486083,0.0029026791,0.12430599,0.012276502
raises big bucks for mexico earthquake relief,4,4,0.008711733,0.005476105,0.0007596253,0.0007730183,0.46525392,0.0008455814,0.22595562,0.29222438
cyclone mora storm makes landfall in bangladesh six killed,2,2,0.00025309948,0.00039234004,0.9977869,0.00085801503,9.708528e-05,0.0001422938,0.00037484258,9.55493e-05
trump on hurricane harvey we will endure and we will overcome,6,7,0.00045458393,0.0022610172,9.650143e-05,6.4261134e-05,0.0017280104,0.00029455818,0.48602107,0.50908005
m56 earthquake 119km ssw of tres picos mexico 20170929t040022z depth 2166km 94a 2 47 w 14a 54 14 n,6,7,0.0002796634,0.00092298386,0.00017778453,0.00020833997,0.0008170643,0.0001775475,0.052970447,0.9444462
how to help mexico recover from its devastating earthquake from wherever you are,4,4,0.0011916424,0.005553588,4.4226523e-05,0.00013533431,0.93600595,0.00030603644,0.04770103,0.009062097
schools feed studentsao need after hurricane irma,4,4,0.05102461,0.09604082,0.00060895144,0.0027504873,0.763426,0.005734952,0.065238036,0.015176161
hurricane experts on harvey irma and whats next,6,6,0.0008437798,0.0027197935,5.014985e-05,2.2504591e-05,0.0003396485,4.708672e-05,0.9839479,0.012029201
are california forest fire memes worth investing in,7,7,0.00012893807,0.0003727549,4.3254222e-05,2.0753345e-05,0.00010060217,6.3739135e-05,0.022059929,0.97721
helmetcam video amp radio traffic from california apartment fire firefighters,6,6,0.0015913087,0.09181255,0.002282147,0.0007502783,0.0016394699,0.0020126523,0.71345437,0.18645729
north woodlands area church of christ delivers nearly 95k in supplies to harvey victims,4,4,0.0002139611,0.0006574668,3.1142426e-05,5.834357e-05,0.9682579,5.9554633e-05,0.027905254,0.0028163483
money irma business itaos not just toys r us more credit weak spots are emerging ai a,7,7,4.243931e-05,8.622715e-05,1.354304e-05,3.7122598e-05,0.0009642089,4.883473e-05,0.027109884,0.9716977
a very hota weather fire danger expected in southern california algeria u2,6,6,0.000673262,0.002927941,7.883892e-05,2.9927305e-05,0.00036580506,4.29443e-05,0.96059453,0.035286643
wheel wednesday all the way from puerto rico a14y5a14y7a12f jeepwrangler offroad wheelwednesday,7,7,0.000123256,0.00012479194,5.5352863e-05,5.4208984e-05,0.0005578849,0.00011505148,0.008862833,0.99010664
at mexican school hit by quake heartbreak and dwindling hope by paulina villegas via nyt,1,6,0.0019649942,0.13625929,0.00050510775,0.000112234135,0.0078108725,0.00072469295,0.7887649,0.06385784
tornado signature right outside of polygon moving inland from the coast flwx hurricaneirma,6,6,0.001764872,0.027848644,0.00039851677,6.090954e-05,0.0014562764,0.00015803282,0.9642995,0.0040132557
good morning puerto rico oldsanjuan saturdayvibes,7,7,0.00035099877,0.0007166803,9.540185e-05,9.527965e-05,0.001387478,9.703581e-05,0.047564875,0.94969225
first harvey then irma and jose why its the season,7,6,0.0002541966,0.003196673,0.00016039044,4.808956e-05,0.0011867117,0.00022693089,0.75173354,0.24319345
boat and car mechanics in high demand after storms harvey and irma rip through texas and la gulf fla coastal s,6,5,0.016742243,0.1467027,0.01118315,0.0476373,0.018741716,0.74798185,0.009353108,0.0016579808
video shows dog being pulled to safety following earthquake in mexico,4,7,0.0028494017,0.0022398958,0.0003643695,0.006724114,0.3837538,0.004342108,0.17169796,0.4280283
and ahead of hurricanemaria and hurracaineirma the fakenewsmedia never reported this,7,6,0.0005125673,0.0046079215,9.24972e-05,3.6582915e-05,0.001707418,0.00015472338,0.8674753,0.12541305
inbox issues harveyrelated interim charges txlege,7,7,0.0031972905,0.0043116747,0.00061355956,0.0011456917,0.005847381,0.0017183007,0.13894404,0.844222
talkback with cbs manuel bojorquez from mexico city following devastating earthquake,6,7,0.013530247,0.036027685,0.0026553136,0.0012434651,0.0017731175,0.003081998,0.16429776,0.77739036
missing puerto rico amp watching the sun sets at the beach prselevanta ai a14y5a14y7,7,7,0.00012868783,7.220585e-05,9.522723e-05,0.0003097636,0.00032104424,0.00030696634,0.0031032246,0.99566287
trump at a church in puerto rico from jonathan ernst,7,7,0.00026295453,0.0023346124,0.00012798673,4.242851e-05,0.00040028957,0.00030411358,0.01975784,0.97676975
the struggle is real harvey recovery for many houstonians has just begun please remember and be patient,6,6,0.001595639,0.008977444,0.0001765659,0.00012987555,0.02154964,0.00030415037,0.85098726,0.11627936
grabbing hurricane harvey by the pussy fakenews cant keep ignoring this heroism,7,7,0.0010765688,0.0032858115,0.0002894636,0.000156384,0.0015622972,0.00064250414,0.31825927,0.67472774
badass rescue dog who has rescued 52 lives is now saving people affected bya,4,4,0.00033354567,3.18606e-05,1.3978527e-05,0.00015965206,0.99748343,6.720702e-05,0.0011046147,0.0008056836
nations lean on pacific disaster center to prepare for hurricane irma hawaii,6,6,0.00087264023,0.0062007825,9.1947404e-05,5.4755434e-05,0.042900383,9.008621e-05,0.9358529,0.013936535
an iconic moras icon,7,7,0.0023983694,0.0040378417,0.0013910175,0.0012399215,0.0026901236,0.0035124128,0.015550745,0.9691796
i think these new mhts are going to do just fine a12cjnj hurricaneharvey,7,7,1.4461998e-05,1.35827195e-05,2.4332069e-06,5.5911983e-06,0.00015957026,1.1020033e-05,0.0028228387,0.99697053
harvey has got a busy footballing week football twice today football twice on thursday and once sunday,7,6,0.000622254,0.009411364,0.00020785135,0.00015222312,0.0047984747,0.0003294382,0.6864507,0.29802763
over half of puerto ricos schools remain closed,1,1,0.0011928378,0.9611835,0.0004760783,9.321343e-05,0.00078781636,0.005216281,0.01327529,0.01777502
so was californiawild fire w trees standing cars burned wmelted rims bs,5,1,0.0009548492,0.7876613,0.00068389584,0.00080256973,0.0012626171,0.15975878,0.029872019,0.01900393
usd adds exhibition against arizona state to aid hurricane maria victims,4,4,0.00024310409,0.00065975875,4.723569e-05,7.729852e-05,0.9767984,8.370079e-05,0.020043118,0.0020474053
how bout these fine folks in jax tryna pray and sing irma away,6,7,8.281146e-05,3.227338e-05,9.32123e-06,2.0329036e-05,9.363904e-05,2.69392e-05,0.0032848993,0.9964498
babies and stress the facts babies harvey ece,7,7,0.20087333,0.0012991843,0.004271364,0.023183139,0.043559123,0.0070761545,0.018693088,0.7010446
unconsolidated soil partly to blame for mexico city earthquake ksatnews,6,7,0.00078906876,0.0028810122,0.00048626587,0.00022631335,0.001951413,0.00043975768,0.112031855,0.88119423
918 post irma information please continue to handle storm waste safely in the event of an emergency dial 911,6,4,0.0015045736,0.014014181,0.00030619593,0.00065248425,0.47578332,0.00041130968,0.4686465,0.038681433
maria looks more posttropical this morning look for the storm to begin moving out to sea later thanks,6,6,0.00026978282,0.0035442673,7.578346e-05,5.033297e-05,0.0012393954,5.1019317e-05,0.9646652,0.030104266
hemingways house and cats spared by hurricane irma,6,1,0.06810815,0.70008963,0.0017044119,0.0013540867,0.028269574,0.0049440623,0.1847024,0.010827689
tornado of learning learn powerfully like the vacuum of a tornado involving knowledge that you need,7,7,0.013214726,0.03544524,0.0009133648,0.0009321497,0.005077538,0.0017754185,0.28839996,0.6542416
hernandezs big game means dodgers owner owes 1m for pr relief,7,4,0.0011281439,0.0019782733,0.0001210414,0.00041782486,0.9191508,0.00060281705,0.02242493,0.05417597
video of live tv interview shows the moment a powerful earthquake hit iraq,6,7,0.00017105885,0.0014016161,7.732428e-05,6.739059e-05,0.00035567116,0.00013421109,0.056247696,0.94154507
hurricane irma creates carnage when it hits south florida,2,6,0.0024681569,0.25953102,0.00054635585,7.09386e-05,0.001749562,0.00049327395,0.7312228,0.003917858
stop playing golfsit your fat ass wellit is down and figure out a way to help puerto rico,7,7,3.6056364e-05,3.8825234e-05,6.703164e-06,1.9463752e-05,0.00048648042,1.7373955e-05,0.0031012727,0.99629384
femail rosie perez trump tweets nonsense puerto rico suffers the 53yearold aca,7,7,0.00021122547,0.0001559783,0.000105435465,0.00010032018,0.0005285285,0.00016940571,0.005444056,0.99328506
tampa bay residents can apply for federal unemployment services after irma,6,6,0.029740194,0.0070615425,0.00030272678,0.00025660425,0.04976717,0.0002247187,0.8391458,0.073501274
tx diaper bank in urgent need of volunteers for harvey victims,4,4,0.00020145229,0.00024912742,1.2520911e-05,4.1237025e-05,0.9947555,4.7414036e-05,0.003958449,0.00073424214
local pig rescue will shelter barnyard animals in hurricane irmas path,4,4,0.0002752301,0.00021186814,1.1052525e-05,4.757158e-05,0.99680614,3.4207973e-05,0.002398299,0.00021550876
look at this very dangerous hurricane maria with winds of 175 mph,6,6,0.0008060446,0.010552808,8.371531e-05,2.3542678e-05,0.0006786641,5.2219508e-05,0.9830419,0.0047610933
irma evacuees find shelter in demopolis locals lend helping hand,4,4,0.0012017742,0.00024559777,3.234755e-05,0.00034315558,0.99561113,0.0002614158,0.0013347203,0.0009697965
us coast guard saves texans from storm harvey flooding,4,4,0.0004867205,0.00030650522,2.2320377e-05,7.552895e-05,0.9959721,3.9782368e-05,0.002644022,0.00045312117
listening to beni mora by gustav holst on gustav holst orchestral works,7,7,0.00023317327,0.00048268252,9.8135584e-05,8.546797e-05,0.00037682807,0.00017032937,0.043712486,0.95484096
how ending daca could affect harvey victims hounews,6,7,0.09508101,0.0038791408,0.004463648,0.0020997985,0.03248295,0.00197801,0.34953606,0.51047933
breaking news second earthquake rattles central mexico in 4 days breakinga,6,6,0.00092344766,0.012211669,0.00017435498,5.2837182e-05,0.00069985347,9.991293e-05,0.96262634,0.02321163
pimp cs wife revealed all ugk archives were lost in hurricane harvey,1,5,0.16267571,0.12381421,0.018786827,0.13995278,0.06520171,0.20956363,0.10194949,0.17805558
denver7 journalist recounts mexico earthquake firsthand fund set up for denvers,6,6,0.0025223999,0.0045111584,0.00047097492,0.0003420627,0.08126043,0.00033619907,0.86838007,0.04217677
20170915 hurricane irma florida keys a boat not where itaos supposed to be in duck key gettyimagesa,6,6,0.0032888788,0.047301378,0.0012163447,0.0012406004,0.00617628,0.0064707287,0.5049625,0.42934328
hurricane maria loves you hurricanemaria via sandydelgado,7,7,0.014580814,0.023451338,0.0004001511,0.0014001253,0.12467083,0.0019085134,0.34843776,0.48515055
hurricane marias eye remains 485 miles from miami and slowly moving north,6,6,0.0003731449,0.0036466082,2.8658142e-05,1.4067482e-05,0.00021957804,4.2304375e-05,0.9877094,0.007966231
alert tornado warning near columbia river mouth,6,6,0.00073249516,0.016554179,0.00017379431,3.5443434e-05,0.00038130442,4.7655256e-05,0.979481,0.0025941473
thiago alves loses dog to hurricane irma,6,6,0.013929288,0.062191546,0.005259067,0.0018996439,0.07293196,0.0018662106,0.7910777,0.05084462
illegal started cali fires,7,7,0.00031217534,0.0006920129,0.00020828468,0.00017406652,0.00033451064,0.00022882424,0.014783236,0.9832669
how the trauma of a storm like harvey affects your brain hurricaneharvey trauma ptsd,7,0,0.97879446,0.00081233634,0.00054417225,0.0006719528,0.0008165769,0.0001494185,0.01726865,0.00094245607
coloradobased supertanker takes on california wildfires,6,7,0.002947869,0.0082052145,0.0010648703,0.00049633643,0.0046696714,0.0005258017,0.34739423,0.634696
metallica to perform at northern california wildfire concertannouncementcharityconcert,7,7,0.0057118945,0.018421112,0.0009430587,0.0003534407,0.0028620902,0.0005152664,0.28308335,0.68810976
new tropical storm watches posted for coastal north carolina with winds that could gust 60 mph ncwx maria,6,6,7.7861325e-05,0.0014342403,1.2682336e-05,1.1121388e-05,0.00051567174,9.960937e-06,0.9864688,0.011469684
hurricanemaria the devastation captured by joe raedlegetty,6,1,0.037611574,0.3875272,0.006791695,0.0045671486,0.09189746,0.031877298,0.28317836,0.15654933
gfs has quite the et cyclone over the uk and ireland from the remnants of maria,6,6,0.0012706858,0.053172342,0.002434038,0.0004613221,0.12914455,0.001090009,0.78256136,0.02986569
cloud storage offers data safe haven from harveys deluge cloud,7,6,0.0006138916,0.004509677,0.000114942595,3.323433e-05,0.0010259848,3.4060085e-05,0.97601706,0.0176511
the size of a tornado compared to the size of wind turbines via,7,6,0.00023974918,0.018684654,0.00014975831,2.1863278e-05,0.0010751829,0.00011173801,0.9707218,0.008995239
know where to go in case of a tornado a hurricaneirma irma,6,6,0.04543422,0.05772958,0.014239373,0.0008540096,0.009854186,0.00038369567,0.78520983,0.086295106
how donald trumps failure to help puerto rico could haunt him in 2020,7,7,0.00082774524,0.0011599078,7.661362e-05,0.00017935217,0.010844699,0.0005269458,0.08631524,0.9000695
how irma and harvey may impact our food supply,6,6,0.00639905,0.01251523,0.00017699195,0.000108639775,0.04453015,0.00031335646,0.9183773,0.017579323
hurricanes like harvey and irma make life even more miserable for allergy sufferers,0,7,0.002246278,0.0047508217,9.7780525e-05,8.39693e-05,0.008837274,0.00064654474,0.38813338,0.59520394
i texas hog hunters private pilots provide airlift to hurricane victims a8,4,4,0.000691589,0.00031534216,1.9956427e-05,6.132403e-05,0.9813461,3.411462e-05,0.01484293,0.0026887238
four texas gop lawmakers voted against harvey aid package,6,7,0.00087868056,0.00024985702,0.0004563454,0.0002051365,0.0048685917,0.0002599604,0.0507021,0.9423793
fifteen daysjust over two weeks since harvey came to town,7,1,0.016717985,0.39383662,0.0043187817,0.0011098421,0.054499887,0.014896966,0.26191315,0.2527068
what it means to be a community in the wake of hurricane maria,7,6,0.00052472256,0.013274805,4.5720957e-05,2.074648e-05,0.0027840897,4.8808222e-05,0.96273535,0.020565646
biggest beneficiary from harvey and irma floor amp decor tts fnd,7,7,0.00026390722,0.0008870952,0.00011183256,3.4954275e-05,0.001260415,0.00011829131,0.079784796,0.91753876
im out helping those affected by harvey a feels good helping others fight back rebuild 5,4,4,0.00051484373,0.0001245084,1.5846126e-05,0.00017204786,0.98389304,8.3435996e-05,0.00297065,0.01222568
many volusia residents still suffering one week after irma,0,0,0.9955558,0.00025460037,0.00023330335,0.0011127881,0.00016522981,0.00019255411,0.0015076526,0.0009781825
help cenotaph drummer rebuild his home destroyed by earthquake in mexicoa city,7,1,0.0011740412,0.9125998,0.00035064018,0.0002338966,0.049428675,0.012201753,0.019990446,0.0040207994
were focused on recovery efforts after irma learn how the work continues even after the storm has passed,4,4,0.0009291249,0.0078172665,9.232339e-05,0.0008866913,0.83253866,0.0004845665,0.14806777,0.009183551
black scout reviews mora bushcraft survival black knife,7,7,0.00046216042,0.00012665309,0.00011525617,0.00024809816,0.0041666315,0.00017731015,0.004963611,0.98974025
please keep praying for our bible society colleagues in the caribbean prayer irma,6,7,0.00026524157,0.00046998388,4.1336614e-05,6.983438e-05,0.004301947,0.0001096566,0.07941923,0.9153227
helping to pack personalcare kits at warehouse those gallon ziploc bags hold a lot harvey,4,4,9.661376e-05,0.00016843024,1.2686898e-05,0.00013356854,0.99584466,7.3043855e-05,0.0027422511,0.000928745
tree tunnels to control colombo floods flood srilanka colombo,6,1,0.0044139554,0.48203287,0.0028118736,0.00085501047,0.40113065,0.00577645,0.09628421,0.006695025
a homage to early new york spiritual house valentino mora body nostalgia,7,7,3.277458e-05,8.1017286e-05,2.878917e-05,1.5915577e-05,0.00010634348,5.13456e-05,0.0060522985,0.99363154
california wildfires evacuees offered free haircuts amp chiropractica care,4,4,0.11921125,0.07687487,0.0010883476,0.000923378,0.47641367,0.0009724256,0.3131354,0.011380676
help to close the zoo located in mayaga14ez puerto rico for animal mistreatment plz sign,6,4,0.00050318294,0.0009661987,3.8038295e-05,0.00033073232,0.9215164,0.0003815445,0.0100335,0.06623041
harvey trailers sells utility car enclosed dump snowmobile trailers in maine trailera,7,5,0.0034539467,0.021413153,0.0014223339,0.007797416,0.0017557994,0.9106936,0.0032165784,0.050247177
my brother amp his family added another family member added to the packa12 d also a harvey rescuea125,0,7,9.439101e-05,2.3342767e-05,1.3952542e-05,8.1087695e-05,0.00040177762,5.4609794e-05,0.00097281625,0.99835795
dreamers saving lives during harvey still trump says get them outta here daca haiku,4,7,0.03355662,0.0027935624,0.00066821824,0.0018987773,0.3156692,0.0018370098,0.06777728,0.57579935
breaking large and extremely dangerous tornado on the ground in broward county florida irma,6,6,0.0006523607,0.16347364,0.00022589586,7.4330674e-05,0.0042720786,0.00052622106,0.8282245,0.002550982
hosts dinner tonight to raise money for hurricane maria victims,4,4,0.00012265997,7.259354e-05,1.0163036e-05,6.30079e-05,0.99568474,3.1300056e-05,0.0015299835,0.0024855894
fabric of srilanka torn apart by cyclonemora,1,7,0.0072791316,0.021849718,0.0014428806,0.0008091747,0.021627344,0.0024237107,0.21313749,0.7314305
how many fire fighters are illegal aliens in california jerry brown use you dear loved citizens,7,7,6.690896e-05,4.0679522e-05,8.7192075e-06,2.1769421e-05,9.750463e-05,2.6816764e-05,0.002178607,0.99755895
hurricane irma recovery update,6,6,0.0016670439,0.039150354,0.00024109869,0.00012140697,0.006100536,0.0003137992,0.9470473,0.0053584385
take a trip to spanish speaking caribbean cuba dominican republic puerto rico,7,7,6.502464e-05,0.000104304614,1.6990327e-05,2.7168e-05,0.0006061934,8.450077e-05,0.004244887,0.99485093
need to talk the toll from harvey is more than just material,2,6,0.073515594,0.06581465,0.0015183324,0.0005154861,0.09860946,0.0032378826,0.5141427,0.24264584
sacramento group cares for florida pets displaced by hurricane irma,4,4,0.069016196,0.0041670324,0.00034198663,0.0007644155,0.8150438,0.00038640914,0.08305157,0.027228575
islamic state celebrates but does not claim responsibility for california wildfires,6,7,0.00083814544,0.003565714,0.0007184318,0.00012508724,0.0045430455,0.0003859775,0.17961831,0.8102053
please helpwestie found after mexicos earthquake,7,3,0.13642941,0.014383638,0.056326766,0.61982214,0.01281223,0.035926346,0.059188813,0.065110676
hurricane irma terrifying path latest models show it will hit miami as category 5 storm,6,6,0.00028148465,0.0029374177,2.810264e-05,1.8206778e-05,0.00033724052,2.9042312e-05,0.9927249,0.0036436259
hurricane harvey threatens largest flood insurer,1,6,0.0037020785,0.40482426,0.00043883262,6.8512985e-05,0.013243002,0.0007078574,0.57603836,0.0009771436
another dog of harvey named jimmy amp flown into bay area from texas he needs a home abc7news,0,4,0.00046021535,0.00015825147,6.4274004e-06,0.00016447407,0.98784685,5.7235247e-05,0.003858865,0.0074476046
orlando schools welcome students from puerto rico edchat hurricanemaria,7,7,0.0012572684,0.0008763205,0.000103464765,8.169483e-05,0.005657789,0.00022726816,0.015237284,0.9765589
evelyn says her neighbor javier who doesnt speak english rescued her from harvey javier we are all family,4,7,0.00095707853,3.9439394e-05,7.67534e-05,0.0005879395,0.0014430686,0.00013365046,0.0015041201,0.9952579
favourite line about irma,6,7,0.0032549258,0.0014117903,0.000805257,0.0007977167,0.0008759474,0.00076655624,0.06597373,0.9261141
puerto rico getting the food out to the forgotten citizens,4,4,0.011866194,0.0056738174,7.8411955e-05,0.00093824987,0.53675556,0.002107099,0.023644598,0.41893616
good friend of mine found this in his hurricaneharvey cleanup a12e,7,6,0.0065211626,0.08449821,0.0036562614,0.003166502,0.04535057,0.004445486,0.5707924,0.28156936
seen from above entire california communities reduced to ash,1,1,0.0013037822,0.8473911,0.0003700664,3.316969e-05,0.0007089477,0.0010876706,0.1446474,0.0044579143
money irma foxbusiness emmys ratings crater trumpbashing to blame foxnews fox b,7,7,0.00013942046,6.5927314e-05,2.8764563e-05,3.917543e-05,0.00041751773,6.073671e-05,0.0040015033,0.99524695
fees waived at landfill for hurricane irma debris more infogtgtgt,1,1,0.0013214786,0.71852076,0.00085678743,0.00015017446,0.013500966,0.0030294862,0.21391685,0.048703533
94 tonnes of tin on route to anguilla to help after the destruction of irma,4,4,0.00040801056,0.003990194,0.00013114772,0.00022936898,0.96234,0.00035585804,0.023130963,0.009414532
scientists have run out of adjectives to describe hurricane marias devastating power,6,1,0.0025102615,0.82426924,0.00054997095,0.00014039634,0.0028394766,0.002567101,0.16228756,0.004836019
lets talk about hurricane maria,6,6,0.020593679,0.026768498,0.0005917939,0.0015496545,0.05532495,0.0019148156,0.7807003,0.11255628
yaaas finally bought it i havent felt this happy since before hurricane mariaa12 2 i cant wait to start reading,7,7,7.218047e-05,7.162832e-05,2.792104e-05,8.547912e-05,0.00043582357,5.029086e-05,0.0029437502,0.9963129
irma poses us145bn sales hit to us retailers worse than harvey,6,6,0.003156625,0.025702609,0.00027982192,8.0164136e-05,0.0008714636,0.0003966867,0.93982464,0.029687975
isso porque a dona do post n mora em svp triste realidade,7,7,0.00019865167,0.00026210272,0.00011634709,7.8505385e-05,0.0004424802,0.00017427083,0.008734129,0.9899935
well thats new good for you james harvey hylton arca,7,7,5.9443744e-05,7.348202e-05,1.3640726e-05,1.2474924e-05,0.0007185334,2.6823871e-05,0.0077033774,0.99139225
iam so proud to be born in puerto rico,7,7,0.00025170675,0.00012251623,5.3588083e-05,8.658214e-05,0.0018290214,0.00015597275,0.0058078025,0.9916928
john mora doubles and scores in the 1st 10 mets top 3 stlmets,7,7,2.6389798e-05,1.564139e-05,7.4325826e-06,1.29000555e-05,0.00013927052,1.9284997e-05,0.0013220413,0.9984571
texas countys long recovery from hurricane harvey begins,6,6,0.00704101,0.027475,0.00022883655,7.4203985e-05,0.0062555424,9.7105025e-05,0.95149237,0.0073359003
the agriculture sector of puertorico faces lost crops and property damage from hurricane irma,1,1,9.5779746e-05,0.9899086,0.00015410603,1.8255338e-05,0.00039403883,0.0027893812,0.0062386324,0.0004011623
more than 11000 in shelters as hurricane maria lashes puert tisnews click link,6,1,0.0040476173,0.5594525,0.0017477364,9.477561e-05,0.052761696,0.0013680336,0.37412673,0.0064009666
a hard days work cleaning up irma debris always goes up in smoke at horsemintfarm,4,4,0.00079351134,0.015398265,9.320892e-05,0.00021993551,0.82872015,0.00026927973,0.14753903,0.0069665336
hurricane maria damages dominicas main hospital leaves war zone conditions,1,1,0.0004592341,0.9854168,0.00011502816,1.1970776e-05,0.00022366348,0.0009751612,0.012683405,0.00011474865
sinkholes are being found in florida postirma are you covered for that irma harvey,6,6,0.007092377,0.005482783,0.0008062463,0.0006240476,0.09480187,0.0008146982,0.73403513,0.15634283
pregnant with twins mother helped to get back on feet after harvey kprc2,0,7,0.020298747,0.0019995144,0.0011964242,0.0031167555,0.08782419,0.0030218542,0.15426554,0.72827697
dont forget a pictures worth a thousand details puerto rico after maria,6,7,0.024071962,0.0055918503,0.0004837006,0.00122591,0.021129925,0.0026404874,0.045200482,0.89965564
indian ship delivers aid for cyclone victims burma myanmar cyclone cyclonemora,4,4,0.00013720864,0.00011176462,2.9982744e-05,0.000107595784,0.996409,6.0655184e-05,0.002615573,0.00052818796
on their way to encourage the victims of hurricane irma,0,6,0.005967779,0.0026693812,0.0004919649,0.0002969072,0.13716668,0.00046535145,0.7201057,0.13283627
tropical storm harvey triggers toxic air pollutants telesur english full coverage via,6,6,0.0003045245,0.0028904716,3.3064476e-05,1.2805013e-05,0.0002118409,4.7542697e-05,0.9813017,0.015197929
lcec hurricane irma update september 18th restored to 190104 lcec customers th,6,6,0.0010296751,0.09600365,0.00060397206,0.00012674354,0.0042300643,0.0008658938,0.87127185,0.025868174
season over we could use able bodies at earthquake in mexico dig in,7,4,0.0018145702,0.30447346,0.0003002516,0.0007797893,0.38508922,0.0067654555,0.1284859,0.17229131
the eric and andre show featuring special guest the california forest fire,7,7,1.956755e-05,2.4885829e-05,7.9400215e-06,7.852541e-06,8.5434294e-05,1.8036426e-05,0.0022923124,0.997544
do you remember now where is jesus to help you in hurricane irma amp hurricane harvey,6,6,0.00061427563,0.015217495,6.4059124e-05,0.00016619713,0.15582538,0.0002853544,0.4400331,0.3877942
marketsgtpolitic gt amid puerto ricos water crisis unions step in markets,4,7,0.004900121,0.017047029,0.00092088815,0.0004131212,0.0043888227,0.0011191054,0.4601366,0.51107424
iraniraq earthquake nsa leaks apple face id hacked and more security safety,6,7,0.00052936247,0.0012482553,0.00035629308,0.00022175007,0.0006903652,0.00030473457,0.16414845,0.8325008
irma aftermath st martin residents are now struggling just to survive propaganda,7,0,0.9936147,0.0012646375,0.00015893763,0.00080123113,0.0005000665,0.00046511658,0.0030657058,0.0001296103
helping the keys this am calvary church in jupiter sending a team down w supplies post irma,4,4,0.0001129751,0.0014481369,2.7714323e-05,0.00019020429,0.9878498,0.00015992751,0.009011384,0.001199874
calm is here with a california newt also called a fire belly,7,7,0.00013252127,0.0002795148,5.576611e-05,3.7231126e-05,0.00027551848,6.3052954e-05,0.036885332,0.9622711
news startling footage shows california wildfire impact,1,6,0.002429332,0.12767352,0.0014257171,0.0006899777,0.0012211738,0.0019663398,0.7924093,0.07218474
passenger jet races against hurricane irma guess who won reports,6,6,0.02996481,0.009971805,0.0042651137,0.0016556972,0.0033647798,0.0010477944,0.90215987,0.047570065
tornado watch for most of south florida until 12am sept 10th,7,6,0.00074112474,0.010043529,0.0002845524,5.063779e-05,0.0017816712,0.00014448923,0.9735618,0.013392132
irma makes a slow exit from the tristate irma makes a slow exit cincy link,6,6,0.0005235994,0.0025087942,0.00013362427,6.056642e-05,0.0005548537,9.0259455e-05,0.9284935,0.06763487
despite the rain wyeast middle school yard sale in the couv goes til 400 raising money for trip amp puerto rico,4,1,0.0015014127,0.74833256,0.0004581448,0.00026200552,0.007303985,0.0024389096,0.12821943,0.111483544
a post hurricanemaria update from stbarths caribbean stbarts,7,7,0.0011009147,0.005540535,0.0006175233,0.00015454022,0.0010182209,0.0004753913,0.3007077,0.69038516
help people replace books lost to harvey flooding everything helps,4,4,0.014151539,0.014373674,0.00021531917,0.00096275803,0.9573676,0.0077585382,0.004302357,0.000868146
video shows california family reuniting with pet dog presumed dead in wildfire,7,3,0.021001345,0.0006454592,0.3762971,0.49921653,0.025045833,0.015243459,0.0028487826,0.059701487
guest attacks man who let him stay during hurricane irma florida police say abc15,7,7,0.0014247746,0.000334751,0.00016986177,0.0003073225,0.0004830359,0.00011691721,0.054356497,0.94280684
dont worry folks just got off an important conference call with hurricane irma well be fine,6,7,0.0032122908,0.003673866,0.0002347276,0.0004887168,0.0055445847,0.00050013344,0.43049264,0.55585307
un migration agency appeals for usd 495 million to support communities in wake of irmaa,4,4,0.00044124265,0.0007530609,1.8370012e-05,0.00010128918,0.9904952,0.00011435613,0.0039233165,0.004153215
hurricane irma track update dominican republic amp cuba next 9 dead amp 49 million at risk,2,2,0.0012325238,0.010769782,0.95589536,0.0012921445,0.0013528651,0.0002841409,0.027878487,0.0012946657
youre trending in puerto rico i miss you 57 hrvypreorder,7,7,0.015866365,0.011991486,0.002470624,0.0019246092,0.020137047,0.003354925,0.16042988,0.783825
iran used haarp technology which caused earthquake in kurdistan,7,7,0.00050448976,0.006407159,0.00061347615,0.000121888064,0.00073697814,0.00039773184,0.3332762,0.65794206
what microbes may be lurking in floodwaters from hurricane harvey,6,6,0.0017251385,0.012217739,0.00012892141,2.7119617e-05,0.0011453115,6.0275815e-05,0.9596968,0.024998667
tickling bondage footworship licking hurricane maria in revenge of the tongue tickles,6,7,0.0018977206,0.009559823,0.00087461685,0.00038736154,0.0028520862,0.0013013427,0.28619498,0.6969321
harvey amp irma came diesel generators instantly kicked inkeeping internet ops uninterrpted,7,7,0.00029962495,0.00092514016,0.00014525178,7.695945e-05,0.0009414672,0.00025028992,0.046359845,0.95100147
we are indivisible 100 of profits benefit aid for puerto rico,4,4,0.0005636211,0.0004940899,2.6219002e-05,9.939864e-05,0.96870595,0.00021736846,0.004810349,0.025083074
modular container home is d fastest ampmost efficient way 2 build strong durable buildings anywherea,7,7,0.0002465946,0.0006747236,0.0001564043,0.0002433698,0.0020301996,0.0005934304,0.010180393,0.98587483
the wait continues irma,7,6,0.04687076,0.019428464,0.001318479,0.0017815896,0.007805515,0.0013941193,0.7462707,0.17513046
mmmmm plus i made sure my cookie went towards the donation for harvey,4,4,0.00061972643,0.00036503252,9.798704e-05,0.00062554644,0.7676034,0.00047974434,0.013615343,0.21659312
irma is still leaving her mark in some areas of fl,6,6,0.015306476,0.08127936,0.0019318387,0.00038006908,0.0053582615,0.0022047989,0.7909216,0.1026176
first harvey and now irma relentless storms strain rescue workers,4,6,0.0022257539,0.009501247,0.00022918769,0.0001153411,0.03756827,0.00039148898,0.879057,0.070911735
6 scenes of sentinel ingested to hdds for event 201709hurricaneirma irma hurricane,7,7,0.0053157415,0.015714213,0.0025092717,0.0008051143,0.005910084,0.0054508904,0.17944579,0.7848489
how biglaw in hurricane maria ravaged puerto rico are pressing on,6,1,0.0054123197,0.6992476,0.0006356211,0.00027915352,0.006292586,0.0056833546,0.25674963,0.025699629
harvey nash hr business partner,7,7,0.0024914164,0.0026549383,0.00051641045,0.0013426046,0.07004246,0.0015241151,0.03360192,0.8878262
sheriff suspect shot wounded during irma burglary,7,2,0.0022197822,0.00057556096,0.9546332,0.035881706,0.0011862282,0.0026715053,0.0007184673,0.0021136107
cloudy water from irma as the waves continue to roll in,6,6,0.0029203033,0.28363866,0.00091030914,0.00016338979,0.038027443,0.0009845216,0.6654089,0.0079465015
the stream what can be done to help caribbean nations recover from irma,6,4,0.00061436504,0.0008378816,6.32502e-05,0.00010572585,0.8525715,0.00014097968,0.06880608,0.07686013
major hurricane maria has now strengthened 60 mph in 24 hours,6,6,0.00061504514,0.1985821,0.00067915843,3.6088375e-05,0.0022340473,0.0003022225,0.79635924,0.0011921084
heres a midmorning update on harveys future forecast in the houston area,6,6,0.0009746103,0.010149931,0.0003972765,0.00012217167,0.0025687274,0.0002159198,0.9661018,0.019469593
sampc week 6 for harvey todays focus was explosive power a1414ba14d istrengthandconditioning basketball rugby athlete,7,7,0.0002321368,0.0002402539,8.644036e-05,6.322447e-05,0.0011841817,0.00012665564,0.023336725,0.97473043
the us embassy shows the reality of a devastating earthquake hitting iraq and iran,6,1,0.0003732321,0.9301635,0.0004383136,3.397563e-05,0.004722685,0.0011246743,0.060537484,0.0026060594
crude oil weekly hurricanes harvey irma lifts oil prices,6,7,0.0004932727,0.0023099887,0.00039336094,0.0001123341,0.0011447789,0.0006020813,0.12487038,0.87007385
local soccer tourney includes tx teams and money being raised for harvey relief,4,4,0.00011342125,0.000102587335,7.7181185e-06,5.1941108e-05,0.99628025,4.9154532e-05,0.00096697884,0.0024279042
scenes from mexicos devastating earthquake by ro water filter,6,1,0.028786799,0.8765279,0.001990202,0.0007349275,0.00655125,0.016368791,0.06157515,0.00746497
praying for those yet suffering from harvey i had the pleasure of volunteering with blmhtx in hard hit areas,4,4,0.002053223,0.000710126,3.8569575e-05,0.0003454698,0.91845536,0.00014242294,0.025683938,0.05257092
fema approves loans to keep harvey damaged cities working to repair damage,4,1,0.005496186,0.5827503,0.00030787382,0.0007569836,0.23995398,0.018631198,0.12726715,0.024836237
this is what stupid looks like earthquake hurricanemaria hurricaneirma,7,7,0.00070648035,0.003932266,0.00019845898,5.8592905e-05,0.00047802442,0.00015316268,0.3055044,0.6889686
harvey by the numbers thx for hosting eco recovery brief today,1,6,0.00086691126,0.0065542734,0.00022464982,8.997908e-05,0.018858314,0.0004746021,0.6728873,0.30004388
gofundme how to immediately help those impacted by the california wildfires webdesigna,7,4,0.007915617,0.005910929,0.00028699415,0.0006233119,0.9105235,0.00094525766,0.05753829,0.01625618
blog energy department responders are on the ground assisting hurricane recovery n irma,6,4,0.00011509546,0.001389238,4.423838e-05,0.00015001546,0.92793494,0.00011564569,0.06572117,0.004529761
love seeing my kiddos in puerto rico,7,7,0.0010076488,0.0007129457,5.762265e-05,0.00014526493,0.002286072,0.0002385993,0.009852947,0.9856989
behavior of donald j trump as president and leader of the united states of america in hurricane irma,6,7,0.0003292562,0.00087299384,0.00020945088,0.00024375289,0.0018465847,0.0002942583,0.15661281,0.8395909
thanks to uncle sam and hurricane irma for the best 10 days ever see you in 2 months friend keep rockin,7,7,0.0005977001,0.0011773629,5.948997e-05,0.00018795815,0.00978212,0.00021863119,0.12441784,0.86355895
new activation emsr244 earthquake in central mexico copernicus earthquake eucivpro,7,7,0.0004091351,0.001841857,0.00016922175,6.1292674e-05,0.002581025,0.00012211915,0.1459379,0.8488775
dang near everybody was affected by irma,0,6,0.018167559,0.030521417,0.00069280254,0.00028254482,0.0023305279,0.00050720386,0.8184213,0.12907659
and not one irma model was right only one was close but it had her hit miami and the panhandle,6,6,0.0005692428,0.012285801,0.00022235933,0.00012958706,0.0018994134,0.00039820324,0.68104964,0.30344582
texas struggles with harvey flooding could still see water rise,6,1,0.024582457,0.66254014,0.0005886934,9.60896e-05,0.0072536804,0.00087138184,0.30238867,0.001678915
hurricane irma ai aowonder girlsao help in georgia shelter redcross redcrosser,7,4,0.0022939232,0.0035960434,4.2181768e-05,0.00024102032,0.96372885,0.0001916386,0.027905757,0.002000634
look at with a great graphic on how big hurricane irma is compared to the state of oklahoma,6,6,0.0007575933,0.01078813,0.00022712025,0.00012789448,0.01285243,0.00012215013,0.94555825,0.029566346
245 dead as school collapse during massive earthquake in mexico naijapals gistmania,2,2,0.007840739,0.40367684,0.5564224,0.0015234804,0.007866429,0.01093975,0.010215469,0.0015148787
hurricane irma minutebyminute animation,6,6,0.016195958,0.08259133,0.0028785628,0.0041535352,0.029729953,0.0077495677,0.67534494,0.18135622
hurricane irma path and track live noaa update as models show direct hit on florida,6,6,0.00013213391,0.0024311573,1.7847062e-05,1.3119563e-05,0.00046860822,1.8438595e-05,0.9925845,0.0043341387
fema insurance chief harvey may end in 11 billion in payouts to homeowners,6,1,0.07853618,0.41915312,0.0012473316,0.0010102591,0.15227555,0.00962143,0.3124367,0.025719343
air canada suspends flights to st maarten due to hurricane maria impact travel,6,7,0.00011903233,0.0014953234,0.00015559382,2.9556422e-05,0.0051388955,9.084332e-05,0.34631455,0.6466562
trump appears to side against federal government in lawsuit over harvey relief unitedstates,6,6,0.00096029404,0.0028268844,0.00014163028,7.542054e-05,0.025004845,0.00011031986,0.9098635,0.06101716
why irma and harvey could finally get republicans to care about climate change,6,7,0.00026201035,0.0010761454,5.5182092e-05,7.74384e-05,0.0008294723,0.00020761612,0.42224532,0.5752468
rick brown what to do in the aftermath of harvey,6,6,0.0015809768,0.00247674,9.642438e-05,0.0001062526,0.016446162,0.0002500772,0.8120507,0.16699271
iran health minister meeting to discuss relief plan earthquake,6,6,0.001875634,0.0074077495,0.0006076941,0.00019810717,0.013260082,0.00039837323,0.6454974,0.3307549
harvey looks to slow cubs in 3rd start off dl mlb mets baseball,7,7,3.4071658e-05,4.2256892e-05,8.023818e-06,1.3452111e-05,0.00016434179,2.792866e-05,0.0034480947,0.9962618
with congressman luis gutierrez and pedro soler at the dsfs event supporting the mexico amp puerto rico relief fund,4,4,0.0006968417,0.0005149215,7.701694e-05,0.0008775248,0.7768632,0.00035733383,0.0040636626,0.21654935
is that a shark in naples houston whatever someone is jumping it irma harvey impeachtrump,7,1,0.0046970122,0.5018953,0.0053628883,0.00020422942,0.027269512,0.0015029198,0.3666378,0.09243034
so to for holding and i down while we report from puerto rico a14y5a14y7,7,7,2.8668439e-05,3.2642925e-05,5.0562953e-06,1.32275545e-05,0.00033430496,2.422896e-05,0.0021627394,0.9973991
bill clinton also shared a pretty awkward puberty photo for puerto rico hurricane relief,7,7,5.9790407e-05,6.169541e-05,2.6557274e-05,3.8362617e-05,0.0027269274,3.3085467e-05,0.020296419,0.9767571
science hurricane irma before and after images these satellite images show the destr,6,6,0.00012257535,0.0074267057,5.3495103e-05,1.6336524e-05,0.001463797,5.5729066e-05,0.9711836,0.019677738
in case you missed it new story rolling hills to collect items for harvey victoms,7,7,2.8991806e-05,2.5062625e-05,8.0647205e-06,1.7363966e-05,0.00041261685,2.4268698e-05,0.0020328646,0.99745077
this was actually taken at a benefit for puerto rico gaga is wearing a white pantsuityes on purpose,7,7,1.5469657e-05,2.7127497e-05,5.61321e-06,8.62975e-06,9.3599556e-05,9.444154e-06,0.002025899,0.9978142
wrt irma forming over cool water heres judith curry an expert on hurricanes a,6,6,0.0005714251,0.009419207,0.00032923574,0.00015127892,0.00982084,0.00022282901,0.9399036,0.03958157
harvey cancels houston wedding louisiana city donates 1 us news amp world report,7,4,0.00025051183,0.0016562047,5.4244607e-05,0.00010578214,0.98690784,0.0002495528,0.0062115584,0.004564264
steve harvey tells how youtube has changed the daytime talk show,7,7,0.0002296758,0.0005296971,5.9636324e-05,6.950882e-05,0.0012661739,0.00025662023,0.10476783,0.89282084
deadly california wildfires spark needed debate about current spending,6,6,0.0067695663,0.00616166,0.0047657792,0.0007534304,0.0012262112,0.0007777684,0.7469558,0.23258984
heres how bad the mosquitos are after hurricane harvey,6,6,0.032765776,0.04461097,0.0013473524,0.00073803717,0.008139077,0.0014063936,0.88053566,0.030456677
in marathon key irma on search amp rescue mission and bringing aid,4,4,7.835287e-05,5.0120394e-05,1.349658e-05,0.00013075166,0.9964619,7.546966e-05,0.0015118704,0.0016780252
harvey and irma arent natural disasters theyre climate change disasters,6,6,0.001142638,0.0039574965,0.00023081493,0.0001005663,0.0012865048,0.00025819667,0.6282203,0.36480355
mexico earthquake navy says no missing child in collapsed school,3,3,0.0037877876,0.00093198806,0.31244892,0.6671652,0.0004287433,0.014371505,0.00028667803,0.00057904894
northern california fire survivors aitas shameful they didnat warn usa,7,0,0.95948076,0.0010194053,0.0019907036,0.0025857526,0.00084042497,0.00018965441,0.031396482,0.002496797
market screwed up for sure eqf hires feye to fix mess feye goes down cpst has only working power after,6,7,0.00015949758,0.00042606407,1.5956502e-05,7.131901e-05,0.0025629082,0.00010240596,0.008605484,0.9880563
thinking of our friends in california as they begin recovery efforts from devastating wildfires,2,6,0.11492277,0.018283805,0.00019876611,0.0006865924,0.017344147,0.00044688053,0.80904686,0.039070096
bridgeport family mourns relatives lost to hurricane maria,2,0,0.6359255,0.0027910639,0.059003543,0.27171418,0.013732996,0.01466761,0.0016905684,0.0004746171
sabanas go go power rangers 3 arte de dan mora,7,7,0.00038845124,0.00065239886,0.00014856155,0.00015154383,0.0020813576,0.00047128822,0.0051375325,0.9909689
what hurricane harvey says about risk climate and resilience,6,6,0.0004549365,0.002225374,2.6967555e-05,8.69601e-06,0.00027353375,1.8228706e-05,0.988014,0.008978297
i will never tire of this photojnj hurricaneharvey,7,7,0.00055504247,0.006829018,0.00018696516,9.349189e-05,0.002069053,0.0003887387,0.41758114,0.5722965
scranton woman returns home from aid trip to puerto rico scranton timestribune,7,7,0.0044215005,0.00017947587,0.0004037187,0.00097442267,0.0127530135,0.0005974501,0.006346964,0.9743234
raging wildfires caught sleeping californians by surprise usrc,6,0,0.6827209,0.0028509875,0.008101583,0.010346268,0.0009674041,0.0013003962,0.08140865,0.21230379
collecting items in parker for harvey relief drive,4,4,0.00029783655,0.00035166557,2.6375898e-05,0.00012779882,0.995381,0.0001310114,0.0026270049,0.001057395
two new inquiries into controversial puerto rico power topstories,7,7,0.00016223111,0.00022326571,7.9155434e-05,4.4949484e-05,0.0002805386,0.00015651732,0.0057613505,0.993292
as deadly fires ravage california wine country officials prepare for further fatalities,6,1,0.002060405,0.85457635,0.013930121,6.192505e-05,0.0015319181,0.0013269144,0.12461048,0.0019019574
wish i could find out are these tornado clouds rolls around coral springs often very bad trees down from irma,6,1,0.0015101371,0.9457144,0.00012348658,0.00030502537,0.0035172265,0.0032094237,0.040053282,0.0055670226
south floridians irma the ppl in tampa say git and not jit 1 irma ight bet,6,6,0.0052224942,0.10596675,0.0008504078,0.00036758627,0.029056199,0.0031187572,0.7231425,0.13227536
taking supplies to all of those affected by harvey harvey relief donations appraisalmc houston,4,4,0.00023995343,8.944626e-05,1.26714385e-05,4.278989e-05,0.99493283,3.504607e-05,0.0035462466,0.0011010207
this is a line for gas people have been getting up at 3 am to make long lines like these,7,7,8.9605775e-05,0.000107950545,1.5997211e-05,1.6091633e-05,0.00015492532,2.3361066e-05,0.003470371,0.9961217
hurricane irma reminds us of an important truth about financial models,6,7,0.0005797652,0.0016657333,9.575253e-05,6.263707e-05,0.0010848353,0.00036004742,0.34280562,0.65334564
more florida keys residents return home to survey irmas destruction,1,1,0.0059068,0.925649,0.0002449753,0.000107408385,0.009481307,0.0022382084,0.05435645,0.0020159404
algeria us sanctions snag donations to iran earthquake victims,4,4,0.0013632888,0.00038725382,0.00036470994,0.0007031778,0.98602456,0.0003301885,0.0032707949,0.0075560864
money irma business a government crisis gives icelandaos pirate party a second chance a,7,7,0.00031278786,0.0005157856,2.8257191e-05,7.392192e-05,0.03852293,0.00013467067,0.050762665,0.90964895
sign language interpreter at press conference sparks outrage,7,6,0.0026539902,0.0070278216,0.00032696888,0.00018715627,0.0011301871,0.00016389701,0.8100897,0.17842025
drafts from irma,6,7,0.018537873,0.033844184,0.009068129,0.007981463,0.02691025,0.010455209,0.24747568,0.64572716
downtown dallas megashelter for harvey evacuees to close wednesday,6,4,0.014360571,0.022764063,0.00035624937,0.00029082104,0.67687637,0.00080648914,0.24932101,0.035224438
bermudians david strong and jeff ryall survive brush with hurricane harvey,6,6,0.33986932,0.008374928,0.0007500298,0.0033267299,0.008108596,0.0006246789,0.5306106,0.10833505
5pm sunday maria update cat 2 storm centered well east of the jacksonville florida coast heading north,6,6,0.00036611944,0.005242351,0.0001150759,0.000121771074,0.0016251503,9.746973e-05,0.9591525,0.033279523
portrait double exposure ai ai ai ai ai antonio mora ai,7,7,0.00023242262,0.0008602575,0.0005375276,0.00029823883,0.0011548926,0.0005226869,0.022477228,0.97391677
cyclone mora wreaks havoc cuts power in maungtaw,1,1,0.00086291326,0.8336234,0.0027827104,6.4261745e-05,0.001175678,0.0020772682,0.15308924,0.0063245622
president donaldtrump push back when it comes to puerto rico,7,7,0.0004123385,0.0024115837,0.0001514216,9.457917e-05,0.0045066695,0.00035988545,0.45185903,0.54020447
mexico may now have too much earthquake aid,6,6,0.0010363372,0.0016418893,0.00010626052,4.4744025e-05,0.00079884107,7.25079e-05,0.673027,0.32327253
i love you 8 from puerto rico is biutiful so cute,7,7,1.4403436e-05,1.0360683e-05,2.5346083e-06,5.174034e-06,9.921297e-05,7.933689e-06,0.001611846,0.9982486
quake leaves trail of death and destructions iraq earthquake bahrain,1,1,0.004804669,0.44757885,0.114453405,0.0010776573,0.003857552,0.0070288735,0.36624444,0.054954518
deadly fires ravage californiaas wine country leaving at least 15 dead more than 150 missi,2,2,0.0004346566,0.00040241433,0.9976292,0.0008505299,8.28133e-05,0.00019080083,0.00028718557,0.00012237261
emergency broadcast martial law in wake of hurricane harvey amp irma,6,6,0.0018835493,0.043030363,0.0002892115,4.5481633e-05,0.0020365606,0.00011952808,0.9460123,0.0065830513
the gekko files the qb and the coach try to get ucla righted we preview the 2017 bruins,7,7,1.9305364e-05,2.6868103e-05,6.608122e-06,1.3467012e-05,0.00010355075,1.5998346e-05,0.0015752553,0.9982389
shout out to louisianas at aap17 by for exemplary humanitarian efforts during harvey,4,7,0.0016722068,0.001015375,0.00020613779,0.00045205464,0.15138607,0.00040553018,0.06873151,0.7761311
harvey irma us homebuilder sentiment falls on stormrelated supply concern,4,6,0.0042466857,0.053983875,0.00035245984,0.00012027393,0.04128331,0.0004579028,0.8811691,0.018386414
goodbye hurricane irma click link to view amp comment,7,6,0.0031097925,0.0075461627,0.00019901502,0.00016036206,0.0033705602,0.00033638265,0.8784143,0.10686338
usgsm 41 51km wsw of paredon mexico earthquake,7,7,0.0022044138,0.0018784268,0.0024933654,0.0009154298,0.002097712,0.0009765882,0.036680758,0.9527533
biych i just got the text for tornado warning pray for me and all my floridian people rip,6,6,0.0045324606,0.0061604497,0.0001587592,0.00030183198,0.018468905,0.00014070411,0.72808623,0.2421506
brandi harvey live tonight downtown at the 40 east grill,7,1,0.016817365,0.67076993,0.0006124957,0.00012762693,0.028333232,0.0009664573,0.27291656,0.009456323
letter after rokitas vote against harvey relief lets pray,6,6,0.06631766,0.0034115051,0.0013565165,0.0019049319,0.23982747,0.00094790105,0.3962718,0.28996217
leonel cardenas mora campeon panamericano jr de squash 2017 orgullosamente cdmx,7,7,0.00078561716,0.0006983369,0.0003985048,0.0002949913,0.00069515285,0.00044811104,0.010991356,0.98568785
raising funds to put rockport texas back together after hurricane harvey,4,4,0.000803425,0.0004409974,5.6287117e-05,0.00012337364,0.9798083,0.00010062437,0.017311564,0.0013554636
hurricane irma bring it bitchna,7,6,0.0026906966,0.02001543,0.0002081437,0.000134441,0.009408616,0.00044336918,0.92110586,0.04599348
the floor was rippling professor who survived mexico earthquake tells story,0,0,0.71912265,0.0011221294,0.017470436,0.2334252,0.0013648169,0.0021953764,0.010447074,0.014852178
dont forget ususvi hurricanemaria,7,7,0.01980244,0.022777714,0.0022902747,0.0050692996,0.03417464,0.0064301235,0.15219261,0.75726295
join us in praying for those affected by the california wildfires psalm 911 esv,6,4,0.008089401,0.0034565385,0.0001216647,0.00018324453,0.7906884,0.00019626653,0.14779869,0.04946571
hurricane irmas trail of havoc in sintmaarten,1,6,0.0015581172,0.31986654,0.001455029,6.8832596e-05,0.0074563543,0.00065867044,0.66577184,0.0031646346
hellish california wildfires inspire haunting web comic,7,6,0.00679681,0.0132773975,0.0012746437,0.0005813536,0.0012252454,0.0005255845,0.5767858,0.39953318
hurricane marias track shifting closer to midatlantic coast via,6,6,0.0021025788,0.0043791863,0.00020860971,0.00012652867,0.0012316216,0.00048563123,0.7176727,0.27379304
rep castro insists on harvey aid without any games,6,7,0.0010643682,0.00095395825,0.00019732618,0.00035493757,0.038313627,0.0004585008,0.036178388,0.9224789
west bank flea market in harvey,7,6,0.0054456894,0.08078862,0.0017237695,0.00044205048,0.041091114,0.002690788,0.6473146,0.2205033
google firm flies balloons to deliver internet cellphone signals in devastated puerto rico,1,4,0.00033740848,0.0012320174,0.00018099141,0.00044562476,0.78554004,0.00021447724,0.20051426,0.011535232
as a class apostolic project pk3 pk4 collected items for hurricane harvey evacuees in irving shelters,4,4,0.0001050837,9.1046844e-05,1.1098188e-05,3.582887e-05,0.9951375,3.0655967e-05,0.002266264,0.0023224985
skynews hurricane marias path along the coast of the unitedstates,6,6,0.0053859157,0.1271838,0.0009339026,0.00015281967,0.004032213,0.0010044847,0.85072225,0.010584531
south bay latino community devastated by mexico earthquake destruction sanfrancisco,1,1,0.005579153,0.9755726,0.0006259812,0.00014951454,0.0011752661,0.0030898813,0.008362786,0.0054446706
rebuild dominica partners with project cure amp other global allies posthurricane maria,6,4,0.0026925032,0.05018382,0.002039711,0.00226386,0.41815528,0.012450219,0.20594537,0.30626932
flood risks will be mitigated considerably by 2020 patali read more lka srilanka,6,6,0.0007851921,0.0041086683,0.0003167579,7.690819e-05,0.0014411398,0.00036448915,0.5849065,0.4080003
bond insurer proposes timeout for puerto rico litigation,7,7,0.004439148,0.0033690436,0.0010873083,0.0011863082,0.1398987,0.0013537862,0.15585722,0.69280845
puerto rico braces for visit from hurricane maria via,6,6,0.0006179437,0.0042052465,0.00020598457,6.7291345e-05,0.011432331,0.00010049366,0.6581987,0.32517204
a tamilenglish translator needed floodsl srilanka,7,7,0.00907714,0.009381097,0.0018543564,0.0040125744,0.22780122,0.0038165397,0.04687416,0.6971829
is it true that an earthquake will reach kuwait soon,7,6,0.0016112013,0.008133769,0.00029101822,5.8346635e-05,0.005231371,0.00032902864,0.58593166,0.39841357
events in nyc aim to help hurricane battered puerto rico,6,4,0.0018763453,0.005578366,0.00015024102,0.00012268666,0.8337464,0.00019387917,0.1528129,0.0055192704
woman accused of assaulting woman preparing for hurricane irma,2,0,0.55498654,0.002078936,0.048653513,0.023165606,0.018379303,0.0024644563,0.25568083,0.0945908
hurricaneharvey texas moves toward recovery gas prices slip,7,6,0.0013509939,0.0060973563,0.00034453152,0.00012359365,0.003150894,0.00018712392,0.9568428,0.03190266
hey world this is the real batmanday mexicoearthquake mexicoestadepie,7,7,9.203527e-05,5.335622e-05,1.5638156e-05,1.3594078e-05,0.00014677181,3.507248e-05,0.0029292533,0.99671435
ummmm lol harvey norman have online,6,7,0.00281659,0.0044143163,0.0008597974,0.00079644285,0.0025158806,0.001375043,0.044715326,0.94250655
thing you can rndmly find at best coworking space in puerto rico,7,7,1.3900845e-05,1.4871973e-05,3.990232e-06,9.432534e-06,0.0001459226,1.242812e-05,0.0014075534,0.9983919
1105 lake moraine pl raleigh nca 27607,7,7,0.005105541,0.079779305,0.0027050572,0.0013892356,0.013191352,0.0051208576,0.13135156,0.76135707
lebst du notch mexico earthquake puert rico dominca,7,7,0.003458799,0.010393388,0.0017335591,0.001084907,0.0076683736,0.0016771413,0.14471382,0.82926995
a rabbi aid drive after irma devestation on by,4,4,0.014588858,0.008453805,0.0019319237,0.0014527816,0.63365763,0.0015444206,0.26586497,0.072505645
redditors donate wedding dresses to houston brides following hurricane harvey,4,4,0.01379274,0.028772082,0.0010866057,0.001346472,0.61749095,0.0015571618,0.25441945,0.08153458
history shows we dont need big government to clean up after harvey and irma,6,4,0.00047042232,0.0031326427,3.8084192e-05,8.135397e-05,0.923034,0.00014132677,0.05170864,0.0213936
our power our future puerto ricoas road to a justrecovery,7,7,0.00969259,0.3648997,0.0012367798,0.001455453,0.12395704,0.020926382,0.09879931,0.37903276
you can support mexicoquake victims right now,4,4,0.00508581,0.0029133135,0.00013884419,0.00011807074,0.65070623,9.902204e-05,0.29227,0.048668623
california pizza kitchen shits fire af,7,7,0.004988454,0.03805614,0.00061748223,0.0025594244,0.08578138,0.002186916,0.13021071,0.7355995
googles project loon seems to be having trouble with stationkeeping above puerto rico,7,7,0.0003668384,0.00038296916,0.00030693374,0.0005704475,0.0023378667,0.0006467686,0.007824274,0.9875639
a team of american experts is in mexico to assist with search and rescue efforts followinga,4,4,2.9369814e-05,2.5956197e-05,6.4484384e-06,9.065488e-05,0.99841523,2.8359413e-05,0.0007009019,0.00070309103
this is a mirrored image from a wild fire in california this this is a susano,4,7,3.3218854e-05,8.805457e-05,1.2660906e-05,1.2111841e-05,8.751051e-05,2.0283904e-05,0.0050741234,0.994672
california wildfire probes hammer pgampeas value,7,7,0.0012907797,0.0027526813,0.0006730371,0.00019113772,0.00040715968,0.00020536418,0.11326308,0.88121676
hillary caught on tape laughing about irma wiping out all of those florida hillbillies,7,7,0.00023485701,8.538247e-05,3.5409346e-05,9.775024e-05,0.00031305745,5.745153e-05,0.018916834,0.9802593
irma flooding last week pumped more h2o into lakeo than armycorp released that stops today,7,6,0.0014879907,0.025213415,0.00070930517,0.00023697558,0.004796011,0.0014909212,0.68400663,0.28205872
sun 7am maria is no longer a major hurricane winds have dropped to 110mph heading toward cape hatteras nc,6,6,0.0003989347,0.004466266,4.753535e-05,3.1280197e-05,0.00050770084,3.316566e-05,0.96533746,0.029177587
strategic planning business viability using publicly available data irs help for harvey,6,7,0.00077501003,0.0020835407,0.000686951,0.0008468474,0.09286574,0.0010804792,0.13073766,0.77092373
el paso to orange soldiers travel 1000 miles in wake of harvey,6,4,0.006986203,0.0009904604,0.00016969877,0.00022966177,0.9469124,0.00015444488,0.018947694,0.025609443
eating tornado potato and drinking beer while waiting for taeyeon albmusicfest albatrossmusicfestival,7,7,0.0007146367,0.0002792828,6.460882e-05,6.5811655e-05,0.00035126155,0.00014495883,0.010875895,0.9875036
harvey city asks residents to remove parked cars from street for debris pickup,1,5,0.00138796,0.004086733,0.0001991798,0.0032983893,0.001665958,0.9883945,0.00032893202,0.00063829997
cleanup from hurricane harvey by skmiller photography beautiful,4,6,0.0036925676,0.105258174,0.0009805169,0.00030582942,0.022030411,0.0027323556,0.6621284,0.20287172
still standing after hurricane irma,6,6,0.044769265,0.036895867,0.001960949,0.00547714,0.0069695446,0.0045430562,0.72329116,0.17609304
california wildfiresa devastating effect on marijuana industry,6,7,0.00046967695,0.013496754,0.0006528687,9.626848e-05,0.00042706315,0.0004905083,0.2814011,0.70296586
even governor moonbeam is sight unseen,7,7,0.0008901372,0.0047245086,0.00028862912,0.0001117743,0.0011038148,0.00042442424,0.07088872,0.92156804
13 toxic waste sites damaged by harvey houston awash in chemicals,1,1,0.00010026807,0.99001783,0.00045160606,1.953415e-05,0.00033123937,0.0029364494,0.0060635265,7.937139e-05
pioneer woman ree drummond holding harvey fundraiser news9,7,4,0.014311116,0.0010623393,0.0022920829,0.0057919594,0.73098344,0.0019346692,0.014417581,0.22920679
les harveyables actors stage musical amid piles of debris in floodimpacted houston,1,1,0.00051161577,0.9765313,0.0004393278,6.173577e-05,0.000582853,0.0034171562,0.016532335,0.0019237377
bb i just been eating like crazy since irma had me home for two weeks,7,7,0.060143534,0.0018766029,0.0007923267,0.003628396,0.0035302804,0.00075345294,0.05095097,0.87832445
eastside fire spent week helping california crews,4,4,0.00064463477,0.00083250157,0.00011747204,0.00048009766,0.985502,0.00025823584,0.009553962,0.002611183
after a flood inspect all medicines harvey,6,6,0.03740366,0.028981628,0.0023329325,0.0015870515,0.3014906,0.003631803,0.4538079,0.17076449
look at harvey simply embracing it,7,6,0.0032240667,0.03616889,0.00048440992,0.00025041463,0.00385931,0.0010208506,0.673962,0.2810301
srilankas food gap widens in wake of regional floods and drought warn and,6,6,0.018292064,0.09845083,0.0003796435,0.00043608877,0.09851167,0.00089531636,0.7657762,0.017258218
hurricane irma orlando assesses the damage photos,1,1,0.00039307238,0.96717525,0.00016819852,3.3008655e-05,0.0009467422,0.0017447439,0.028952371,0.00058666366
proud to work w to get fl lawyers amp their clients back on their feet nationwide access free,7,7,8.886529e-05,0.00026095283,2.2603459e-05,5.6570254e-05,0.0017969848,5.7567955e-05,0.037730057,0.9599864
southern california prepares for potential wildfires,6,6,0.0019687996,0.0048468346,0.00034256914,6.2015904e-05,0.009876431,5.037719e-05,0.96661556,0.016237363
claudia harvey of dig it apparel to be featured on cutv news radio,7,7,0.00042663168,0.0042339116,0.00027259308,0.00029596305,0.009092293,0.0019129389,0.03591616,0.94784945
california wildfires kill 10 destroy 1500 buildings,2,2,0.005684318,0.4795692,0.48652092,0.0011924589,0.0126966555,0.0049339677,0.008519698,0.0008828851
the cone of uncertain continues to shift west putting atl on e side of irma meaning greater tornado threat gawx,6,6,0.00042141878,0.00789866,4.204904e-05,2.2507314e-05,0.0008757795,2.3783847e-05,0.9834825,0.007233303
do good today stop hogan street by from 11am6pm to donate supplies to help puerto rico after hurricane maria,4,4,0.00016841978,0.00029475355,1.5236607e-05,7.787655e-05,0.9662888,4.0422095e-05,0.0052033146,0.02791123
irma update from highlands county next on,6,6,0.0016076806,0.0043052947,0.0005422973,0.00018596255,0.0016372994,0.00035922904,0.58896595,0.40239632
what is the future of puerto ricos energy grid techbuzz,7,7,0.00012880086,0.0002927556,3.6723646e-05,1.50951755e-05,0.00013224214,4.963722e-05,0.026221655,0.9731231
thats indiana and thats how large hurricane irma is oh my,6,6,0.0049478556,0.02614786,0.00048246013,0.00018017663,0.0065928604,0.0004317109,0.94000244,0.021214638
call the texas immigrant rights hotline if you have experienced an instance of hate or discrimination sb4 harvey,7,7,0.0027193583,8.1162514e-05,5.916231e-05,0.00015543312,0.0017486503,4.568131e-05,0.016227566,0.978963
harvey spins deeper inland full scope of damage is unknown from,6,1,0.00025489138,0.98134905,0.00029925272,2.2795111e-05,0.00052201474,0.0022286267,0.014493705,0.0008297076
been a rough 3 weeks in the antilles backtobacktoback major hurricanes irma jose maria,6,6,0.00081094366,0.04992024,0.0002974755,7.726335e-05,0.005090689,0.0002583859,0.9240047,0.01954024
i am alive he recalled thinking over and over again alive iran earthquake,0,7,3.0224704e-05,3.6762263e-05,5.199404e-06,1.4946228e-05,0.00011442433,1.8962324e-05,0.0052216337,0.99455786
student asks to bring dog to class before hurricane irma professor has the best response via rupliftingnews,6,7,0.00022499914,0.00020450643,5.2137377e-05,0.0002137453,0.008732676,0.00010567112,0.06611557,0.9243507
pray for all those families in californiawhy how did this fire startso very sada12b,7,7,0.012055624,0.0035089108,0.00022816677,0.0003366468,0.03743457,0.00061399775,0.28165576,0.66416633
reload miami conference irma update,6,6,0.007326011,0.026887717,0.001974623,0.00068430917,0.0065703955,0.0005516821,0.8759609,0.08004436
here are some explanations for the mysterious lights that follow earthquakes,6,7,0.00020230278,0.0002908391,3.7506285e-05,2.0284282e-05,0.00014908168,6.453972e-05,0.02215274,0.9770827
thank you to those who purchased in support of hurricaneharvey enjoy your crunchi,4,7,0.0004772805,0.000947606,8.911379e-05,0.00018512642,0.115011446,0.00023901822,0.22114873,0.66190165
harveys floodwaters flexed earths crust pushing it down as much as 2 centimeters,6,6,0.007835762,0.32842362,0.004910952,0.002391172,0.038340725,0.025507513,0.474805,0.117785186
in key west stayed for irmathis is our tree in the back of our townhouse,1,1,0.003571404,0.90781134,0.00024813978,0.00014973558,0.019811722,0.00218347,0.05866236,0.0075617977
time lapse video shows rapid rise of water in houston bayou during hurricane harvey,6,1,0.0002942239,0.94953144,0.00026573235,4.8872836e-05,0.001302655,0.0023987703,0.039946202,0.0062120864
houses damaged roofs blown off as hurricane maria batters usvi,1,1,0.00020430835,0.9862781,0.0010454289,9.9239376e-05,0.00036293973,0.009356091,0.0025879561,6.581717e-05
tytlive situation in usvi just as dire as puertorico,6,0,0.38970298,0.0684652,0.0028235172,0.00199357,0.008614814,0.0033663514,0.2692278,0.2558058
here is the new guyharvey aruba long sleeve guys tribute to that enchanting island,7,7,2.3937564e-05,5.3095708e-05,7.855089e-06,8.726374e-06,0.00015244176,1.8192773e-05,0.0049332427,0.9948025
flooding from irma prompts a new look at marshfront surge,1,6,0.006172709,0.03532917,0.0006039735,5.87913e-05,0.0024992533,0.00021532463,0.9493826,0.0057381913
watch expert frank mora discuss uscuba policy on,7,7,0.00036009483,0.00019393589,5.3357304e-05,7.792749e-05,0.00028897825,9.987487e-05,0.016676154,0.98224974
if hurricane irmas eye was over phoenix thats scary azfamily,6,6,0.000811974,0.0047850013,8.77254e-05,3.0029389e-05,0.0007374123,5.9700247e-05,0.8882435,0.10524463
releases statement on hurricane irma,6,6,0.0011835264,0.008154312,0.00042808495,0.00035140463,0.0017742562,0.0006562789,0.7993182,0.18813398
put your hands up if ur not workn the mora,7,7,0.00018505528,0.0003671885,4.3642758e-05,6.369477e-05,0.0010008336,0.00021088816,0.012347731,0.985781
rainbow right over the tornado hit homes lady next to me says mother nature saying shes sorry,6,6,0.012335848,0.064508826,0.0005528978,0.00039454876,0.019436399,0.00095349504,0.56262463,0.3391934
pray for all in the path of hurricane irma we are worried,6,6,0.0030582708,0.0046784133,0.00019596625,6.053921e-05,0.0028051506,0.00011368155,0.9281728,0.060915135
john besh delivers hot bowls of gumbo and red beans to harvey evacuees,4,4,0.0004861691,0.000556846,0.00010629923,0.0001358985,0.85022604,0.00010989989,0.102492936,0.045886017
seismograms from yesterdays earthquake on the iran iraq border,6,7,0.0004709313,0.0005707898,0.0002195562,9.5429226e-05,0.00060610165,0.00022773455,0.030613007,0.96719646
24 and 48 hour rainfall amounts and most of this occurred in the last 12 hours harvey houstonflood,6,6,0.00020764087,0.0046508596,7.744091e-05,3.0294383e-05,0.0040397584,3.2023778e-05,0.9688603,0.022101639
hurricane irma victims jesus saved us,0,4,0.13332222,0.016289655,0.007844765,0.026447529,0.60617626,0.015328495,0.07339774,0.12119344
tropical storm maria still making waves but will pick up speed over next few days and continue to move away,6,6,0.00028027935,0.0016268948,1.7251847e-05,2.3400546e-05,0.00023935617,1.380149e-05,0.99096674,0.006832263
oh nice how about you send that money to puerto rico,4,7,1.9130483e-05,1.20181985e-05,3.153877e-06,7.0638744e-06,0.00025483652,7.4774784e-06,0.001683945,0.9980123
amommy donat crya a 4yearold girl surviving hurricane maria unicef connect,4,4,0.012333689,0.022142837,0.011054524,0.037048858,0.7662034,0.056059513,0.032871682,0.062285535
an earthquake just shook la after mexico now we get hit after irma now maria5 hitting the caribbean but argue w,6,1,0.0074244076,0.7964487,0.00034424404,0.00018989624,0.003906082,0.00050993497,0.16947187,0.021704802
12 years ago my parents opened a museum a week ago it looked like this a127 harvey harveyflood,1,0,0.34157184,0.26984024,0.045101576,0.03627435,0.08473102,0.030552838,0.08417597,0.10775222
irma nfl right on the a0a0a0 top 5 throws of week 2 via twitter,7,6,0.00037112646,0.0039331177,0.00034190767,0.00019827463,0.0031337743,0.00032437206,0.5837949,0.40790254
some in texas begrudge aide to puerto rico,4,7,0.00068435835,0.002047772,0.00023972178,8.308506e-05,0.0015410763,0.00050203444,0.048488006,0.94641393
theres still a lot of work to do heres how to help,4,6,0.023554424,0.40923607,0.0011690077,0.0010371685,0.10859568,0.005606661,0.4243936,0.026407316
mexico we are the crack they are the collapse mexicoearthquake sismosmexico2017,7,7,0.009684985,0.20815188,0.00073406624,0.00051586825,0.022571957,0.00719689,0.2802858,0.4708585
hurricane irma storm batters caribbean islands as florida emergency declared,6,6,0.0012149373,0.024005085,6.749214e-05,1.5806596e-05,0.0010979243,4.6901467e-05,0.97265834,0.0008935544
irma deals an unprecedented blow to floridas citrus industry,6,6,0.003401499,0.015026594,0.000962,0.00029819834,0.0045427624,0.0008889475,0.66898644,0.3058936
joel osteen asks new yorkers for charity after harvey in spoof read more money,4,7,0.0012256817,9.787026e-05,9.146215e-05,0.0004367166,0.0830693,0.00022166847,0.00964571,0.9052116
sunny day landscape flooded area due to hurricane maria,1,1,0.0011267273,0.79473007,0.00041869443,9.575976e-05,0.0012541419,0.0021717637,0.19669074,0.003512109
chef cooks barbecue for california wildfire victims,7,7,0.073909424,0.005300962,0.017779956,0.016867073,0.08882622,0.0030100625,0.05606362,0.7382426
familiar weather pattern for fl although satellite shows hurricane maria in distant e amp upper low pressure in gulf,6,6,0.00029517064,0.0031991114,7.1544404e-05,6.7620764e-05,0.0011978913,5.419772e-05,0.9467958,0.04831862
were on the road to jacksonville to coordinate our response to irma in florida see you soon,7,4,0.0004841961,0.014258138,0.00020390822,0.0003840931,0.85331684,0.00038810435,0.11726284,0.013701937
after irma communities look at the long road ahead,6,6,0.032859053,0.47315422,0.0012097061,0.00033337454,0.004520852,0.002424608,0.47363198,0.011866121
pnnl scientists weigh the factors that power a hurricane like harvey or irma,6,6,0.001825237,0.19763371,0.0011669479,0.00024014022,0.008494035,0.0014534943,0.7614081,0.027778335
photographer spotlight nick leggio owner ig mikemora photo by apin1k full feature,7,7,0.012054775,0.00202179,0.003839463,0.0055608135,0.0014175281,0.0039657652,0.040921282,0.9302186
thousands of iranians homeless after strong iraqiran earthquake phnews,0,0,0.94993865,0.0032319631,0.0025498508,0.0015800875,0.0031818291,0.00054492016,0.035328016,0.0036446918
looting thugs take to streets during hurricane then get what they deserve video,6,7,0.0012393927,0.0652027,0.00087554683,0.00038778162,0.0074519347,0.005125092,0.26450542,0.6552121
forecast models indicated hurricane irma will turn north amp move over or near southflorida sunday cbs4,6,6,0.00027505108,0.002989747,3.6057798e-05,3.586838e-05,0.000721968,6.223234e-05,0.969118,0.026761075
would you be prepared if a disaster like harvey or irma struck greater cincinnati,6,6,0.00012357146,0.0010046068,3.3173088e-05,2.5035775e-05,0.0043899245,4.8568032e-05,0.7323295,0.26204562
researcher claims to have predicted the iraniraqearthquake through planetary alignments,6,6,0.0044899504,0.010774895,0.0011559757,0.00026842966,0.002044851,0.000804846,0.7283796,0.25208148
high tide hurricanemaria,6,6,0.017664265,0.06388275,0.007158863,0.004380382,0.019970978,0.0065151923,0.7133637,0.1670638
rescue work suspended at earthquake collapse site in mexico city ap,4,4,0.0021755288,0.3782479,0.00074019737,0.00077936734,0.53591913,0.005827825,0.07245194,0.0038581116
dcsdfootball hurricane irma delayed them but week 4 stats are up online now,6,6,0.00062504574,0.0029013213,0.000106726315,5.5500786e-05,0.000697889,0.0001169977,0.967103,0.028393451
a reminder of what happened as evacuated passengers ahead of irma earlier this month,6,6,0.0578631,0.0015396435,0.0019897826,0.0007677315,0.00400441,0.00024730392,0.86889046,0.0646976
harvey disaster food boxes available in impacted areas visit to learn more,4,4,0.00030786195,0.0006507137,1.1416237e-05,8.217269e-05,0.99586123,0.00024748163,0.0018081295,0.0010308706
find out how you can join disaster relief efforts by clicking the link,4,4,0.0003034553,0.00037718815,1.0931869e-05,6.081696e-05,0.9908636,5.048649e-05,0.0062787374,0.0020547174
president trump on tuesday raised the prospect of wiping out hurricaneravaged puerto ricos,7,7,2.1093054e-05,7.320311e-05,1.11920035e-05,1.0023028e-05,0.00017238593,3.058144e-05,0.009796607,0.98988485
vw audi nissan production hit by mexico earthquake,5,7,0.0012650617,0.004969453,0.0006781608,0.0002717841,0.001293599,0.000670792,0.10157171,0.8892795
teen suffering health crisis during hurricane harvey uses siri to call for her own rescue,0,4,0.17848752,0.00151216,0.0007088784,0.0031554012,0.6593503,0.0006340534,0.112939365,0.043212306
new 11pm advisory from the nhc no change irma still a very dangerous storm heading toward fl amp ga,6,6,0.00013534699,0.0015171659,2.538648e-05,2.2114056e-05,0.0008967608,1.709546e-05,0.97061175,0.026774336
univision news weekly brief a month after the mexico quake and hurricane maria,7,6,0.0010906489,0.0073756822,0.00019115151,9.835734e-05,0.0014467005,0.00011099577,0.92420125,0.06548518
tubbsfire victim karen aycock 54 wouldnat leave the house without her animals,7,0,0.9786009,0.00041954746,0.0031698823,0.010415091,0.0036355895,0.00046739224,0.001966668,0.0013249948
mexico earthquake leaves historical churches in countrya hit,7,1,0.0004346655,0.98467916,0.00039130638,1.7733159e-05,0.000278675,0.00079269294,0.013098308,0.000307473
it takes no compromise to give people their rights harvey milk,7,7,0.013818618,0.00037765983,0.00019822667,0.0006385479,0.0922023,0.0005230912,0.04935462,0.8428869
fsu students community send hurricane irma relief supplies to south florida,4,4,0.0021246425,0.0005946346,3.8566875e-05,0.00011390181,0.9845919,5.823541e-05,0.010838611,0.0016394933
dog protects livestock from california wildfires,6,6,0.0028200294,0.010881513,0.00048340074,0.0004931402,0.008874345,0.00022457851,0.7368497,0.23937334
i am alive survivors of iran earthquake mourn as government scrambles to help,0,4,0.00031664604,0.000113543174,1.2125903e-05,0.00021843065,0.99077964,7.107485e-05,0.0064686937,0.00201987
afpphoto a14yaa14y8 thousands evacuate as california wildfires kill 10 a127 frederic jbrown joshedelson robynbeck afp,2,7,0.22940037,0.0023466677,0.25382927,0.041022096,0.083740935,0.00481544,0.012465264,0.37237996
a list of what u can donate and where u can send your donations to for hurricane harvey victims,4,4,0.00012711665,0.00012595962,6.6045272e-06,2.7361539e-05,0.99452305,1.2876829e-05,0.0038847446,0.0012922303
popular on 500px collection of classic bmws saved from california wildfires by karnadi39,6,7,0.0002902654,0.033682965,0.0003510492,0.00020407497,0.019716242,0.001346864,0.24139576,0.7030127
austins turnkey vacation rentals takes a hit from harvey on texas coast,1,6,0.0068676635,0.04550213,0.00029547073,0.0002980524,0.025730558,0.00062561117,0.876779,0.043901518
get started tax help for small businesses hit by harvey and irma usa today,4,6,0.00642519,0.11945863,0.00012067203,0.0005269004,0.26587942,0.0017883178,0.40106976,0.2047312
as expected one 12hr tornado watch expires another is issued hurricane irma jaxwx savwx flwx gawx,6,6,0.0003143477,0.0013964602,5.122305e-05,1.3622969e-05,0.00044061773,2.7786085e-05,0.96601194,0.031744
chefs aiding puerto rico find redients difficult to come,4,7,0.0046163946,0.002563573,0.0013255096,0.002419848,0.24476016,0.0030099803,0.040905867,0.7003986
td15 expected to become hurricanemaria next week threatening parts of caribbean hit by irma,6,6,0.002556686,0.03315296,0.00017065051,7.739399e-05,0.009089217,0.00019315524,0.9400968,0.014663098
hurricane harvey was no match for the boxing family fightnewsasia fightnews,7,7,0.0005589684,0.00091823534,4.900245e-05,4.43779e-05,0.0016109424,0.00023919712,0.056498624,0.9400807
azerbaijan offers assistance to iran after earthquake iranian envoy,4,6,0.0050114626,0.0120962355,0.0004087326,0.00032020305,0.054747798,0.00034572216,0.8390313,0.08803863
the same islands that took a direct hit from irma will not take a direct hit from maria however puertorico isa,6,6,0.0015093322,0.43649182,0.0005032336,0.00010528003,0.014197432,0.0005445309,0.5372442,0.009404183
strong earthquake in iran had no effect on yesterdays earthquake in azerbaijan,6,7,0.00037141392,0.0021138515,0.0001704251,6.295088e-05,0.00030694398,0.00011452683,0.4540056,0.5428543
yeah ive been ready to gojnj hurricaneharvey,7,6,0.0018808822,0.106470525,0.000947639,0.00048541185,0.007795768,0.0019393952,0.7936626,0.08681782
news on npr a week after irma florida families still living in the dark,0,0,0.9627747,0.00020556728,0.00072858174,0.029759465,0.00038458224,0.00031064107,0.0047458694,0.0010903955
sandy beach mora psaria at the northern coastline of rizokarpaso cyprus,7,7,0.00027718765,0.00080838596,4.9964747e-05,4.295871e-05,0.00028501285,0.00013782809,0.017559905,0.9808388
virginia beach woman chartered plane to rescue 300 animals as hurricane maria bore dow,4,4,0.000554981,4.776437e-05,1.8090745e-05,0.00021229977,0.9961998,7.529361e-05,0.0013662827,0.0015253866
how irma got her own wifi,7,7,0.009483814,0.003004908,0.0010404177,0.0017441107,0.0012114012,0.0009733191,0.12770098,0.85484105
see how we are moving forward together postirma fumccg news and happenings gablesstrong,6,6,0.0018063356,0.0022131498,7.501876e-05,0.00011732978,0.009977602,0.0002757934,0.5965091,0.38902566
whatas happening in puerto rico after hurricane maria is environmental injustice,7,6,0.0017130357,0.014815507,0.00037116717,0.00012349748,0.0033813533,0.00031555665,0.86868715,0.11059271
this is the most adorable pic ive seen from visit a12 dai houston beygood hurricaneharvey,7,6,0.00079030276,0.11379673,0.0006465755,0.00011393972,0.0059536854,0.002827751,0.4892945,0.3865765
workplace gratitude in action helping harvey amp irma hurricane victims beinspired,4,4,0.0004947389,0.00056965067,4.8121194e-05,7.8149315e-05,0.973838,5.7550704e-05,0.023621699,0.0012921228
sine mora ex dev on the new coop mode,7,7,0.0021910332,0.0006359875,0.00073635404,0.000542442,0.001159878,0.0007820871,0.018117266,0.97583497
hurricane harvey downgraded to category 1 will likely become a tropical storm d27,6,6,0.00027380398,0.003791289,2.1613736e-05,8.9132855e-06,0.00088434713,4.879108e-05,0.990352,0.0046193055
tracking irma this morning as it passes north of dominican republic dangerous category 5 storm gt,6,6,0.00016528336,0.0023922105,5.3247655e-05,3.4021898e-05,0.0016762558,3.0479527e-05,0.98020786,0.01544067
copped tho right before my mom forced me to sit in the bathroom for tornado warning,7,7,0.002093511,0.002259038,0.00014419157,0.00030901408,0.0013057729,0.000177781,0.14417301,0.84953773
irma maria jose forestfires earthquakes s song so much trouble in the world so true wheres the,7,7,0.000119228294,0.00012636629,4.796003e-05,8.636973e-05,0.0004351012,7.017096e-05,0.009877712,0.9892371
yes thats a cadillac stuck in water the driver had to be rescued harvey,5,4,0.00659943,0.003601243,0.0017927764,0.018680677,0.89261514,0.055512324,0.014420971,0.0067774495
hurricane maria left puerto rico absolutely devastated,1,1,0.018026419,0.81848925,0.0005788146,0.003294602,0.015335313,0.01700889,0.113802314,0.013464384
weekend soccer games called off after mexicoa earthquake,6,7,0.0001439919,0.00019968544,5.384747e-05,4.188645e-05,0.00077539956,7.219964e-05,0.027877338,0.9708356
hurricane marias effect on us not ruled out forecasters say,6,6,0.0008334877,0.009808835,9.957116e-05,3.0494923e-05,0.0005742839,0.00027062168,0.95549864,0.032884102
in kingwood texas where many families are picking up the pieces after hurricaneharvey,0,4,0.009776655,0.007978301,0.00049070735,0.0012169656,0.93343824,0.007530586,0.024050917,0.015517681
family houston young professionals volunteered at the giving hub to help families in need after harvey,4,4,0.001339397,0.00011986473,1.5655993e-05,0.00023596993,0.9939904,0.00011929874,0.0011116617,0.00306769
kenny chesney helps teen brothers reunite with mother after hurricane irma,4,3,0.05246257,0.00035769318,0.011917888,0.81275076,0.08471992,0.01171952,0.0031576084,0.022914065
20 of every order at squeezedonline goes towards hurricane harvey relief until sep 14th,4,6,0.0003314534,0.0021071937,0.00012464478,2.558856e-05,0.00288933,2.8124638e-05,0.9827686,0.011725084
relatives say children missing after a school collapsed in mexicos deadly earthquake have sent whatsapp messages,3,3,0.019503817,0.0011103156,0.33819976,0.61283374,0.00077417993,0.024550125,0.00057777786,0.002450303
nationaldayofprayer is bullshit you really wanna help those impacted by harvey donate timemoneysupplies,4,4,0.0018305745,0.00293772,0.00019891735,0.0004164833,0.7109534,0.00073773944,0.046234984,0.23669015
breaking tornado warning for adams and yorkcounties in pa until 445 pm edt,6,6,0.00040283691,0.0033090133,8.131572e-05,2.2294384e-05,0.00024869846,3.7453792e-05,0.9897524,0.006145949
fire crew shares video of what they faced battling californiaa blaze,6,7,0.0061735422,0.000784001,0.0003826152,0.000917763,0.0063422136,0.0007275594,0.064665414,0.9200069
linmanuel miranda talks helping puerto rico amp notching first top 40 hit exclusive,7,7,0.0057361326,0.0026239473,0.0016563948,0.0063373544,0.234232,0.0055490215,0.03952827,0.7043369
artists send thoughts amp prayers to mexico city following the devastating earthquake,6,6,0.010044462,0.003837041,9.087483e-05,0.00024830402,0.22458987,0.00011899972,0.6972455,0.06382495
northern california wildfire interactive map esri gis waze,6,7,0.0039719273,0.010363107,0.0015015042,0.00039313643,0.00048288866,0.00048251924,0.38720942,0.5955954
good tuesday morning we hope things are back to normal at your home following irmajoin us now until 7am,6,6,0.0002645957,0.0014649262,3.3959615e-05,7.9765734e-05,0.0022804637,5.1022223e-05,0.82386196,0.17196329
uns global emergency response fund enables humanitarians to provide urgent aid for victims of hurricane irma,4,4,0.00013064504,0.00017540723,1.1789133e-05,4.9986764e-05,0.98802173,2.5409558e-05,0.010458902,0.0011261078
click here finance politics business three storms raging in atlantic with one aimi,6,6,0.00038043226,0.0033895723,0.000161091,0.00011013407,0.0024437504,0.00026315832,0.79677796,0.19647402
check out new 61 magnitude earthquake hits mexico again hoodnews,6,6,0.00039285197,0.0031865274,0.00012574189,4.400602e-05,0.0008746319,4.5171215e-05,0.958561,0.036770005
baby born during hurricane harvey gets most apropos name,6,7,0.22340555,0.007970098,0.0037560232,0.0066728704,0.014226343,0.0039733495,0.13500035,0.60499537
state aid to puerto rico has also been delayed by a mix of slow requests and money woes,4,7,4.7488877e-05,7.984657e-05,2.287843e-05,4.167078e-05,0.0008551631,5.6844063e-05,0.00737517,0.99152094
fire storm california a geoterrorism a no justice aa justus,6,6,0.0021295322,0.009010276,0.0004431098,0.00010399887,0.0005912065,0.00011640635,0.8355995,0.15200602
everybody go give eagle alum a120mora a follow at,7,7,0.00017816342,4.040385e-05,1.2144447e-05,2.1636979e-05,0.0001991446,2.8851273e-05,0.0023725214,0.99714714
after earthquake mexico holds out hope for those trapped under rubble a not givinga upa,6,4,0.0010129751,0.0022820085,3.8298283e-05,0.00028202203,0.9803324,0.00023655486,0.010591604,0.0052241525
iran turns down offers of earthquake aid including from its archfoe israel,4,6,0.0038495695,0.018373072,0.000409755,0.00027508652,0.13141839,0.00044821732,0.75023675,0.094989136
hurricanemaria relief just dropped off first baptist orlando,6,7,0.024213912,0.02806828,0.0019025516,0.0025449267,0.24891739,0.0044518947,0.22661458,0.46328643
power slowly being restored after hurricane irma,6,1,0.0044248835,0.6124559,0.0035740524,0.0014798715,0.024574623,0.012615645,0.31091014,0.02996484
california wildfires moment familys dog is found alive in ruins of home a video,4,0,0.43183166,0.30424133,0.004698081,0.03555446,0.027586455,0.014735017,0.05635592,0.124997064
enjoying the golden tornado band from home in erie,7,7,0.0013523768,0.011552625,0.00026525412,9.523883e-05,0.0061718468,0.00020371011,0.24365743,0.7367015
mexicans turn to church as earthquake death toll hits 320,2,2,0.0009314704,0.0009445,0.99690187,0.00039875234,6.75033e-05,0.00013706603,0.00050224824,0.00011664781
business expert president trump signs hurricane harvey relief bill creditrepair jobs,4,7,0.00034727275,0.0018917003,6.0768372e-05,5.2178097e-05,0.0007925566,0.00026668052,0.24974066,0.7468482
democrat mocks trump with paper towels in congress after puerto rico fiasco,7,7,0.00013754194,0.00022081434,9.859487e-05,0.00014456575,0.001247929,0.0002374921,0.006506874,0.9914062
get to mora and try the whole menu,7,7,0.0005491137,0.00031754273,3.5755118e-05,6.434012e-05,0.001434429,0.00018184565,0.010856564,0.98656046
rainierwildflower one of the first flowers of spring coltsfoot already gone to seed kl,7,7,0.00032825425,0.00065148,0.000225303,0.00017808526,0.0007595229,0.00044130342,0.045200072,0.952216
hillary clinton links climate change to wildfires hurricanes in california speech,7,7,0.0002520455,0.00064995605,9.2102266e-05,4.9032282e-05,0.0010737672,9.531563e-05,0.25529823,0.7424895
this drone footage shows the devastation caused by the 71 magnitude earthquake in mexico,1,1,5.6719633e-05,0.9830116,0.0002971018,3.5930036e-05,0.0002459999,0.0030945505,0.012812038,0.00044604362
bun b on hurricane harvey a itas worse than everyone music,7,7,0.0004020662,0.00022576227,7.719192e-05,5.7317953e-05,0.00061383384,9.356261e-05,0.025530927,0.9729994
latest update on hurricane irma with links to resources,6,6,0.00030033765,0.0037471226,9.165313e-05,2.133959e-05,0.00152549,5.2687807e-05,0.98388934,0.010372135
ontiermexico will provide free legal advice to those affected by the earthquake,4,7,0.00058010436,0.00028596196,6.511412e-05,0.00014210721,0.014627713,0.0001799725,0.057045862,0.9270732
still havent taken down the plywood from irma im waiting to see what maria does f pray she heads north after,6,6,0.0018874627,0.0066795857,0.00017642094,0.00046896175,0.0020107154,0.000367103,0.5505506,0.43785915
newsgraphic satellite view of hurricane irma traversing the caribbean on wednesday,6,6,0.0005109731,0.0081035,0.00017618696,6.5487846e-05,0.00086077594,0.00016837423,0.9754033,0.014711346
orlando city wins friendly 61 helps puerto rico orlandocity,7,4,0.0016649283,0.0006365815,0.000115740484,0.00019995494,0.9590614,0.00015919768,0.0062860977,0.03187608
irmas twisted sister hurricanemaria maria2017 wx weather prayforpuertorico,6,7,0.044969514,0.075573064,0.0132393595,0.03653756,0.024031186,0.058057,0.33088243,0.41670996
frequentou one direction mora londres,7,7,0.001649476,0.0013560981,0.00059279235,0.0006553714,0.0016236386,0.0008937612,0.013856191,0.9793727
tornado watch continues for the tri county and the nearby atlantic ocean water until midnight chswx irma,6,6,0.0017247632,0.06711018,0.00032719047,7.535266e-05,0.009807093,0.00025608484,0.91904026,0.0016590365
hurricane maria knocks out power across all of puerto rico nbc nightly news,1,6,0.0019448267,0.2527533,0.00020891505,0.00012914113,0.014435287,0.0008451665,0.7265652,0.0031181332
welcome back titans finally back to school post irma bcpsfirst knownova backinbusiness,7,7,0.00016865929,0.0002979537,4.345406e-05,4.1885556e-05,0.0018877635,9.672993e-05,0.028801585,0.96866196
a damaged apartment is seen after the earthquake in the narrate neighborhood in mexico city,1,1,0.00040202818,0.98915535,0.00089413876,9.4364616e-05,0.0003238416,0.0060644466,0.002810458,0.00025548373
californias notorious winds feed wildfires,6,4,0.029059052,0.025870861,0.0026946983,0.0065024276,0.75737965,0.0037446965,0.15463339,0.020115286
the dominican president expresses his amost sincere condolencesa to mexico fora,7,7,5.7135865e-05,0.00016747281,4.1340856e-05,2.322438e-05,0.0002767223,8.3568266e-05,0.011308831,0.98804164
so trumps new nasa adm is also a climate skeptic see irma harvey,7,6,0.00021002188,0.0011218528,5.3392767e-05,3.2266405e-05,0.0014500717,7.272941e-05,0.7358814,0.26117826
after 3 weeks of delay and one messy harvey my backpack was delivered at 1055 pm,7,7,0.00015377213,0.0003932628,5.713706e-05,7.6255834e-05,0.00052425615,0.00014782551,0.03023096,0.9684165
puerto rico se levanta med students unite to help those in need,4,7,0.0028450051,0.0005611815,0.000120194556,0.00025307896,0.45629087,0.00019096781,0.05266766,0.48707104
all my family is there boston restaurateur relieved after mexico earthquake,6,7,0.0012016325,0.00035744673,4.0628027e-05,0.00011599086,0.0007273795,0.00016104303,0.008356771,0.98903906
so proud of our kids who raised nearly 600 for puerto rico a14y5a14y7 hurricane relief with a bake sale today fwsu ai a14a,4,7,0.00032563758,8.679293e-05,1.2644511e-05,5.1312007e-05,0.006892111,3.575101e-05,0.008857114,0.98373866
how hurricanemaria could affect mentalhealth edchat naturaldisaster,7,7,0.0031230627,0.003105159,0.00032821763,0.00031885292,0.0013689188,0.00081394776,0.12632847,0.8646134
opening 19 locations postharvey kprc2,6,7,0.00634011,0.03690194,0.010484571,0.007681924,0.20040159,0.010572704,0.31691158,0.41070557
commanders of irgc irans army visit earthquake areas in western iran,7,6,0.0033145228,0.3555392,0.0016947874,0.00030871347,0.021132134,0.00169946,0.6038184,0.012492686
30a tv update jazzfest star to play irma benefit friday 30atv 30a,6,7,0.0001481353,0.0002542453,9.434875e-05,5.8176265e-05,0.0005570953,0.00014036313,0.022212382,0.97653526
smoke from californias wildfires will harm people beyond the flames reach,0,0,0.9807387,0.00041172456,0.0012604394,0.0011418441,0.0012169093,0.00011640951,0.013675759,0.0014380744
hurricane harvey could create 1m salvage vehicles,4,4,0.0030796472,0.0034382646,0.00017028136,0.0010180864,0.9587732,0.0052123466,0.016955776,0.011352394
ian harvey offers us a brief insight into the history of passwords in his latest blog post,7,6,0.0005867321,0.0023690076,0.00017411028,0.00014131433,0.005271472,0.00013818766,0.766025,0.22529417
maria still roiling central florida beaches lee becomes hurricane,6,6,0.0014835937,0.012827251,0.0001364195,4.5834473e-05,0.00042043495,8.4169784e-05,0.9777975,0.007204747
hurricane irma recovery fund for our island neighbours,4,4,0.0024373312,0.008165174,6.0215e-05,0.0001292525,0.8630742,0.00018336179,0.124350965,0.0015996213
supplies to fight off my post irma cold stress longhours loweredimmunity,7,6,0.0038308264,0.017921505,0.000888688,0.0017770946,0.17124121,0.0045377715,0.44696486,0.3528381
tech labs reach out to researchers hit by harvey,6,4,0.05540084,0.007368324,0.0003692509,0.0007533023,0.7260408,0.00057588285,0.20116425,0.008327342
the ghost of jose being absorbed by hurricane maria as she slowly heads north,6,6,0.00052188174,0.0053531565,0.00012859765,5.1171297e-05,0.005715195,0.00011504871,0.9428463,0.04526865
congress looking into how tiny company from zinkes hometown gets 300 million contract to,7,7,0.0012595032,0.0008340522,5.4138585e-05,0.0003427134,0.37474325,0.00042778,0.07104977,0.55128884
harvey rainfall so far houston,6,6,0.0013053919,0.024346028,0.00012636361,4.5107798e-05,0.0021538073,0.00016947323,0.958656,0.013197847
my harvey always knows when i aint well a121,7,7,5.184998e-05,4.48125e-05,1.2263506e-05,1.6940205e-05,0.00010807958,3.2931803e-05,0.0024379476,0.9972952
british troops help fix home wrecked by hurricane irma,4,4,0.0030533543,0.21070647,0.0014499318,0.0019267846,0.7188277,0.03920717,0.022397887,0.00243063
tell that hurricane bitch irma to come this way i keep that mf thang on me,7,7,2.8924052e-05,2.2052705e-05,4.5612824e-06,1.7623497e-05,0.00015631692,1.6648255e-05,0.00268295,0.9970709
thank youuuu d irma,6,7,0.0034079074,0.007974808,0.0009143899,0.0021006311,0.10974836,0.0015170359,0.12219023,0.75214666
pizza hut workers paddle through harvey floodwaters to deliver free pies,4,4,0.0026991558,0.061968006,0.00025139542,0.0003015333,0.75519615,0.0006215217,0.1764989,0.0024633042
blakpac member has not stopped assisting hurricane irma victims,4,4,0.0084279105,0.0058282274,0.05402962,0.08181299,0.74001807,0.02480112,0.057648465,0.027433533
irma resources for homeowners businesses amp workers,4,6,0.01465795,0.24510412,0.000371191,0.00048367924,0.17114562,0.002017915,0.55134255,0.014876945
earthquake in kermanshah irans new genocide against religious and ethnic minorities,6,7,0.0020021684,0.0049903784,0.0010637757,0.00021212152,0.0006840598,0.00034926363,0.48361447,0.5070837
this photographer captured the devastation of hurricane maria from above,1,1,0.0029572302,0.7398408,0.015555479,0.0005613242,0.01642735,0.0062557887,0.21469422,0.003707781
houston office market sees slight increase in vacancy post harvey cre,6,7,0.00029767916,0.0019424482,0.00019632469,4.425488e-05,0.0006395812,0.0001805512,0.24133515,0.755364
a jesuits firsthand account of hurricane harvey via,6,6,0.0032210564,0.0055047134,0.0004811123,0.00021113042,0.0012604704,0.0003033598,0.5748611,0.41415703
him amp his family lost a lot during harvey amp theyre just opening back up check them out,7,6,0.06331252,0.010653366,0.00090123445,0.0015727442,0.007594929,0.00046900948,0.7291859,0.1863104
delivering aid to floodravaged sri lanka jewish sandiego,4,4,0.0005149534,0.0005033333,6.199176e-05,0.00020955628,0.99384105,0.00016259936,0.0033444855,0.0013620985
how i watched hurricane maria terrorize my home from a distance,1,7,0.0017711954,0.0013855423,7.178916e-05,0.00012709742,0.00045472643,0.00020306469,0.06109809,0.93488854
classicmsinthebiz awhy donat you try acting like a womana by gia mora,7,7,0.00036995503,0.0007935968,0.00025591344,0.00028867036,0.0030339914,0.00064827874,0.011462744,0.98314685
the stahl boys doing a little cleaning up after hurricane irma dadepba thinblueline maria,4,4,0.0004217964,0.001239076,4.0213275e-05,0.00017873445,0.96198475,0.00019097861,0.013468856,0.022475615
recent hurricane hunters flying through maria find flight level winds of 120mph maria could be cat 3 again soon,6,6,0.0007200461,0.0024284944,4.7130467e-05,9.072393e-05,0.00071236456,6.0174178e-05,0.97718096,0.018760115
evidently somebody didnat want to risk putting orlando under a tornado warning,6,6,0.0017449544,0.0075546545,0.00035836283,0.00014735667,0.004361862,0.00026289767,0.9144159,0.07115407
one of the first solar storage tesla energy projects in puerto rico has come online,7,7,1.059763e-05,5.556824e-05,1.2126905e-05,1.1548587e-05,7.8422614e-05,3.0567124e-05,0.004249102,0.995552
puerto rican farm saved from hurricanemaria thanks to solarpower via,0,7,0.0018080509,0.007125951,0.00024293338,0.0006581122,0.07846538,0.0019462577,0.017075079,0.8926782
dogs rescued from puerto rico after hurricane maria are being adopted tech technology,4,4,0.0046070074,0.0010227357,0.00039736423,0.004558283,0.74366915,0.001957793,0.10968848,0.13409922
behind the scenes with mora a124a12a,7,7,0.008331847,0.004147081,0.0011037368,0.002311497,0.003159377,0.007812695,0.010086167,0.9630476
tornado low light,6,6,0.003962354,0.18075679,0.004492038,0.0007076581,0.0025194348,0.0042926264,0.78733927,0.01592982
collapsed school in mexico earthquake is checked for a hidden defectsa,1,1,0.008111335,0.5181694,0.009588802,0.0013978736,0.02221068,0.023772279,0.15449806,0.26225156
xmen gold 11 cover by dan mora omega red returns xmen marvel,7,7,0.0001252447,6.399143e-05,7.047555e-05,6.377424e-05,0.00043037435,9.890555e-05,0.0027011235,0.9964461
lucky duck irma sits on eggs even during hurricaneforce winds,7,6,0.0034515955,0.0046309717,0.00028651307,0.00046477665,0.03016045,0.00037703608,0.84127486,0.1193538
ashe members offer engineering support to puerto rico hospitals by,4,4,0.00082295923,0.0006687574,8.4575346e-05,0.00022643447,0.985573,0.00018563819,0.006104453,0.0063342564
mexico further updates and advice to british nationals following the 19 sept earthquake,7,7,9.685642e-05,0.0007501412,7.0799855e-05,3.3232536e-05,0.00041896972,7.6239325e-05,0.21057191,0.7879818
skutchi wants to help businesses affected by hurricaneharvey and irma call us today 8889933757,6,4,0.0019395921,0.008753443,6.536255e-05,0.00018779808,0.92582643,0.00038093055,0.055233017,0.0076134396
auto abs issuers pull pools back from harvey irma impacted areas,6,1,0.1658025,0.4002664,0.0013233706,0.0022009152,0.02835235,0.0150001375,0.36931774,0.017736569
hurricane maria latest winds 105 mph about 475 miles sse of cape hatteras nc,6,6,0.00016163672,0.002096331,1.775079e-05,1.070649e-05,0.00017928003,2.007212e-05,0.9926785,0.004835756
my beloved friend is doing godas work in puertorico right now hurricanemaria crytime keepgoing,7,7,0.0003708256,0.00051522127,3.9615887e-05,0.00013514506,0.0012480579,0.00026213625,0.023480682,0.9739483
comparto con ustedes mi columna con ustedes en the hill congress must fund puerto ricos new electrical grid,1,7,6.530394e-05,7.805214e-05,2.4745175e-05,5.0615323e-05,0.00034576253,5.572711e-05,0.004296126,0.9950837
lee has a massive eye maria now a tropical storm not looking as healthy as it once did,7,6,0.00027211645,0.0063981353,0.000109682755,4.6066285e-05,0.00066106673,6.6587265e-05,0.9530613,0.03938508
many islands devastated by irma will get hit again by maria your forecast at 4 pm,6,6,0.0062645646,0.32819733,0.00048082977,0.00026229842,0.0044008465,0.002950566,0.6481516,0.009291876
dominica hurricanemaria first cases of anarchy receiving whatsapp messages reports sos security,6,6,0.0020940497,0.01336542,0.0014617826,0.00042437698,0.00757576,0.00084978016,0.86300844,0.11122038
11 pm update on hurricane maria hurricane warnings discontinued for pr,6,6,0.00078506983,0.0027410632,0.0002677508,4.3403805e-05,0.00051425805,2.9991339e-05,0.9909436,0.0046748277
f you ao atca ed ta is afl house soyluna2 vuelvemdt3 hurricane maria middendrenthe,7,1,0.0009877189,0.38051644,0.0005187813,0.00026980275,0.006988567,0.0041562854,0.3181263,0.2884361
great puerto rico project solar energy presents a great opportunity for puerto rico prstrong,7,7,8.336641e-06,2.0164025e-05,4.3762157e-06,6.5057347e-06,0.00015030567,1.0413022e-05,0.0019512394,0.99784863
puerto rico is so grateful thanks mr president,7,7,0.000110255656,7.4275515e-05,2.3171135e-05,2.119581e-05,0.0010636824,3.2481516e-05,0.0067291483,0.9919458
fuck all no wall no clinton arrest zero help for puerto rico,7,7,5.471336e-05,0.00017177397,5.2837673e-05,4.2448002e-05,0.0004362425,9.690118e-05,0.011807733,0.9873374
tofu section during harvey hit texas,6,1,0.0073427516,0.7278235,0.0013063119,0.00029824342,0.008794738,0.0028961007,0.2449285,0.0066098846
tracking hurricane irma,6,6,0.014957697,0.026056994,0.0054820785,0.012711948,0.032724693,0.008848626,0.6780887,0.22112924
exxonmobil us branded wholesale network teams up to provide harvey relief,4,4,0.00033524234,0.00016526948,2.271384e-05,8.423038e-05,0.99241406,7.5648706e-05,0.0026978499,0.0042049913
statement attributable to the on the earthquake in iran humanrights,7,6,0.00045406917,0.0030155247,0.00018720086,6.0369475e-05,0.0012723384,0.00013527714,0.7517404,0.24313477
houston mayor pushes storm surge spine to protect city,6,6,0.0016680832,0.0312643,0.00020581996,2.0658857e-05,0.0017390109,6.2095816e-05,0.96251225,0.0025277315
storm harvey flood victims face displaced alligators,0,0,0.99467045,0.00016741634,0.000111458154,0.00043833998,0.0012076789,5.8997495e-05,0.003066671,0.00027889674
yalls president has a networth of 35 billion dollars but could only donate 1 mill to harvey victims,4,4,0.00012345579,0.00018085715,1.8790903e-05,0.00011665696,0.9950537,7.498098e-05,0.001696402,0.0027352157
harvey james was born on this day,7,7,0.0002762714,0.00022552356,5.4240056e-05,4.8023972e-05,0.0005719502,0.00013070277,0.011224283,0.98746896
just in tornado warnings spike across florida via,6,6,0.0010697948,0.0035630453,0.000103713566,2.6142792e-05,0.0002012963,2.9057646e-05,0.98194605,0.013060893
house washed away by river during hurricanemaria sadly 5 people were taken dominica dauki dausa,7,1,0.005290275,0.87269783,0.00048751803,0.000610407,0.023296416,0.0120692365,0.0786652,0.0068831686
hurricane maria takes aim at battered caribbean florida could be next,6,6,0.00035531406,0.011068633,3.852506e-05,2.2546128e-05,0.005806467,5.7307763e-05,0.9800918,0.0025594605
damn i forgot how much of a shitshow bernies puerto rico operation was,7,7,0.00033448316,0.0031167392,7.885335e-05,0.00016796398,0.009388685,0.00034940743,0.091425404,0.89513844
wells fargo building in downtown jax flooded during irma forcing the doors to close for a while,1,1,0.00019695029,0.9899762,0.0002364515,5.592976e-05,0.0005136068,0.0034089794,0.005139047,0.00047272805
harvey in any language volunteer translators for farsi arabic vietnamese answer thea call,4,7,0.0003491747,0.00022551185,4.5675817e-05,5.8136033e-05,0.006436306,0.00013347711,0.021665495,0.9710862
hurricane irma millions fleeing storm could bring highways to halt,6,6,0.14092423,0.013492335,0.00028450854,0.0004406937,0.025937641,0.00089163793,0.8117059,0.0063230274
permitting fees for irmarelated repairs have been waived contact us to report hurricane damage to start the repa,1,4,0.0019673496,0.12854333,0.0005556859,0.0019764232,0.61854804,0.0055163237,0.10708629,0.13580656
savannahaos undergoing repairs after irma damage,1,1,0.0036192907,0.81437546,0.003645886,0.0021975287,0.079894885,0.01935511,0.062938474,0.013973511
investigations on image search on mexico earthquakehave ss debating over a caption lies or not,7,7,0.00030967177,0.0009868396,0.00024204265,0.0005014559,0.0054046027,0.0005919457,0.099038094,0.8929254
just saw the duke unc score has hurricane maria made it to chapel hill already unc starts the season 13,6,6,0.00036784282,0.019162146,0.000113752394,6.9595946e-05,0.005664536,7.635736e-05,0.93906665,0.035479087
15 stark videos expose reality of california wildfires,6,6,0.006577251,0.10249076,0.033419576,0.0017689731,0.0016323882,0.0035051599,0.7844294,0.066176444
buy a solar light amp spread the word lets light aguadilla puerto rico letslightaguadilla,7,6,0.0014480707,0.09306008,0.00022335106,0.00017405799,0.13227482,0.00060697016,0.7608623,0.01135038
first alert hurricane maria continues moving on northern track,6,6,0.00046767734,0.0032837107,5.161774e-05,1.4095848e-05,0.00017319308,1.703041e-05,0.992904,0.003088745
lifeline animal project and atlanta humane society to hold postirma mega adoption event,4,4,0.0018303129,0.0010363512,0.0002805682,0.0008287015,0.7824905,0.00088900415,0.017675808,0.19496875
please support my gofundme campaign,7,7,0.025696943,0.021214176,0.0015769148,0.0057739536,0.13749436,0.005244856,0.16931164,0.6336872
damage caused by hurricanemaria in roseau dominica strafpgetty images,1,1,0.00038868102,0.9793985,0.00046772274,3.223943e-05,0.0005079821,0.0032386207,0.015669823,0.00029641116
because record floods just arent enough theres another couplet and tor warning harvey txwx,6,7,0.00031832053,0.004920142,0.00016870315,4.7116315e-05,0.0005253504,0.00019211059,0.45668274,0.5371455
arirang news wildfires ravage california,6,1,0.013643681,0.7065553,0.0075533763,0.0008802749,0.0047852076,0.004584256,0.24810165,0.013896167
help michael bailey amp his family recover from the california wildfires a signala boost,0,4,0.22542976,0.0039458163,0.00042658462,0.0056204316,0.67260516,0.0006187539,0.06844886,0.022904593
when all the meat thawed after irma,7,7,0.0010992178,0.0022240416,0.00024257712,0.00019509508,0.0014707162,0.0007290185,0.046085387,0.9479539
so hurricane harvey left a lot of dogs without homesmax just found onea12 aa12 aa12 a,7,7,0.00438606,0.007269833,6.825619e-05,0.00021809676,0.007642833,0.0011574882,0.09031832,0.8889391
tornado watch cancelled for two counties,6,6,0.032277673,0.035935733,0.0018108864,0.0009900444,0.027215442,0.0022347453,0.8538581,0.045677323
home from houston east texas needs a lot of help and time to recover you can help here,4,4,0.006552579,0.0067457156,3.4891287e-05,0.0001290241,0.97386575,8.935875e-05,0.010982059,0.001600594
video of cu collecting donations for hurricane harvey cuboulder cubuffs boulder,4,4,0.00015591305,0.0005856051,4.47713e-05,0.00021348256,0.9896762,0.0002316094,0.0063049956,0.002787502
navy marine corps providing aroundtheclock hurricane maria relief,4,4,0.00014692404,0.0016095956,0.00010798922,0.00025269625,0.9890125,0.0002099762,0.008163187,0.00049708027
langevin applauds passing of supplemental funding package for hurricane harvey relief,4,4,0.0011993849,0.0033234488,0.00022532865,0.00024724205,0.900055,0.00031016362,0.08686016,0.007779175
nofollowtwitter for iphonea,7,7,0.0049186973,0.013300153,0.002166833,0.00214266,0.03389927,0.003701835,0.11175417,0.8281164
hurricane blame harvey amp irma punishment for trump amp gay mayor internet says,7,7,0.0005495946,0.001279803,7.995085e-05,7.2325594e-05,0.0005897729,0.0002390378,0.38608542,0.611104
grand chandelier rocked by earthquake from the weather channel iphone app,7,7,0.00016427207,0.0015406442,0.00030251092,6.412731e-05,0.0002178037,0.00025883334,0.16643515,0.83101666
glen cove park kemah texas houstonflood kemah texas hurricaneharvey,7,1,0.0026872465,0.9301936,0.000889996,0.00019408153,0.0019633025,0.0025379003,0.055012427,0.006521561
the local seismograph detected the iraniraq earthquake making the detector ringing for more than 12 minutes,7,6,0.0010796584,0.055206407,0.00075632305,0.00061505113,0.08302024,0.0023730872,0.5269581,0.32999107
bankrupt puerto rico set for fresh hit from hurricane irma,6,6,0.0022035623,0.016390821,0.0003920245,0.00025105375,0.2806299,0.0002978995,0.6873555,0.012479186
is serving victims of harvey emdayofservice might even help,0,4,0.007981025,0.0003788428,0.00019903283,0.00013838,0.96598923,0.00018344473,0.019451587,0.0056783785
hadley brown join forces to aid puerto rico,4,4,0.0019191803,0.001208125,0.00024849424,0.0005512881,0.9026943,0.0005375821,0.029230945,0.063609995
flooded cars could flood usedcar market irma harvey,7,5,0.010575109,0.10719041,0.0034991724,0.006719846,0.0019377441,0.86379385,0.0048529455,0.0014309076
congrates we are waiting of loon in india as well,7,7,0.00076583127,0.00015233213,7.572574e-05,9.258683e-05,0.0014389144,0.00016983182,0.010656522,0.98664826
flew through the very outer edge of hurricane mariaas cloud cover no desire to fly any closer,7,6,0.00032623208,0.0047837244,0.000103556275,0.00010338378,0.0014548249,9.6042255e-05,0.94976044,0.043371875
21 dead in catastrophic california wildfires,2,2,0.0016645349,0.00039207755,0.99569917,0.0015346857,8.0075064e-05,0.00022033488,0.0003644623,4.4581833e-05
students raise 1000 for puerto rico by dressing down one day,7,4,0.013019459,0.00061840285,0.0006712895,0.0017846489,0.54623514,0.0012621116,0.053385478,0.38302347
travel simulation reveals what its like inside a tornado in the new simulation from,6,7,0.0001547167,0.0006866806,4.4382705e-05,6.4106374e-05,0.0013260405,0.0001508886,0.13129269,0.8662805
miami football resumes practice following hurricane irma canes,6,7,0.0034826843,0.00087978365,0.00075985433,0.00039142964,0.0003462704,0.00025437833,0.04654941,0.9473362
some new brunswickers are doing a really great job helping florida reconstruct from irma power restored to over 6a,4,4,0.00032541185,0.0013851722,1.6539761e-05,0.00012496236,0.9843353,0.00013725543,0.004054428,0.009620826
tolls to be reinstated following irma,6,7,0.002389191,0.007781826,0.0009367884,0.00041625748,0.0041514924,0.0011558353,0.2884964,0.6946722
wet mora a12a uom,7,7,0.0061804675,0.018229812,0.0017288248,0.0032687408,0.008686833,0.0035686614,0.11094446,0.8473922
puerto ricos governor says island is on steady path to improvement after hurricane maria,6,6,0.0003428995,0.001988656,0.00012544633,4.3847685e-05,0.002063828,4.581458e-05,0.8739428,0.121446714
linmanuel mirandas releases starstudded song for puerto rico,7,7,0.0030705202,0.0017065685,0.0013252868,0.0013803425,0.007818175,0.0020193453,0.02098008,0.96169966
please consider donating if you can hurricaneharvey houstonstrong chartwells,4,4,0.0039219996,0.020694347,0.0003363544,0.0005135424,0.507796,0.00077221054,0.3868655,0.07910006
as hurricane irma nears hospitals in floridas southernmost county are evacuating patients a,6,6,0.06521656,0.010732053,0.0007085803,0.00017712751,0.01104544,0.00017767838,0.90881324,0.003129289
in addition to hurricane irma hurricanes katia and jose formed on wednesday,6,6,0.00085139985,0.012791909,0.00024085763,7.524455e-05,0.033384204,0.0001900229,0.93887484,0.013591526
matches of the cup of mexico are postponed because of a powerful earthquake,7,7,0.0004716814,0.0034488896,0.00036020108,0.00020556242,0.001988564,0.00070617563,0.38969168,0.60312724
if anyone can hear us help cry lost in the trump maelstrom,7,7,0.0023029572,0.0012149866,5.247638e-05,0.00010046493,0.009719257,0.0002001401,0.10492309,0.88148665
ilustradora joanna mora obtiene premio mundial en los gourmand word cookbook awards,7,7,0.0009800277,0.00092445425,0.00041381625,0.00035838384,0.0007588911,0.0006074343,0.012058744,0.9838982
a country torn to bits puerto rico,1,7,0.0010894778,0.0049092565,0.0006212321,0.00018706569,0.0044323336,0.0009782659,0.040658753,0.94712365
a painting of the hurricane irma chainsaw nun this acrylic pain painting,7,7,0.0007192693,0.0021025692,0.00018383366,6.79568e-05,0.0016099286,0.00042514945,0.055652678,0.93923867
winstonsalem native back in nc from st thomas after irma,7,7,0.003406385,0.021633683,0.0010479114,0.0002431744,0.0048307767,0.00056206586,0.3926832,0.57559276
please note that fiu is not a dropoff site for donations how to help irma,7,4,0.00032332455,0.00030893885,3.7545546e-05,0.00017030873,0.9347961,0.0001155276,0.021318436,0.042929802
a121 soldes a14oe sine mora ex nintendo switch a bonplan,7,7,0.0007356262,0.00034331542,0.00025682698,0.00020502058,0.0005292222,0.00029389054,0.008574541,0.9890616
vegasnewsnow hurricane harvey hits texas hard vegas,1,6,0.030069765,0.053414665,0.0004894903,0.00031106567,0.015087252,0.00041631318,0.8726853,0.02752623
winds from hurricane irma peeled away this stop sign at horizons elementary,1,6,0.0004416985,0.0074122692,6.443733e-05,1.5811105e-05,0.00059189164,7.950531e-05,0.9721039,0.019290477
from cajun navy to houston midwives zello is goto app for harvey rescues,4,4,0.00011721522,0.00035331835,3.1685147e-05,7.440569e-05,0.98903847,8.963954e-05,0.0080684675,0.0022268172
demand for just recovery battles shock doctrine in puerto rico,7,6,0.0108932415,0.045271747,0.0002657944,0.00027371544,0.12063414,0.0015803177,0.60300565,0.21807536
festival gives boost to puerto rico for hurricane maria relief wmc5 gtgt,6,4,0.0008950725,0.0030993354,0.00013248262,0.00010567824,0.75314826,0.00012420939,0.18775657,0.05473842
congratulations to our new missnewmexicousa ashley moraa12 1,7,7,0.00016114817,8.080398e-05,3.1902484e-05,4.5339333e-05,0.0009987132,5.9215745e-05,0.005677552,0.9929454
mariana velasquez mora proud alumni of rennes school of business a14z8a14y4 rsbgrad,7,7,0.0001543668,0.00011137472,6.5952925e-05,7.0178874e-05,0.0005511183,0.000113721064,0.005261421,0.9936719
what a great organization is providing free propaganda tshirts and hats to the victims of hurricane maria,4,7,0.00010409843,6.427756e-05,2.5785565e-05,4.031155e-05,0.0075970385,2.9931552e-05,0.010358358,0.98178023
how the big tree got devastated and the small one untouched is beyond me luck of the draw or a tornado,1,1,0.003225678,0.9253007,0.0002241891,0.00042377715,0.0027300783,0.013670233,0.012280192,0.042145286
puerto ricoas coffee industry 6 weeks on,7,7,0.0006938305,0.0019033995,0.00021496305,0.00011673213,0.0065538464,0.00019076935,0.109986424,0.88034004
hurricaneharvey by the numbers according to houstonstrong wfaa more,7,6,0.0036709832,0.013983108,0.0010901745,0.00035056958,0.005614029,0.0015054784,0.79788435,0.17590134
high confidence that hurricane maria wont affect south carolina,6,6,0.00088599464,0.013105715,0.00030377906,4.29853e-05,0.0008442143,0.0001855941,0.9452138,0.039417874
irans mullah regime imposes new measures to quell earthquake victims,0,7,0.022405677,0.030330073,0.022472609,0.013580835,0.08595748,0.016803112,0.3184049,0.49004534
icymi earthquake aftershocks shake iraqiran border,6,6,0.013496565,0.2120224,0.0023153161,0.0012511618,0.008486134,0.0025593543,0.7504065,0.009462598
when she says shes going to puerto rico with her friends,7,7,0.0017589031,1.6586802e-05,5.7001886e-05,0.0005388134,0.00073027745,0.00012356072,0.00140236,0.9953725
we just had a hurricane just hits florida big bad irma,6,6,0.00712582,0.010184489,0.00016994475,7.835906e-05,0.0029865014,6.4284635e-05,0.93686086,0.042529743
survivors of mexico citys earthquake land in las vegas with stories of horror and heroics,6,7,0.14255829,0.0063666115,0.0015280173,0.0053172815,0.020064149,0.00456502,0.100339845,0.7192608
hero alert please share a1414da12s8a motorcycle,7,7,0.0019035973,0.00042332188,0.00021160311,0.0002990595,0.0032231193,0.00020679618,0.05629452,0.937438
view from bridge into orange from bridge city lots of neighborhoods still flooded out setxnews harvey,1,1,0.00080414524,0.9651741,0.00021343837,5.7720685e-05,0.00088792277,0.0034273684,0.021588093,0.007847224
ppr volunteers jill amp kimberly at parc pet suites are caring for hurricane irma dogs that continue to arrivea,4,4,0.00017879871,0.00020177712,2.0088055e-05,0.00017598944,0.99234444,4.6270896e-05,0.0041208975,0.0029118054
saw so much of this before during and after irma amazing people,7,7,0.0007170154,0.0019895567,6.2758285e-05,6.8071524e-05,0.0031421022,0.00034369345,0.22278717,0.77088964
56 magnitude undersea earthquake off chiapas mexico,6,6,0.0040332624,0.011956677,0.0006108644,0.00026514867,0.0011733243,0.00022458882,0.8673415,0.11439471
puerto rico has incomparable beautiful beaches do you agree prstrong isladelencanto islabendita,7,7,3.4282508e-05,8.2322564e-05,2.1379958e-05,1.2529064e-05,0.00015869043,2.4961566e-05,0.010719494,0.9889464
irma nfl 0 to wish tysonpedro a happy birthday ufcpittsburgh ufc september 17 2017,7,7,8.923402e-05,4.9756098e-05,2.4198915e-05,3.4220877e-05,0.00022102299,4.942707e-05,0.005101124,0.99443096
damn nature you scary 8 irma,7,7,0.0003248423,0.00046769483,7.1302464e-05,5.6020413e-05,0.000354145,6.2404346e-05,0.015446484,0.9832171
prayers for those who suffering the natural disaster in iran e7 and iraq e6 f earthquake,7,6,0.0030580277,0.0026524656,0.00033419847,0.000285575,0.057815652,0.00014682025,0.6206164,0.31509084
florida keys reopens for residents to assess damage after hurricane irma,1,1,0.0025548288,0.622033,0.00021205445,0.00013522191,0.007468283,0.0013102876,0.36380488,0.0024813497
aerial view of a damaged road caused by a landslide in barranquitas puerto rico fema,1,1,5.2946914e-05,0.9909009,0.00034168555,3.2689437e-05,0.00021305804,0.00374076,0.004542965,0.00017492598
lularoe irma and leggings lularoe jamie bigley lularoe lularoeleggings llr lulaaddict howiroe,7,7,0.0012840721,0.000728359,0.000687389,0.0006013408,0.0017373841,0.0007361474,0.012985444,0.98123986
328 die as massive earthquake hit kermanshah province of iran along iraq border iran,2,6,0.080049254,0.2695982,0.3066325,0.0027676064,0.014524869,0.0065978193,0.31078246,0.009047291
frank lopez on puerto rico toxic water amp fema candy,6,7,0.0059165712,0.020549813,0.0002452465,0.0009398494,0.022967383,0.0017133617,0.17169833,0.7759695
a week after irma puerto rico faces far worse from maria ai miami herald,6,6,0.0022584584,0.00672777,0.00038226167,0.00017519164,0.0007316658,0.00010030262,0.9693234,0.020300953
people seek tents for temporary housing and breathing mask after mexicoearthquake,0,4,0.12868106,0.010903014,0.00034600933,0.0005453355,0.81585664,0.00054390926,0.039767355,0.0033567732
hurricane harvey unites a 083117 video,6,6,0.019325772,0.08289188,0.0017218618,0.0011321316,0.26758632,0.0042748903,0.4452145,0.1778526
sharapova puig to bring supplies to hurricanehit puerto rico,4,7,0.0011315744,0.004168771,0.0005572955,0.00093138486,0.23044515,0.0014112464,0.07618566,0.6851689
financiallystrapped puerto rico faces hurricane maria after 1 billion hit by irma,6,1,0.01715933,0.7399102,0.0021416799,0.0008090138,0.01548974,0.0035742712,0.20359062,0.017325124
oped philadelphians provide ten helping hands for relief work in puerto rico,4,4,0.0004942701,0.00039668576,3.814731e-05,0.00045181712,0.9901986,0.00044122306,0.003162763,0.0048164744
puerto rico sees scores of college students leave in hurricanes aftermath college,0,0,0.6850917,0.0008429737,0.0063174507,0.0031197928,0.011915143,0.00013899691,0.13736148,0.15521248
a week after irma caribbean devastation is laid bare hurricaneirma environment,6,1,0.003381301,0.54402864,0.001765591,0.00013640756,0.0048600524,0.0012880989,0.43632358,0.008216393
here are two ways to support mexicoearthquake survivors 1 prayformexico 2 donate,4,4,0.0003823282,0.00010752349,2.852131e-05,0.00016301828,0.99017614,0.00019767357,0.002079758,0.006865025
thehuffingtonposthurricane maria slams into puerto rico,7,7,0.0067813294,0.0135174,0.0024178468,0.0015652376,0.010308937,0.0024027321,0.1645309,0.7984757
the 2017 iraniraq earthquake from sentinel1 copenricus sentinel data esa snap,6,6,0.0008542726,0.0036181994,0.00018526451,3.186748e-05,0.000873323,5.7955265e-05,0.9557196,0.038659517
dog rescued from earthquake in mexico city xinhuaalamy,4,4,0.02574757,0.0024458235,0.0007534626,0.010837508,0.77640843,0.0032545456,0.051413085,0.12913965
mastercard lends support 2 flood relief efforts in srilanka,4,4,0.00027655181,0.00035177427,2.2982016e-05,9.819112e-05,0.9958383,6.54437e-05,0.0028764382,0.00047036455
radar indicated tornado in nw osceola co over west lake toho moving west 35 mph take shelter if here or near by,6,1,0.0014108479,0.8021535,0.00050882396,0.00040880748,0.0018440875,0.0017196048,0.19003353,0.0019208476
new artwork for sale fort san juan puerto rico,7,7,9.956823e-05,0.00050719996,4.0672832e-05,3.829738e-05,0.0028190948,0.00020352172,0.019979268,0.9763124
san diegans helping california wildfire victims sandiego,4,4,0.040835503,0.0003418809,0.0019833848,0.0072571826,0.9303534,0.00038663248,0.0038588485,0.014983087
harvey aid tax reform lead busy congressional todo list nbc news,7,6,0.004543461,0.023471547,0.0003422504,0.00038072382,0.1512652,0.0013717258,0.67013854,0.14848652
hurricane harvey airline flies plane of abandoned animals out of texas to safety,4,6,0.00582175,0.009044505,7.744365e-05,9.588812e-05,0.027210465,0.00023547448,0.9549281,0.0025863377
five of 32 first coast bank of america branches open postirma,6,7,0.004203535,0.03745501,0.022120295,0.0034522738,0.37074277,0.02447957,0.109798014,0.42774853
harveys unlikely hero meteorologist jeff linder fakenews propaganda,7,7,0.028220495,0.018646656,0.0027260038,0.0036513025,0.03012717,0.0042165946,0.34823444,0.56417733
another successful trip to puerto rico to deliver much needed medical amp other aid bstrongglobalbetter wedobetter,4,4,4.9914892e-05,3.285709e-05,4.457899e-06,3.6697336e-05,0.99741626,1.2974408e-05,0.0012211028,0.0012257202
harveyas canada coupons chicken wrap amp drink for just 749,7,7,0.00027675947,0.00020447836,0.00017056351,0.00015868909,0.0013615617,0.00023279697,0.006115863,0.99147934
and arrived in puerto rico this morning to deliver life saving supplies wedobetter,4,4,3.6977035e-05,4.5118297e-05,4.7280164e-06,2.7407601e-05,0.9971687,1.5827622e-05,0.0019030952,0.0007980784
help adlcrc make a difference in puerto rico,7,7,0.0018531539,0.0008473323,0.00015820825,0.00042790172,0.06437807,0.00083604374,0.015221461,0.9162778
iraniraq border earthquake death toll tops 200 officials say,2,2,0.00054739165,0.000486578,0.99779886,0.0005028394,4.908736e-05,0.00014408753,0.00035486574,0.00011633797
guys new article out nowa126a126a126link is in the bio a14 3a14 3a14da14ea14fa12yai a1412di a12s8 was harvey and irma really disasters foodforthought,6,7,7.242281e-05,0.00018731647,2.7434098e-05,4.1873158e-05,0.00035504834,4.1991447e-05,0.034940884,0.96433306
pm of israel more why did israel offer medical aid to victims of the earthquake on the,4,4,0.0002161341,0.0003875936,1.9686244e-05,7.7731e-05,0.9804497,3.7155227e-05,0.016870277,0.0019417615
harvey destroyed dairy treet im officially pissed2,1,7,0.0023565185,0.20785621,0.0024262648,0.0015521987,0.008395305,0.026743088,0.06681594,0.6838545
countdown to hurricane irma from orlando florida the lancescurv show,6,6,0.0034190754,0.14048046,0.0008654865,0.00023935313,0.024139555,0.001718415,0.7269049,0.10223268
breaking tornado warning for lantana rd south to boca raton besafe,6,6,0.0012154669,0.276063,0.0013047819,0.000104436214,0.00371941,0.0010430298,0.7093117,0.007238088
media confirmations about wildfires in california predicted by clairvoyant dimitrinkaa,7,6,0.0015339735,0.006470862,0.00031836255,7.4767166e-05,0.00028178352,0.00020580855,0.8550104,0.13610402
finally garnidelia speedstar mora hires,7,7,0.0004921281,0.0008192406,0.0001817575,0.0002582083,0.001737452,0.00027592023,0.018970124,0.9772652
tree down in nw hillshurricaneharvey,1,1,0.0033050163,0.8644906,0.0030149983,0.00048949546,0.0021864572,0.0054644886,0.09276826,0.028280703
starting on on discussing irma and clean up after harvey congress and the debt ceiling,7,6,0.00043518347,0.0017326316,9.248473e-05,0.00016828632,0.03965002,0.00018946092,0.73030883,0.22742306
houston one week on relief religion recovery in pictures,7,6,0.005766582,0.10142333,0.00042752243,0.0002592496,0.2672189,0.00053355825,0.61684066,0.007530253
emergencymanager resigns in puertorico army ends its mission head,7,7,0.003976906,0.0701086,0.0055802367,0.0016932939,0.14704187,0.0054125497,0.3512735,0.4149131
f1 force india driver sergio perez donated three million pesos to victims of the earthquake in his native mexico,7,4,0.003523624,0.0004188202,0.0011151525,0.00790748,0.51000977,0.0029502762,0.0017332658,0.4723416
shes a tornado with pretty eyes and an invincible heartbeat a,7,7,0.0006511782,0.0003927317,0.00021150683,0.00014012116,0.0005620436,0.00022925636,0.014359351,0.9834538
video shows flood waters from hurricane maria rush down street,6,1,0.0016623494,0.62278455,0.00022083607,0.00014131135,0.005112912,0.0019654562,0.36564738,0.0024652074
linmanuel miranda is not throwing away his shot will reprise lead role in hamilton fora,7,7,0.00051217707,0.0003460106,0.0001539315,0.0003376306,0.0010317505,0.00044108593,0.009102718,0.9880747
hurricane irma a practically impossible storm,6,6,0.0053208936,0.022127254,0.00044099768,0.00018580431,0.0013729304,0.0003497333,0.930046,0.04015644
california couple hid in pool as deadly wildfires swallowed everything around themgtgt,0,1,0.055469,0.83249736,0.018825926,0.0018213029,0.004038445,0.0040798187,0.052815553,0.030452596
irma hits cotton in southeast especially in georgia,6,6,0.021038614,0.27204344,0.0012634284,0.00026844486,0.014942312,0.0007548284,0.6667449,0.022944035
santa rosa pd nuns fire rapidly approaches oakmont residents must leave now,6,6,0.00078591326,0.0036733458,5.2400388e-05,2.1186192e-05,0.0001851877,3.2196178e-05,0.98155403,0.0136956675
hurricane maria eye nears turks and caicos islands news world media,6,6,0.00038670245,0.0051059937,3.1451895e-05,1.1264447e-05,0.00037268677,2.301298e-05,0.99236065,0.0017082252
kempa mens tornado xl handball shoes white wei weimarinefluo grn 02 size 48 eu 13,7,7,0.00074665714,0.00093711115,0.00059221406,0.00060283934,0.0024587836,0.0007766957,0.028460532,0.96542513
pets orphaned by hurricane harvey headed to san diego the san diego uniontribune,4,6,0.032670498,0.025851764,0.00012941753,0.0008266367,0.24083968,0.0015280549,0.6679122,0.030241692
james harvey cameron sentenced to 11 years in jail,7,7,0.002087264,0.002663421,0.00032552893,0.00012940251,0.004141781,0.00025273592,0.12650357,0.86389625
watching for some coastal storm surge but not as bad as matthew gusty amp tornado threat higher here,7,6,0.0014447698,0.018699873,6.1551225e-05,6.051143e-05,0.004318882,0.00010301129,0.96672386,0.008587542
crews to return today after helping with irma recovery in georgia vt,4,4,8.646527e-05,0.00021728764,1.3037046e-05,6.602146e-05,0.99721104,6.0030383e-05,0.0021138869,0.00023226127
canadian cargo plane sent to texas to aid posthurricane harvey relief effort,4,4,0.0001566793,4.5521978e-05,1.6892069e-05,0.00019372716,0.99811554,0.00016662749,0.0007838483,0.00052115484
raymond james supports its associates and communities impacted by hurricanes harvey and irmaa,4,6,0.008884558,0.053083096,0.0006202873,0.0005160279,0.22615175,0.0014310562,0.5328166,0.17649665
covering the army corps of engineers efforts to save the gujataca dam in puerto rico,4,4,0.0001247667,0.005568591,8.8059096e-05,0.00016996724,0.9901668,0.0007730169,0.001548199,0.00156062
california fires how this picture of a cat sums up the horror of wildfires sweepinga usa,6,6,0.24019681,0.081192076,0.0021710005,0.0010741393,0.0022491242,0.00092347985,0.50168407,0.1705093
wait wasnt mexico city suffered from an earthquake last week just asking,7,7,0.0028595687,0.00780769,0.00015906466,0.00019439336,0.0014412587,0.00031947572,0.43555424,0.55166435
jennifer lopez and alex rodriguez raise 26m for puerto rico relief efforts christian post,4,7,0.002200191,0.000106925196,0.00020310072,0.0029776886,0.40726897,0.0006569725,0.004648707,0.5819375
follow me linmanuel miranda to return to a hamiltona role in puerto rico followforfollow,7,7,0.0073142233,0.0003010373,0.00013053644,0.00065250485,0.004301988,0.00040855302,0.021332523,0.9655586
irmas devastating impact on caribbean islands nbc news,6,6,0.00305859,0.1820204,0.00071979593,0.00013488151,0.010295966,0.00094392506,0.7990354,0.0037910854
are irma and harvey godaos punishment for electing trump,7,6,0.002142669,0.0043234876,0.00017200162,8.873842e-05,0.0013927973,0.0002990293,0.71398467,0.27759656
modular expandable office unit is a clean and modern environment i irma,7,7,0.000990415,0.0069435406,0.0011200932,0.001455289,0.26963037,0.0030293248,0.047999494,0.6688315
what will maria do after punishing puerto rico find out more in the latest tropical update,6,6,0.0002473598,0.0020509441,4.0358973e-05,4.0035313e-05,0.0036528574,4.9372884e-05,0.91511625,0.07880283
magnitude 61 aftershock hits mexico as search for people and pets continues a a1a 2a,4,6,0.0047652116,0.002006539,0.0002872183,0.00032741198,0.035497505,9.9959434e-05,0.9527415,0.004274664
iraq strong earthquake hits iraqiran border area six killed in iran humanitarian newzealand auckland,2,2,0.006444221,0.016817449,0.6984687,0.007349793,0.0034666099,0.0013909823,0.13658187,0.12948038
my hubby is at today on the column of harvey schachter business influencers,7,7,3.220659e-05,0.000105802035,1.5535283e-05,1.5011659e-05,0.00019941753,5.4296994e-05,0.006311444,0.99326634
the waters in irmas path are 88 degrees thats like a hot tub of fuel for a category 5 storm,6,6,0.00036086194,0.0023793099,3.8912403e-05,3.5687193e-05,0.00056777074,2.579686e-05,0.97696567,0.019626116
my administrators are the best 7 goodbye irma we are back in business 0dbd8,6,7,2.2579623e-05,1.8678915e-05,5.342807e-06,1.461716e-05,0.0001246225,2.2707829e-05,0.001287928,0.99850357
moore church dedicates new sanctuary 14 years after being destroyed in tornado,6,1,0.00085581676,0.96097034,0.0021617666,0.00012946656,0.0030282598,0.0026833285,0.022078,0.008092852
words cant describe how grateful we are for the hard work amp generosity of those who responded to our plea for clea,4,6,0.0024521963,0.004970089,0.00010085219,0.00019105939,0.05137515,8.342048e-05,0.9007166,0.04011071
while most were worried about storm surge from hurricaneirma many actually witnessed waters recedinga,6,6,0.0006850424,0.0014597265,3.7241913e-05,1.7667879e-05,0.0004807503,3.211853e-05,0.957203,0.04008443
modular homes match the quality and appearance of traditional stickbuilt houses irmaa,7,1,0.0017532196,0.9066948,0.0014984367,0.0005313823,0.025382068,0.019102234,0.020414261,0.024623625
icymi mississippi natl guard helps with hurricane harvey response,4,4,0.0003704421,0.0007392789,6.9325644e-05,0.00024097197,0.99043465,0.00017505624,0.007099477,0.0008707238
dollar stabilises after selloff focus on north korea hurricane irma,7,6,0.0025236958,0.005902507,0.0003746834,0.00022744563,0.003560253,0.000554393,0.84505785,0.14179912
time for me to visit saydrith mora home of the telvanni mages and their slaves,7,7,2.806924e-05,3.0814685e-05,4.8038214e-06,1.2316081e-05,0.00024696492,2.1594606e-05,0.0030174444,0.99663794
in puerto rico can you upgrade your taps to the ones that are in toronto more durable and strong,7,7,0.0001258644,0.00037397028,5.2317744e-05,6.625242e-05,0.0018753133,6.27804e-05,0.1023048,0.8951387
heres a close up look at the forecast track of maria thru friday staying a major hurricane,6,6,0.0008315734,0.0081498055,0.0003246166,0.00021019975,0.007303501,0.00019198481,0.96194446,0.021043817
labrador helping mexicoas earthquake efforts earns presidential thanks,7,4,0.0019316467,0.00193857,0.00075280154,0.0026240447,0.92567617,0.0012993073,0.013450165,0.052327268
high school football returns this week in broward after hurricane irma,7,6,0.024183052,0.04106495,0.0014432293,0.0001263015,0.011206963,0.00015394767,0.91303414,0.008787324
california basically on fire internet 90s mc donalds saaauuuuuce,7,6,0.0005222655,0.006528659,0.00025031212,9.9171266e-05,0.00045334923,0.0002536087,0.6325763,0.35931638
mora builds on its 126year heritage with a new drive in the uk outdoor industry news,7,7,0.00030056527,0.0035093108,0.00046200166,0.0003772681,0.012382473,0.001040003,0.055707477,0.92622095
feds team with texas to provide postharvey relief,4,4,0.0005972829,0.00020015221,5.0884864e-05,0.00021566474,0.99314225,0.00013148466,0.0016982665,0.003963995
north east india worst hit by cyclone mora,6,6,0.08965238,0.026966453,0.0017909459,0.00017945011,0.003615027,0.00019840845,0.86377704,0.01382028
how east coast dudes look making fun of hurricane harvey while irma is coming for them,6,7,0.0006486015,0.001262248,8.8696055e-05,0.000102015736,0.004213724,0.000118888274,0.35936555,0.6342003
networks join forces for hurricane harvey telethon featuring george clooney beyonce others,4,4,0.00070808217,0.00066244777,0.00013966681,0.00040008093,0.7386419,0.00028416858,0.031094974,0.22806863
hes shaking peoples hands and then preparing food trump harvey houston,7,7,0.002283472,0.0007514063,0.0004644033,0.0005880296,0.0049112225,0.0006792415,0.032225776,0.9580965
mexico earthquake prophecy fulfilled official video,7,7,0.0007991871,0.0035164417,0.0006943054,0.0001612368,0.00039205624,0.00022143796,0.19916594,0.7950494
puerto rican menas volleyball championship canceled due to hurricane maria,6,7,0.00046265454,0.0005158275,0.00013290628,9.976802e-05,0.00036274295,0.00015250895,0.021029677,0.9772439
mexico revokes permits of schools that collapsed ina earthquake,6,1,0.0012808166,0.7635917,0.0022852956,0.00019215026,0.004304766,0.0041544097,0.11678451,0.10740627
viequeslove raises nearly 900000 in hurricane maria assistance,4,6,0.022579458,0.015068728,0.0010052795,0.00060190033,0.20542651,0.00053497404,0.68721914,0.06756395
a ray of hope tesla brings solarpower to childrens hospital in puerto rico solar,4,4,0.000728763,0.00046605058,3.4978886e-05,0.00012328102,0.94938594,0.00010369477,0.028758632,0.020398682
california wildfire by bachirbadaoui1 photography beautiful,7,7,0.0020381853,0.0041817357,0.00041866835,0.0001613087,0.00041726982,0.00026281452,0.1072452,0.88527477
new texas law amid harvey eases home insurer penalties on damage claims,1,6,0.00211931,0.12652366,0.0001465929,3.0365123e-05,0.0023928022,0.00012780208,0.8613398,0.0073197465
red flag warnings today october 22 in california nebraska kansas and colorado wildfires,7,6,0.00037163883,0.012760494,0.0005278966,9.2251365e-05,0.009205986,0.00012377782,0.91578,0.061137997
irma gonna getchya is all smiles in fairbanks ak get the entire weeks geek in review here,7,7,0.0001719879,9.257422e-05,2.7653943e-05,6.637057e-05,0.00027484322,6.005226e-05,0.0062417267,0.9930648
all wet resist harvey presidential,7,7,0.0035706037,0.017364603,0.00022566166,0.0003036504,0.0069722263,0.000993024,0.3828524,0.58771783
together we are stronger strongertogether hurricanemaria here is how you can help,4,6,0.0019488615,0.0034151056,6.994139e-05,0.00029965956,0.29379922,0.00044071706,0.39832258,0.301704
beyonca and her mom eat at their favorite houston spot after serving meals to harveya,7,7,0.0002346644,6.288512e-05,5.550254e-05,0.00030096067,0.005789996,0.00017127238,0.0020738156,0.99131095
dtmag secshulkin provides an update on harvey recovery efforts,6,6,0.0015883176,0.007864505,0.001023758,0.00036435065,0.12060279,0.00046920788,0.77162987,0.09645725
adventist review online adventist relief personnel mobilize to help earthquake victims,4,4,0.001159272,0.0010429866,0.00029550862,0.0011789808,0.9463968,0.0006903254,0.025745003,0.023491014
twitter erupts after iraniraq earthquake,7,7,0.025367351,0.0032099006,0.0046945876,0.004297212,0.0018124527,0.0009697818,0.09219001,0.86745876
cyclone mora hits bangladesh destroys refugee homes news dw 30052017,1,1,0.0010291815,0.97117,0.0019126572,0.0001903503,0.00070395606,0.01974036,0.005088016,0.00016538694
what a great welcome back to work after hurricane irma by of course no notifications for the huge delay,6,7,6.495915e-05,0.00011563579,1.426034e-05,2.7443652e-05,0.0013191773,2.6328447e-05,0.03015483,0.96827734
president trump says he will travel to stormravaged puerto rico next tuesday,7,7,0.00015631338,0.000631266,5.0716608e-05,3.4467448e-05,0.0016629788,0.0001226685,0.28444207,0.7128995
satellite images show harveys impact on texas towns,6,1,0.0006905573,0.54763544,0.00034309438,0.00015142515,0.0024007293,0.001989578,0.4443479,0.0024413357
california fire crew gain control damage could reach a 3b,1,1,0.013457756,0.43013787,0.0010551627,0.002175048,0.29459268,0.008562148,0.24088037,0.009139001
irma and harvey trump man nothing could save this ye,7,7,0.0008772093,0.0010905978,0.00018189073,0.00014025753,0.00095286616,0.00035829254,0.08165253,0.91474634
600 celebrities tweet your puberme for puerto rico relief lssc,4,7,0.00043765194,0.00020530036,0.00013611856,0.00016596437,0.005211664,0.00023200898,0.007746107,0.98586524
irma nfl and its only halftime 1 gopats nevsno via twitter,7,7,0.00015741447,0.00019700918,9.250214e-05,5.0084764e-05,0.00026577542,0.00013238256,0.0128052635,0.9862996
mlb baseball melvin mora bobblehead baltimore orioles sga with box,7,7,0.00027349,0.0002196875,0.0001306169,0.00011792131,0.0007852167,0.00019072188,0.0048751472,0.99340725
mexico earthquake forces postponement of clasico nacional a soccer,7,7,0.00023432962,0.00067329715,0.00012642737,2.9083234e-05,0.00022509786,7.09604e-05,0.038182937,0.96045786
breaking red cross to relaunch harvey assistance site on sept 21,7,4,0.0004046542,0.0027774447,0.00013722893,0.00018125935,0.945084,0.00014789656,0.04874759,0.0025199004
no power from irma but this raised our spirits from lgm seeyounextspring,6,6,0.005604892,0.2206785,0.0029305324,0.0004151655,0.015115183,0.0043537817,0.6870556,0.06384637
wildfires continue to burn across california oregon and utah,6,6,0.0024917528,0.029630756,0.00079266354,5.336699e-05,0.02036197,0.0001636224,0.9415349,0.004970941
tornado damage canton fruitvale tx 43017 drone 000157,1,1,0.0007782375,0.9406837,0.00250647,0.00020675047,0.001056844,0.0072995853,0.042796697,0.0046716896
sensational alex harvey band livepenthouse tapes a699 arrived in stock see,7,7,0.00027296474,0.00014247392,9.673975e-05,0.00010034976,0.00076959183,0.00014824583,0.008710557,0.9897591
puerto rico will rise again,7,7,0.0011736297,0.0031039927,0.00023509086,7.0536844e-05,0.0022723724,0.00012803341,0.44487587,0.5481405
reporting from houston on hurricaneharvey great job and please be safe,6,6,0.0004914844,0.0045565097,0.00015691694,5.176674e-05,0.009790891,0.00010659239,0.9668747,0.017971082
read more on how delivering good is helping harvey victims,4,4,0.00023043834,0.00015499134,3.3023865e-05,7.320637e-05,0.9773169,7.137449e-05,0.020878682,0.001241322
10 benefit shows you can attend to stand with victims of the mexico earthquake,4,4,0.0030460018,0.0001859875,8.1725506e-05,0.00023905377,0.8957544,9.7746975e-05,0.020630721,0.07996443
they are taking away early release days because of irma,7,6,0.0016362611,0.0023740155,0.00013002039,8.1429804e-05,0.0012296549,0.00012845059,0.8621825,0.13223769
we cant forget the victims of harvey amp irma their path was destructive staystrong,0,6,0.002316544,0.008719033,9.71117e-05,5.2274092e-05,0.0077790557,8.1838196e-05,0.93867344,0.042280808
here are key messages for hurricane irma from flwx flkeys keywest,6,6,0.0009713707,0.0031657997,8.253478e-05,4.886397e-05,0.0014620853,0.00010494646,0.9548526,0.039311808
on hurricane irma aftermath news duty today for miami herald,6,6,0.0028623214,0.010786971,7.389811e-05,6.134097e-05,0.021762732,0.000106630774,0.9609753,0.0033708238
were all feeling puerto ricos pain tweets and social posts from disasters change how we help breaking,6,7,8.638369e-05,2.7390923e-05,8.70302e-06,3.2521475e-05,0.00013250406,2.0457472e-05,0.0029808457,0.99671113
deadly hurricane irma leaves hundreds of thousands without power in puerto rico,1,1,0.20646894,0.35660875,0.2148744,0.009525459,0.04010328,0.15640314,0.015292748,0.00072330434
gary ferman column team needs to regain edge after hurricane irma,4,4,0.00071194465,0.0013701541,0.000115649156,0.00033725306,0.9794241,0.00031428426,0.0104336385,0.0072929137
the navy has been gearing up to help respond to hurricane irma,4,4,8.673794e-05,0.00034438804,3.055309e-05,7.7242694e-05,0.98860043,0.00010173801,0.009032024,0.0017268788
photo of cop carrying woman baby through harvey floodwaters goes viral,4,3,0.07134719,0.00030779638,0.047879428,0.86291367,0.009510435,0.0046278914,0.0022451659,0.0011684549
1 week after irma and walmart still cleared out,6,7,0.004615464,0.008422549,0.0022471794,0.0005582119,0.032798454,0.0022531687,0.21563442,0.7334706
sunearthquake model matches m81 in mexico,6,7,0.0037196837,0.009639016,0.0013977444,0.0009283043,0.003733354,0.0017479263,0.1456452,0.8331888
aect president amp ceo julia rathgeber discussing hurricane harvey response with legislative staff txlege,6,7,0.00028443403,0.0004788075,0.00010802223,8.6960354e-05,0.0029720876,0.00016630272,0.11524563,0.8806577
california wildfires wow what a crazy month in the states,7,7,0.00030225137,0.00035320155,7.8866535e-05,2.3777924e-05,0.0005073156,3.8770242e-05,0.058179777,0.940516
man who killed ex before harvey knew exactly what he was doing,7,7,0.00051485735,4.551092e-05,0.0021944726,0.0020469204,0.00040158842,0.000572216,0.001760091,0.9924643
help us support puerto rico 1116 you can win a shoveit snow sleeve among other cool prizes maria,7,7,0.00037971488,0.00030988234,6.4380365e-05,0.00029958689,0.0594243,0.00022803304,0.018418433,0.92087567
puerto rico part ii national grid and tesla team up to solve nantucket islands energy woes,7,7,3.8785623e-05,0.00020670274,3.2481075e-05,2.603221e-05,0.0009168308,5.7389097e-05,0.019466024,0.97925574
mexico city earthquake cristiano ronaldo and top clubs lead tributes to victims of disaster,7,7,1.44421365e-05,1.3075822e-05,5.2402365e-06,7.575966e-06,0.00014288351,9.097846e-06,0.0018184478,0.9979893
mora companion get the point,7,7,0.00083842815,0.0003653278,0.00017100645,0.00017816079,0.0005345578,0.0002497103,0.006967279,0.9906955
does the us honestly expect puerto rico to reimburse them for whitefishas outrageous rates,7,7,1.9316525e-05,2.2197231e-05,4.6405175e-06,8.579638e-06,0.00017332147,1.3925436e-05,0.0033129451,0.9964451
one restaurant donated 3000 falafel sandwiches to the earthquake victims kermanshah iran,4,4,0.0014475943,0.009488703,0.0003135342,0.00041974243,0.9591965,0.0012769669,0.013930163,0.013926684
a12c yasss its time for livemes show magaaa a1439a340a1439moraa12b,7,7,0.0007045423,0.00063778856,0.00040052773,0.0003175394,0.0014572195,0.00054232014,0.012926772,0.98301333
caughtoncamera amp write new song for hurricane harvey relief,7,7,0.0008174425,0.0006349444,0.00014739252,0.000106366846,0.009189303,0.00017204804,0.08226228,0.9066702
kim kardashian showcases sexy looks in vogue mexico cover shoot and makes a plea to help earthquake victims,7,7,0.0001643258,0.00011592071,5.6386456e-05,0.00023336214,0.00092597154,0.00017991653,0.003695332,0.99462885
a horrific time in puerto rico and the caribbean generally,7,7,0.00023935987,0.0004935249,0.00010682512,4.7586713e-05,0.0010690269,0.00017313006,0.032336567,0.9655339
underweight and overweight mainly overweight v high in central america data from alberto mora,7,7,0.00015120723,0.00046850173,0.00010693076,8.6143045e-05,0.0004624901,0.00019174325,0.03185716,0.9666758
did i use the wrong hashtag ayto jeugdzorg bergen2017 hurricane maria paulo freire,7,7,3.5122004e-05,0.0001609335,2.2383763e-05,1.7149418e-05,0.00017787926,5.4973836e-05,0.019200906,0.98033065
dozens of employees members lose home in california wildfires,1,0,0.9888987,0.00026403568,0.0014685922,0.005355782,0.0013309865,0.00015802494,0.0016960321,0.00082796265
arescuers save dog trapped under rubble after mexicoas earthquakea a121a14y2a14yd,4,4,0.002824305,0.014662912,0.00041944932,0.0061558587,0.9514575,0.007214561,0.011826746,0.0054386193
lebron and the cavs may be sounding like jim mora soon i just hope we can win a game nbafinals2017,7,7,3.8760143e-05,2.8031161e-05,9.736715e-06,2.6941652e-05,0.00020558039,1.905451e-05,0.0016304996,0.9980414
harvey katia irma jose our planet is screaming for help 2e,6,4,0.0018237738,0.008293246,0.00016867006,0.00046749157,0.84611964,0.0006681972,0.1365369,0.005921983
aphrodite born on the waves antonio mora photography,7,7,0.00049954443,0.000795733,0.00030133052,0.0001559717,0.0008084077,0.0003445248,0.016940359,0.98015416
because the mississippi delta was my home for 10 days while outrunning hurricane irma,7,6,0.00027947302,0.011101063,0.00018959641,4.6218604e-05,0.005593897,0.00019502974,0.807578,0.17501666
chickfila manager organizes jet ski rescue for harvey victims,4,4,0.00070277223,0.00027830363,5.800072e-05,0.00034960118,0.9924028,0.00024387379,0.0032627275,0.0027019994
puerto rico was dope last nightstorm,7,7,0.0002769405,0.00059869635,0.00014154399,6.713021e-05,0.0008011068,0.0001249144,0.025252609,0.972737
hurricane irma might not have gotten us but we got a whole new storm thats about to destroy us,6,6,0.095112234,0.09685328,0.00014016432,0.0006907511,0.05192873,0.0009912446,0.7407813,0.013502374
florida man dies in police custody after violating irma curfew,7,2,0.002749633,0.00032566537,0.9892635,0.0064294282,4.8788515e-05,0.0003839787,0.0003878386,0.00041122915
hurricane irma gov deal expands state of emergency to all georgia,4,6,0.00085726567,0.01270005,7.8992634e-05,3.3442102e-05,0.028499665,7.004155e-05,0.9547652,0.002995263
quick someone find mike ross harvey needs the talk help him mike quickly darvey,7,7,0.0015661285,7.588127e-05,0.00015169199,0.0014130269,0.018680958,0.0004231833,0.0065881,0.97110105
irma nfl frank gore is in for the colts touchdown colts azvsind via twittera,7,7,0.00017020566,9.850917e-05,4.3359436e-05,5.360368e-05,0.000413994,0.00010696303,0.00904106,0.99007225
what i learned from hurricaneirma or rather what i didnt know before it tuesdaythoughts,7,7,0.00029946447,0.0011571724,4.3561646e-05,7.9813944e-05,0.0008663529,7.963148e-05,0.36755633,0.6299177
last of the irma rations until next time,7,7,0.00038719032,0.001770942,0.00018339502,5.1339754e-05,0.00086523086,0.00026153037,0.18200126,0.8144791
their fault for not whipping out their own hurricane and kicking marias ass s puertorico lasvegas,6,7,8.072916e-05,8.44833e-05,1.9785342e-05,3.8358838e-05,0.00012606464,5.8487956e-05,0.003909483,0.9956826
small tornadoes unfortunately are part of tropical systems currently six tornado warnings are in effect in fl,6,6,0.0006549143,0.16126436,0.00032028035,0.0001134555,0.003568038,0.0009021068,0.8243059,0.008870976
this man cares nothing about puerto rico,7,7,0.00019084953,9.743969e-05,2.8858409e-05,2.5735366e-05,0.00013837064,4.631712e-05,0.005239076,0.9942333
mora impact port city sees heavy rain waterlogging tisnews click link,1,6,0.0019725198,0.23566398,0.0010403877,0.00015882104,0.0027176924,0.0016210626,0.53870827,0.2181173
most mexico city museums have reopened,7,1,0.0067603295,0.4721499,0.0015654286,0.000384374,0.0028117315,0.0058647166,0.19349585,0.31696773
sentedcruz sbasouthcentral individual sba disaster loan assist now available harvey portaransas 8006,4,4,0.00084307697,0.00073562085,0.00011369606,0.00040705313,0.9777427,0.00041321633,0.0054103266,0.014334393
hurricane irma would stretch from san francisco to los angeles 3,6,6,0.0051151915,0.016983507,5.8583402e-05,7.5323944e-05,0.009050156,0.0002866459,0.9106657,0.057764877
maria is now a category 2 hurricane as it approaches the leeward islands track has it taking a more northerly roua,6,6,0.00056453084,0.0066836947,0.000120674325,5.0368966e-05,0.0009879547,6.3818115e-05,0.97191936,0.019609662
watch cnn ignore hurricaneharvey to keep complaining about trump,7,6,0.0023111175,0.003858026,0.00014348637,0.00017139022,0.0018194987,0.00039815652,0.8227073,0.16859114
treasure coast family recounts vacation in the caribbean during irma,6,6,0.09129119,0.14241156,0.000882313,0.0021931136,0.026796624,0.0032701984,0.7190552,0.0140997255
impressive thermal image of hurricanea maria,6,7,0.0010755558,0.021189233,0.0015270133,0.00078350946,0.0050984104,0.0015636989,0.43472883,0.5340338
nana tornado at afia schwaras house celebrating her yawa of week lol animguaasea wakekeeping,7,7,0.0024959547,0.1604495,0.0034026837,0.000523715,0.0033795994,0.005444001,0.18476732,0.6395372
hey your bio is redundant puerto ricous youare welcome,7,7,6.779452e-05,4.0206512e-05,1.3848829e-05,1.5794245e-05,0.00017374044,2.8622986e-05,0.0025460506,0.99711394
my fuji gotten to lean on everything in puerto rico lvpr16 lamblas,7,7,0.00023243504,0.0039200117,0.00010867115,0.00017654922,0.0049384036,0.00111934,0.01940796,0.97009665
happy birthday to carlos moras biological son and brother chris gonzalez,7,7,6.942752e-05,1.4940322e-05,1.1282915e-05,2.6097468e-05,0.00030291197,2.4868368e-05,0.0012688469,0.9982816
military mission to help puerto rico contact me for details you are not alone,4,4,0.00018308227,0.00025853384,3.105338e-05,0.0002519356,0.9877586,0.00017921116,0.0029340987,0.008403504
rutgers chabad helping puertoa rico,4,4,0.004452734,0.0024531083,0.000856805,0.0029347113,0.92003596,0.00093105895,0.021968279,0.04636746
dropoff centers throughout valley collecting items for puerto rico,4,4,0.0017116901,0.0021472394,0.00029575222,0.0006810659,0.98496556,0.0009163188,0.004897335,0.0043850387
a huge crane just collapsed on top of building in down town miami irma,1,1,0.00016112071,0.99054235,0.00023150945,2.9934143e-05,0.00052215706,0.0035168547,0.004320759,0.0006753372
stormtech ii hurricane maria edition,7,6,0.0069987434,0.10999618,0.006046254,0.0038838643,0.0239736,0.012348625,0.45258686,0.38416585
hurricane irma dislocated worker program,6,6,0.007446287,0.07988866,0.0015448956,0.001875056,0.0830996,0.003498819,0.7195623,0.10308438
i just liked this song the wind by pj harvey musicmedicine playlist,7,7,3.4712488e-05,5.401455e-05,8.904326e-06,7.560038e-06,6.039255e-05,2.037925e-05,0.0056082485,0.9942058
crews fanned out across dekalb county today to assess damage to homes businesses left by irma has thea,1,1,0.00094813644,0.8367351,0.00025815415,0.0003710966,0.05289433,0.0049102013,0.09955597,0.004327043
irma update free roof help available,4,4,0.0015168781,0.030950272,0.00071078644,0.0013527145,0.88865733,0.0028835637,0.064795166,0.009133266
there is a lot of good info in here hurricaneirma irma scwx,6,6,0.0003023155,0.004859037,4.2168966e-05,7.81937e-06,0.00024374809,1.9373105e-05,0.9875985,0.006927007
watch 2 men film their narrow escape from raging california wildfire heatwave wildfires,7,0,0.98313725,0.00020724181,0.00056093244,0.004209596,0.00041794227,8.625919e-05,0.007574983,0.0038059342
minn women caught in california wildfires are home safe looking to help,0,0,0.8984746,0.0018024412,0.0017408706,0.0054432596,0.027219854,0.0005156792,0.05063194,0.014171364
selena gomez tears up talking about hurricane harvey victims via instyle celebrity entertainment lifestyle,6,7,0.00043211476,0.00020138435,6.998593e-05,8.484984e-05,0.00084631925,0.00014790992,0.00973709,0.9884803
this is what hurricane harvey will mean for trucking,6,6,0.00036853363,0.0038655617,7.043784e-05,1.2865491e-05,0.001000581,5.0534556e-05,0.968043,0.026588459
on this day in 1991 a fire swept through oakland california burning thousands of homes tbt ccltbt,1,1,9.1132926e-05,0.9811623,0.00021043423,3.529628e-05,0.0006320907,0.0019437771,0.012765003,0.003159973
how the california wildfires will ravage the weed economy,6,1,0.004021834,0.60408896,0.00069750997,4.461074e-05,0.0034019984,0.00046486454,0.3845338,0.0027464887
puerto rico got leveled by hurricane maria and all i got was this lousy tshirt from cnn,7,7,0.00026613212,0.00023498692,2.6914968e-05,6.157925e-05,0.0016677353,5.891971e-05,0.025956081,0.97172767
usatoday raw over 400 known dead in iran earthquake,2,2,0.004171144,0.01679067,0.9142882,0.0073475633,0.004083354,0.008383313,0.016275037,0.028660713
couldnt be happier to help those who were impacted by hurricane harvey 7,4,4,0.0032607222,0.0022768937,0.0002435905,0.0007698153,0.9157472,0.00080476655,0.062303074,0.01459392
ucla head coach jim mora and db coach demetrice martin watching at the bruin elite camp,7,7,4.9996874e-05,2.935299e-05,1.6974214e-05,4.940789e-05,0.00027393113,4.4533157e-05,0.0015925847,0.9979432
and i wouldnt drink from this if it were the only water on puerto rico staples,7,7,6.525151e-05,4.080404e-05,5.5906944e-06,1.6552363e-05,0.00033991615,2.1790793e-05,0.003101836,0.9964083
from hurricane watches will likely be issued for parts of fl today irma,6,6,0.0002857486,0.002145002,4.3181513e-05,3.1624764e-05,0.00089142483,9.541587e-05,0.9428635,0.053643975
hurricane maria downgraded to a category 2 storm here is the 5 pm advisory,6,6,0.00026612694,0.003479452,2.0945143e-05,1.4830364e-05,0.000550392,2.921602e-05,0.99286413,0.0027748828
puerto ricos massive blackout underscores islands fragile electrical system,6,1,0.0002421849,0.99037486,0.0004262554,2.8279754e-05,0.00022455356,0.0018265706,0.0055572,0.0013202265
interesting day volunteering for the red cross houstonstrong harvey logistics irmahurricane a121a121a121a121,4,4,0.00016909528,8.317571e-05,1.8088336e-05,6.6828026e-05,0.9951186,3.7287202e-05,0.0021661741,0.0023409275
3 jawdropping videos from the california wildfires,6,6,0.0017732942,0.016561622,0.0043957625,0.00044686705,0.0036264248,0.00056674046,0.49911922,0.47351003
california woman stole from fire evacuees in santaa rosa,7,0,0.9501761,0.0010706349,0.0021551438,0.0039585875,0.0024859074,0.00023058371,0.030454757,0.009468197
irs disaster relief info for hurricane maria available,6,6,0.0017195758,0.022652872,0.00021957296,0.00017191767,0.23643406,0.0002780939,0.7280945,0.010429342
pay con mora 3,7,7,0.0002704679,7.937694e-05,4.3759544e-05,7.5358264e-05,0.0005916665,7.0786664e-05,0.003774972,0.9950936
earthquake swarming continues near yellowstone popocatapetl volcano erupts in mexico,6,6,0.007163473,0.046163984,0.0009582222,0.00011726139,0.00082615064,0.00013440943,0.93131477,0.013321772
nancy pelosi demands probe into montana firmas a highly suspecta contract to repaira,7,7,0.00018679415,0.00027926234,0.00014017815,0.00011968571,0.0004937373,0.0002164217,0.015706053,0.9828578
news lata reassures visitors to mexico following huge earthquake,6,7,0.00079325994,0.0023686704,0.00021415301,0.00011326236,0.0007278679,0.00034531887,0.08735656,0.9080809
when i say sko you say mora sko,7,7,4.766207e-05,5.408696e-05,1.4212225e-05,1.4641235e-05,7.6758275e-05,3.3154167e-05,0.0033965653,0.996363
thehill fema chief harvey should be a wake up call to states to fully fund emergency management a,6,6,0.0015589417,0.004876004,0.00035627026,0.00040473253,0.06389051,0.0004542292,0.67485607,0.25360328
puerto rico is still in emergency mode hope of improvement is fading,1,6,0.0003229661,0.0025298109,8.90189e-05,2.034396e-05,0.0016230536,4.740951e-05,0.94161975,0.053747643
diehard cyclist rides bike through hurricane irma,6,6,0.041585214,0.3773111,0.0048975833,0.0038676844,0.021793552,0.010887321,0.47861803,0.061039466
money irma business bull market loses this particular wind at its back via gadfly ai ba,7,7,4.401807e-05,0.00015322027,1.9258152e-05,3.230166e-05,0.00069139816,5.8632944e-05,0.036756266,0.9622449
marcus luttrell texas residents helping world war ii vet rebuild home hit by harvey for 100th birthday,1,4,0.026278412,0.005445704,0.000104009974,0.0014235737,0.95969474,0.00056860136,0.0047878865,0.0016972419
did i fail in helping a harvey evacuee hcldr pinksocks a122,7,7,0.00036774465,0.00017406174,3.856703e-05,4.967676e-05,0.0020886664,8.0784666e-05,0.0113400165,0.98586047
byeharvey i do feel for anyone named harvey right now though,7,7,0.0009779335,0.0007126668,9.2039e-05,0.00012730292,0.0039565368,0.00022362566,0.105573475,0.8883364
apuerto ricos posthurricane recovery efforts have been largely a grassroots impulsea,6,7,0.0045776484,0.022884544,0.001408961,0.0017538457,0.029958181,0.0035268296,0.20282646,0.7330635
centralfinance provided medicine for the flood affected communities floodsl,4,4,0.0025886258,0.0007176186,3.424478e-05,0.0001019807,0.98890615,0.00011022474,0.004631176,0.0029099942
firefighters gain ground on california wildfires theresistance will maga follow,4,4,0.006795522,0.007073692,0.0015612306,0.0019598699,0.6621384,0.0012872447,0.27218676,0.046997286
rescue workers continue to search through rubble following earthquake in iran and iraq,4,4,0.00033432848,0.0018278252,2.789922e-05,0.00018793553,0.99174577,0.00021815648,0.0054159304,0.00024223469
a modular home is not a mobile home it is simply a home that is built offsite as opposed to onsite irmaa,7,1,0.00034189216,0.9846049,0.00028179836,3.7596124e-05,0.001256823,0.0009880674,0.010547177,0.0019417015
just liked sangre gitana y mora by lole y manuel,7,7,0.000100581856,0.00011221145,2.7176233e-05,2.3371567e-05,0.00014714945,5.4827757e-05,0.0040547345,0.99547994
world leaders offer condolences to iran and earthquake survivors,6,6,0.007134715,0.0006627788,0.0002802064,0.00044865918,0.28339753,0.00026690925,0.37592763,0.33188155
blackedout puerto rico makes a longshot pitch for amazons hq2,7,7,0.00038096838,0.0003476609,0.00012397248,6.316581e-05,0.0022864023,0.00012257783,0.018841013,0.9778342
a12c yasss its time for a great show a12bgabmaleno a12bhelping harvey amp i,7,7,0.0001609744,0.00013221266,8.565731e-05,0.00014014578,0.0010905196,0.00019390148,0.0054446794,0.99275196
while he insults them from a golf resort his second golf vacation since hurricane maria hit,7,6,0.0023777985,0.073404364,0.00021888642,0.00037418582,0.084456265,0.00083508866,0.44784716,0.39048627
steve harveys 6th grade teacher doubted him and he didnt forget it,7,7,0.000806058,0.007095933,0.0007560849,0.00070443214,0.025600836,0.0022249473,0.24802352,0.71478814
this is why its so difficult to get supplies across puerto rico all major highways are blocked by utility poles,1,6,0.0032656186,0.40714175,0.0001642042,0.0001441204,0.031570442,0.0007102804,0.5336312,0.023372391
get your irma relief blowjob tshirt to help us rebuild in the spirit of george carlin at,4,4,0.00014155336,0.0001314341,3.8889157e-06,8.577944e-05,0.99728775,3.803268e-05,0.0007767932,0.0015347978
wildfires in californiaas winelands economy finnacial,6,6,0.008177397,0.04506716,0.0024792482,0.00040468565,0.0036024374,0.0011279884,0.859073,0.08006816
all clear issued for the turksandcaicos islands by hurricane maria recovery underway cometogether a14y9a14z8,6,6,0.00021552108,0.03740042,0.00010079733,5.460697e-05,0.009576423,0.0002874213,0.9145951,0.03776963
whats happening harvey damage testing texas infrastructure,1,1,0.00046057376,0.97513473,0.00037102905,5.6037334e-05,0.00040761792,0.0024372404,0.020790145,0.00034274152
a why morataas move to manchester united is not done yetaa agent,7,7,0.00011709908,0.0003075834,3.93223e-05,2.8341978e-05,0.00029455667,0.00010557552,0.018754095,0.9803535
the mets 6179 nimmo goes deep twice as harvey beats the reds 6180 72 this evening at citi field,7,7,2.0180087e-05,2.0692833e-05,4.523303e-06,1.3728891e-05,0.00010198287,1.1312437e-05,0.0015479118,0.9982797
just in readout of briefing on hurricanes harvey and irma,6,6,0.0010717503,0.008067195,0.00025363296,6.8365174e-05,0.009375378,0.00018624157,0.8765564,0.10442101
news boris johnson calls for greater cooperation in wake of hurricane irma,6,6,0.0015915289,0.0050247763,0.0002580945,8.916751e-05,0.009885818,0.00010289686,0.93423945,0.048808247
hurricane harveys impact on the us oil industry,1,6,0.000980307,0.04652764,0.00015174366,3.5174508e-05,0.0023080383,0.00046113244,0.93663806,0.012897972
lessons from hurricane irma we need to embrace science and address outdated infrastructure irma study science,6,6,0.00053636805,0.0035407809,7.2659546e-05,9.008223e-05,0.0022026226,0.0001604146,0.7837087,0.2096883
our furry friend safely returned home after boarding with us during hurricane irma chestercounty vetlife,6,0,0.5693005,0.011120248,0.0012225579,0.04102802,0.32236114,0.008079134,0.02832132,0.018567175
flood damage 8 problems to watch out for harvey propertydamage,1,1,0.012014527,0.691324,0.0021811097,0.00023910467,0.015810572,0.008732101,0.23727086,0.032427777
lpd officers return from harvey disaster relief,4,4,0.009229192,0.0016408648,0.00023770673,0.0006322714,0.94398963,0.00043610917,0.028208412,0.015625939
storm clouds near the area under a tornado warning in st lucie county,6,6,0.0005380795,0.1929597,0.00010059606,1.7091945e-05,0.0012497874,0.00022042109,0.8028238,0.0020905873
hurricane maria crushed puerto rico farms this activist wants to grow resilience through,1,1,0.0008516536,0.93336433,0.0004096359,0.000100872334,0.002427459,0.0029356433,0.05936789,0.0005424292
texasstrong harvey aid debt on todo list as congress gets back to work houstonproud,4,4,0.0023787206,0.0043637855,0.000364476,0.0007412834,0.6189802,0.00087379187,0.31485024,0.05744745
amazing dogs help rescuers in mexico earthquake,4,4,0.0006817971,0.0002066368,2.7611808e-05,0.00042571966,0.99028826,0.00012817798,0.0028851547,0.005356547
abbreviated pundit roundup puerto rico is still there,7,7,0.0015201123,0.002761626,0.0004652304,0.00022673237,0.001600064,0.00056257535,0.07932505,0.9135386
icymi asks for 2nd collection for irma needs in us parishes this weekend,6,4,0.00033781305,0.00040663057,4.4901753e-05,0.00012690978,0.9685941,9.584038e-05,0.021585908,0.008807936
dear harvey specter wake the hell up now seriouslynow darvey suits,7,7,0.0001887403,5.5019358e-05,2.4567373e-05,3.5536585e-05,0.00023839244,4.6980862e-05,0.003960308,0.99545044
from space hurricane irma looks like a superstorm from another planet,6,6,0.00033949406,0.0024985392,4.7989724e-05,1.6465017e-05,0.00032887998,4.2187727e-05,0.9607731,0.035953254
made it clear that there isnt a policy dictating leave from natural disaster like irma,6,6,0.00011079994,0.0022915835,3.710852e-05,2.0386118e-05,0.00082542683,4.5069442e-05,0.94700307,0.049666543
the latest irma news usa headline 0 by,6,6,0.0009657332,0.0049947742,0.00011826109,2.467001e-05,0.00059500046,4.294323e-05,0.97140056,0.021858038
lee harvey leyton orient lofc great player,7,7,0.0002512581,0.00034871578,5.56843e-05,5.920038e-05,0.00069411186,0.00014880135,0.009901863,0.98854035
im done being politically correct,7,7,0.00081231643,0.0009018132,0.00023539926,0.0002866775,0.0049711824,0.00034083106,0.016634852,0.9758169
scotx issues emerg order suspending dismissal deadline in cps cases where judge finds harvey precluded compliance,7,7,0.00010035056,0.000110824636,4.213322e-05,7.106581e-05,0.00043856056,9.786481e-05,0.0071165888,0.99202263
smoke smolders from a wildfireravaged home in sonoma california marcio jose sanchezap photo,1,7,0.00017080776,0.0005163711,0.00012265066,6.5193955e-05,0.00015725993,0.000117607146,0.03022688,0.96862316
cleanup begins in puerto rico where landfills are already filled to capacity,7,6,0.000690432,0.014409587,0.0005317793,0.00016795083,0.014350206,0.00066933036,0.8019332,0.16724741
51617 mclean tx to elk city ok tornadohail,6,7,0.0037239287,0.06785576,0.0016418651,0.0006613713,0.0091612395,0.003807416,0.24015488,0.6729936
iraniraq earthquake 450 dead 7000 injured as iranian rescue missions wind down,2,2,0.00050090265,0.00021188882,0.99670094,0.0016650563,0.00035930384,0.00024886543,0.000261835,5.1106665e-05
israelis report feeling iran earthquake no local injuries or damage,6,1,0.027269773,0.4549632,0.0012302371,0.0005998422,0.009261399,0.0022056412,0.44965577,0.0548141
navy delivers supplies to mexico hours after deadly earthquake,4,4,0.00069434254,0.00089863816,0.0006193538,0.0031942956,0.9755663,0.0006637989,0.01260554,0.005757705
florida irma evacuee wins 10k in nc lottery,7,7,0.003930876,0.0019901502,0.0007456319,0.00044235197,0.008520823,0.0003069309,0.16635902,0.8177042
power lines and electrical equipment are a leading cause of california wildfires,6,1,0.00018221386,0.968255,0.0012078402,8.552059e-05,0.0016796689,0.007920564,0.01937531,0.0012937926
clouds from tropical storm maria lucky its not coming any closer 9,6,6,0.00037655648,0.0021719967,3.7027523e-05,2.0291827e-05,0.0003938559,2.545719e-05,0.9871437,0.009831066
hosa members collecting blood for hurricane harvey and irma victims,4,4,0.0005973577,0.00021595848,0.0002410285,0.00074439624,0.9922942,0.00032007642,0.004242836,0.0013441291
tropical storm harvey set to hit us motorists at the pumpa a financial times tropicala via,6,6,0.00068269053,0.020221038,3.1620046e-05,2.7250206e-05,0.0082614515,9.7443524e-05,0.9610478,0.009630681
these women dressed up and were among dozens of volunteers running kids activities in a park mexicoearthquake,7,4,0.0019005648,8.6637396e-05,6.391306e-05,0.00025342844,0.97654516,0.00010279511,0.004252192,0.016795242
my ideal holiday sunny floridafortunately this area suffered very little damage from irma,7,1,0.000981677,0.9373121,0.00020278209,0.000117041716,0.0009669442,0.004188436,0.044423733,0.011807196
remarks by vice president mike pence after briefing on california wildfires,6,7,0.0003306596,0.00060451886,0.00015095167,7.159931e-05,0.0018863085,0.00016395231,0.1295301,0.8672619
devastating earthquake in iran has civilians begging for help ciaravinoecon,0,6,0.0029790467,0.052375674,0.0018955711,0.00023031113,0.03498719,0.0013791639,0.70382154,0.20233151
scdoc director bryan sterling says will recruit corrections officers in puerto rico,7,7,0.00016552814,0.00017077866,5.105873e-05,7.274495e-05,0.0027688711,0.00013824143,0.008350015,0.98828274
sat fam 20 homes cleared amp 60k meals prepd 4 harvey affected ppl texasstrong jesusstrong,4,4,0.015019008,0.0058810906,0.00040492252,0.0027384767,0.9436413,0.0024852743,0.013966165,0.01586374
clive smith no sympathy for those tax exiles hit by hurricane irmaa columnistsa,6,6,0.014562846,0.007883845,0.0006300535,0.0003847741,0.016100254,0.00035288252,0.7224602,0.23762518
rihanna educates donaldtrump on the puertorico hurricanemaria crisis,7,6,0.0077212886,0.04517799,0.0015449419,0.00069227634,0.0066930763,0.0014720071,0.86686414,0.06983424
watch houston caught in crosshairs of harvey read more abc rain storm,7,6,0.0063075493,0.009386415,0.00027453434,0.000108097775,0.0016249752,0.000108530694,0.96651536,0.015674498
its so sad to hear about the families in iran iraq has lost so many people doing a earthquake f,2,0,0.42979562,0.04493251,0.00035955675,0.0011089189,0.0060762614,0.0008770672,0.3863253,0.13052484
tornado watch now in effect through noon sunday,6,6,0.0026805073,0.30731598,0.00086576986,7.1538016e-05,0.0026145969,0.00052517204,0.68399626,0.0019301907
yes tasted new tequila but this is more important theyre taking hurricaneharvey,7,7,0.00016665296,0.00069452246,0.0001233549,4.457426e-05,0.00052332197,0.00014540915,0.09078484,0.9075173
bumper to bumper traffic in to beaumontnormally not backed up here in lumberton harvey,7,7,0.0006440332,0.0039022265,0.00034293692,0.00016337942,0.003117146,0.0006714065,0.2563229,0.734836
hurricane maria live updates catastrophic flooding in puerto rico,1,6,0.0048060813,0.17432182,0.00020428553,4.5574394e-05,0.0023491436,0.00017267853,0.8168044,0.0012961299
st augustine bed amp breakfast picking up the pieces after hurricane irma,7,4,0.0013795538,0.0028759365,0.0003701657,0.00087453355,0.8945693,0.0017128504,0.01596049,0.082257114
tx gop delegation on harvey relief,6,4,0.008329992,0.0044100448,0.0014671054,0.0016931187,0.42702022,0.0014175727,0.1991924,0.35646957
firefighters gain edge in battle with deadly california blazes usnews usrc,4,4,0.072878756,0.003483855,0.37574437,0.05600384,0.47274044,0.0015960992,0.014430589,0.003122008
hurricane harvey update from klein isd superintendent bret champion,6,7,0.0008441419,0.004151289,0.00018022445,7.435677e-05,0.0011571633,0.00038686348,0.29154128,0.7016647
amazing photo of neighborhood postwildfire from,1,1,0.0021088964,0.6316432,0.00063099805,0.0005319303,0.0052288505,0.008479957,0.14201824,0.20935808
looking into joses eye in awe of natures power stay safe everyone irma katia vitamission,6,6,0.00042159695,0.0028470827,5.67855e-05,7.229625e-05,0.0012700876,0.00013578487,0.90979016,0.08540629
thousands still without power this morning 1 week after irmalatest were hearing from the power companies livea,1,1,0.13371693,0.39562777,0.013796655,0.012332306,0.05569364,0.07604258,0.12190276,0.19088738
hurricane harvey rescue dogs looking for new homes in connecticut,4,4,0.0011594214,0.00033832595,5.9743056e-06,6.809639e-05,0.9941531,8.0450474e-05,0.0036009063,0.00059372274
just another tornado flooding kinda day,1,6,0.0016902733,0.066667005,0.0005253835,6.507638e-05,0.004475796,0.00022898978,0.89421856,0.032128878
in harveyas wake will abbott still deny climatea change,6,7,0.0005947434,0.0010773265,0.00015113501,6.2820356e-05,0.000485287,0.00018732368,0.06813431,0.9293071
hurricane mariaabout 400 miles se of ncis weakening some tonight no direct landfall expected for us coast,6,6,0.0008442155,0.052177787,7.9967635e-05,3.1566324e-05,0.003218152,0.00011138232,0.94140935,0.0021276022
metallica has lined up a benefit gig for the california wildfires awe hope youall join us on november 9 a348,4,7,0.00027222742,0.00064111355,0.00023369648,0.00021904816,0.0046058446,0.00016809363,0.084736995,0.909123
hurricane maria has redeveloped an eye it is now getting better organized,6,6,0.00022100992,0.0028256055,9.083898e-05,4.776699e-05,0.00041791832,0.00018131283,0.69773656,0.298479
asking austinites to donate toys for harvey evacuees,4,4,0.0012265135,0.00031320658,3.667454e-05,0.00024145505,0.9781352,0.00020118781,0.0039533274,0.015892485
cyclone mora hits mizoram damages houses triggers landslides,1,1,0.00032361748,0.98329955,0.0016273829,4.2368727e-05,0.00047265037,0.002311597,0.011279359,0.0006436559
together for mexico fundraising event for mexicos earthquake victims join us october 1 vancouver bc,7,4,3.7885675e-05,3.0917643e-05,4.175064e-06,3.920167e-05,0.9984261,1.4406176e-05,0.00075671193,0.0006906012
hands of hope foundation extends irmaharvey relief aid project,4,4,0.0003201961,0.0003042733,2.2939483e-05,6.2588566e-05,0.99193746,4.9532417e-05,0.005367809,0.0019352349
52013 moore ok ef5 tornado,6,7,0.019767335,0.06781828,0.0044740452,0.0046421797,0.009224345,0.0049520642,0.2548939,0.63422793
hushed crews listen for survivors after mexico earthquake toll tops 200,6,2,0.021479944,0.008319532,0.76114047,0.041863594,0.13266557,0.00427547,0.01742448,0.012831023
rescuers search rubble as dawn breaks in mexico city earthquake toll hits 217,1,4,0.01277795,0.031005552,0.0219499,0.2407452,0.6283315,0.01874249,0.032751862,0.013695576
a benefit concert in savannah ga to help those effected by hurricane irma on september 24th starting at 6pm,4,4,8.3445644e-05,0.00027226645,2.342268e-05,5.5060344e-05,0.98916095,2.085636e-05,0.008209031,0.0021750089
hellacious hurricane maria earthcastsos,6,6,0.025144102,0.13669182,0.006209014,0.009403054,0.037672315,0.015218211,0.48895255,0.28070894
bay area residents rallied in oakland to demand aid for puerto rico,7,4,0.0031100288,0.0042899735,4.4467393e-05,0.0001444578,0.9538195,0.000247168,0.014878223,0.023466166
harveyrelated scams on the rise guns 2a,7,6,0.003854697,0.029038873,0.002140111,0.0006965163,0.0024635817,0.001975437,0.71687996,0.24295087
a doctor who survived katrina now tends victims of harvey,4,0,0.97661066,0.00018169796,0.0060366527,0.011104359,0.0015026998,0.00021071704,0.0038127976,0.00054038456
mainline establishes fund with feeding florida to aid hurricane irma victims,4,4,0.00019602226,0.00012482448,2.2597349e-05,0.000117984026,0.99695826,7.6628035e-05,0.0017424542,0.0007612527
subsistence helps send aid to mexico earthquake victims,4,4,0.00073620473,0.00013170861,5.256588e-05,0.000308414,0.99547064,0.000110059365,0.0017807586,0.0014096528
puerto rico knows whats what ht fipi lele,7,7,0.00022081361,9.3717e-05,4.494794e-05,4.8357866e-05,0.00016475741,4.9208666e-05,0.0053300345,0.9940481
cut puerto rico loose wallow in your deliberate fiscal hell,7,7,0.00010827069,0.00037296096,8.2984334e-05,3.4598626e-05,0.00057830784,0.00012567671,0.025389792,0.97330743
money irma business an 18500 home bar for the most aspirational of cocktail makers,6,7,2.808231e-05,3.0026524e-05,6.5758095e-06,1.5202052e-05,0.00044695553,2.8724584e-05,0.003171264,0.99627316
nh donation drive for puerto rico exceeds expectations,4,4,0.0080326125,0.0058239293,0.0026098015,0.0037861269,0.7186533,0.0034998453,0.046892066,0.21070223
1 messages of solidarity from mexico to irans earthquake victims in seeyouiniran,7,6,0.04420716,0.0031994374,0.011761977,0.0054683518,0.20958686,0.00086653593,0.5585722,0.16633758
lessons learned from irma via psychology hurricaneirma goodreads,6,7,0.0019233023,0.0056541855,0.00047471627,0.00047538133,0.0045905667,0.0005841226,0.20766506,0.77863264
two confirmed drowning deaths from harvey in fort bend county deputies say,2,2,0.0005254723,8.7419336e-05,0.99739337,0.0014686235,0.00011236678,0.00018181029,0.00019793413,3.2878277e-05
thank you to roxburyct for collecting donations to help danburyct help danburytx harveyrelief hurricaneharvey,4,4,3.5197147e-05,3.8725317e-05,3.880404e-06,3.412417e-05,0.9982198,2.1233123e-05,0.00066973123,0.0009772795
moron trump will do this when he visits fire ravaged california,7,7,0.00042028676,0.0065509807,0.00032119604,0.00018080437,0.0026498511,0.00047863935,0.19393438,0.79546386
aoe tala hunter renfroe wildplassen dna20m hurricane maria sean spicer,7,7,0.0055393423,0.013201399,0.0016971907,0.001302385,0.00565154,0.0014785165,0.31964952,0.65148014
style nike air 323085164 puerto rico jordan size 9,7,7,9.172217e-05,0.0002650614,0.00010798622,4.9790262e-05,0.00043821573,0.00010292488,0.014644176,0.9843001
teaching saturday nov 11 at 4pm in bmore 10 all proceeds go to those impacted by the hurricane in puerto rico,4,4,0.00026337235,0.00043115954,4.5922065e-05,0.00016494596,0.9924097,3.3713102e-05,0.0039441837,0.002707013
6th grade maryland student collects 3000 cases of drinking water for puerto rico,4,4,0.00032794784,0.0014379427,0.000351385,0.00036200363,0.98311675,0.00038943434,0.005887151,0.00812738
we did it home in ct roadwarriors texasaftproud hurricaneharvey,7,6,0.0010355974,0.079849094,0.00067013403,0.0002939853,0.08882545,0.0012284449,0.46159768,0.36649963
florida had its flag with irma texas had its flag with harvey,6,7,0.00040961537,0.004989425,0.0003728877,0.00012239053,0.0011781446,0.0007931265,0.44623184,0.5459026
the effects of harvey,1,6,0.009550573,0.116100036,0.0015063469,0.0006904864,0.019615667,0.0071386807,0.5588331,0.28656518
mora 740 mg fixed blade bushcraft knife review,7,7,0.00056228205,0.00039986937,0.00036063106,0.0002809325,0.0007852534,0.00032011612,0.0067099226,0.990581
surprised by this preirma only 8 cat 3 hurricanes had tracked win 75 mi of ctrl puerto rico in noaa databasea,6,7,4.1991287e-05,8.804745e-05,1.9958943e-05,2.8048975e-05,0.00011335551,2.2603766e-05,0.007871633,0.9918143
business a puerto rico is one of the worldas biggest centers for pharmaceutical manufacturing,7,7,8.494878e-05,0.00011027841,1.2168009e-05,1.9615643e-05,0.0036839256,4.2893604e-05,0.0077062254,0.9883399
irma displaces worlds best quant now hes on a climate mission,7,7,0.0004028512,0.00026811133,0.00016355215,0.00017995713,0.0020301896,0.00028906926,0.016895771,0.97977054
category 3 major hurricane maria continues to track nnw some uncertainty in track beyond tuesday,6,6,0.0001746883,0.0019887488,2.9526904e-05,1.6384916e-05,0.0007221141,3.0725034e-05,0.98854244,0.008495348
a serene environment and a fierce ride photo by adrian mora maroto ds5 dsperformanceline,7,7,0.000104923514,9.632814e-05,2.4780624e-05,1.9012054e-05,6.2650724e-05,3.065984e-05,0.008129285,0.9915324
scattered covered and irmad,7,7,0.009092838,0.107077934,0.0040534064,0.0037528032,0.08877224,0.012753101,0.25133508,0.52316266
dark goddess antonio mora,7,7,0.0041078264,0.0064559546,0.0013070428,0.00329455,0.0070560602,0.0036040545,0.025184812,0.94898975
news wrap trump signs 15 billion hurricane harvey relief bill uspolitics via,4,7,0.000563013,0.0011708365,0.00012249057,0.00012996199,0.00313595,0.00036247468,0.12718175,0.86733353
hey puerto rico here are some paper towels oh by the way you screwed up our budget,7,7,1.6717964e-05,1.2165129e-05,3.670632e-06,1.0647004e-05,0.000105979176,8.188978e-06,0.0010307013,0.99881196
aau news hurrican harvey amp irma updates aau sports youthsports weareaau,6,6,0.0024312271,0.017887242,0.00043473614,0.00015804704,0.0013842038,0.0003350585,0.89673877,0.080630764
frustration mounts over puerto ricos new normal as federal troops leave the island,6,7,0.00040040343,0.0017982363,0.00022010629,0.00014127418,0.0029268616,0.0002902634,0.12809464,0.86612815
donates 100k to mexico earthquake relief gtgtgt etalk,4,4,0.0007028435,0.00061488384,6.436904e-05,0.00023960652,0.9948664,0.0001597549,0.0023690867,0.0009830554
pr ham radio update hamradio huracanmaria hurricanemaria,6,6,0.001958568,0.07464596,0.0015569906,0.00050393026,0.0028299335,0.0023346609,0.6639366,0.25223327
weird during irma an earthquake hit mexico and now during maria it happens again coincedense does this maka,6,6,0.00090527075,0.011507317,0.00013275942,8.6855944e-05,0.0012159487,0.00017656402,0.89936686,0.08660835
sorry to see the round barn in santa rosa destroyed by fire,1,1,0.0026620913,0.78076625,0.00023836164,0.00014301705,0.011555323,0.002943619,0.18113048,0.02056087
what katrina can teach us about disrupted cardiac care after hurricane harvey ahanews,6,6,0.01702309,0.06568902,0.00013132495,0.00012730368,0.32317507,0.00038183076,0.5810484,0.012423952
death toll from harvey surpasses 60,2,2,0.00397228,0.0015110628,0.99001104,0.0015297403,0.00023102056,0.0006869679,0.0016427448,0.0004151349
hurricane harvey 5 die in floodwaters while hundreds rescued from flood areas,2,4,0.019538902,0.038507737,0.19372497,0.0068751257,0.6766814,0.009202945,0.054887667,0.0005813121
nfl star goes above and beyond for victims of harvey in amazing gesture,4,7,0.00018169444,0.00032325438,3.5547742e-05,3.4085177e-05,0.0018075607,6.1503226e-05,0.085516684,0.9120397
hundreds leave homes near dangerously crumbling puerto rico dam,1,1,0.10762513,0.7817559,0.011818072,0.0036595112,0.012257536,0.07091447,0.00790839,0.0040609133
steve harvey cant come to the phone right now why oh cause hes dead,7,7,3.3811404e-05,6.5490945e-05,1.9434225e-05,2.8522334e-05,0.00017440716,5.4592292e-05,0.007841324,0.9917824
my whole worlda12fa12fa12fa12f you are best actor in whole the world mora saiyaaa superstar,7,7,5.006533e-05,0.00011655179,8.044912e-06,2.3001025e-05,0.00033969604,7.6604e-05,0.0020909822,0.9972951
day 4 clearing the backyard part 2 taking the deck to the pile hurricaneharvey cleanup aftermath,1,1,0.0005058464,0.7797563,0.00037069162,0.00012838119,0.031745877,0.0018940372,0.17623241,0.009366431
money irma business lawmakers subpoena new jersey transit over railsafety project,7,7,4.8846774e-05,2.6674901e-05,1.1855049e-05,1.5605565e-05,0.00038018532,2.9011167e-05,0.0038380462,0.99564976
toxic plant may have sprung undisclosed leak during hurricane harvey,1,6,0.007173161,0.41154116,0.0017368181,0.0003404576,0.0041218027,0.004678001,0.55327725,0.017131371
mountains of aid are languishing on the docks in puerto rico,4,7,0.0010197908,0.0036374615,0.00027042272,0.00021882508,0.03421444,0.0010466576,0.10931505,0.8502773
volunteers filling semi trailer for mexico earthquake relief,7,4,0.004692063,0.0036624356,0.00022565869,0.0025359308,0.9702259,0.0036674074,0.008847792,0.006142768
mexico still open for tourists travelnews mexico earthquake tourism,7,7,0.00021021428,0.00024825483,4.1466028e-05,2.1298052e-05,0.00054562994,4.180066e-05,0.03148914,0.9674022
hurricane irma forces cancelation of miami at arkansas state with no makeup date,6,7,0.0026337367,0.01683072,0.00031018516,0.000209108,0.010548182,0.0013232793,0.4838507,0.4842941
information for canadian and us citizens affected by mexicoa earthquake,6,4,0.00240179,0.00031406072,7.8749035e-05,0.00014757519,0.8998279,0.00016310505,0.03435278,0.06271409
nasa satellites capture breadth of northern california wildfires,6,6,0.0026760073,0.012528189,0.00084520533,0.0004170433,0.004741208,0.00030641846,0.7617869,0.21669903
economic impact from harvey irma likely to be shortlived,6,6,0.001291633,0.013407721,8.4063315e-05,2.6399379e-05,0.0008471149,0.00020129868,0.95849276,0.025649065
praying for the devastated rain forest 3 of puerto rico 57 f the only rain forest in america a,6,1,0.0044529727,0.5456326,0.00041356083,0.00031821502,0.057386916,0.0008511544,0.37201503,0.018929578
unitednations appeals for more resources for floodhit srilanka,4,6,0.004653064,0.017222274,0.0010867738,0.00047688463,0.37251517,0.0008638247,0.47325364,0.12992838
can puerto rico be the model for a renewablespowered energy system business,7,7,0.00014774091,0.000811694,6.7407345e-05,4.21684e-05,0.0015530281,0.000110597226,0.33296296,0.6643043
follow this list of trusted accounts for uptodate information as irma unfolds,6,7,0.00036100883,0.0005170342,0.00011122507,8.365497e-05,0.0012073822,0.00018770779,0.12206346,0.8754685
playa team joined red cross mexico to help sort amp package donations for the earthquake victims gvitravel gviplaya,4,4,7.505664e-05,4.51174e-05,8.438052e-06,0.00014208257,0.9980556,3.6273323e-05,0.0004439215,0.0011935544
worcester state sga joins in puerto rico disaster relief effort woostate news,4,4,0.00019872205,0.00025118905,2.3034438e-05,5.291904e-05,0.9911965,3.4091456e-05,0.0060479837,0.0021954842
this is quite frankly the only reason i watch instagram stories rn i live for harvey the calf updates,7,7,2.0373831e-05,2.4174225e-05,4.4973663e-06,9.295955e-06,6.0188555e-05,1.0269059e-05,0.0014524045,0.9984188
swimming not advised at collier co beaches today there is possible bacterial contamination flwx swfl yuck irma,6,6,0.0009092515,0.0037402469,8.949657e-05,6.566212e-05,0.008925941,0.00010869479,0.9250559,0.061104763
new fire danger threatens to worsen most disastrous wildfire season in california historya,6,6,0.0029184718,0.033497058,0.00022210133,2.3298706e-05,0.0018513486,6.284905e-05,0.9574733,0.003951578
donald porter as larry mason looks like lee harvey oswald 711oceandrive noiralley darknessatnoon,7,7,0.0001580165,0.00018624948,4.762894e-05,6.1385945e-05,0.00049868954,0.00019024125,0.004955698,0.9939021
so this song just reminds me of hurricane irma that just happened,7,7,4.04351e-05,6.639877e-05,7.2881844e-06,9.706636e-06,0.00017986595,2.5367208e-05,0.007992285,0.99167866
seawalls across swfl crumbling in wake of irma,1,6,0.0077540614,0.015885914,0.0008758931,0.00031171227,0.0026961353,0.00038906556,0.7602892,0.21179809
fuente de las nereidas fountain of the nymphs1903 by argentine pioneering sculptor lola mora womensart,7,7,0.0001209271,0.00031299706,7.391688e-05,7.771633e-05,0.0006047633,0.00020627717,0.00640801,0.99219537
california is obviously shaking the ring of fire is restless,6,7,0.00035004018,0.0034260997,0.00022824005,3.8546674e-05,0.0004806365,0.0001511322,0.2346451,0.7606802
program to issue id cards to flood victims read more lka srilanka,3,6,0.00092197023,0.0021383404,0.00034123345,0.00020664529,0.048538648,0.0003432546,0.7114511,0.23605882
miami florida right now irma,6,6,0.007890627,0.015950613,0.00076175074,0.00046431675,0.0015287863,0.00030062604,0.798335,0.17476825
as california burns trump displays little interest,6,7,0.00069899403,0.0062510003,0.00038448945,0.00012179842,0.00054721883,0.0007522688,0.051954526,0.93928975
cash donations can be made at mampt banks hurricanemariarelieffund,4,4,0.0011853512,0.001391348,0.00017463749,0.0005518165,0.936392,0.0007697068,0.03215396,0.02738121
on fire just like california gayfever,7,7,0.0007002554,0.0031133122,0.00018490411,0.00011576975,0.00067237247,0.00020132342,0.24549477,0.74951726
hurricane harvey texas electricity update ercot,6,1,0.00035490605,0.9321767,0.00021446063,3.576335e-05,0.0010500588,0.0015371757,0.064041875,0.00058906217
hurricane marias aftermath photos reveal devastation on caribbean islands science,1,1,0.00063749583,0.88919985,0.0001600451,5.1040584e-05,0.001356217,0.0027020238,0.10536096,0.0005323242
toxic sites hit by harvey threaten texans,1,1,0.023237225,0.78557515,0.0017956194,0.0008256545,0.011275913,0.019702397,0.1521326,0.0054553985
we have your back john velazquez help as much as you can with hurricane maria relief ai,7,4,0.0013187316,0.0034343102,7.246051e-05,0.0003273031,0.5904824,0.00020424124,0.22378077,0.18037976
puerto rico gets aid from waterstep future efforts in the works,4,4,0.00024783023,0.00011274904,8.42166e-06,3.789196e-05,0.99366415,2.5723184e-05,0.002407836,0.0034954033
returning savannah evacuee gives birth in hardeeville irma,7,7,0.039024968,0.012146974,0.0015194612,0.0020929885,0.03671842,0.0034403775,0.14391997,0.76113683
disaster management officials visit cyclone mora affected areas,4,6,0.02354067,0.07118558,0.00050117826,0.00039941142,0.1430351,0.0010895969,0.72962296,0.03062548
iraniraq earthquake rouhani vows action over collapsed buildings,7,1,0.0023542303,0.7861378,0.007317662,0.00043256095,0.003467605,0.0036278674,0.15226728,0.04439489
fhsaa launches web portal to coordinate sports aid to schools after irma,4,4,0.00013589357,0.00021357744,2.8424733e-05,0.000112858885,0.9947015,8.2881816e-05,0.0038576138,0.00086731894
great coverage on the struggles still going on in puerto rico,6,7,0.0012608392,0.003873486,5.628428e-05,6.0463623e-05,0.009884251,0.00017422378,0.47211948,0.51257104
irma nfl texans release wr jaelen strong via jamespalmertv,7,7,0.009013775,0.0031754896,0.0007919559,0.0005401927,0.0009861034,0.000609571,0.3757137,0.60916924
the aftermath of the moral and social bankruptcy orchestrated in the bbnaijaa show,7,7,0.0002001589,0.0005968086,5.1133648e-05,3.2395143e-05,0.0008503606,0.00016051486,0.05310519,0.9450034
map of 2017pueblamexicoearthquake,7,6,0.0037070026,0.04150606,0.0017333856,0.0014598095,0.0076088184,0.0041292985,0.5115781,0.42827758
recovery timing from irma and harvey will differ for business homeowners,6,6,0.0016838319,0.0061456915,0.0003253915,0.00018251443,0.01015531,0.0007038045,0.6295601,0.3512434
irma pummels cuban economy cuba standard your best source for cuban business news,6,7,0.0009848397,0.00127377,0.00037050215,0.0004686329,0.00465086,0.00064625475,0.17071746,0.8208877
earthquake gfz m 39 gulf of mexico forecast,7,6,0.0012603076,0.0063533545,0.00041770854,7.19604e-05,0.0003948608,0.00016249238,0.8328874,0.15845193
palm trees have very little left on them sanjuan puertorico hurricanemaria cnn,6,1,0.0006038973,0.9690606,0.00027293715,9.1604365e-05,0.0005053989,0.009017799,0.018372087,0.0020755422
prayers for the millions people affected by the powerful earthquake in mexico a12aa14y2a14ydai mexicofuerte mexicocity,7,4,0.029838331,0.007548385,0.00043533294,0.00051515363,0.77084595,0.0006119404,0.16501513,0.025189819
no aessential oilsa will not clear the california fire smoke out of your air mother jones,7,7,3.2625278e-05,0.00012933361,2.2906137e-05,2.9619316e-05,0.00011858431,4.2100586e-05,0.01068673,0.9889381
a massive earthquake struck mexico yesterday if youre interested to help please contact me,4,6,0.0057135373,0.016328165,0.00062557665,0.00018913935,0.041724585,0.00019882387,0.9070654,0.028154725
hurricane maria two naval mines wash up on north carolina beaches,6,6,0.0014913303,0.041574366,0.00051130797,0.0006023744,0.2972675,0.001055379,0.6541934,0.0033043614
hurricane harvey diss freestyle by michael white underground texas hip hop,7,7,0.0025913857,0.0043094927,0.00013722123,0.00011042304,0.0014728452,0.0005678882,0.20640676,0.7844039
after over two weeks in darkness after harvey light is finally returning to port aransas,6,4,0.011409182,0.08914625,0.0010628899,0.0011293399,0.6327651,0.0026051202,0.25240886,0.00947326
texans are unstoppable houstonstrong texasstrong harvey harveyrecovery sundaymorning americans a14yaa14y8a,7,7,0.14857058,0.038115058,0.0055550034,0.009031411,0.019983275,0.022125512,0.28098783,0.47563133
suzana peric fashion show the mora smoothie,7,7,0.00052601047,0.0006146083,0.00025255847,0.0002059424,0.0009941943,0.00033834728,0.0095430445,0.98752534
local residentas a hurricane magneta family impacted by harvey irma arlingtonva,6,0,0.9860523,0.0008430271,0.0002265191,0.0031980404,0.003371234,0.0006306378,0.005295391,0.00038288053
animals colorado rescue groups to open doors for harvey animals fox31 denver,4,4,0.00020896063,5.304051e-05,6.234992e-06,4.1372572e-05,0.9980394,2.3057253e-05,0.00088562025,0.00074230356
irmas winds ripped down many of our millennium signs and damaged a few locations please pardon our appearance as,1,1,0.0001518766,0.9882527,0.00027193865,6.883066e-05,0.0006089577,0.0039564464,0.006451605,0.00023775347
vegetation fire burns at least 30 acres ina dublin,1,1,0.0007278736,0.9617517,0.0049934215,0.00012041826,0.0027126106,0.0037815573,0.01898981,0.0069225747
i like to wake up to good news this is not it irma stcroix,6,6,0.00049122743,0.0015157148,3.7474394e-05,5.8123787e-05,0.005183527,0.00012291377,0.69249606,0.30009496
oregon strike teams return home from battling wildfires in california liveonk2,4,4,0.06954125,0.01602762,0.0034522435,0.0018712935,0.6790222,0.0004069213,0.20097592,0.028702658
firefighters quickly contain clifftop brush fire sf,4,4,0.009852016,0.040261384,0.0027791937,0.0055270656,0.54644084,0.0044307886,0.27655068,0.11415804
puerto rico utility regulators push back on feds in new court filing,6,7,7.51798e-05,0.00019867456,4.2128995e-05,3.2192707e-05,0.00043481344,8.819259e-05,0.016049596,0.9830792
had a blast djing larisalove salon in benefit of hurricaneharvey a12s4ai,7,7,0.0015954508,0.006524408,0.0077152913,0.0011859952,0.00647102,0.0019284439,0.058068648,0.9165107
maria wind whipping up in anguilla living on hope irma,6,6,0.0014059468,0.015486883,0.00015398269,4.2347983e-05,0.003968205,7.232802e-05,0.97423834,0.0046319785
talks to our exec committee about state rebuild from harvey amp prep for future storms,6,6,0.0005494695,0.0028581752,0.00023329037,0.00029729673,0.03748104,0.000601311,0.56834424,0.3896352
us economy hit by harvey sky news australia econ,6,6,0.0053235567,0.1179105,0.0006375176,5.020534e-05,0.0047044894,0.0006755175,0.85219604,0.018502077
aflac and tsys give to hurricane harvey relief others urged to help,4,4,0.00042688317,0.0003794483,2.2044494e-05,6.929246e-05,0.98433465,6.763038e-05,0.010573943,0.004126228
after mexico earthquake bike brigade delivers muchnee muchnee news,7,6,0.018376403,0.02176631,0.005252637,0.0036196234,0.060175076,0.0025920016,0.46244678,0.42577118
the 500year storm quantifying marias destruction smart cities dive,1,6,0.0045625586,0.18521364,0.0007590975,0.00020636812,0.0018677467,0.0022176858,0.6483167,0.15685618
central california sunset tonight lots of wildfire smoke to punch up the color pallet,7,7,0.000116801326,0.00032950967,2.8017377e-05,1.9460911e-05,0.00010121721,4.5634224e-05,0.03343564,0.9659237
follow me donald trump iran earthquake nfl your monday briefing followforfollow,6,7,0.00015771005,0.00012544062,3.619718e-05,5.585537e-05,0.00023607827,8.431569e-05,0.017844526,0.98145986
michigan state volleyball to only play one match in florida due to hurricane irma,6,7,6.086147e-05,0.0003310595,7.919095e-05,5.0955303e-05,0.00071960915,0.0001568274,0.015950322,0.9826512
maria has been a hurricane for six days now could be around 6 more,6,6,0.00053778203,0.025603436,0.00045595982,7.695599e-05,0.003181668,0.00044451022,0.93325424,0.036445417
arkansas national guard assists in response of hurricane harvey watch now a129,4,4,5.3142612e-05,0.00031321525,2.7229446e-05,5.7990128e-05,0.99467343,3.8501465e-05,0.004615768,0.00022073917
civil air patrol illinois wing to help survey damage from hurricane harvey,1,4,0.0008485915,0.01677752,0.0007056256,0.0005306052,0.8359881,0.001482871,0.11904907,0.02461752
fema actually can stay in puerto rico indefinitely,7,7,0.0027531406,0.005168952,0.00029884075,0.00024011098,0.0055920808,0.00064992555,0.40020964,0.58508736
after harvey amp irma using recovery to build stronger and safer communities by,6,6,0.0008050772,0.009365379,0.00022618851,0.00019507317,0.039395127,0.0005212387,0.86123246,0.088259466
pro football club raises funds for california fire,7,4,0.0036310384,0.0023651412,0.00092573056,0.00043436518,0.34541872,0.00031528436,0.30388138,0.3430284
deadly earthquake hits iran and iraq nbc nightly news,6,6,0.009050992,0.041742064,0.008740358,0.00031290713,0.00276337,0.00040015992,0.9302738,0.0067163506
purchased buymigenteremix hurricane earthquake houston mexico puertorico,7,6,0.015141436,0.16399865,0.002562801,0.0015363019,0.012300898,0.002392281,0.6473769,0.15469082
remember our brethren throughout the world tonight mexicoearthquake,7,7,0.0036984691,0.008375856,0.00015126291,0.00019995078,0.010871802,0.0004039271,0.42904347,0.5472553
hoping everyone is able to get back on track post hurricane irma wishing everyone well,7,7,0.00021249994,0.00015977558,2.1900352e-05,8.707733e-05,0.0024278336,8.025038e-05,0.035459597,0.9615511
port canaveral provides pipeline of fuel for postirma relief,4,6,0.0012854233,0.009928862,0.0006256118,0.00025310775,0.06306295,0.0007188065,0.48089185,0.44323343
after 200000 initial goal jj wattas harvey fund hits 20 million,4,4,0.00042016522,0.0011687735,0.00016038163,0.0003954027,0.9891962,0.0004910695,0.0052518477,0.0029161645
hurricane harvey irma jose and now maria americans brace for new danger,6,6,0.0019733205,0.0071585844,6.1012986e-05,4.2883155e-05,0.017875236,0.00017434172,0.96414995,0.008564661
san juan flights still on hold in wake of hurricane maria,6,6,0.0013191572,0.00267431,4.4589113e-05,3.2316497e-05,0.0017985333,4.763019e-05,0.9706196,0.023463825
trend alert hurricane irma more trends at trndnl,6,6,0.002081059,0.004354426,0.00030169103,0.00011812521,0.0005665875,0.00019249227,0.8795701,0.11281541
please irma evacuee from fl still in nc looking for her missing dog my friend is desperatea,4,7,0.0015147566,0.00036997962,4.485563e-05,0.0003193199,0.0045239013,0.00022438409,0.051689636,0.94131315
harvey levinas objectified gives glimpse of celebsa prized possessions,7,7,0.0008624666,0.0010017786,0.00012623792,0.00011203468,0.0016389091,0.00032072206,0.024066167,0.9718716
hurricane irma cat5 165mph will be near stcroix midnight tonight and eastern puerto rico around 8am tomorrow,6,6,0.00026028123,0.009784219,3.3295222e-05,2.164455e-05,0.0013305286,4.370168e-05,0.98516524,0.0033611194
us govat pesticide spraying in wake of harvey a toxic boon to agrochemicala giants,6,1,0.015554428,0.5092464,0.0009803851,0.00025200905,0.04572277,0.0020943983,0.3766425,0.049507223
help puerto rico get free rare beer at dock street cannery,7,7,0.00047841432,0.00029794837,3.8025966e-05,0.00013134137,0.005598981,0.0002953617,0.0047754166,0.9883845
helping harvey move into uwe today doing my bit by watching the game,7,4,0.005992807,0.0042120577,0.00019390482,0.0012998256,0.58153594,0.0023266517,0.14727469,0.25716415
briefshell midstream partners hurricane harvey operational update,6,6,0.0037253078,0.009585159,0.00080176524,0.0003961765,0.007051276,0.0005982548,0.79622835,0.18161377
issued directive on hurricane irma response,6,6,0.0008897924,0.0045990297,0.0001208979,6.44294e-05,0.0009277138,9.88637e-05,0.94606787,0.04723138
tailgating in a different lot thanks to irmabut the hardcore tailgaters will not be denied,6,7,9.54382e-05,0.00017493674,4.7445355e-05,6.21453e-05,0.00033886428,9.833053e-05,0.008502555,0.9906803
cyclonemora as usual buddhist monks are door to door to their peoples,7,7,0.001262752,0.0050588828,0.00057924783,0.00035885168,0.005923501,0.0009806643,0.21635047,0.76948565
stay strong puertorico and mexico hurricanemaria earthquake,7,6,0.0033799878,0.005645954,0.0002899829,0.00027852194,0.00087641354,0.00028070374,0.61009467,0.37915376
harvey and irma are causing some people to have hurricane anxiety in robeson county,6,6,0.015502737,0.021724142,0.0002608385,9.1257294e-05,0.0057873614,0.00036502536,0.93594235,0.02032621
cmu student raises more than 100000 for puerto rico charters third rescue plane,4,4,0.00023531831,0.00014129907,3.4134267e-05,0.00020192095,0.9934809,0.00015630644,0.0023305982,0.003419443
we are still in need of donations to repair damage from irma donations are taxdeductible,4,4,0.00013051505,0.00020097119,5.972187e-06,4.69021e-05,0.99710613,4.4400513e-05,0.0014352186,0.0010298089
trumps fix for puerto rico communications issues,6,7,0.0010323633,0.0022953816,0.00049389654,0.00026687636,0.003283564,0.0005172956,0.22870566,0.76340497
update every county in yellow is under a tornado watch until 10 pm irmacsra,6,6,0.0006622707,0.018841768,0.00015399701,4.4818295e-05,0.0017584193,6.938621e-05,0.9454713,0.032997977
is california the deep state,7,7,0.00286257,0.027819684,0.000925118,0.00020977009,0.002536631,0.00070004066,0.40081155,0.56413466
liam anderson talks about impact of california wildfires after big race at mt sac,7,6,0.0009190488,0.00511905,0.00026938846,0.00015171134,0.007160503,0.00031310943,0.85737276,0.12869443
earthquake relief in iran and iraq a difficult task,6,6,0.005259828,0.04644242,0.00083584315,0.00023415513,0.052363124,0.0006880109,0.70405835,0.19011831
third day in a row of recordbreaking temperatures brings critical fire conditions across southern california,7,6,0.0005911272,0.00298044,9.024459e-05,2.8645896e-05,0.00079979276,3.0928586e-05,0.977953,0.017525915
at times he felt that he had almost rather not be in love with her for it brought him no peace antonio mora,7,7,9.330646e-05,0.00011713613,2.3038388e-05,3.0291101e-05,0.00026338367,3.207997e-05,0.0028017615,0.996639
harvey boyer arlington tx,7,7,0.0068249814,0.31266016,0.0035674402,0.0026140204,0.038155172,0.019452808,0.23094158,0.3857838
iran criticised for earthquake response details,7,6,0.002168408,0.009996703,0.000497881,0.00018579338,0.0024056695,0.0002640747,0.79873395,0.18574752
harvey all over industrial production gt read more,7,7,0.0007483293,0.023818916,0.0006190136,0.00014982001,0.0016850735,0.0038568054,0.15813325,0.8109887
hurricane irma 10 challenges for employers,6,6,0.00362149,0.006456007,9.097429e-05,5.1975774e-05,0.00080153596,9.32393e-05,0.97532415,0.013560645
fire at kuna mora cole roads stretches 280 acres,6,1,0.0014397842,0.82993287,0.001334928,0.00035090646,0.0011271654,0.005923786,0.040322274,0.119568266
moras midnight bakery a moon sea jellya149,7,7,0.006562341,0.01287882,0.0050191637,0.0020069447,0.011863276,0.0017971196,0.27785006,0.6820223
mr richmond hates mr mora doesnt stop talking about soccer has never spoken to a female student,7,7,3.5627454e-05,3.0359111e-05,1.144526e-05,3.3389326e-05,0.00026179192,2.75184e-05,0.0015296533,0.9980702
a budding masterchef maybe wilf in the kitchen by matt harvey oilpainting,7,7,7.176496e-05,3.4795696e-05,2.0346595e-05,1.8286484e-05,0.00012017969,3.4008848e-05,0.0018696763,0.9978309
irmas aftermath with seigonie mohammed cnc3,6,7,0.038311683,0.039950904,0.005479935,0.0070314696,0.093208775,0.009796928,0.36546832,0.44075206
thanks for donating to irma bvi appeal,4,4,0.0020835998,0.010497603,0.00035881068,0.0004651546,0.48882583,0.0006011301,0.3531288,0.14403914
the situation in puerto rico is dire please help your fellow clinicians and donate today,4,4,0.0020288033,0.0007656577,1.8477478e-05,7.5295306e-05,0.97355044,8.998204e-05,0.012066067,0.011405481
believe the meteorologists harvey is incredibly dangerous,6,6,0.0012917202,0.0056874026,0.00016768216,5.2988482e-05,0.0006863304,9.984781e-05,0.9526356,0.039378386
37 days after hurricanemaria pure ineptitude or lack of any sense of urgency,7,6,0.0019546496,0.009419888,0.002041409,0.00050513603,0.0014288579,0.0009476921,0.86368996,0.12001244
as wildfires blazed on in santa rosa california help was needed from all over fire,6,6,0.0019785212,0.06951837,0.0009251877,0.00021791826,0.18772845,0.0006040693,0.6993888,0.0396387
aa pope francis offers prayer for victims of california wildfires news online,6,6,0.0024096936,0.0033255373,0.0009408325,0.00018056051,0.0263367,0.0002474205,0.8176247,0.1489345
harvey wonat help flagging housing market,7,1,0.03334933,0.5305243,0.00077068165,0.0018700805,0.26533186,0.021637099,0.1207413,0.025775308
turn any keyword into article article makemoney former steve harvey writer a,7,7,0.0003651363,0.0010190266,0.00010351302,6.62374e-05,0.0008855124,0.0002837305,0.08058701,0.9166899
so the state of california is pretty much on fire your move pres trump,7,6,0.00020729957,0.0014521633,5.5056258e-05,5.4472257e-05,0.0009722442,0.00011152661,0.601823,0.39532423
congratulations on a beautiful wedding coach mora,7,7,0.00011787142,5.535772e-05,2.614714e-05,3.0486306e-05,0.0002925813,3.7390666e-05,0.0036185351,0.9958216
a new fire threatens dozens of homes in california prompting more evacuations,6,1,0.0003229054,0.9868687,0.001035377,1.2072164e-05,0.00032604748,0.00078154815,0.010394915,0.00025852048
satellite images show just how bad californiaas wildfires really are,6,6,0.0007312796,0.020439172,0.00011262713,5.9233844e-05,0.0006570723,0.00018695644,0.9675643,0.010249337
maria grows to a cat 3 nears already battered caribbean 0 by,6,6,0.0007191631,0.0065516713,0.0001043131,2.734471e-05,0.00039440705,4.3523414e-05,0.9881273,0.004032274
final day skinnycocares irmarecovery irmarelief hurricaneirmaaftermath irma,7,7,0.0010419221,0.0017836102,0.00054765545,0.00042039965,0.009395179,0.000543938,0.057180803,0.9290865
california fire survivors respond unexpectedly to loss of homes,1,0,0.77164847,0.08413039,0.0007085053,0.002155876,0.09469881,0.0011832207,0.04372446,0.0017502711
usarmy soldiers from texas prepare to convoy south in support of harvey relief efforts,4,4,0.00027915728,0.00012080902,2.2302434e-05,0.000121792065,0.99485934,5.160066e-05,0.003728501,0.0008165239
irma nfl browns fear wr corey coleman broke his hand via tw,2,7,0.003019212,0.00047998063,0.00017358515,0.00025726424,0.001230571,0.00034993506,0.037983354,0.9565061
prolife attorney puts his life at risk to save victims of hurricane harvey,4,6,0.0038507811,0.0031015724,0.00030243854,0.00017637652,0.09916108,0.00014340431,0.86626554,0.026998846
i swear harvey and irma both boutta catch these hands 4,6,7,0.00016472115,9.7220334e-05,1.5212315e-05,2.06051e-05,0.00043008022,4.8259877e-05,0.012181244,0.98704267
so proud of our kindergarten eagles taking pride in helping keep our campus beautiful following irma,4,4,0.00085233897,0.0010970624,3.2332337e-05,0.00024267785,0.87663406,0.00029713273,0.00624658,0.114597775
puerto rico power grid deal under scrutiny nbc nightly news,6,6,0.0019830286,0.1702915,0.0010435471,0.00020804747,0.0033075123,0.0018449632,0.7222752,0.09904626
maria to batter after irma second hurricane to strike eastern caribbean,6,6,0.0012288144,0.01022345,0.000114812865,3.6740134e-05,0.0025678165,8.842191e-05,0.98052776,0.005212107
night before puerto rico trip,7,7,0.00035453515,0.00037190664,9.7335236e-05,8.76463e-05,0.00078810164,0.000102089274,0.018482337,0.97971606
puerto rico this seems like the kind of thing one would remembera121,7,7,1.1700762e-05,1.8250179e-05,5.9042986e-06,7.1802115e-06,6.4331056e-05,1.0899145e-05,0.0022295068,0.99765223
colonialismas legacy neglect in puerto rico suffocation in dc,7,7,0.000654206,0.0006467671,0.0002024751,0.00013687927,0.0006754405,0.00033731997,0.010999471,0.98634744
carmen mcreynolds victim of tubbsfire was a doctor and a western gala,7,7,0.0003417362,5.507185e-05,5.4136097e-05,8.951644e-05,0.00046429157,0.00013179138,0.003091202,0.9957723
fox news harvey fallout 53 of houstonas schools have a majora damage at least 22 will bea,1,1,0.00016778421,0.9826852,0.00012560742,4.9901937e-05,0.0004638336,0.002237283,0.012414227,0.0018563042
via rand paul wants harvey relief to come from spending cuts p2 tcot,6,7,0.00016762296,0.00014097107,0.0001188618,9.983066e-05,0.0012269091,0.00014699633,0.018757476,0.9793413
medtronic evacuates california facilities because of wildfires via startribune,6,6,0.004274269,0.23917769,0.0030315074,0.0005097966,0.03372965,0.0021845098,0.6829765,0.03411608
new questions about areciboas future swirl in the wake of hurricane maria,7,7,0.00019265333,0.00015993943,1.8365592e-05,1.7411392e-05,0.00022594689,2.1798327e-05,0.10288964,0.89647424
20 of gbp 25 and free shipping harvey striped cotton cutout shoulder d gbp 1099,4,7,2.9748457e-05,3.9299735e-05,2.30609e-05,1.9723379e-05,0.00018814248,3.9784038e-05,0.0037944445,0.9958658
we could feel some effects from hurricane maria this week,6,6,0.0076936777,0.023969444,0.00025332696,0.00012747219,0.0047800476,0.0005608183,0.7947423,0.16787298
this book arrived back in my hands after surviving hurricane maria in puerto rico itsasign thankiu nextread a12fa,7,7,0.0017317383,0.0013095022,0.000103422346,0.0018490927,0.012384523,0.00374475,0.012354171,0.9665228
tubb fire victims visit the remains of their home,1,1,0.046874866,0.6744958,0.0063628787,0.0006598083,0.059033483,0.0044684904,0.1985023,0.00960231
how climate change hurricanes are rapidly accelerating the militarization of america,6,6,0.0005236987,0.0020216955,3.5336598e-05,1.9914103e-05,0.00049599016,4.3647655e-05,0.9624475,0.034412213
hurricane tracker carolinas midatlantic should watch maria forecasters say,6,6,0.0006761994,0.007741442,6.271148e-05,1.8597984e-05,0.0005021341,4.106895e-05,0.98651206,0.0044458183
news via foxnews the latest fires smoke reaches california beach town,6,7,0.0029439724,0.0024388076,0.00094626483,0.00064512395,0.00035862578,0.00050864194,0.17438683,0.8177717
children unable to attend school in devastated puerto rico,0,0,0.58009654,0.020202532,0.0030219713,0.014346556,0.2684398,0.009599108,0.032623336,0.07167015
see hurricane irmas massive eye engulf an island,6,6,0.00065056374,0.009233898,7.5616634e-05,2.1718231e-05,0.00064928475,4.8802263e-05,0.9731525,0.016167581
a selection of sunday front pages focusing on the california wildfires,7,6,0.0011966501,0.050205432,0.0014483245,0.000118960335,0.0017704716,0.0006255461,0.8439954,0.100639194
we called they answered showing up outside section 8 housing closed after irma residents wait to get b,4,7,0.0025758469,0.00026850592,2.2998078e-05,9.358876e-05,0.0009532803,2.5656944e-05,0.028973017,0.9670871
irma blues latest speed test on verizon unlimited plan i hope spectrum services return soon,7,6,0.00057245546,0.002886942,0.00025371287,0.00021283687,0.0018882125,0.00030835363,0.8201572,0.17372036
i wanted to get mora i didnt get her but at least i got lyonesse,7,7,0.00063374516,5.2511517e-05,9.89979e-06,9.425186e-05,0.0002892792,3.7592872e-05,0.0029049967,0.9959777
beyond harvey and irma,6,7,0.004397191,0.0145540545,0.0010895483,0.0008755018,0.011896977,0.0020359375,0.19649214,0.76865864
please donate generously for the flood victims of sri lanka,4,4,0.0004303754,0.00033253216,1.7149927e-05,4.924798e-05,0.99536055,5.4225402e-05,0.0031286287,0.0006273826
everything dog lovers need to know about hurricane harvey,6,7,0.04995196,0.010671262,0.0005175522,0.0025765663,0.020398906,0.0029457838,0.2593586,0.6535794
tesla is helping puerto rico get its power back via fastcompany,4,4,0.0058203377,0.010444381,0.0009351222,0.0017855386,0.6389566,0.004282549,0.10483965,0.23293583
harvey victims nerves fray as days drag in houston shelter,4,0,0.8933159,0.008323174,0.0010740266,0.0019003102,0.06763138,0.0011097215,0.02412999,0.0025153758
this is a disaster money is running out in hurricaneravaged puerto rico,6,7,0.00012279415,0.0001322381,2.466071e-05,1.3702642e-05,0.0010118554,4.4368117e-05,0.0083742775,0.9902761
the national academy jury of 1907 francis luis mora,7,7,0.00016276735,0.00026490923,7.834392e-05,4.620079e-05,0.0023556922,0.00014958024,0.006009931,0.9909326
a pic of the mexican government helping mexicos earthquake recovery,7,4,0.000106910586,0.0006921117,7.26415e-05,0.000152653,0.99373573,0.00024928842,0.0041023316,0.00088832586
lloyds of london estimates net claims for hurricane maria of 900 mln,4,6,0.00084861915,0.031579614,0.0007807691,6.0793685e-05,0.0033336317,0.00036406514,0.93554217,0.027490268
domenica se atlantic coast hamlets devastated by hurricanemaria says,1,6,0.016031973,0.1474327,0.000698302,0.00042600452,0.00093759847,0.0029184055,0.8205101,0.011045008
more than 400 killed in iraniraq quake state media says,2,2,0.0009883725,0.00097547285,0.9962894,0.00027650537,0.00017224302,0.0001925867,0.0009802504,0.00012516484
bravo helping in puertorico,4,4,0.0023440304,0.002858822,0.00037621893,0.003128417,0.9621318,0.0015236868,0.008709648,0.018927366
3 weeks the mora until cancun a12 1a12 1,7,7,9.674935e-05,7.563868e-05,4.9426984e-05,2.6776668e-05,0.00018108111,6.160663e-05,0.0036958342,0.99581283
the sarasota heraldtribune from wednesday 96 friday 915 irma sarasota,7,7,0.00084377936,0.013095902,0.000520124,0.00011256562,0.003923087,0.0005212505,0.47712928,0.50385404
trump blames delayed message to mexican quake victims on bad phone reception,7,6,0.0039208187,0.009201298,0.00081305264,0.0003371625,0.008001487,0.00061973,0.90644956,0.070656866
this newborn photo shoot celebrates hurricane harvey rescue,4,4,0.002015115,0.003287705,0.00033153003,0.0003966546,0.66686726,0.000333599,0.28297687,0.043791283
week review beat mtsu harvey relief drive practice hard rti we noticed anchor down,6,7,0.00052026415,0.00038419446,4.4248078e-05,0.00013542417,0.009778369,0.00011608691,0.067939,0.92108244
mortgage rates rise monday as irmaaos impact becomes clearer,6,6,0.0020220652,0.0044249715,0.00011230793,4.468707e-05,0.0007109817,9.099684e-05,0.9813457,0.01124825
ancient artifacts saved from deadly earthquake hold clues to mysteries of iraqs past,7,6,0.002489847,0.051159382,0.0024266844,0.00071228953,0.027707404,0.0016322666,0.8499018,0.0639703
billboard is streaming the drag race queens puerto rico benefit show,7,7,0.00029270005,0.00025325982,0.00010850071,8.208188e-05,0.0035083129,0.00020543019,0.00977944,0.9857702
broward county public schools to reopen on monday september 18 following hurricane irma,6,6,0.0009835048,0.2644634,0.00076759455,9.513533e-05,0.008602569,0.0012231321,0.7142698,0.009594965
hurricane jose ambles off us coast as new tropical storm maria tracks irmas early path,6,6,0.00017987976,0.0020767325,3.000453e-05,1.3604784e-05,0.00094515167,2.1815462e-05,0.9925355,0.004197332
cute totes proceeds to united ways mexico earthquake relief fund,7,4,0.0005074499,0.00023483175,3.9699917e-05,0.00016722291,0.9430201,0.00012528826,0.011690387,0.04421509
usa today sees a template in its hurricane irma email newsletter,6,6,0.00031948375,0.00395825,0.00021501511,2.9563325e-05,0.0015775792,6.9095906e-05,0.8171841,0.17664698
dont forget about puerto rico,7,7,0.0028508024,0.0023951074,0.00034447454,0.00036070854,0.00674819,0.00061305217,0.056398325,0.9302894
breaking tornado watch in orlando area hurricaneirma,6,1,0.001701743,0.90441537,0.00060921215,7.468086e-05,0.00151772,0.0012482388,0.08969352,0.00073943543
is postponing the floridapeppi due to the impact of hurricane irma on florida new date and venue wil,6,6,0.00046587555,0.0055932263,0.00024839764,9.3891875e-05,0.0019742702,0.00024390621,0.61307085,0.3783096
popular on 500px before hurricane irma by lindahammad streetphotography,7,7,0.00047345812,0.003179504,0.0002044634,6.178156e-05,0.0011083413,0.00017309957,0.407856,0.5869433
sarasota group escapes ca wildfire usa vacation travel,7,7,0.020453919,0.0028661059,0.00057242846,0.0006240129,0.0015850383,0.00048827598,0.052691683,0.92071855
donald drumpf puerto rico wants everything to be done for them,7,7,0.0013305406,0.0019826698,0.0001283535,0.00063583656,0.40799004,0.001220525,0.019316385,0.56739557
electricity is something you dont notice until its gone report from puerto rico,1,7,0.0012119982,0.1651847,0.0023773578,0.001223396,0.009435636,0.013190868,0.16765915,0.6397169
raradio israel sends aid to mexico after devastating earthquake claims 248 lives,4,4,0.03489329,0.0012850082,0.010775384,0.020380933,0.8867758,0.0008198508,0.02795979,0.017110048
my tattoo so so so in love credit simon mora at hollow crown tattoo liverpool anime tattoo,7,7,5.846364e-05,0.00011030675,1.8560466e-05,6.199508e-05,0.0016375368,8.789977e-05,0.0027698472,0.9952554
postkatrina lessons for harveys returning students,7,4,0.03523689,0.017801067,0.00094798335,0.0023394176,0.37932953,0.0021949378,0.3544154,0.2077348
if you dont like our president then dont accept federal fund relief help for hurricane maria dont be a hipocrite,7,4,0.0003813205,0.0023734777,2.7310312e-05,8.3933686e-05,0.9084463,5.6225126e-05,0.041690752,0.046940625
one california doctoras dangerous mission to save his newborn patients from fire,4,6,0.0015564177,0.0053777457,0.00019166879,0.00017807797,0.43136096,0.00022795022,0.5159311,0.04517606
trending this week operators prepare for irma restaurant serves as shelter,4,6,0.0074414746,0.011360179,0.00062479853,0.00016111952,0.004987981,0.0002667068,0.94622403,0.028933797
charter communications commits 135 million to hurricane irma relief efforts,4,4,0.0030077728,0.04178506,0.00093067804,0.0010959365,0.81842947,0.0035246534,0.110590756,0.020635793
tonight is dedicated to you puerto rico make sure to tune in on nbc at 10 et 9 ct a12ca12c,7,7,3.8263785e-05,0.00014365098,2.2659022e-05,3.1701533e-05,0.0010588538,2.6324009e-05,0.012133656,0.9865449
i live in puerto rico and its hella hot but who cares imma be rocking this shit for days,7,7,8.1970604e-05,0.00032102753,2.6308793e-05,2.962983e-05,0.0003626067,3.357762e-05,0.10983314,0.88931173
roundup bitcoin blowing up california fire survival story amp college basketball player,7,7,0.0005762658,0.00052938866,0.00030901848,0.00027928356,0.0018058809,0.00042723923,0.018422524,0.9776504
i had a great time packing meal for puerto rico yesterday a14y5a14y7a14y5a14y7a14y5a14y7,7,7,0.0005974179,0.0003954463,3.850116e-05,0.00032459668,0.16363572,0.000494484,0.012665244,0.82184863
junk food dirty water and disease a month later puerto rico is still suffering,6,4,0.0062575373,0.047490068,0.00075271877,0.0026895886,0.68133056,0.015561943,0.038294263,0.20762329
flesheating bacteria cancercausing chemicals and mold harvey and irmas lingering health threats,6,6,0.0033546896,0.03427234,0.0012662942,0.00038667585,0.006268004,0.0013148941,0.83216965,0.1209675
he collected donations for tx after hurricaneharvey now lorain councilman sends supplies to fl for hurricaneirma,4,4,1.2465095e-05,4.822358e-05,5.167902e-06,4.3236698e-05,0.99865675,2.1254193e-05,0.0010341889,0.00017867477
california native loses everything in fire just two wee topstories,6,7,0.015420926,0.05973868,0.001824693,0.00045535224,0.0060233027,0.0010909247,0.18539894,0.73004717
fema to rush recovery money for insurance claims related to harvey algeria,6,4,0.002139362,0.0004477204,3.3212298e-05,9.1298505e-05,0.98103356,0.00015762472,0.012215961,0.0038812857
new death toll in californias wildfires has jumped to 21 details,2,2,0.000893525,0.00029376117,0.9978522,0.00028542426,6.532189e-05,7.1001385e-05,0.0004757037,6.316933e-05
league city tx this morning harvey,7,6,0.0027646984,0.028496873,0.00060330896,0.00016098237,0.010251006,0.00061807205,0.62364817,0.33345684
midnight circus is so cool for the whole family link for tix,7,6,0.008003757,0.3025453,0.00075683836,0.0004713535,0.0344708,0.0028968633,0.63091797,0.019937072
beyoncas list of climate change disasters seem to include the mexico 81 earthquake,6,6,0.00036293874,0.0057908604,7.3776624e-05,3.9173727e-05,0.00071228214,7.676503e-05,0.973133,0.019811198
fire jumps southern california highway in rancho cucamonga a nbc 7 sana diego,1,1,0.0011325396,0.82321244,0.014911513,0.0001129242,0.0037378012,0.0012267764,0.15124272,0.0044231415
tropical update tropical storm maria is bigger hurricane lee is stronger no issue for fl moving away swfl,6,6,0.00016310762,0.0012469816,1.1862162e-05,1.6854017e-05,0.00023639518,1.6021793e-05,0.98353875,0.014770058
harvey houstonstrong watch gulf 20 chance tropical development next 5 days would likely move toward tx,6,6,0.00063836074,0.00776237,4.880259e-05,3.4367968e-05,0.0021298244,5.6046756e-05,0.98223025,0.0070999563
dont get sick helping w harvey,6,4,0.012387424,0.0022602794,0.00015998764,0.0008379904,0.9585113,0.00055776775,0.015111234,0.010174096
early morning reminder to do your part californiawildfires california,6,7,0.000115620496,0.00019220886,4.22795e-05,3.1619347e-05,0.00029562652,6.808883e-05,0.021975301,0.9772792
homes and lives in ruins in california wildfires nbc nightly news,1,1,0.006953808,0.97745425,0.00632398,0.00014592899,0.00081822893,0.0048247,0.0032718591,0.00020735413
jose andres wants to use school kitchens in puerto rico to feed more people,4,4,0.000100433856,0.00023896973,8.069067e-06,7.8815356e-05,0.9930421,4.7720707e-05,0.0017329889,0.004750924
meet harvey and irma a love thatas weathered 75 years fitnessworldabs,7,7,0.0005200289,0.0014430017,9.6055584e-05,4.729246e-05,0.0016384022,0.0001427583,0.22817828,0.76793414
icymi trump pushes to run for senate during irma recovery visit,7,6,0.0016670295,0.015632601,0.0006947261,0.0004865624,0.19128741,0.00081392576,0.73233104,0.05708671
why couldnt and have come to puerto rico instead of,7,7,0.00048897334,0.0009889022,7.7698955e-05,7.664748e-05,0.0016536975,0.00028200058,0.05921802,0.93721414
the gym above subway got destroyed the cement wall got blown out hurricanemaria,1,7,0.0010114638,0.056100544,0.00049666705,0.00017476702,0.001063404,0.0013392424,0.1132589,0.82655495
5am irma update national hurricane center still has irma making landfall near miami sunday as cat 4 storm,6,6,0.0005736572,0.012509367,0.00022091056,0.0001419296,0.0027888224,0.00013440035,0.96117306,0.022457883
waiting for answers in corpus christi,7,6,0.132797,0.018234469,0.0014042665,0.0029371146,0.04150884,0.0014208526,0.7658989,0.0357986
gospel singer performs for harvey evacuees in conroe,7,4,0.02295588,0.017477926,0.0007557555,0.0014556238,0.56927943,0.0019890687,0.16049115,0.2255952
tampa news polk county flower shop struggling with business after damage from hurricane irma,6,1,0.023800312,0.86812395,0.0004655388,0.0020931335,0.022306276,0.030784657,0.0445162,0.007909904
proposed rewiring for puerto rico,7,7,0.0023952322,0.003778015,0.00087575946,0.0009291434,0.019805107,0.001380606,0.04348474,0.92735136
from the ap archives old san juan mainly untouched by hurricane maria,6,1,0.001992172,0.86582786,0.00047428405,0.00037289393,0.001803175,0.004781749,0.101546176,0.02320172
whats left of the mighty hurricane maria is now passing harmlessly to the south of us,6,1,0.0076435404,0.5148955,0.00063578464,0.0007015067,0.019278284,0.0031284436,0.44602636,0.0076906295
the caribbean has been hit by a lot of storms this year but we still have 72 days until hurricane season ends,6,6,0.0016971127,0.19969586,0.0005609391,7.3997864e-05,0.003460131,0.0005770403,0.7801115,0.013823475
nature at its fiercest and humanity at its best,7,7,0.00013935263,0.0004951808,6.887852e-05,2.5024516e-05,0.00054313464,9.812334e-05,0.037604533,0.96102583
rescue workers in iran search for survivors after blocks in town of 30000 people collapsed,4,4,0.0048054936,0.0004917175,5.632324e-05,0.0008884807,0.99169147,0.0003853305,0.0015561092,0.00012502007
help raise money for harvey amp irma victims at on 920 ticket link,4,4,0.00047984743,0.00020873292,2.4501724e-05,0.00016012337,0.98378766,0.00015688005,0.0059175435,0.009264641
a message from the queen to the president of mexico following the recent earthquake,7,6,0.0004165255,0.0034039572,0.0002670878,0.00012111058,0.0071092546,0.0001585192,0.85572946,0.13279411
same region different islands distinct difference between irma and maria tracks in the caribbean,6,6,0.00035285062,0.0024186696,6.001121e-05,3.7127367e-05,0.00065666775,6.7915804e-05,0.94444394,0.05196285
now i know why trump is spoiled he switch to imported milk please share i am hungry in puerto rico,7,7,2.0596359e-05,2.1847627e-05,3.4820152e-06,1.0263074e-05,6.784232e-05,7.773803e-06,0.0014296393,0.99843854
sabine pass lng terminal receives first tanker since disruption from hurricane harvey,6,7,0.00093236694,0.0016731691,0.00045976884,0.00019192391,0.0030385286,0.00035056748,0.12448139,0.8688723
help is urgently needed in cuba through friday 922 cda will collect donations for irma,4,4,3.7695543e-05,6.631306e-05,2.9320931e-06,3.1344185e-05,0.99894553,1.5595004e-05,0.00073724135,0.00016335688
austin stands with houston scenes from weekend hurricane harvey benefits,4,7,0.0010131279,0.0046893423,0.00017556598,5.727195e-05,0.0012138761,0.00037848583,0.10805059,0.88442177
forget about can you hear me now under this cell phone coverage scenario 13th day mariapr hurricanemaria,7,7,4.3053158e-05,9.843835e-05,1.4990608e-05,3.1483047e-05,0.00042574955,4.5490204e-05,0.01827019,0.98107064
good gear morakniv garberg fixedblade knife,7,7,0.0005137322,0.0010878973,0.00017576461,0.00022813694,0.002378433,0.00029054756,0.020283675,0.97504175
us to provide rs350mn flood relief to srilanka,4,4,0.0014931441,0.0013020007,3.588414e-05,3.61937e-05,0.97957957,6.092774e-05,0.013996084,0.003496286
hurricane harvey victims take shelter in san angelo,0,0,0.9754912,0.0005649396,0.00013683188,0.0009176218,0.014797954,0.00016123503,0.007243119,0.0006870107
days of national mourning over life and traffic getting back to normal mexicoearthquake mexicocity,7,6,0.00029615467,0.005125008,6.1892606e-05,1.448122e-05,0.0009044439,4.8970465e-05,0.97902703,0.014522054
if you havent seen the destruction from harvey heres what our rv park looks like im standing at the front door,1,7,5.6924277e-05,0.0013125031,3.0303438e-05,4.72685e-05,0.00030321119,0.000110302506,0.020079795,0.9780597
hurricane maria wont impact directly but indirectly bring high surf to our coastline the next two days,6,6,0.00057333824,0.006735887,3.6525795e-05,3.710623e-05,0.000966245,5.2454085e-05,0.9863697,0.005228752
letters hard to know if trump will learn anything from hurricane harvey,6,7,0.00018772004,0.00027326366,3.8173155e-05,5.621926e-05,0.00075044925,8.325714e-05,0.0869702,0.9116407
new 00z gfs shows irma as intense hurricane just offshore of miami sunday am tropics,6,6,0.00026325154,0.00195548,7.0047565e-05,1.7208182e-05,0.0009940274,2.3327475e-05,0.9745205,0.022156194
oliveharvey collegehonoring the us powmia war veterans on today,7,4,0.009989297,0.011817468,0.00059937977,0.00090183225,0.73714256,0.0027801644,0.05527675,0.1814926
hmmmm todays weather map vs the one from the day after tomorrow irma doomsday,6,7,0.00041475584,0.0011764289,0.0002462211,0.00016897969,0.0018576921,0.00026343265,0.22553994,0.77033246
sislovesme moka mora hush hush big brother full video porn sexy hot,7,7,0.00056223065,0.00051350624,0.0003995988,0.0003049139,0.0007994107,0.00043854644,0.010327502,0.98665434
father dies of asthma attack from californiaa wildfires,2,2,0.110716335,0.0019164506,0.8423285,0.030513315,0.0043398133,0.0033202693,0.0039062644,0.0029590921
iom plans more help for floodhit srilanka top news,4,4,0.0025114517,0.005008847,0.00025441436,0.00033551356,0.90924716,0.0007574942,0.04766827,0.034216747
harvey still causing damage and flooding,1,1,0.0003042525,0.9894633,0.00025297352,2.2855025e-05,0.00027353692,0.0025880646,0.006847324,0.00024767822
still doesnt have the majority of menu items a whole week after irma hit 2,7,6,0.00567037,0.40523797,0.0005379612,0.0004568573,0.034408446,0.0022327588,0.5361635,0.01529208
watch now 330 killed earthquake 75 magnitude in iraq and kuwait,2,2,0.0014971147,0.0006958635,0.9959785,0.00042904302,0.00017637973,0.00012293109,0.0009941392,0.00010603166
leepride red raiders helping with hurricane harvey disaster relief a12ea128pts,4,4,0.00030883728,0.00022932328,2.1604332e-05,9.106205e-05,0.9956018,6.216227e-05,0.0028998817,0.0007852963
found with an injured wing this little owl is now receiving the care he deserves at our affiliate swfc irma,4,2,0.1930067,0.08654371,0.27454126,0.1681732,0.1346596,0.07011794,0.009623447,0.06333414
losangelestimes another fire has broken out in southerncalifornia,6,1,0.001767234,0.697112,0.0048353085,0.00037515492,0.0057205167,0.0057348064,0.20853335,0.07592168
money irma business what us decline the world still watches the fed via bv ai blooma,7,7,6.885723e-05,0.0001679175,1.9049889e-05,3.9744667e-05,0.0012643863,7.675787e-05,0.06419011,0.93417317
2017 joins a list of elite years with multiple category 5s in the atlantic maria irma,6,6,0.0038386195,0.010012272,0.019992886,0.0010792242,0.011,0.0006769559,0.86620367,0.08719637
wsbtv reports bmonahanwsb maria is actually a hurricane again barely wind at 75 mph but its headed ou,6,6,0.002001033,0.17565654,0.00061070616,0.00035216514,0.0027116197,0.0009648819,0.8079143,0.009788773
new bbe blog post telemedicine provides care for hurricane harvey victims,4,4,0.00043139316,0.00037202705,5.2898078e-05,7.2677234e-05,0.86159325,4.5115477e-05,0.124190055,0.013242637
live at this am awaiting arrival of on his way to puerto rico abc7ny,7,7,7.722841e-05,0.00039086727,2.8325741e-05,2.769434e-05,0.00042875714,8.3004335e-05,0.027971974,0.97099215
extension granted due to hurricane irma amp harvey,6,6,0.0036022465,0.05662753,0.00096169935,0.0002741056,0.008594833,0.0009502039,0.86594856,0.06304088
meet carmen yulan cruz the woman taking on donald trump after hurricane maria a newsweea,7,7,5.9618164e-05,3.327815e-05,1.0042113e-05,2.758061e-05,0.00011871785,2.0417761e-05,0.0047917566,0.9949386
cnn when hurricane maria knocked out power and phone phoneservices puertorico,1,1,0.00037160428,0.9377828,0.0007453749,0.00025732533,0.0010999503,0.01383047,0.041597452,0.004315062
puerto rico board asks congress for backing in fight with governor,7,7,0.00028000082,8.927891e-05,2.6676225e-05,6.284684e-05,0.021617753,5.7092257e-05,0.018947441,0.95891887
photos show destruction and scramble for survivors after deadly mexico earthquake,1,3,0.01672307,0.036771193,0.017318308,0.54533094,0.27915365,0.070753895,0.030633673,0.003315256
homes of the rich and famous in the path of hurricane irma,6,6,0.0077581685,0.23212983,0.0015804226,0.0005874212,0.008618292,0.012831374,0.56306267,0.1734318
visit our infrastructure map at the hurricane maria portal,7,1,0.00060271024,0.93881124,0.00025504373,0.00013815826,0.006955778,0.0057583326,0.04648445,0.0009943568
latest update on maria slow movement of storm could enhance impacts especially over the outer banks,6,6,0.00014628645,0.0017940971,2.2956032e-05,2.2086877e-05,0.00042544553,2.1924403e-05,0.98310107,0.014466009
1994a1 aministry of soundadj harveya12 6a a a,7,7,0.0013213835,0.0024844166,0.00049808173,0.00022911924,0.0010642218,0.00058795937,0.037338138,0.9564766
harvey was not a product of climate caused by change,6,6,0.0006105572,0.007907941,0.0002116974,4.525202e-05,0.0005550591,0.00029573875,0.8442517,0.14612207
over 15 million people exposed to strong shaking after mexicoearthquake report,6,6,0.011451304,0.0871632,0.03578629,0.00061607314,0.025731172,0.0075766654,0.60684294,0.22483233
is mentoring a moral obligation,7,7,0.00058276445,0.0012558156,0.000192445,7.930586e-05,0.00042148458,0.00017905307,0.025335317,0.97195387
hope was just 10 days old when her family was rescued following harvey photo by noelle mills,0,3,0.008042951,6.217956e-05,0.0021559543,0.98183525,0.00075690495,0.003202087,0.0020982092,0.0018463907
everyone is welcome zumba for puerto rico,7,7,0.00038049318,8.4534484e-05,2.6196303e-05,3.498733e-05,0.0017815363,4.5612327e-05,0.0063005523,0.99134606
tumi morake and martin bester join forces on jacaranda fmas new breakfast show,7,7,0.00026314627,0.00031311353,0.00013121519,0.00015426302,0.0053100586,0.0003084853,0.011579209,0.9819405
storm heads north off u s coast as irma like system eyes florida keys usnews,6,6,0.000253579,0.0077439668,9.3640185e-05,4.041099e-05,0.0004191802,0.00011439657,0.8997701,0.091564715
sundayas paper has zero mention of the california wildfires unbelievable not even a teaser at the bottom,7,7,0.00055252906,0.08195999,0.0012756174,0.0006804106,0.004277853,0.0027738006,0.30869317,0.5997867
what hurricane irma taught me by rebecca sherry eshraghi bahai,6,7,0.0008504494,0.00055691873,4.422605e-05,4.777181e-05,0.00056388375,0.00010771079,0.046861116,0.9509679
hurricane harvey drenches texas one stormrelated death reported,2,2,0.001222121,0.00082358747,0.9952455,0.0015621806,9.052725e-05,0.00027186048,0.0005543531,0.00022991074
a we lost everything but we will rebuilda,1,1,0.029230569,0.37578407,0.0020394912,0.0019747433,0.036030784,0.030157816,0.17511618,0.3496665
condor survival craft amp mora clipper knifea comparison,7,7,0.0040219934,0.0038040213,0.0007605191,0.000676391,0.002472634,0.0006865435,0.13366286,0.8539151
hi douglas wilbur here had a scary time last plane from orlando b4 irma hope all in florida r ok,7,7,4.1184703e-05,5.476214e-05,9.993405e-06,2.1148171e-05,0.0001602543,1.6194437e-05,0.0029470725,0.9967494
oucou7 release on the arrival of hurricane irma in the dominican republic,6,6,0.00080665934,0.056261335,0.0005264759,0.00011190446,0.008291437,0.00045079613,0.92285764,0.010693719
student saves dozens of birds injured by hurricanemaria in puerto rico,4,4,0.019819893,0.0005636766,0.29078385,0.14991066,0.52258223,0.0087003475,0.0030382867,0.0046010837
first day back in class after hurricane irma todays word goal set goals today to become a better you tomorrow,6,7,2.0298885e-05,1.9599465e-05,6.182025e-06,1.18921425e-05,0.0001699694,9.32948e-06,0.0023406092,0.9974221
me and my cousins waiting on the power to come back on hurricaneharvey,6,7,0.0020472493,0.0012790014,9.2461836e-05,0.00027671532,0.0016870346,0.0004989586,0.06900263,0.92511594
mexico tallying economic cost of big earthquake,6,6,0.0019872505,0.13596497,0.00067619793,0.0001462103,0.0024090146,0.002237917,0.61830515,0.2382732
federal loans approved to help cities in hurricane harveys wake independentie,4,4,0.0033788087,0.0062776534,0.00020129922,0.00021945008,0.69073,0.00050610385,0.21666488,0.082021855
only 2 more days to apply for this years mora award at,7,7,6.7590794e-05,0.00018702076,2.584003e-05,1.5267211e-05,0.00065257243,7.529978e-05,0.018902935,0.9800735
uk weather warning met office issues rain warnings for uk as maria arrives,6,6,0.000106434745,0.0010048298,2.2914355e-05,1.752211e-05,0.0011720475,1.5616564e-05,0.9788123,0.018848376
remarkable growth of solar industry in maryland climateaction podcast,7,7,0.0002690153,0.0023408278,0.00045578074,0.00012532667,0.0006238425,0.00035822165,0.116079636,0.87974733
lots of backyard work can be time consuming but linemen do whateverittakes to get the lights back on irma,4,7,0.0001468778,0.00023691959,1.4896353e-05,5.2825908e-05,0.0006424628,9.0802416e-05,0.0106296055,0.98818564
chp sends stern message to drone operators near californiaa wildfires,6,6,0.008569361,0.013070322,0.0047390917,0.0016088734,0.035590496,0.00097649667,0.9059875,0.029457904
us brigade working hard to reestablish power in puerto rico,4,4,0.0033971276,0.029183364,0.0002848217,0.0004778553,0.8053549,0.0037339781,0.031576138,0.12599188
hurricane maria path update shock spaghetti model warning a usa must watch out,6,6,0.00022825917,0.0028695925,2.5674995e-05,1.8215467e-05,0.00023111883,2.082594e-05,0.9925984,0.004007856
edaccessiblert jugosocial amorality is simply an attitude we adopt toward people we dislikea oscarwilde moraa,7,7,0.00012360945,0.00016634738,5.066989e-05,7.281213e-05,0.00039903447,0.00010389898,0.009044384,0.99003917
mexico withdrew its offer of harvey aid to texas after last weeks powerful earthquake,4,4,0.0004421336,0.0018037459,4.7009074e-05,8.049529e-05,0.76580584,6.37326e-05,0.21340728,0.01834979
mike grabow 40 identified as among those killed in tubbs fire,0,2,0.002443424,0.00040005936,0.96149594,0.0058794464,0.010066776,0.0008271276,0.001953811,0.016933547
news artists grapple with devastation caused by california wildfires,6,1,0.093840286,0.668227,0.0018138007,0.0013294825,0.0035777949,0.01177201,0.12830223,0.091137335
a shrinking shrinking shrinkinga puerto rico faces a demographica disaster,1,7,0.0014151818,0.0014279069,0.0002805461,0.00012313935,0.00057121535,0.00021315037,0.054017436,0.94195145
early expert opinion is that hurricane irma will have little if any lasting effect on reala,6,6,0.0006589985,0.0061507924,0.00026850108,0.00016121555,0.0010008727,0.00024084539,0.9017262,0.08979261
deadly wildfires threaten thousands of acres of pot farms in california,1,1,0.0012965525,0.98480403,0.004607925,3.936716e-05,0.0004987318,0.0033516686,0.005162984,0.00023865383
iran pledges swift aid after major quake kills 400,4,2,0.004255514,0.0059977723,0.91800714,0.00718601,0.048207846,0.0015182528,0.010682569,0.004144725
icymi tandberg joined at the hip climatesilence climatechange renewables harvey irma maria auspol,7,6,0.0032417024,0.03165929,0.0015331618,0.0005574839,0.010005422,0.001605487,0.6700678,0.28132966
puerto rico aid bill named for slang that means cool,7,7,0.000402212,0.00044110027,0.000115346884,0.00010716452,0.015594294,0.00012758546,0.22246593,0.76074636
my heart goes with iran and iraq 73 earthquake pray for sarpole zahab and kurdistan fff444,7,7,0.0003130548,0.0024313072,0.00013149972,7.561887e-05,0.0013539749,0.00010021321,0.38525352,0.61034083
letter to the editor who will pay for houston work hurricaneharvey,6,6,0.0008039023,0.0018301915,0.00019035944,0.000114035254,0.042253885,0.00020877803,0.7773749,0.17722389
furry responder brings hope to mexico earthquakea victims,4,7,0.0016674113,0.00044569376,0.00039367986,0.00039555685,0.01742419,0.00028079798,0.027537726,0.95185494
powerful earthquake slams into mexico city,6,6,0.006529264,0.024446068,0.0026873755,0.00034883516,0.0019481512,0.00028996766,0.8347004,0.12904996
silverado lending help to hurricane irma victims,4,4,0.0030715228,0.0013016535,0.000196127,0.0009371801,0.9760675,0.00066818454,0.013929801,0.0038280187
a join us oct 1st 1000am 6pm show your support and love for victims of mexicos earthquake,4,4,0.00015526326,0.00025757734,3.6053734e-05,6.2919324e-05,0.97369057,2.1791646e-05,0.022561159,0.0032146836
a picture worth a thousand words hurricaneharvey,7,7,0.014320002,0.005090291,0.00059680926,0.0002832259,0.0032392214,0.00040910335,0.25121698,0.7248444
us carriers offer free calls texts and data after hurricane maria and mexicoa,4,6,0.00087983714,0.00065884256,0.00016451001,0.00012606637,0.05188256,0.0001582708,0.67463356,0.27149633
hurricane maria has flooded multiple roads on ocracoke island again today,1,1,9.548946e-05,0.98713523,0.0003129692,1.9925308e-05,0.0001420866,0.00334512,0.008791333,0.00015795781
hurricanes irma harvey apply brakes to us economy marketwatch econ,6,6,0.0042236466,0.0127943335,0.00017220524,8.469682e-05,0.00848894,0.00044841206,0.9318864,0.041901372
hij de la bernarda directly from puerto ricoajust 3 weeks away tkts going fast click,7,7,0.0001933658,0.00045701774,6.785875e-05,7.109414e-05,0.000553146,0.00013337896,0.017395929,0.9811282
airmen from the kentucky ang deployed to caribbean for hurricanemaria relief operations,4,4,0.00016761188,8.827035e-05,2.9137245e-05,0.00019520236,0.99802554,0.00014085224,0.0007214815,0.00063200464
san juan puerto rico cant wait to go back later this year livingthedream,7,7,0.000117733085,7.700975e-05,1.0554496e-05,2.4150222e-05,0.000112836686,2.7524242e-05,0.009828876,0.98980135
fake irma video explodes online irma stjohn barbuda from the weather channel iphone app,7,7,0.00012669234,0.00025327463,0.00029712243,0.0003260822,0.0004271689,0.000445372,0.03118321,0.96694106
houston corpus christi beaumont amp se texas seeing mosquitoes w zika virus harvey texas,7,6,0.0014007562,0.04044308,0.00020265127,3.8612212e-05,0.0064592073,8.321353e-05,0.94728816,0.004084301
its been done hurricane irma in lewd anime form we have reached peak horny,6,7,0.00012422334,0.0014478699,0.00010110378,5.275098e-05,0.0008918264,0.00024435835,0.21964565,0.7774922
yes there were 4,7,7,0.0023459587,0.0027957067,0.0007218441,0.0004686806,0.0013471195,0.0005633126,0.08729101,0.90446633
from linkedin donts to trump in puerto rico this weeks top leadership stories,7,7,8.892913e-05,0.00036335786,4.640017e-05,2.9579322e-05,0.00024914855,0.00010844583,0.043881126,0.95523304
gov scotts tour of irma s impact on swfl today travels around collier county hear what he had to say in marcoa,6,7,0.00014688361,0.00017895768,6.972857e-05,0.00011231893,0.0011039635,5.542016e-05,0.034662187,0.9636705
kris jenner poses showing off her wealth meanwhile in puerto rico,7,7,0.00033712958,0.00046813194,0.00014307586,0.00011462947,0.0005340609,0.00020406945,0.022130141,0.97606874
busy weekend new ropes from robinson cano billy hamilton and puerto ricos debut wbc game in 2006 sodomofo,7,7,5.058123e-05,5.4905566e-05,1.3169571e-05,3.795324e-05,0.00029011324,4.119699e-05,0.004503811,0.99500823
icymi mexicos second earthquake in two weeks leaves over 200 dead,2,2,0.00069716846,0.00047437393,0.99624974,0.0013140147,0.00019174117,0.00029149253,0.00041620203,0.00036540843
call antinori construction to rebuild after irma 3867612805 eastcoastdockandseawall irma,1,1,0.0043576364,0.7492407,0.00080623163,0.00043480782,0.072589815,0.005570821,0.14690205,0.020097919
puerto rico mayor and montana firm feud on twitter over restoring power,7,7,5.6302906e-05,0.00033696846,6.442675e-05,2.1919972e-05,0.00036020766,5.7046338e-05,0.05192487,0.9471782
the second disaster facing the victims of harvey and irma climatechange tfb f4f,0,6,0.2882499,0.0083397515,0.001526894,0.0005709208,0.09539301,0.0007001739,0.60112303,0.0040962603
happeningtoday tracking irma hurricane harvey relief efforts eat fit br campaign,6,4,0.007417002,0.0020423823,0.00047842093,0.0020081196,0.51184297,0.0018298946,0.10026929,0.37411198
update hurricane maria winds remain at 110 mph may increase in days,6,6,0.0006136832,0.021228874,8.3619336e-05,2.0134796e-05,0.00076905574,4.8412232e-05,0.9759696,0.0012666557
newsletter endangered earth harveys toxic toll,6,6,0.0028143227,0.18528183,0.006711342,0.0017908809,0.00784843,0.0058899643,0.7123837,0.07727952
asian traders look to snap up us crude in wake of hurricane harvey,6,6,0.0021809698,0.0055031846,0.00038083142,0.00020584911,0.097369246,0.00026187068,0.828984,0.06511399
yaall look at my presidenta12 c puertoricorelief mexicoearthquake,7,7,0.0009204218,0.002425761,0.0005306774,0.0003236355,0.0038509953,0.00059346337,0.04858105,0.942774
update northern california wildfires water tender operator killed in vehicle accident,2,2,0.0011049089,0.0019664548,0.9936678,0.000746874,9.620483e-05,0.00031119367,0.0015121979,0.0005944579
this song starts a fire in me losangeles blink182 california a12s4,7,7,4.8673977e-05,7.508422e-05,1.5878959e-05,1.0826186e-05,0.00016789055,1.7730654e-05,0.007962035,0.9917019
mexico city earthquake triggers migration wave toa cancun,6,7,0.006190989,0.010595216,0.0019703275,0.0002513786,0.00065302965,0.00021604304,0.30974835,0.6703747
hurricane irma aftermath schools seek to regain normalcy,6,6,0.0069365688,0.20611693,0.00026680276,9.912268e-05,0.011883016,0.0006064937,0.7722842,0.0018068763
opinion column harvey irma and 911 we can replace the stuff,6,6,0.052723538,0.093471386,0.0029071872,0.010902846,0.2550729,0.0344567,0.46119025,0.089275196
donate today a12fa14da12fa14da12fa14da12fa14da14y5a14y7a14y5a14y7a14y5a14y7a14y5a14y7,4,4,0.012665854,0.014418294,0.0019389347,0.006145026,0.7499584,0.00567479,0.047783908,0.1614148
harris feinstein raise concerns about wireless emergency alert system deficiencies duringa,7,6,0.0009231888,0.0021274071,0.00026426377,0.00011004718,0.0036333932,0.00019111163,0.7428179,0.2499327
bill murray is the man 20 donation to puertoricorelief for an autograph,4,4,0.00046168323,0.00014780846,0.00016930718,0.00035191962,0.8754757,0.00023770085,0.004878759,0.11827711
hurricane irma symphony of compensation,0,6,0.005127956,0.045252267,0.0008909582,0.0005047147,0.0071142297,0.0019196526,0.8168578,0.12233234
85 of puerto rico remains without power 40 of people still dont have access to drinking water,0,0,0.56082565,0.1741169,0.20350592,0.0069862735,0.009994251,0.016346237,0.025341734,0.0028829814
house approves harvey relief bill among debt ceiling controversy,7,7,0.0017476634,0.012019777,0.00044600404,0.00029301213,0.007442037,0.0017496187,0.059147827,0.917154
friend sent me this picture of a building on her street mexicoearthquake,1,7,0.06851306,0.045886587,0.002753329,0.0121551985,0.066272825,0.019118587,0.1313807,0.6539197
tracking this area of heavy rain that produced a tornado warning tracking now on cbs47,6,6,0.00012461841,0.0021573126,4.774231e-05,3.5951965e-05,0.0008747792,4.5644916e-05,0.9388337,0.05788023
our power just came back on we lost it for about 3 hours i thought about puerto rico the whole time,7,7,0.0033038468,0.2581666,0.00092021766,0.0015526726,0.027867172,0.013762013,0.104227245,0.5902002
combined harvey amp irma losses could strain some reinsurers fitch,6,1,0.0030787145,0.7127195,0.0011277536,0.00014446111,0.008355742,0.002799173,0.26514375,0.0066309045
seth troxler donates 10k to earthquake relief efforts challenges fellow umf mexico,4,4,0.0005269279,0.00018158807,5.158309e-05,0.00037565202,0.96659666,0.00021604318,0.0029769312,0.029074581
come out and donate or volunteer to support those impacted by hurricane irma sat 923 pgcacirmadrive,4,4,5.974043e-05,4.3082182e-05,5.208643e-06,2.9610599e-05,0.9968003,1.4456164e-05,0.0010557496,0.0019918368
our staffroom cake sale to help with irma,4,7,0.0020202969,0.0052331,0.00039939387,0.001081874,0.21558347,0.0021353236,0.057782672,0.71576387
benjamin mora reveals his thoughts on the penalty for ceres read,7,7,0.0012004756,0.001398878,0.00049938646,0.00036283996,0.0019203287,0.0006117059,0.111139834,0.88286656
walt disney world in hurricane irma,6,7,0.008883423,0.014462697,0.00019917422,0.00030770974,0.012366357,0.0012091898,0.46749672,0.4950747
hurricane maria important stuff for nc pm monday sept 25a 2017,6,6,0.00024427878,0.004924397,5.9596336e-05,2.5688498e-05,0.0017459992,7.4910335e-05,0.9680197,0.024905456
watch multiple buildings collapse during earthquake in mexico city,1,1,0.0010714261,0.98082054,0.0027600522,0.00013328246,0.00048467828,0.008521886,0.006026744,0.00018117425
you can hurt me and try to break me but ill always rise and ill tear you the fuck up like a tornado,7,4,0.008188745,0.0012850474,6.903503e-05,0.00042142498,0.48644766,0.00031342488,0.0711571,0.43211758
when an earthquake struck this rural corner of mexico city the flimsy shacks,7,7,0.00020707131,0.0011034944,7.898704e-05,4.289486e-05,0.0003465423,0.00014550124,0.044460796,0.9536147
more evidence of high winds from irma in south florida head south,6,6,0.00029952382,0.011722611,0.0001404101,2.2500479e-05,0.0017817763,8.8750254e-05,0.9747328,0.011211597
harrowing footage shows plane flying through hurricane irma,7,5,0.05606513,0.15179883,0.021397619,0.06440606,0.043205213,0.4375373,0.20672137,0.018868446
things still bad in puerto rico while more weather misery on the way,6,7,5.6593173e-05,0.00015636862,1.2434479e-05,2.0914827e-05,0.00029234213,4.837274e-05,0.017270474,0.9821425
bill quigley warning letter to harvey and irma survivors from katrina survivor,6,6,0.34976372,0.0012616016,0.0039052155,0.008314601,0.04379226,0.00047140743,0.5649762,0.027515026
deals todaysdeals nwt lularoe irmamystery sale extra large deals todaysdeals,7,7,0.0003806374,0.0003850269,0.0001607281,0.00018517484,0.0012157267,0.00028996385,0.0074959425,0.9898868
wildfires raging through northern california are terrifying,6,6,0.22114651,0.029541478,0.0067671468,0.00060570706,0.00088253745,0.00040631834,0.7270631,0.013587142
watching maria tropical storm watch issued for nc coast,6,6,0.0006612417,0.0022217315,4.777906e-05,2.2827888e-05,0.0002099736,3.194985e-05,0.9857554,0.011049052
keep sharing the mexicoquake everyday,6,7,0.0039355694,0.0062968475,0.0003312988,0.0010224283,0.111148745,0.0016683203,0.1368448,0.73875195
dynamo and dash players recount harvey experiences foreverorange,7,7,0.015709873,0.00090867246,0.00037078236,0.00066800875,0.0047683646,0.00039794543,0.04215508,0.9350213
pelosi wants the disaster relief package updated to include aid to california victims of the wildfires,4,4,7.209984e-05,0.00012302118,8.048579e-06,5.2859556e-05,0.99575067,2.7174008e-05,0.0032694382,0.000696684
quilting club in kewanee illinois made 75 quilts for puerto rico thank you ladies,4,7,0.00030669227,0.0012474325,0.00025863838,0.00020167265,0.03495665,0.00031774832,0.03464921,0.92806196
video news via cnn zakarias grand bargain to rebuild puerto rico,7,7,0.0007913098,0.047889248,0.0007698341,0.0008868523,0.012989854,0.008515929,0.11758681,0.8105702
el fogon de jule has been offering a taste of puerto rico in readingpa for 25 years,7,7,0.00021175852,0.015736595,0.00034820105,0.000257886,0.024401667,0.0011174396,0.07762934,0.88029706
imagine math students donate thousands to hurricane harvey relief,4,4,0.018545985,0.00045316332,8.615067e-05,0.00028529306,0.97130907,0.00013833128,0.0056749964,0.0035068863
queue of blooddonation after the destructive earthquake iran sympathy,4,6,0.0036435176,0.13877547,0.001453802,0.00018130365,0.0021025355,0.00086134014,0.83355355,0.01942852
chef juan jose cuevas speaks to puerto ricos resiliencyaand why you should visit in 2018,7,7,6.323228e-05,6.992583e-05,2.903603e-05,5.764754e-05,0.00034874503,5.5784356e-05,0.0040236698,0.9953519
hurricane harvey and irma disasters bring potential of 700b unpaid mortgage balances,6,6,0.000385447,0.004411805,2.7353315e-05,8.540293e-06,0.00055349123,4.8667596e-05,0.98839116,0.0061735427
this worked for detroit and puerto ricolol,7,7,0.00025314832,0.0004728748,6.0129143e-05,4.1815012e-05,0.0018307128,0.00014256932,0.01535377,0.981845
hurricane harvey victims waiting for food houston texas 2017 colorized,0,0,0.95063764,0.00053892506,0.00028988672,0.001092205,0.031853396,0.00037809295,0.014566409,0.00064340193
gov edwards announces statewide blood drive to help victims of hurricane harvey nwlanews,4,4,0.000115732284,3.9609513e-05,1.3313941e-05,8.022369e-05,0.9977623,2.7031312e-05,0.0015053094,0.00045647894
i just had to evacuate my home in california due to the wildfire obviously i took the essentials,0,7,0.0059885434,0.016114943,0.00010062559,0.00068604044,0.039771684,0.001880485,0.056661583,0.8787961
birds parrots irma take care little birdies,7,6,0.056974947,0.080934174,0.0009377675,0.0024800827,0.07675308,0.0034518794,0.5263518,0.2521162
dead ass a12 2a12 2a12 2 harveyirma kenneka jenkins iphone x,7,7,0.006057774,0.001813078,0.07221713,0.015729837,0.0033397686,0.006721418,0.009553785,0.8845672
hurricane maria intensified explosively today from cat 3 to cat 5 loop,6,7,0.00033197814,0.0017422551,0.000104543426,5.6923574e-05,0.0005396107,0.00019589633,0.28916794,0.7078608
matt harvey fucks,7,7,0.0040626014,0.0025722606,0.00064900867,0.0018366644,0.008901885,0.001772374,0.027072154,0.95313305
needing irma resources visit for an updated list dial 211 or text your zip code to 898a,4,6,0.0017756405,0.008202381,0.00034639955,0.0005825419,0.09070127,0.000328258,0.8695123,0.02855122
sandy survivors warn harvey and irma victims about whats ahead,6,0,0.9871431,0.0002768239,0.00026048662,0.0014684666,0.0009484669,0.00017448013,0.009449823,0.00027833067
hurricane marias predicted path twitter,6,6,0.0039467304,0.014261337,0.00096846255,0.0004149142,0.00074764295,0.0011451199,0.77739495,0.20112078
fundraiser for hurricane irma and harvey with women beyond survival,4,4,0.005474687,0.0013470278,0.00015347112,0.00034735914,0.90862584,0.00025508716,0.06926784,0.014528726
they did it supplies at ix to leave for puerto rico reports,4,7,0.001641163,0.031831484,0.00017392049,0.00042307627,0.20475209,0.0021564863,0.29457846,0.46444333
attagirl aracely way to get out there today to clean up for our neighbors a12saa14da127a128sd6workin4u harvey,7,4,0.00083728303,0.00071876927,7.278695e-05,0.00037288156,0.88305527,0.00023921978,0.022013022,0.09269097
jose is expected to weaken as he moves north along the e coast while maria is expected to strengthen as she movea,7,6,0.00027578117,0.002584672,0.00011073931,4.587301e-05,0.009075376,2.1882837e-05,0.97216594,0.015719669
lets help to make them strong again hurricanemaria,6,4,0.015575114,0.0043251356,0.0005841807,0.0018572077,0.58936167,0.0019639365,0.1996271,0.18670568
need a job fema needs texans to help with harvey recovery,4,4,0.0006190884,0.00017204773,9.948641e-06,6.5347056e-05,0.9959203,6.8622976e-05,0.0014554574,0.0016892169
sent this to irma and he left me on read,6,6,0.0010425543,0.0074187974,0.0002828854,0.00024278666,0.02103502,0.00091023213,0.7440188,0.22504894
uw experts weigh in hurricane irmaaos unique magnitude future recovery response,6,6,0.0017241345,0.009952014,0.00019059303,4.7307534e-05,0.00085600285,7.8874655e-05,0.9798023,0.007348843
oh my god i never actually tried using the tornado in lego dimensions before this is cute,7,7,2.1913325e-05,2.7314678e-05,5.2940304e-06,1.4005161e-05,9.756346e-05,1.0404437e-05,0.0020442556,0.9977793
thousands homeless as mexico quakes death toll tops 300,2,2,0.0029088627,0.00022898051,0.99565446,0.0007981351,6.8240355e-05,0.000121782046,0.00015400832,6.5508175e-05
major hurricane 0 maria category 3 115 mph windmapapp,6,6,0.0009210881,0.011448913,0.00012535784,2.4770285e-05,0.0007469214,4.3713164e-05,0.9846444,0.0020448547
rich rodriguez ranked 38th best college coach by athlon,7,7,6.3162996e-05,3.8853144e-05,2.1228841e-05,2.3603725e-05,0.00015216148,3.0545372e-05,0.002216255,0.9974542
3monthold girl who was ripped from fathers arms during hurricane harvey found dead,2,2,0.0012947595,0.00072480075,0.9747342,0.015736783,0.0006915793,0.0020050847,0.00069979584,0.0041131643
expert warns harvey will be us most expensive natural disaster via,6,6,0.0018186152,0.083572894,0.0007275082,0.000109907836,0.013258231,0.00053258793,0.8952623,0.0047179726
this is where one of the best computer models predicts harvey will besix days from now,6,7,2.6641994e-05,0.00016740363,2.4624078e-05,1.7719962e-05,0.00017294819,4.2766223e-05,0.025684757,0.9738632
looking for answers times reporters tested the water in houston,6,6,0.06647875,0.016554821,0.00018405731,0.0012311385,0.11652242,0.0008141461,0.54417413,0.2540405
matt harvey fits in with the mets highly questionable rotation,7,7,0.00013853612,5.5581193e-05,2.708098e-05,3.2114745e-05,0.00028899743,5.6211597e-05,0.002678767,0.99672276
tornado warnings popping up in south florida as irma nears,6,6,0.0012305616,0.007777367,0.00017979278,3.3493478e-05,0.0007125246,4.5896657e-05,0.9874163,0.0026040406
from a one on onea documentary shows puerto rico school before the storm,7,6,0.0003714529,0.006987412,0.00030281357,7.696363e-05,0.0012732979,0.00023830343,0.74922824,0.24152146
my son playing in prospect park jnj hurricaneirma2017 hurricanemaria,7,7,0.0017780962,0.00038459417,0.00014285557,0.0005917566,0.0013241706,0.000760371,0.001980933,0.99303716
california and wines postfire wine sommelier sfrfoodies,1,7,0.0001326013,0.00057673856,7.5267206e-05,4.0493902e-05,0.00022571001,0.000105544495,0.011573829,0.9872699
puerto rico is a ghost town as visitors stay away after storm,6,6,0.0008802039,0.001995118,0.00013772422,3.4548706e-05,0.00085335923,4.6775524e-05,0.55801964,0.43803263
key largo couple says hurricane irma took water away from florida bay,1,6,0.105544575,0.0096936105,0.0016498667,0.0023126563,0.0055477372,0.00086511613,0.69837743,0.17600895
lots of our forest to haul away thanks irma,6,7,0.0024798717,0.01277175,0.00019594244,0.0001325622,0.0068320003,0.00077522534,0.4527496,0.524063
are harvey and irma good enough reasons to dump mcdonaldas stock via,7,7,0.00065564166,0.0012509179,8.240443e-05,7.510763e-05,0.0026833152,0.0003559797,0.2389561,0.75594056
she died in california wildfire trying to rescue hera puppy,2,0,0.6497471,0.00054237293,0.2670151,0.04199399,0.012753922,0.0024566946,0.012204436,0.013286444
i came back from hurricane marias aftermath to annoying fan wars but what was i expecting rly,7,7,4.5660894e-05,7.4637275e-05,7.1000104e-06,1.5135801e-05,0.00011659573,2.612029e-05,0.0059701996,0.99374455
powerful 71 magnitude earthquake hits southern mexico,6,6,0.0046842587,0.020219445,0.008244099,0.00041406203,0.0013232229,0.0001062801,0.96224993,0.0027587977
warmer waters are fueling hurricane harveyas power,6,6,0.0031782861,0.40809575,0.001106944,0.00043907575,0.0036829477,0.004852343,0.5651704,0.013474235
hurricane harvey strikes a powerful blow to texas and lingers,6,6,0.0010253565,0.041394256,0.0001339971,1.564261e-05,0.0015951622,0.000110853296,0.9533587,0.0023660648
a few anxious faces around gintime o8 irma,7,7,0.0008125929,0.0011731557,0.000184216,7.722471e-05,0.00011131329,0.00011649467,0.052623093,0.94490194
held a miracle minute and raised 900 to aid victims of hurricaneharvey,4,4,0.00015145868,0.00010191357,2.3127739e-05,7.17059e-05,0.994222,5.149619e-05,0.0034003733,0.0019780037
after irma solar plus storage a small beacon of light in a sea of darkness,7,6,0.0004296629,0.013219811,0.00039171,0.0003188669,0.006282917,0.00070006057,0.5593794,0.41927755
rockport tx 08272017 video footage via harvey hmrd,7,1,0.0035832622,0.32501754,0.009548322,0.004154489,0.024122061,0.027381588,0.3015925,0.30460024
1 oz silver coin 2015 proof blue marlin guy harvey designed gainsville,7,7,4.687463e-05,4.656337e-05,3.5314057e-05,2.6012718e-05,0.00049073505,6.0226514e-05,0.002947072,0.99634725
live qampa hurricane irma slams florida,6,6,0.007015349,0.046732165,0.0008888239,0.00027516604,0.0026402238,0.00036356883,0.9136944,0.028390318
confirmed tornado with storm north of south lake tahoe california cawx,7,6,0.023245798,0.25869337,0.030572051,0.0010441432,0.003628715,0.0064144484,0.65515256,0.021248892
hurricane maria not getting same amount of coverage as harvey ora irma,6,6,0.0005241659,0.0038812761,5.9371207e-05,2.0444208e-05,0.00037137573,6.305378e-05,0.982251,0.0128293615
guy fieri cooking 5000 meals day wildfire victims,7,4,0.00073399255,0.00038995122,0.00013080578,0.0010678786,0.95065004,0.00043512863,0.006087761,0.040504426
trump tells people of puerto rico not to believe the fake news about response to,7,7,9.117248e-05,8.299244e-05,1.68506e-05,4.653949e-05,0.00049174606,4.981976e-05,0.006407666,0.99281317
hurricane maria is pounding our hotel in fajardo puerto rico tourism,6,1,0.0029819799,0.5117957,0.0003061147,0.0001462913,0.00713554,0.0026710406,0.44475123,0.030212099
distributing tarps in huamuchil oaxaca mexicoearthquake,4,7,0.005699373,0.020557884,0.0044034054,0.0045115575,0.08664814,0.007813906,0.12994972,0.740416
in this afternoons matinee performance mr harvey thorne will be playing the part of al jolson,7,7,1.652818e-05,3.2964042e-05,7.969877e-06,1.2533152e-05,0.00013396224,2.0151188e-05,0.0021420289,0.9976338
anura were you scraping coconut for one year via lka srilanka floodsl,7,7,0.0003607543,0.0002368729,0.00010308712,8.710802e-05,0.00084275065,0.00020156913,0.010939765,0.98722804
these photos show how residents are coping in puerto rico nearly one month after maria,6,7,0.019280883,0.015920674,0.00019533136,0.0005014329,0.025394244,0.0016059255,0.13309808,0.8040034
espn puerto rico tipoff relocated to ccu because of hurricane maria,7,7,0.00028789465,0.0008451598,7.41655e-05,8.404365e-05,0.003046456,0.00023332082,0.024520159,0.97090876
the ocean is already picking up irma didnt do anything this soon,6,6,0.00054736575,0.005015298,9.448004e-05,4.0037736e-05,0.011011591,0.00013794805,0.94133615,0.041817088
harvey a storm like no other by creationcare healthykids,6,7,0.002527982,0.008320357,0.00030768823,9.855657e-05,0.0018475051,0.000646709,0.4615967,0.5246545
irma harvey florida have mercy blacks just trying to feed their starving families,7,6,0.11254687,0.0053405524,0.00048836553,0.0025130454,0.30464515,0.0025393316,0.38117668,0.19074999
schilling defends trump on puerto rico yet warns of grave consequences ahead,7,7,0.0006487872,0.0017252667,0.00035167034,0.00017545158,0.0013199869,0.00034732028,0.2451342,0.75029737
portorico hurricanemaria scam spam they keep on trying,7,7,0.007493722,0.00805176,0.0024122612,0.0016768397,0.007683607,0.002354519,0.22063012,0.74969715
urgent support needed for dominica island hardesthit by hurricanea maria,4,4,0.0026800823,0.0061426936,0.00027316198,0.0003409569,0.9292026,0.0003109826,0.05850908,0.0025404464
first indulgence since irma still no power but i have my caramelmacchiato,1,7,0.0125000235,0.30491894,0.010653879,0.0017584551,0.0019950103,0.0131881125,0.26102933,0.39395624
dallas readies itself for influx of hurricaneharvey evacuees hurricanerelief,0,6,0.019930808,0.034168586,0.0009710438,0.00070089195,0.33410028,0.0014375679,0.35109884,0.257592
south florida peeps we need volunteers hurricanemaria puertorico,4,4,0.010816322,0.0028944016,0.00026746345,0.00074287155,0.87532747,0.00045075337,0.0712824,0.038218286
is out of patience with democrats who think we cant afford nice things like saving the planet,7,7,2.3753779e-05,1.8339822e-05,5.358511e-06,1.0965128e-05,7.702136e-05,1.0221822e-05,0.0014789002,0.9983754
mexico city earthquake a rescuers battle to save children trapped beneath rubble of schoola,4,4,3.5697787e-05,3.4494024e-05,8.849112e-06,0.00010552322,0.9989643,2.469153e-05,0.0007513146,7.514991e-05
mexico city a risk from earthquake tremorsbuiltup on top of,7,7,0.0008203491,0.002204154,0.00025486795,3.944027e-05,0.00037810497,7.8405974e-05,0.48715383,0.5090709
captive blackfish tokitae left 2 fend 4 herself during irma v freelolita,6,6,0.012121233,0.039675087,0.0012467164,0.0006278364,0.013145264,0.0010612992,0.6036744,0.3284482
we want to make floridians aware of an important issue called assignment of benefits heretohelp irma,4,7,1.6063212e-05,1.1973273e-05,2.4499254e-06,8.919854e-06,0.00013200007,1.2060899e-05,0.0012958673,0.9985207
classless trump insults california by sending warm respects during wildfire a resist za,7,7,0.0011407961,0.0028146885,0.00032078757,0.00016553818,0.00076087605,0.0002802646,0.44730133,0.5472157
a couple of middle school students are raising money to help californias fire victims,4,4,0.0019036925,0.00018132776,4.2705433e-05,0.00017174728,0.98723197,8.471885e-05,0.006412827,0.0039709616
far from baseball norm charlton looks to rebuild his hometown after hurricane harvey,4,6,0.004003962,0.06063181,0.00018734855,0.00020170883,0.011056148,0.0007164291,0.79076546,0.13243707
hurricane irma took their homes and possibly their future news,1,6,0.36102566,0.027766071,0.0020042583,0.0012273589,0.0016271933,0.0010551681,0.5961209,0.009173307
harvey did next to nothing for oil in comparison to katrina,6,6,0.00020914123,0.0049307654,6.8503876e-05,2.1354632e-05,0.0019926294,8.306094e-05,0.9551326,0.03756199
one of our safety patrols escorting 2 of our prek students to class our first day back after hurricane irmaa,4,6,0.013145691,0.0111650005,0.0003282479,0.0005458445,0.18006927,0.00069830415,0.63640016,0.15764757
barry bonds among pro athletes who fled golf club ahead of california wildfires,0,0,0.8548389,0.00092535425,0.028017862,0.017259888,0.0060857595,0.00043092333,0.0730045,0.019436732
our little town of nome hurricaneharvey texasstrong,7,7,0.0064217607,0.12677023,0.0008027036,0.00072610826,0.0865815,0.0035608974,0.35718513,0.41795167
california suburb destroyed by fire last night,1,1,0.001014789,0.9309587,0.0012494272,0.00014630565,0.0013576515,0.0036986556,0.05056541,0.011009141
dad where are the lights its been one month son the politicians of puerto rico stole the lights,7,7,0.00037535312,0.0002229215,3.8475067e-05,0.00014422998,0.00029344426,0.00015587546,0.0068984334,0.99187124
new new hurricane maria puerto rico officials describe apocalyptic conditions,7,6,0.00088812644,0.0016964413,6.390739e-05,1.9979385e-05,0.00040852802,2.2104832e-05,0.9531724,0.043728586
woman at las vegas shooting loses california home to wildfires,1,2,0.015489712,0.0024562336,0.97162974,0.006216022,0.00032255665,0.00073142507,0.0005217383,0.002632677
harvey aftermath houston open for business other cities suffering,6,7,0.002262705,0.0016925856,0.00013287479,9.59786e-05,0.008487936,0.00057166757,0.12854923,0.85820705
5am advisory maria weakens significantly overnight but it is still a hurricane with winds up to 80 mph,6,6,0.0010872653,0.09129788,0.00031783577,0.0003420413,0.008828415,0.00061937305,0.88691324,0.010593955
hurricane irma charleston flooded neighborhoods watch now 9,1,1,0.00039513834,0.96715015,0.0001318627,1.9564739e-05,0.00033913384,0.0011128279,0.030624183,0.000227096
hurricane irma could hit us by this weekend after harvey devastation,6,6,0.014261942,0.09327239,0.00015469002,4.555379e-05,0.008288378,0.00022182446,0.8820624,0.0016927861
much like harvey hurricaneirma could bring rain to arkansas as it fizzles out arwx,6,6,0.0010365213,0.025207456,6.547827e-05,7.26916e-05,0.12495985,0.00021639536,0.8117165,0.036725126
oil amp gas operators increase number of evacuated platforms due to harvey oilandgasnews,6,6,0.00039961206,0.04098923,0.00032600103,4.1839885e-05,0.0064481236,0.00036307902,0.88720626,0.06422584
tropical stormhurricane lee will likely interact with mariamary later this week,6,6,0.00032009324,0.0024143779,4.2494263e-05,1.6426584e-05,0.0003867935,5.091153e-05,0.9724215,0.024347382
michael buffer had his steve harvey moment with carlos estrada winning the fight,7,7,7.116794e-05,2.3440558e-05,1.0163966e-05,3.449175e-05,0.00023889357,3.730305e-05,0.0022499782,0.9973346
republikkklans rnc gop voted against 4disasters harvey irma katrina thank a democrat,6,7,0.000983273,0.0009191819,0.00043171653,0.0002516586,0.002136729,0.00038483265,0.07999152,0.9149011
mims family of 7 loses everything to tornado during irma gt,0,1,0.0014432041,0.9818511,0.002877959,0.00011531822,0.0011378168,0.0039751814,0.008138477,0.00046107697
thats cause steve harvey did the announcinga,7,7,0.008698662,0.010325771,0.001339243,0.0010651255,0.009821046,0.0018975133,0.27108434,0.69576824
provides shelter for evacuated zoo animals during hurricane irma,4,4,0.00081566424,0.0003834904,1.1933978e-05,4.2386644e-05,0.994093,2.3968378e-05,0.0040891757,0.00054049364
as i pleas bring these supplies everything will be donated to those impacted by hurricane harveyas i,4,4,6.3792984e-05,0.000115541276,3.5867215e-06,2.4514931e-05,0.9973922,1.4232605e-05,0.0013677492,0.0010181911
did the dark state create harvey fakenews propaganda,6,7,9.6381395e-05,0.00047042902,5.912074e-05,2.346604e-05,0.00025969007,9.881806e-05,0.021146031,0.9778461
california architects begin to assess the catastrophic wildfire damage,6,6,0.002973583,0.37767768,0.0004230164,0.00011277173,0.00556564,0.000499493,0.60370195,0.009045901
this graphic feels like a very poor representation of actual real life hurricane maria,6,7,0.00029080923,0.0003277428,2.1582755e-05,2.9651395e-05,0.00012446508,2.7172906e-05,0.047185916,0.95199263
first time i text mora in months and he thinks all im trying to do is get drunk smh,7,7,2.2116039e-05,1.5540469e-05,5.2537566e-06,1.38151645e-05,9.7188626e-05,1.228061e-05,0.0012144136,0.99861944
pre august 11th at 730am and post september 18th at 730am irma fortunate and resilient,6,7,0.00016715217,0.0016424692,0.0001461636,7.2049595e-05,0.00089258037,0.00017772261,0.35447675,0.64242506
mexico earthquake relief paypal donations donativosrescatetoposorg toposmx,4,4,0.0007844008,0.0009274852,6.2969586e-05,0.0001883986,0.986177,6.701575e-05,0.0076857177,0.004106967
irma will cost disneyworld other theme parks millions via orlando sentinel,7,6,0.0024094274,0.23949063,0.00055371504,0.00014721203,0.006152841,0.0017908085,0.71651816,0.03293719
northern california wildfires are devastating the areas cannabis crop cannabis,1,1,0.0082522165,0.95685315,0.0015952517,8.4034524e-05,0.0014258266,0.002330562,0.025947617,0.003511422
join the pro bono attorneys helping with californias fire recovery,4,4,0.00055423804,0.00032055905,5.873459e-05,0.0001787997,0.98575485,0.00012599256,0.008060821,0.004946102
day 8 no power irma sarasota,1,1,0.0011546352,0.5704007,0.0065062237,0.00054879725,0.0050289775,0.004769179,0.2758409,0.13575052
deadly aftershock volcanic ash spread alarm in mexico,6,6,0.007881094,0.016199471,0.002209634,0.00023061657,0.00080661156,0.00019069892,0.9695049,0.0029770024
to show you how scary hurricane harvey is,6,6,0.002169746,0.012528713,0.00011591344,9.465724e-05,0.010216158,0.0004135032,0.4911072,0.48335406
this was taken the day we left summerland key floridakeys irma hurricaneirma missing the keys pretty bad today,6,7,0.0013812218,0.14324288,0.0013228228,0.0074612447,0.09088027,0.14887448,0.3009909,0.30584624
know your hurricane evacuation zone,6,6,0.019963471,0.19083226,0.00022880758,0.0010519389,0.11868899,0.0024021023,0.66004956,0.0067828856
ever since harvey melania has looked like secretservice,7,7,0.0001559899,0.00019842778,6.3198175e-05,4.7368376e-05,0.00012558622,8.400943e-05,0.007975645,0.9913497
top charity found scamming hundred of harvey victims out of food do not donate,4,4,0.0002286819,3.5961464e-05,2.1364576e-05,0.0001647357,0.99675816,6.265072e-05,0.00057343853,0.0021551063
this really puts things in perspective please help houston however you can harvey,4,6,0.0042767813,0.021924801,9.11143e-05,0.00014592441,0.40083113,0.00033033924,0.44303164,0.12936836
ibec emergency housing wkh puerto rico,6,1,0.018153504,0.28319463,0.0030829734,0.0030525196,0.27665588,0.015210164,0.18585798,0.21479236
govt donates b2m to help floodstricken sria lanka,4,4,0.00051583414,0.0003738103,5.540455e-05,0.00025813852,0.99452305,0.00018287769,0.0017376501,0.0023530852
introducing the new 2017 puerto rico a14y5a14y7state seal,7,7,0.0004101555,0.00042505015,0.0002068554,0.0001221213,0.0011608273,0.00026170924,0.016229827,0.9811834
final 49 knox webb 22 blue tornado improve to 31 gobigblue,7,4,0.005122102,0.0747239,0.048216514,0.0048125563,0.376488,0.0074062217,0.274639,0.20859174
forcecast track of hurricane irma has trumps maralago club in its sights,6,6,0.00047237542,0.00312708,0.00016073533,5.1772e-05,0.0009130683,0.00013410985,0.9520794,0.043061495
liga fully sustainable and disaster resistant living environments irma harvey,6,6,0.008213045,0.0071288766,0.0003356308,0.00029600842,0.038984347,0.00035263094,0.7928925,0.15179695
bryn amp harvey all the way from england whos the bigger kid bbl06 turnuptheheat,7,7,6.0280094e-05,4.9845297e-05,2.0488802e-05,3.6155314e-05,0.00032966552,4.687255e-05,0.003475758,0.995981
harvey victims worried irma could slow recovery read more victims,0,0,0.6983031,0.003044876,0.0023166747,0.0021680645,0.017798638,0.00093140727,0.27037245,0.0050647175
is puerto rico part of the us another katrina should we help them heres how to donate,4,4,0.00030769632,0.00043260577,1.135741e-05,3.1614592e-05,0.986661,2.8372777e-05,0.0072082365,0.00531913
aztf1 has been demobilized from harvey were heading home,7,6,0.023828331,0.014489852,0.00069548265,0.0003706292,0.0047443816,0.0005986434,0.82366484,0.1316078
donald trump is yet to address the deadly iraniraq earthquake but has had time to tweet,6,6,0.00042994585,0.004679917,0.0001408798,0.00012738383,0.0021409236,0.00024184074,0.71746683,0.2747723
mexico im sad i think of wenchuan earthquake in chinaa123a123,7,7,8.378006e-05,0.00014437322,2.011385e-05,1.0551943e-05,0.00012552302,2.1244421e-05,0.01737566,0.9822188
abannon says bush 43 a most destructivea,7,7,0.0067199883,0.01476066,0.0036988766,0.00045080515,0.015285017,0.00078025745,0.42828918,0.53001523
de mora just landed,7,7,0.0010461427,0.002815542,0.00039631317,0.000682607,0.0026904012,0.00092058623,0.01211949,0.9793289
if youre looking for a way to help my church has a few good options hurricane harvey relief cottonwoodfamily,4,4,0.0022825347,0.0044900384,0.00020176837,0.00042235415,0.46429616,0.00029934573,0.2993663,0.2286415
ozarksfirst kolr hurricane irma death toll at 9 as florida awaits storm,2,2,0.0007642591,0.0014129567,0.9942417,0.0008312644,0.0001335075,0.0003399082,0.0017532972,0.00052299205
iraqiran earthquake from bhuj to haiti the deadliest quakes of this century worldnews,6,1,0.0031137078,0.7407645,0.02358863,0.0003695929,0.026126895,0.0032501647,0.19712624,0.005660361
stepupfortexas help our kxly radio stations raise money for victims of hurricaneharvey,4,4,9.746108e-05,0.00013886309,1.4742135e-05,0.00010190648,0.99741685,7.4011245e-05,0.0014386168,0.0007175982
mexico drops harvey aid to texas citing its own natural disasters,4,6,0.0035948395,0.022368403,0.00028809457,9.446621e-05,0.31585723,0.00016133077,0.6528207,0.0048148464
coast guard investigative service agents inspect sailboats damaged by hurricane irma in key west floridaa,5,1,0.00044085394,0.79660386,0.0018236816,0.0013698349,0.13999201,0.027317585,0.029367024,0.0030852312
34 pot farms have burned down in california wildfires via socialmedia mlm,1,1,0.00020812594,0.98913914,0.0015549148,6.590287e-05,0.00025292803,0.0052317693,0.0031899544,0.00035725656
funnel cloud reported w tornado warning d sdwx,6,6,0.0010399082,0.011692236,0.0003698747,7.56454e-05,0.0008241628,0.00011878242,0.9657809,0.020098472
four tornadoes have been confirmed so far from irma full report scwx gawx,6,6,0.005158232,0.25310817,0.0485716,0.00065329776,0.0015817619,0.0048082853,0.6814414,0.0046772244
carlton church plans fundraiser on oct 29 for community in puerto rico,4,4,0.0008542962,0.0021843384,0.00033118072,0.00061524316,0.84443885,0.00086875213,0.016322007,0.13438535
so sad to hear about the earthquake in mexico city my thoughts go out to everyone there a12ca12c mexicocity,6,7,0.026407545,0.009345031,0.00016915427,0.00035780945,0.0052402406,0.0003255451,0.429483,0.52867174
powerful hurricane irma slams caribbean eyes us,6,6,0.007934794,0.013067954,0.0007685833,0.0003027555,0.0024376067,0.0004204454,0.8801148,0.09495303
tesla starts energy storage at hospital to help puerto rico,4,4,0.0008277846,0.0015092606,0.00010536332,0.00036410903,0.97592837,0.0004792335,0.010361893,0.010423983
huge earthquake could strike today says prophet who predicted iraniraq killer quake,6,6,0.001536191,0.0051658573,0.00037875838,8.141886e-05,0.00081215525,0.00012230557,0.61368287,0.3782204
tell us how you really feel obx hurricanemaria,7,7,0.0013185468,0.00010683906,3.0390007e-05,7.657853e-05,0.0021121006,8.044196e-05,0.004666261,0.9916088
also had to replace my tryb thanks to harvey fuckoffharvey,7,7,0.000206012,0.00071554363,8.18956e-05,6.487075e-05,0.0018034835,0.00040677356,0.030200621,0.9665208
kids open lemonade stand to help raise money for animals displaced by hurricane harvey,4,4,0.00013533368,2.591537e-05,4.0982914e-06,5.8126363e-05,0.998747,2.5206777e-05,0.0002899256,0.0007143337
dr jim denison california wildfires whose door will you knock ona today,7,7,0.0024766598,0.0016330156,0.00029399103,0.0005632599,0.04857709,0.0004996101,0.15033616,0.7956202
thankfully we are free of damage and are back in full swing post hurricane irma,6,7,0.0013630255,0.04534846,0.00027905166,0.00050344825,0.025797434,0.0026122313,0.12537111,0.7987252
raytheon coyote uavs help noaa track and model hurricane maria,6,6,0.0016795498,0.013593201,0.00064947194,0.00027648662,0.018117731,0.0004450031,0.92102426,0.044214338
although i got this care package after irma my girlfriend is still the best dd,7,7,0.00024142639,9.934014e-05,2.4757757e-05,0.00010368815,0.0021306465,0.00010919489,0.0037984545,0.99349254
horses sheep amp turkeys evacuated from fire how to help after california fires,6,4,0.012786389,0.0015091789,0.00030465238,0.0010297582,0.9444751,0.0009206683,0.013269363,0.02570489
fl irma preliminary needs on bigpinekey distribution center 30250 overseas hwy big pine key fl 33043a,4,6,0.00044730984,0.014936545,0.00012869052,8.459715e-05,0.014351894,0.00012167407,0.9414896,0.028439667
and get puertorico users cell service,7,7,0.0031936285,0.024024347,0.0013750665,0.001042882,0.004894602,0.0021064726,0.3441448,0.6192183
rain brings breath of fresh air to areas hit hard by california wildfires,6,6,0.0004597543,0.007880087,6.814689e-05,1.6629265e-05,0.008916905,2.7792052e-05,0.9779856,0.004645046
how to help victims of the northern california wildfire,6,4,0.18284686,0.00061850995,0.00097119156,0.0019175316,0.7846221,0.00037310403,0.018146057,0.0105047515
looking for a new pet dogs rescued from puerto rico are looking for new homes in nyc,6,4,0.00029743483,4.693754e-05,1.046258e-05,0.0002738246,0.986889,8.834999e-05,0.0021563068,0.010237555
71km ssw of paredon mexico earthquake mag 57 september 24 2017 060612 100612 gmt,6,7,0.00058443367,0.00316118,0.0005799937,0.00020989458,0.0021716768,0.00046508256,0.38113502,0.61169267
53000 people made homeless by hurricane harvey what happens next,0,0,0.7607144,0.0060493383,0.0021537463,0.0015306585,0.0640786,0.0018428875,0.13433106,0.029299274
puerto ricans in ct wait anxiously for news about hurricane,6,6,0.0026154567,0.001439805,0.00027009696,9.25068e-05,0.0155432485,0.00011256107,0.6148018,0.36512455
la mina in earlier this year i cant imagine what hurricanemaria has done to this rainforest amp ecology,1,7,5.169492e-05,0.00022720965,2.6490829e-05,1.9303536e-05,0.00011562732,3.278714e-05,0.024216993,0.97530985
land ofrost chipped in time and person power to provide relief supplies to hurricaneharvey victims in houston,4,4,8.6022046e-05,0.00013465772,4.9125515e-06,3.3242e-05,0.99598515,2.4290119e-05,0.002195591,0.0015360931
harveyas heroes area man steps up when no one else will patxnews,7,7,0.0010225885,0.00083618786,0.00020053105,0.00040400404,0.028110487,0.00067446765,0.02079966,0.9479521
from the archive macron i will help st martin recover from irma,6,4,0.0011575448,0.0026464632,6.306497e-05,0.00012843615,0.9394897,0.0002644253,0.031616934,0.024633545
an update from about disaster relief in response to hurricanemaria,4,6,0.0004946461,0.0027099408,8.947543e-05,1.7607654e-05,0.007942506,4.0052844e-05,0.96424186,0.024463981
creating new voters daily a343,7,7,0.00046041873,0.00080788817,0.00013962445,0.00010738374,0.0016539987,0.0002261613,0.028645827,0.9679587
maria is still a major hurricane and will actually have a positive effect on our weather this weekend dry,6,6,0.00045408504,0.003263114,8.455672e-05,3.6497127e-05,0.00060653983,3.8491376e-05,0.978811,0.016705677
raiders release statement on central mexico earthquake,7,6,0.0016426711,0.009383508,0.0006781038,0.00024558074,0.001690572,0.00045396,0.85227406,0.13363151
earthquake ml 39 eastern iran emsc,6,6,0.004101665,0.012248219,0.0010042298,0.0003314513,0.001040552,0.00033440406,0.68623185,0.29470757
hurricane harvey another crushing burden for houstons poorest and most vulnerable,6,6,0.022918718,0.019171191,0.0001572487,0.00025064725,0.18228889,0.0011867214,0.7251623,0.04886427
after hurricane irma group handing out bulk bbq at germain arena,4,4,0.006874386,0.0066312198,0.00071260077,0.0024103916,0.8510207,0.004688635,0.037568305,0.09009377
when you try to figure out how pellegri salcedo mora60m nainggolan60m,7,7,0.00010188459,5.8786543e-05,1.3404494e-05,2.0233254e-05,0.00031634924,5.6268054e-05,0.003315027,0.99611807
hurricane maria has left a path of devastation behind it heres how you can help gtgt,6,1,0.0002671091,0.90453464,0.00021887576,4.9724425e-05,0.00088969566,0.0012488822,0.09232876,0.0004623745
bayarea restaurants join forces help north bay fire,7,4,0.001405142,0.0027387408,9.207557e-05,0.0002308699,0.97983664,0.00024296607,0.0128925145,0.002561012
shop kipsongo and help us support rebuilding efforts in the virgin islands post hurricane irma shop kenyaa,4,4,0.0003043013,0.009234986,5.889639e-05,0.00030252495,0.9847519,0.001193252,0.0033214414,0.000832618
radio reports on california wildfires,7,6,0.0025456455,0.054276217,0.0035620492,0.0010619974,0.0009567516,0.0014358099,0.79872763,0.13743396
large tree fell in mount mora cemetery no tombs seem to be damaged,7,1,0.00017965754,0.99021506,0.00019950139,2.597101e-05,0.00029531276,0.0032847705,0.005362307,0.00043737146
apartment residents angry displaced after irma,7,0,0.9485158,0.009626734,0.0017143448,0.021014256,0.0049426393,0.009048915,0.003713109,0.0014242812
need something to get your over hump day come out to b3 brew beats amp bites at perry harvey park starting at 5 pm,7,7,6.448062e-05,6.074714e-05,8.298231e-06,3.414089e-05,0.00021633318,2.4687004e-05,0.006280471,0.9933108
beautiful samoan firefighters sing moving hymn in midst of california wildfiresa,6,7,0.002955043,0.0072043817,0.00031494,0.0002967255,0.05894576,0.00026777622,0.46200413,0.46801123
telegraph pics landlords demand rent for flooded homes from hurricane harvey victims,1,1,0.003257254,0.84238577,0.00037434435,0.00023452213,0.006493589,0.0053687776,0.1398208,0.0020650048
insurers and reinsurers struggling to assess the damage of hurricane harvey,4,6,0.02548454,0.30292726,0.00036745658,0.00033280053,0.13594207,0.002307744,0.52737606,0.005262022
106th rescue wing returns from harvey irma missions,6,4,0.008294293,0.0027847667,0.00034239955,0.0011347618,0.9371756,0.00053801166,0.043196168,0.006533972
hurricane maria a the aftermath a st croixa usvi,1,1,0.004865477,0.84609485,0.00085259293,7.213453e-05,0.0031830417,0.0009573412,0.14220858,0.0017659507
if hurricane maria kills me gets my warhammer stuff this is a legally binding tweet,7,7,0.057532236,0.04560067,0.15646984,0.01829952,0.018752929,0.0067084455,0.11896998,0.5776664
do you have boat damage due to hurricane irma we can assist you with filing a claim with your insurance company,1,4,0.0105409445,0.23782392,0.00046931882,0.0046572434,0.591861,0.075266846,0.017393293,0.061987277
icymi raradio samaritans purse ramping up aid efforts in caribbean after hurricane maria,4,4,0.0002638999,0.00047617577,6.704385e-05,0.00039162597,0.98850805,0.00031606923,0.004321339,0.0056557655
trending in scuba hurricane maria relief,7,6,0.04241046,0.110777095,0.0034276755,0.0019878997,0.021478252,0.0042835525,0.7641533,0.051481776
wh releases pic of trump signing harvey aid etc into law earlier at camp david,6,7,0.0005612669,0.00082733715,0.00034196075,0.00053552835,0.0039586835,0.0007076897,0.06602139,0.9270462
new assessment data on hurricaneirma irma,6,6,0.00043970664,0.018895896,0.00022295184,9.923562e-05,0.0021015096,0.00030317574,0.9515126,0.026425064
perspective amp fright cat 5 irma from the virgin islands ht fox35,6,7,0.0020218054,0.00611586,0.0002784837,0.00016174927,0.0028390076,0.0003047468,0.47038072,0.51789767
weighing the hazards as i via,7,7,0.012171698,0.061992347,0.001876213,0.00062830787,0.0051497123,0.0023232899,0.41947532,0.49638307
icymi maria will be joining monica in puerto rico on monday to help distribute supplies a12fa14bai a14y5a14y7 beblessed,4,4,0.00039973066,0.00054117275,7.055003e-05,0.0005026368,0.9630263,0.00025307282,0.010451692,0.02475492
harvey and ruby waiting to settle down and watch crufts2017,7,7,0.032434106,0.004956092,0.00025393092,0.0004459409,0.009831812,0.0009317489,0.3140339,0.6371124
irma the savage rat ripshelia,7,7,0.006336222,0.0127526,0.0020731506,0.0020477572,0.011398448,0.0032286376,0.16322042,0.79894274
watch teaming up for texas telethon with coach cal and the cats on from 330630 pm,7,4,0.00040329093,5.1612325e-05,1.20220175e-05,0.00019868505,0.984608,5.0583552e-05,0.0020468151,0.012628999
how about getting some power to the american citizens in puerto rico you hopeless asswipe,6,7,0.00041583017,0.0007243391,2.8545554e-05,7.646453e-05,0.0014531717,0.00047977906,0.009307993,0.98751384
kill people burn shit fuck school 666 ofwgkta i punch bitches stop kony 2012 fuck steve harvey,7,7,0.0003424071,0.00013004181,0.00030182212,0.00026307022,0.00070104405,0.00017942447,0.0044437195,0.99363846
not irma anymore his name is dukeaf,7,7,0.00039764922,0.00024750968,4.038893e-05,4.386406e-05,0.00024411922,8.911741e-05,0.01305786,0.9858795
join us in the clubhouse on sunday 18th june for a special three course fathersday lunch,7,7,0.000110520166,9.951981e-05,2.154497e-05,3.544832e-05,0.0016181129,6.0790877e-05,0.008515159,0.98953885
oh snap darrell issa,7,7,0.001510003,0.0073240716,0.00054150604,0.0008684123,0.007122896,0.00060229166,0.107786745,0.8742441
twitter erupted over president trumps federal g tweet about hurricane irma,7,7,0.00018255028,0.0003626814,0.00015875573,7.6705e-05,0.0003693597,0.00017987561,0.06953336,0.92913675
in hot weather a power outage can be deadly check on friends neighbors amp loved ones,7,6,0.0003835829,0.01146954,6.54253e-05,5.0693725e-05,0.0004549585,0.000100860554,0.9688941,0.018580822
congrats on hitting yoir goal guys im sure the victims of harvey will appreciate it greatly,7,7,0.0011200858,0.002805969,0.0004352743,0.0009951397,0.011576936,0.0010103425,0.12903483,0.85302144
ive never flown in one of these what a beauty tornado,7,1,0.003043436,0.7906904,0.005777371,0.0010363087,0.0129636675,0.027880926,0.08567012,0.07293792
21 kids among dead found in school after mexico earthquake,2,2,0.0052157836,0.0001935003,0.97594243,0.01693389,0.0005003345,0.00074299367,0.00014809746,0.00032301652
one volunteer me helping another for hurricaneharvey rescues,4,4,0.00015323194,4.3515698e-05,9.53102e-06,7.3889954e-05,0.9985801,3.0403951e-05,0.0006776723,0.00043163038
california nurse flees wildfires nurse nurses nurselife nursepractitioner nurseblog,7,7,0.023924198,0.0007454345,0.0006518552,0.002666453,0.46527743,0.0003383403,0.025185836,0.48121047
tropical cyclone mora by eumetsat composite image of tropical cyclone mora approaching banga,6,6,0.0004887293,0.0021431001,4.9832317e-05,2.4607014e-05,0.00025242823,6.116394e-05,0.9492629,0.04771721
champions for puerto rico medical relief in ny nhma2017,7,4,0.001649775,0.0007272476,0.0001736906,0.00021956695,0.8687078,0.0002498603,0.010358289,0.11791377
a lesson from hurricane irma bury the utility poles by unknown author via nyt,6,7,0.0010428778,0.003258726,0.0002489872,9.3754235e-05,0.0013781225,0.00024530254,0.2636723,0.73006
jonny gomes bringing huge truck to help california fire victims the kansa royals,4,4,0.0010946409,0.00023612572,0.00016918281,0.0015579937,0.98461056,0.0023727778,0.0008768049,0.0090819355
on air sur np fedo mora amp camurri after the rain pochette,7,7,2.5963835e-05,9.594218e-05,2.0961304e-05,1.1102884e-05,9.8623525e-05,3.1779626e-05,0.0131585095,0.98655707
image of the week irma churns up sediment in the florida keys video,6,6,0.0002722302,0.0088004675,0.000120223434,4.652258e-05,0.002684105,0.00023771732,0.85887957,0.12895922
paralympics body postpones world championship over mexicoa earthquake,6,7,0.0012033505,0.0026806958,0.00096598425,0.00053639826,0.0069020935,0.00095053116,0.089174494,0.89758646
so puerto rico was already part of the us somethings fishy with whitefish,7,7,8.849724e-05,0.00041814204,2.8308626e-05,2.4216308e-05,0.00090028654,0.00011454415,0.027352167,0.97107387
before hurricane irma quinn street flood clean up,1,6,0.0045697647,0.09150913,0.00041265565,0.00027448556,0.25752655,0.00055768184,0.636167,0.008982813
local sheriff smacks down breitbart for bigoted lie about california wildfires,7,7,0.00034732537,0.000308422,5.5614073e-05,5.939314e-05,0.00048471597,0.000112978065,0.0179555,0.98067605
breaking tornado warning has been cancelled houston may see some tornadoes overnight tonight harvey,6,6,0.000940711,0.013431844,0.0002301533,2.7194998e-05,0.00031559853,6.239529e-05,0.98330414,0.0016879769
pretty sure yall got investigate reporters,7,7,0.00050102203,0.00028156565,4.1271567e-05,0.00010740094,0.0010306971,0.00010119363,0.01148076,0.98645616
iran survivors struggle in aftermath of years most deadly earthquake,0,0,0.78571105,0.010660786,0.0716684,0.028959263,0.021162257,0.0025239196,0.06934332,0.0099710105
losangelestimes the package includes 5765 million for california wildfire,7,1,0.0049737794,0.4492238,0.0019797897,0.00070953043,0.25414807,0.010242015,0.13459939,0.14412373
s a f e b o y e s ready to look for people after earthquake in mexico,4,7,4.8060407e-05,5.9203263e-05,2.8232138e-05,2.8459453e-05,0.00032834933,1.8834946e-05,0.014333737,0.98515517
thesciencemic nasa map of wildfire damage helps california recovery effort science,6,6,0.0008875775,0.045067165,0.00044553075,0.0002591536,0.058573186,0.00060720195,0.8844284,0.0097318385
harvey damage could reach 180 billion,1,1,0.0039810557,0.9040544,0.00069925725,9.72542e-05,0.0064173667,0.0031337996,0.07956037,0.00205654
maria wants to do the work irma couldnt completely do 34,7,6,0.0048207575,0.29115742,0.00035636136,0.00038642818,0.10645978,0.0024710125,0.5431251,0.05122311
