tweet_clean,y_true,y_pred,prob_affected_individuals,prob_infrastructure_and_utility_damage,prob_injured_or_dead_people,prob_missing_or_found_people,prob_rescue_volunteering_or_donation_effort,prob_vehicle_damage,prob_other_relevant_information,prob_not_humanitarian
has a great event tomorrow for both byu and utah fans to support hurricane harvey relief,4,4,0.012327147,0.005633546,0.0026637316,0.009593418,0.8888697,0.003174726,0.04078097,0.03695678
now also carlo surf band at 8pm pwyc mexicoearthquake fund,7,7,0.017884703,0.00839026,0.0032271368,0.008118787,0.082558185,0.0035515588,0.14733522,0.72893417
guaynabo resident efrain diaz stands by a bridge washed out by rains carrying debris from hurricane maria cnn,1,1,0.02540191,0.886888,0.010679608,0.008519172,0.005750225,0.024208674,0.029372511,0.0091800215
after harvey irma leaves its own trail of destruction metals,6,1,0.012432532,0.5169175,0.0075012734,0.0061627254,0.009536832,0.020407725,0.39721018,0.02983113
dawn just won 400 and were gonna match the amount for hurricane maria relief,7,4,0.01842906,0.011528822,0.0036963401,0.01409202,0.4467316,0.005636299,0.15337619,0.3465097
harvey forces national weather service to add new color to its rainfall map,6,6,0.0077099423,0.042769987,0.0028838553,0.006429288,0.02730878,0.007842608,0.83241695,0.072638564
hurrican harvey transposed over illinois to show widespread heavyrain,6,6,0.011364601,0.13366307,0.0032099378,0.005023221,0.012272336,0.0119479,0.74504405,0.07747489
wotv news presssec the primary focus right now in puerto rico is relief and support in the rebuilding effo,1,4,0.010414014,0.014831769,0.002883094,0.012011191,0.87434876,0.0038961933,0.052931305,0.028683577
harvey bashes texas coast leaving homes damaged residents injured amp without power,1,1,0.022991654,0.47814193,0.29272947,0.036892656,0.0057808463,0.1427824,0.012651262,0.008029753
puerto rico is now a country dont believe me read,7,7,0.027168155,0.015108111,0.006707823,0.007866963,0.0099397525,0.0028820082,0.09759276,0.83273435
so many faves on one track for puerto rico a14y5a14y7 almostlikepraying supportpr,7,7,0.012338632,0.006622637,0.003015801,0.0050549544,0.027567558,0.002082917,0.066803135,0.8765144
puerto rico power massive logistics challenge the commander of the us a usa news,7,7,0.016877422,0.033493977,0.0041064746,0.007826115,0.09915966,0.004452219,0.28320155,0.5508826
raises big bucks for mexico earthquake relief,4,4,0.008191689,0.005475368,0.007451551,0.0119201215,0.92382216,0.004235893,0.014465411,0.02443792
cyclone mora storm makes landfall in bangladesh six killed,2,2,0.0024520296,0.0045112693,0.9653526,0.00869349,0.0057788817,0.0081332475,0.0016604756,0.0034179199
trump on hurricane harvey we will endure and we will overcome,6,6,0.094893605,0.049710847,0.0030189035,0.014877453,0.016580217,0.010075944,0.518886,0.29195696
m56 earthquake 119km ssw of tres picos mexico 20170929t040022z depth 2166km 94a 2 47 w 14a 54 14 n,6,6,0.016921017,0.045690753,0.003958427,0.0072390856,0.010691437,0.0060905116,0.54583335,0.3635755
how to help mexico recover from its devastating earthquake from wherever you are,4,4,0.017778942,0.008870747,0.0021287894,0.012687034,0.84584785,0.0035594085,0.06814361,0.04098363
schools feed studentsao need after hurricane irma,4,4,0.09640212,0.01623639,0.0030100476,0.020480087,0.7155227,0.00917425,0.11054293,0.028631423
hurricane experts on harvey irma and whats next,6,6,0.01288291,0.035113294,0.0023845183,0.0073698577,0.018565929,0.009504114,0.8500183,0.06416112
are california forest fire memes worth investing in,7,6,0.016629357,0.031702865,0.0031870943,0.00823251,0.03364779,0.005608117,0.48290485,0.41808733
helmetcam video amp radio traffic from california apartment fire firefighters,6,4,0.07716692,0.03970997,0.002489938,0.02342127,0.38913816,0.014233195,0.36726165,0.08657891
north woodlands area church of christ delivers nearly 95k in supplies to harvey victims,4,4,0.0067842617,0.0062676556,0.004607971,0.010538836,0.9437799,0.0041921213,0.014432073,0.009397225
money irma business itaos not just toys r us more credit weak spots are emerging ai a,7,7,0.0134683885,0.015801126,0.0024753776,0.00509568,0.032385103,0.003544003,0.19490367,0.7323266
a very hota weather fire danger expected in southern california algeria u2,6,6,0.013108316,0.056530166,0.00304561,0.005601331,0.009228456,0.006703557,0.796227,0.109555595
wheel wednesday all the way from puerto rico a14y5a14y7a12f jeepwrangler offroad wheelwednesday,7,7,0.014953093,0.0077518197,0.00405535,0.0061136074,0.014526596,0.0068079983,0.085428946,0.86036265
at mexican school hit by quake heartbreak and dwindling hope by paulina villegas via nyt,1,1,0.15037073,0.53421843,0.006671107,0.015343323,0.0148161035,0.018260391,0.20952223,0.050797652
tornado signature right outside of polygon moving inland from the coast flwx hurricaneirma,6,6,0.00908777,0.07567639,0.0028024155,0.0047651827,0.00964795,0.010264936,0.8514985,0.03625693
good morning puerto rico oldsanjuan saturdayvibes,7,7,0.011800105,0.0070684515,0.004840481,0.0059483233,0.012187377,0.002664665,0.061614826,0.8938757
first harvey then irma and jose why its the season,7,6,0.0154717425,0.02829194,0.0026596624,0.007376117,0.013974773,0.005674298,0.49820238,0.42834905
boat and car mechanics in high demand after storms harvey and irma rip through texas and la gulf fla coastal s,6,6,0.10790634,0.09091371,0.010959599,0.03157168,0.24416023,0.17494868,0.27363253,0.06590725
video shows dog being pulled to safety following earthquake in mexico,4,0,0.29703602,0.018106272,0.0563729,0.19064206,0.2828067,0.07249082,0.042374812,0.040170386
and ahead of hurricanemaria and hurracaineirma the fakenewsmedia never reported this,7,6,0.010364802,0.042473096,0.0029297213,0.005855197,0.011215897,0.00821623,0.84632695,0.07261815
inbox issues harveyrelated interim charges txlege,7,7,0.017534819,0.042580564,0.00453356,0.009245922,0.017383011,0.008085669,0.3973544,0.5032821
talkback with cbs manuel bojorquez from mexico city following devastating earthquake,6,6,0.042729292,0.05167101,0.0034202696,0.009415529,0.019301174,0.00461375,0.58146274,0.28738624
missing puerto rico amp watching the sun sets at the beach prselevanta ai a14y5a14y7,7,7,0.1105877,0.0094643235,0.02228829,0.038157716,0.048780777,0.014314709,0.11920079,0.6372057
trump at a church in puerto rico from jonathan ernst,7,7,0.01887422,0.020636776,0.0029662251,0.006186999,0.026313012,0.003359831,0.1505203,0.7711426
the struggle is real harvey recovery for many houstonians has just begun please remember and be patient,6,0,0.504642,0.015771765,0.0035283116,0.022343276,0.18709919,0.011138696,0.18541889,0.07005785
grabbing hurricane harvey by the pussy fakenews cant keep ignoring this heroism,7,7,0.06914252,0.017231567,0.0020858156,0.010355392,0.027421728,0.005129621,0.2773301,0.5913033
badass rescue dog who has rescued 52 lives is now saving people affected bya,4,4,0.016221775,0.005541607,0.022340866,0.033940557,0.8870707,0.0062821615,0.012934076,0.015668372
nations lean on pacific disaster center to prepare for hurricane irma hawaii,6,6,0.040291667,0.07065617,0.0036400375,0.018480416,0.10287285,0.015543483,0.69191617,0.056599226
an iconic moras icon,7,7,0.025843963,0.0083914045,0.003690664,0.0071685635,0.027338387,0.0027073065,0.073545255,0.8513144
i think these new mhts are going to do just fine a12cjnj hurricaneharvey,7,7,0.011312293,0.014323395,0.0047890954,0.00732858,0.030306993,0.008205487,0.15513404,0.76860017
harvey has got a busy footballing week football twice today football twice on thursday and once sunday,7,7,0.0156036075,0.0140049495,0.0031779504,0.006205056,0.021324994,0.003261757,0.17618227,0.7602394
over half of puerto ricos schools remain closed,1,1,0.062573574,0.6688061,0.01328412,0.011960942,0.022943776,0.028665174,0.15438604,0.037380256
so was californiawild fire w trees standing cars burned wmelted rims bs,5,5,0.026809301,0.16950682,0.06417669,0.028489415,0.013081722,0.6678213,0.019435031,0.010679817
usd adds exhibition against arizona state to aid hurricane maria victims,4,4,0.0068125566,0.005642354,0.005265044,0.010832018,0.9328496,0.0039031524,0.017403675,0.017291602
how bout these fine folks in jax tryna pray and sing irma away,6,7,0.026702832,0.006657765,0.003293944,0.0072412225,0.024382697,0.0029590349,0.098952666,0.82980984
babies and stress the facts babies harvey ece,7,0,0.41105568,0.010847247,0.009451456,0.036322,0.06321361,0.01034765,0.096168995,0.3625934
unconsolidated soil partly to blame for mexico city earthquake ksatnews,6,1,0.016148495,0.6059912,0.009563483,0.0091408305,0.011627115,0.019405378,0.27925897,0.048864473
918 post irma information please continue to handle storm waste safely in the event of an emergency dial 911,6,6,0.02524537,0.05418087,0.0021308004,0.0131780645,0.09107534,0.0135381445,0.70148736,0.09916404
maria looks more posttropical this morning look for the storm to begin moving out to sea later thanks,6,6,0.0081267385,0.040992696,0.002687149,0.005839448,0.011027959,0.008188776,0.8729035,0.050233707
hemingways house and cats spared by hurricane irma,6,0,0.39530066,0.3853113,0.017636301,0.03405635,0.04257937,0.03267337,0.056711264,0.035731405
tornado of learning learn powerfully like the vacuum of a tornado involving knowledge that you need,7,7,0.05033882,0.031232454,0.0033320575,0.011083664,0.041482307,0.007259042,0.39244688,0.46282485
hernandezs big game means dodgers owner owes 1m for pr relief,7,7,0.03812314,0.017498115,0.004819877,0.01295299,0.0927192,0.0053913253,0.19168818,0.63680714
video of live tv interview shows the moment a powerful earthquake hit iraq,6,6,0.020013342,0.07136236,0.005286128,0.007958537,0.011361867,0.008372588,0.7486375,0.12700771
hurricane irma creates carnage when it hits south florida,2,1,0.011600885,0.5071902,0.010166515,0.00727689,0.009917876,0.025865348,0.39967266,0.02830964
stop playing golfsit your fat ass wellit is down and figure out a way to help puerto rico,7,4,0.022872256,0.005898613,0.0037989356,0.016089538,0.65189284,0.0043569636,0.07939719,0.21569368
femail rosie perez trump tweets nonsense puerto rico suffers the 53yearold aca,7,7,0.02582833,0.010889229,0.0044780583,0.006594984,0.009710792,0.0026102467,0.08657149,0.85331684
tampa bay residents can apply for federal unemployment services after irma,6,0,0.66080576,0.0189887,0.0029326668,0.018224271,0.05294315,0.016035628,0.14942186,0.080647886
tx diaper bank in urgent need of volunteers for harvey victims,4,4,0.010476255,0.00554349,0.004027096,0.014168898,0.93492085,0.0039308965,0.016845297,0.010087213
local pig rescue will shelter barnyard animals in hurricane irmas path,4,4,0.014915746,0.006365414,0.005085803,0.017473683,0.9219214,0.0053106593,0.017618101,0.011309186
look at this very dangerous hurricane maria with winds of 175 mph,6,6,0.009591513,0.06046078,0.0030974632,0.0054072775,0.009049339,0.011777776,0.85271645,0.047899384
irma evacuees find shelter in demopolis locals lend helping hand,4,4,0.22372378,0.0069251982,0.009438811,0.05550694,0.64174336,0.014956768,0.028608397,0.019096721
us coast guard saves texans from storm harvey flooding,4,4,0.022164168,0.0054991352,0.004596492,0.020952977,0.90262437,0.0057584844,0.025815355,0.01258905
listening to beni mora by gustav holst on gustav holst orchestral works,7,7,0.018544948,0.01032075,0.0069965743,0.008518879,0.011183736,0.004810239,0.086345755,0.8532792
how ending daca could affect harvey victims hounews,6,0,0.77162164,0.012802169,0.005470625,0.0204163,0.02584324,0.007785811,0.09408006,0.061980113
breaking news second earthquake rattles central mexico in 4 days breakinga,6,6,0.015279104,0.1029941,0.0067215464,0.0069445833,0.009456895,0.00872102,0.7697301,0.08015266
pimp cs wife revealed all ugk archives were lost in hurricane harvey,1,0,0.32959014,0.11721581,0.061874963,0.093257174,0.10042505,0.07458801,0.13662863,0.08642029
denver7 journalist recounts mexico earthquake firsthand fund set up for denvers,6,4,0.01830713,0.008989537,0.0035660544,0.011496351,0.85019153,0.0033700396,0.060057636,0.044021767
20170915 hurricane irma florida keys a boat not where itaos supposed to be in duck key gettyimagesa,6,5,0.06960108,0.06670509,0.025245335,0.047509708,0.037164204,0.5117728,0.18840864,0.05359309
hurricane maria loves you hurricanemaria via sandydelgado,7,7,0.026438665,0.013862074,0.002377263,0.009468467,0.016375603,0.0045718276,0.30092221,0.6259839
hurricane marias eye remains 485 miles from miami and slowly moving north,6,6,0.0081465235,0.0577583,0.002932982,0.005551768,0.009356358,0.009595024,0.8650829,0.041576143
alert tornado warning near columbia river mouth,6,6,0.009245218,0.059299123,0.0025804548,0.004869356,0.011042217,0.00920546,0.8603305,0.043427635
thiago alves loses dog to hurricane irma,6,0,0.27373028,0.040174548,0.18686828,0.17157577,0.06768849,0.10236367,0.06366919,0.09392975
illegal started cali fires,7,6,0.031750754,0.16898364,0.012690817,0.013640333,0.010654054,0.017944599,0.41073248,0.3336033
how the trauma of a storm like harvey affects your brain hurricaneharvey trauma ptsd,7,0,0.41250473,0.068059295,0.0074186083,0.019215569,0.012656684,0.01705622,0.34666333,0.11642547
coloradobased supertanker takes on california wildfires,6,6,0.020603368,0.022207865,0.0040448,0.014584812,0.1516385,0.012060425,0.40679684,0.36806345
metallica to perform at northern california wildfire concertannouncementcharityconcert,7,7,0.01769445,0.0073677343,0.0057435757,0.007675576,0.03247579,0.0032101916,0.07923588,0.84659684
new tropical storm watches posted for coastal north carolina with winds that could gust 60 mph ncwx maria,6,6,0.0078093954,0.04271379,0.002836387,0.0056707026,0.013153982,0.009211988,0.87549704,0.043106705
hurricanemaria the devastation captured by joe raedlegetty,6,1,0.0359077,0.42233863,0.0034147627,0.0075523783,0.017479904,0.015502905,0.4075913,0.09021242
gfs has quite the et cyclone over the uk and ireland from the remnants of maria,6,6,0.012153865,0.046706516,0.00261983,0.0057005757,0.011670186,0.007515921,0.8302207,0.08341245
cloud storage offers data safe haven from harveys deluge cloud,7,6,0.020317312,0.04459215,0.0035099746,0.0108104,0.09313117,0.009580526,0.5586209,0.25943756
the size of a tornado compared to the size of wind turbines via,7,6,0.012414537,0.10531447,0.0042232415,0.005922712,0.012608943,0.014523892,0.7662473,0.07874494
know where to go in case of a tornado a hurricaneirma irma,6,6,0.012074644,0.038671665,0.002198245,0.0063309455,0.012776086,0.0107423905,0.84979796,0.067408025
how donald trumps failure to help puerto rico could haunt him in 2020,7,4,0.034316003,0.012830668,0.004242645,0.02054798,0.40100202,0.0034816838,0.15878834,0.36479056
how irma and harvey may impact our food supply,6,6,0.029363604,0.11180451,0.0032107097,0.008941555,0.025573988,0.01489859,0.73747617,0.06873083
hurricanes like harvey and irma make life even more miserable for allergy sufferers,0,6,0.3925814,0.04466204,0.0042418265,0.020566694,0.0140381735,0.009192751,0.3941386,0.12057855
i texas hog hunters private pilots provide airlift to hurricane victims a8,4,4,0.012298747,0.0051878216,0.006493803,0.019680731,0.91623783,0.007801628,0.019725103,0.012574311
four texas gop lawmakers voted against harvey aid package,6,6,0.051634956,0.039115727,0.0037361123,0.015670298,0.31366992,0.0070332354,0.3147342,0.2544055
fifteen daysjust over two weeks since harvey came to town,7,6,0.08546625,0.040026907,0.004021186,0.015754694,0.025358561,0.008609272,0.49343413,0.327329
what it means to be a community in the wake of hurricane maria,7,0,0.5151894,0.042965665,0.0032086927,0.01638795,0.043265004,0.009649533,0.24412592,0.12520774
biggest beneficiary from harvey and irma floor amp decor tts fnd,7,7,0.016931357,0.022734605,0.0036824178,0.0071480153,0.11098127,0.0031540913,0.16461352,0.67075473
im out helping those affected by harvey a feels good helping others fight back rebuild 5,4,4,0.012336443,0.0049291425,0.003841816,0.013791327,0.93115306,0.0034771194,0.016210167,0.014260846
many volusia residents still suffering one week after irma,0,0,0.8879509,0.010276626,0.00933682,0.022804452,0.016056564,0.020020394,0.022687402,0.010866906
help cenotaph drummer rebuild his home destroyed by earthquake in mexicoa city,7,1,0.0811713,0.46224838,0.01167293,0.030560676,0.30566087,0.038237352,0.051158424,0.019290138
were focused on recovery efforts after irma learn how the work continues even after the storm has passed,4,4,0.023736414,0.035329588,0.003448474,0.019584905,0.70524794,0.0135793025,0.1747451,0.024328269
black scout reviews mora bushcraft survival black knife,7,7,0.028787611,0.0076158624,0.00423165,0.009742346,0.034372296,0.00407251,0.16596751,0.74521023
please keep praying for our bible society colleagues in the caribbean prayer irma,6,7,0.054715574,0.019761078,0.002726311,0.016635058,0.16141246,0.005733112,0.32889172,0.41012463
helping to pack personalcare kits at warehouse those gallon ziploc bags hold a lot harvey,4,4,0.010943183,0.0055019925,0.0038015882,0.014480731,0.92087495,0.0065853684,0.021405792,0.01640637
tree tunnels to control colombo floods flood srilanka colombo,6,1,0.026488662,0.58870125,0.0055055716,0.010702948,0.061705865,0.016677441,0.23614135,0.054076888
a homage to early new york spiritual house valentino mora body nostalgia,7,7,0.017819932,0.0077188676,0.0045356895,0.006505309,0.014455463,0.0028051897,0.061222382,0.88493717
california wildfires evacuees offered free haircuts amp chiropractica care,4,0,0.41005117,0.009242042,0.0034150747,0.026757352,0.31457296,0.009648778,0.114401944,0.11191056
help to close the zoo located in mayaga14ez puerto rico for animal mistreatment plz sign,6,4,0.022465743,0.014093339,0.0029374303,0.013132898,0.84097254,0.0049467273,0.059330933,0.042120267
harvey trailers sells utility car enclosed dump snowmobile trailers in maine trailera,7,7,0.05296464,0.020791588,0.03114479,0.036591906,0.31823164,0.11758074,0.10038812,0.32230648
my brother amp his family added another family member added to the packa12 d also a harvey rescuea125,0,0,0.40665525,0.008620843,0.0133851,0.068752676,0.2906636,0.009675015,0.052291352,0.14995618
dreamers saving lives during harvey still trump says get them outta here daca haiku,4,4,0.07056312,0.005866165,0.011048956,0.034400757,0.7127391,0.0054392386,0.0637972,0.09614548
breaking large and extremely dangerous tornado on the ground in broward county florida irma,6,6,0.011339399,0.3013729,0.006011571,0.0059360196,0.0091560045,0.020126082,0.6148608,0.031197278
hosts dinner tonight to raise money for hurricane maria victims,4,4,0.00859867,0.004391704,0.0059792968,0.011966202,0.9285971,0.0038014697,0.015416817,0.021248784
fabric of srilanka torn apart by cyclonemora,1,1,0.012152995,0.8463487,0.007409173,0.005998123,0.0068745217,0.0155325,0.08920943,0.016474457
how many fire fighters are illegal aliens in california jerry brown use you dear loved citizens,7,7,0.2695027,0.012115443,0.013703459,0.024401871,0.03589316,0.01055219,0.106214784,0.52761644
hurricane irma recovery update,6,6,0.008803658,0.06956683,0.0026213243,0.0057509644,0.016767157,0.010528132,0.84880465,0.03715731
take a trip to spanish speaking caribbean cuba dominican republic puerto rico,7,7,0.024731703,0.0067518493,0.0037504837,0.0067524547,0.024271414,0.0026555653,0.09519087,0.8358957
need to talk the toll from harvey is more than just material,2,6,0.01404266,0.14492758,0.0036150604,0.0056887176,0.013324444,0.018777728,0.72737956,0.07224423
sacramento group cares for florida pets displaced by hurricane irma,4,4,0.043834735,0.0065839,0.0049371202,0.02362003,0.87960404,0.006152915,0.022478549,0.012788816
islamic state celebrates but does not claim responsibility for california wildfires,6,6,0.028853988,0.053028833,0.0062111747,0.009964143,0.028999424,0.0063445307,0.48191813,0.38467976
please helpwestie found after mexicos earthquake,7,4,0.08638922,0.013553179,0.10561395,0.19395985,0.5012431,0.047247853,0.027279723,0.024713052
hurricane irma terrifying path latest models show it will hit miami as category 5 storm,6,6,0.008456929,0.051653136,0.0029433784,0.005261709,0.0096925795,0.009422701,0.86835265,0.04421699
hurricane harvey threatens largest flood insurer,1,6,0.019541362,0.3511647,0.004032113,0.006321287,0.014003417,0.01993813,0.54824084,0.036758143
another dog of harvey named jimmy amp flown into bay area from texas he needs a home abc7news,0,0,0.33084258,0.010917743,0.012977641,0.077597395,0.2938948,0.013742687,0.084261164,0.17576602
orlando schools welcome students from puerto rico edchat hurricanemaria,7,7,0.10145246,0.011252249,0.0044640615,0.012367863,0.20661038,0.0053577675,0.13679634,0.5216989
evelyn says her neighbor javier who doesnt speak english rescued her from harvey javier we are all family,4,0,0.5135483,0.008413505,0.01634927,0.1054362,0.22222316,0.01799129,0.038116504,0.07792178
favourite line about irma,6,7,0.016616933,0.012569985,0.0026060035,0.006418467,0.018627672,0.0037282351,0.2069679,0.73246485
puerto rico getting the food out to the forgotten citizens,4,4,0.043613374,0.007250984,0.004285666,0.014478342,0.4236583,0.005147576,0.11862239,0.38294336
good friend of mine found this in his hurricaneharvey cleanup a12e,7,6,0.033154313,0.023321971,0.0043566856,0.016778192,0.1472414,0.010076749,0.44693285,0.31813776
seen from above entire california communities reduced to ash,1,1,0.04892491,0.53086287,0.007979869,0.010587808,0.012015924,0.0142651675,0.31663048,0.058732927
money irma foxbusiness emmys ratings crater trumpbashing to blame foxnews fox b,7,7,0.016532652,0.015932087,0.0037054098,0.0056545036,0.01568422,0.00331479,0.16883639,0.77033997
fees waived at landfill for hurricane irma debris more infogtgtgt,1,1,0.025591668,0.690796,0.0120790675,0.014562587,0.032425795,0.13068016,0.07867946,0.015185227
94 tonnes of tin on route to anguilla to help after the destruction of irma,4,4,0.009543656,0.015827559,0.0037475838,0.01391615,0.8766927,0.008475894,0.052510165,0.019286254
scientists have run out of adjectives to describe hurricane marias devastating power,6,6,0.01687366,0.30783257,0.0046918974,0.0055396766,0.009041407,0.016632555,0.58829325,0.051094893
lets talk about hurricane maria,6,6,0.014830087,0.04040689,0.0023373473,0.0064269206,0.01206813,0.008478889,0.8497791,0.06567254
yaaas finally bought it i havent felt this happy since before hurricane mariaa12 2 i cant wait to start reading,7,7,0.03295776,0.011940636,0.0025990168,0.0075514438,0.014674769,0.0034525765,0.14603308,0.78079075
irma poses us145bn sales hit to us retailers worse than harvey,6,6,0.018182557,0.10970695,0.005450885,0.0073834104,0.03446693,0.017602423,0.6395269,0.1676799
isso porque a dona do post n mora em svp triste realidade,7,7,0.0153487185,0.009059575,0.0041607306,0.006713587,0.011279334,0.0029355513,0.06115012,0.8893524
well thats new good for you james harvey hylton arca,7,7,0.008970556,0.005410949,0.0036771137,0.004746349,0.011136273,0.0025584653,0.04327397,0.9202263
iam so proud to be born in puerto rico,7,7,0.058009375,0.00618496,0.010918326,0.014922607,0.027650118,0.00485205,0.0470381,0.8304245
john mora doubles and scores in the 1st 10 mets top 3 stlmets,7,7,0.010191847,0.008944839,0.006726737,0.0063143657,0.019255804,0.0026348764,0.06933305,0.87659854
texas countys long recovery from hurricane harvey begins,6,6,0.13366374,0.17187047,0.0037382697,0.01576067,0.15735985,0.013877129,0.45394886,0.049780924
the agriculture sector of puertorico faces lost crops and property damage from hurricane irma,1,1,0.013311228,0.80332047,0.012862483,0.010237277,0.01101505,0.025417695,0.09835068,0.02548516
more than 11000 in shelters as hurricane maria lashes puert tisnews click link,6,0,0.7644183,0.0119755445,0.014575775,0.05325965,0.09148442,0.02278396,0.027859472,0.013642814
a hard days work cleaning up irma debris always goes up in smoke at horsemintfarm,4,4,0.035593733,0.22550066,0.0068130405,0.026835684,0.3338668,0.037260003,0.25221306,0.081916995
hurricane maria damages dominicas main hospital leaves war zone conditions,1,1,0.014088383,0.90186936,0.009779714,0.00675745,0.007861857,0.019203408,0.03208129,0.008358549
sinkholes are being found in florida postirma are you covered for that irma harvey,6,6,0.013421054,0.2398776,0.004391641,0.00729894,0.013539325,0.013478463,0.66259146,0.045401562
pregnant with twins mother helped to get back on feet after harvey kprc2,0,4,0.24432138,0.007914927,0.017197227,0.07703101,0.56782764,0.009456455,0.036638174,0.03961313
dont forget a pictures worth a thousand details puerto rico after maria,6,7,0.026306655,0.011641489,0.0043562986,0.006363264,0.008771729,0.0024953359,0.08688858,0.8531766
indian ship delivers aid for cyclone victims burma myanmar cyclone cyclonemora,4,4,0.008036818,0.005996506,0.00450752,0.012977262,0.933183,0.0044174916,0.019103756,0.01177758
on their way to encourage the victims of hurricane irma,0,4,0.030635288,0.007218189,0.0029335713,0.0157188,0.8340729,0.0053286892,0.07488217,0.029210396
tropical storm harvey triggers toxic air pollutants telesur english full coverage via,6,6,0.01317413,0.19123471,0.004141649,0.0061030076,0.010806286,0.014147664,0.712083,0.048309565
lcec hurricane irma update september 18th restored to 190104 lcec customers th,6,6,0.009042235,0.04940229,0.00212668,0.005687273,0.021964662,0.00786297,0.8351213,0.06879252
season over we could use able bodies at earthquake in mexico dig in,7,4,0.033454057,0.015910119,0.013213455,0.029796353,0.55616957,0.013146109,0.11695346,0.221357
the eric and andre show featuring special guest the california forest fire,7,7,0.018850313,0.006935803,0.0040095747,0.007551495,0.04603822,0.002728883,0.104878075,0.8090076
do you remember now where is jesus to help you in hurricane irma amp hurricane harvey,6,4,0.048877362,0.009472418,0.0024391017,0.021296468,0.72559774,0.0053976583,0.12625065,0.060668528
marketsgtpolitic gt amid puerto ricos water crisis unions step in markets,4,7,0.029404258,0.071638405,0.0041029886,0.0078384355,0.053451654,0.005846268,0.3891498,0.4385682
iraniraq earthquake nsa leaks apple face id hacked and more security safety,6,7,0.04368554,0.06124842,0.0072011114,0.013554769,0.014472787,0.009473187,0.27414504,0.57621914
irma aftermath st martin residents are now struggling just to survive propaganda,7,0,0.8885167,0.010439191,0.0073773027,0.022831192,0.017871251,0.015512595,0.021933196,0.015518559
helping the keys this am calvary church in jupiter sending a team down w supplies post irma,4,4,0.009305381,0.0064486037,0.0031990453,0.012727957,0.92861354,0.0044913273,0.023105618,0.012108585
calm is here with a california newt also called a fire belly,7,7,0.041088894,0.018951055,0.0028034751,0.009161129,0.017775415,0.0040347986,0.27221113,0.6339741
news startling footage shows california wildfire impact,1,6,0.014862558,0.34549317,0.006543843,0.0058289072,0.0098874215,0.01517504,0.56951684,0.032692228
passenger jet races against hurricane irma guess who won reports,6,6,0.047318004,0.038581498,0.0041052103,0.016166352,0.029530719,0.031088177,0.6780804,0.15512973
tornado watch for most of south florida until 12am sept 10th,7,6,0.008069527,0.044310298,0.0025650957,0.0048372075,0.013046587,0.008006268,0.86692786,0.052237183
irma makes a slow exit from the tristate irma makes a slow exit cincy link,6,6,0.013365787,0.06568715,0.0037427924,0.006595952,0.011229395,0.010123139,0.7316507,0.15760507
despite the rain wyeast middle school yard sale in the couv goes til 400 raising money for trip amp puerto rico,4,4,0.008153246,0.006708865,0.00392651,0.009890407,0.9023096,0.0047172005,0.025661133,0.038633052
a post hurricanemaria update from stbarths caribbean stbarts,7,6,0.008720952,0.033161003,0.0024101306,0.0066294842,0.021634175,0.0071382853,0.85479486,0.065511085
help people replace books lost to harvey flooding everything helps,4,4,0.018886492,0.010204952,0.0042416523,0.020545328,0.89602333,0.0124458475,0.028535131,0.00911719
video shows california family reuniting with pet dog presumed dead in wildfire,7,2,0.035565186,0.00945809,0.79848623,0.08616978,0.029284146,0.019278876,0.0050079837,0.016749678
guest attacks man who let him stay during hurricane irma florida police say abc15,7,2,0.16884762,0.030981053,0.2765446,0.10682693,0.06588342,0.06366572,0.06454641,0.22270435
dont worry folks just got off an important conference call with hurricane irma well be fine,6,6,0.03142732,0.03067477,0.0021080303,0.010316428,0.022410136,0.0075133215,0.69515336,0.20039664
un migration agency appeals for usd 495 million to support communities in wake of irmaa,4,4,0.0124765765,0.009311371,0.002807077,0.011114511,0.9052098,0.004338272,0.038700905,0.016041469
hurricane irma track update dominican republic amp cuba next 9 dead amp 49 million at risk,2,2,0.002891949,0.003933082,0.9674805,0.008052766,0.0052032396,0.0074131526,0.0013829689,0.003642465
youre trending in puerto rico i miss you 57 hrvypreorder,7,7,0.020384891,0.0058414303,0.0039258446,0.00733876,0.010547103,0.0032510099,0.08201049,0.8667004
iran used haarp technology which caused earthquake in kurdistan,7,6,0.031527776,0.1413567,0.012923079,0.01084092,0.03338557,0.008851482,0.53217363,0.22894083
what microbes may be lurking in floodwaters from hurricane harvey,6,6,0.050447684,0.12572305,0.0064077317,0.019127445,0.018793492,0.014732967,0.65898407,0.10578353
tickling bondage footworship licking hurricane maria in revenge of the tongue tickles,6,7,0.02343985,0.012285203,0.0025647671,0.007724427,0.021139352,0.0039305333,0.17549068,0.75342524
harvey amp irma came diesel generators instantly kicked inkeeping internet ops uninterrpted,7,6,0.011576479,0.2640999,0.0054481844,0.007183978,0.019389763,0.022348758,0.5727559,0.097197115
we are indivisible 100 of profits benefit aid for puerto rico,4,4,0.011902534,0.008303038,0.004678816,0.009069329,0.834292,0.004685386,0.04116272,0.085906245
modular container home is d fastest ampmost efficient way 2 build strong durable buildings anywherea,7,7,0.03482322,0.080178306,0.0072347075,0.01085232,0.037676163,0.007237565,0.10876008,0.71323764
the wait continues irma,7,6,0.018343354,0.03914111,0.0030169252,0.008703353,0.019590741,0.010586511,0.70439506,0.19622293
mmmmm plus i made sure my cookie went towards the donation for harvey,4,4,0.008347039,0.0057204897,0.0046762647,0.009847318,0.880718,0.0049306485,0.027985675,0.057774633
irma is still leaving her mark in some areas of fl,6,6,0.009252577,0.05811783,0.0034377638,0.0059794383,0.012849307,0.008601146,0.81192267,0.08983925
first harvey and now irma relentless storms strain rescue workers,4,4,0.094817854,0.016969835,0.004463678,0.04246952,0.68295157,0.018856833,0.120516546,0.018954193
6 scenes of sentinel ingested to hdds for event 201709hurricaneirma irma hurricane,7,6,0.00992561,0.043565113,0.0027890035,0.007890078,0.033860315,0.0071374513,0.71026456,0.18456785
how biglaw in hurricane maria ravaged puerto rico are pressing on,6,1,0.027877646,0.48957717,0.0043120463,0.0077377,0.015468192,0.022002516,0.41367316,0.019351646
harvey nash hr business partner,7,7,0.021213405,0.0068263696,0.0037155761,0.0074234596,0.077366695,0.0026504563,0.10233368,0.77847034
sheriff suspect shot wounded during irma burglary,7,2,0.0031114304,0.006888772,0.9510532,0.01210509,0.0059658987,0.011409041,0.0024550331,0.0070115663
cloudy water from irma as the waves continue to roll in,6,6,0.010684936,0.060549516,0.0023170884,0.005378955,0.010329406,0.009196118,0.8524195,0.04912452
the stream what can be done to help caribbean nations recover from irma,6,4,0.0126939425,0.018340323,0.003017085,0.012940531,0.8110673,0.0041782865,0.08500175,0.052760698
major hurricane maria has now strengthened 60 mph in 24 hours,6,6,0.007157495,0.061267223,0.0034891993,0.0055461535,0.012179804,0.011036493,0.8604941,0.03882962
heres a midmorning update on harveys future forecast in the houston area,6,6,0.008480437,0.04876526,0.0027598063,0.0051934808,0.013810927,0.008121543,0.8559002,0.056968357
sampc week 6 for harvey todays focus was explosive power a1414ba14d istrengthandconditioning basketball rugby athlete,7,7,0.011142258,0.007468198,0.0029668969,0.005625769,0.03273238,0.0022763025,0.094638705,0.8431495
the us embassy shows the reality of a devastating earthquake hitting iraq and iran,6,6,0.038232088,0.15301026,0.0050554373,0.008079521,0.015974242,0.011328954,0.608916,0.15940349
crude oil weekly hurricanes harvey irma lifts oil prices,6,6,0.011065194,0.16520499,0.004907791,0.0069985786,0.014720986,0.015537795,0.7081978,0.07336693
local soccer tourney includes tx teams and money being raised for harvey relief,4,4,0.008897129,0.0056760893,0.0035722184,0.010311475,0.92682904,0.0035640805,0.020740116,0.020409917
scenes from mexicos devastating earthquake by ro water filter,6,1,0.02619534,0.5197782,0.0061472696,0.006609836,0.012347336,0.015390277,0.36198732,0.051544413
praying for those yet suffering from harvey i had the pleasure of volunteering with blmhtx in hard hit areas,4,4,0.043803032,0.0073410794,0.002332036,0.014705765,0.80954367,0.0038855667,0.07460503,0.04378378
fema approves loans to keep harvey damaged cities working to repair damage,4,1,0.030092865,0.4919668,0.006542158,0.016384898,0.2826372,0.04005674,0.113548145,0.018771244
this is what stupid looks like earthquake hurricanemaria hurricaneirma,7,6,0.024759388,0.04886292,0.002744322,0.006987991,0.008588448,0.008310214,0.52981806,0.36992863
harvey by the numbers thx for hosting eco recovery brief today,1,6,0.023669591,0.053227335,0.0025610614,0.009847595,0.12031739,0.007167272,0.5618568,0.22135292
gofundme how to immediately help those impacted by the california wildfires webdesigna,7,4,0.015001307,0.0063803666,0.002741287,0.0134528885,0.90143317,0.0037772742,0.038794734,0.018419018
blog energy department responders are on the ground assisting hurricane recovery n irma,6,4,0.0148095805,0.020450985,0.0040725805,0.018421909,0.815828,0.010830329,0.09453658,0.021050029
love seeing my kiddos in puerto rico,7,7,0.041798778,0.005653453,0.004130841,0.009878865,0.026753403,0.0031069359,0.07950586,0.82917196
behavior of donald j trump as president and leader of the united states of america in hurricane irma,6,6,0.034008957,0.028369207,0.0038369102,0.009522989,0.025419928,0.0055111023,0.51192945,0.3814015
thanks to uncle sam and hurricane irma for the best 10 days ever see you in 2 months friend keep rockin,7,7,0.024354858,0.016249446,0.0019005586,0.009444676,0.044364896,0.0054655313,0.43731913,0.460901
new activation emsr244 earthquake in central mexico copernicus earthquake eucivpro,7,6,0.01412398,0.03534072,0.0030066657,0.006439939,0.020153532,0.0049156183,0.6131855,0.302834
dang near everybody was affected by irma,0,0,0.8177253,0.037611652,0.008992259,0.018345594,0.010498133,0.022154715,0.07042924,0.014243053
and not one irma model was right only one was close but it had her hit miami and the panhandle,6,6,0.013972481,0.045486104,0.0036781193,0.0073864316,0.015771259,0.012564617,0.63264424,0.2684968
texas struggles with harvey flooding could still see water rise,6,6,0.020317426,0.32658568,0.004299331,0.0070662904,0.012942641,0.017309364,0.5865224,0.024956929
hurricane irma ai aowonder girlsao help in georgia shelter redcross redcrosser,7,4,0.03864453,0.010610008,0.0023980858,0.020854766,0.8159384,0.008232763,0.08168059,0.021640874
look at with a great graphic on how big hurricane irma is compared to the state of oklahoma,6,6,0.008696469,0.05109272,0.002741534,0.004871008,0.011870916,0.009107796,0.84621346,0.06540607
245 dead as school collapse during massive earthquake in mexico naijapals gistmania,2,2,0.002312939,0.004259645,0.96810347,0.0076169707,0.0049803806,0.008739281,0.0012256948,0.0027615954
hurricane irma minutebyminute animation,6,6,0.010981217,0.03660514,0.0021179016,0.006574899,0.016202642,0.008203938,0.82942295,0.08989136
hurricane irma path and track live noaa update as models show direct hit on florida,6,6,0.0068857237,0.053735152,0.0029714783,0.005178131,0.011754319,0.009452628,0.8677405,0.042282086
fema insurance chief harvey may end in 11 billion in payouts to homeowners,6,6,0.03579823,0.19468684,0.005035734,0.010919111,0.063175045,0.016548349,0.46393746,0.20989926
air canada suspends flights to st maarten due to hurricane maria impact travel,6,6,0.028458575,0.19431992,0.0068101,0.009807213,0.022469463,0.042511407,0.6142971,0.081326306
trump appears to side against federal government in lawsuit over harvey relief unitedstates,6,7,0.031650387,0.021494728,0.003584788,0.009146101,0.09231598,0.0033288295,0.21748398,0.62099516
why irma and harvey could finally get republicans to care about climate change,6,6,0.017479014,0.039786063,0.0030351516,0.007919758,0.023271516,0.0065067112,0.53880066,0.3632011
rick brown what to do in the aftermath of harvey,6,6,0.19198027,0.039024733,0.0033051413,0.017416917,0.03257009,0.0067949747,0.489922,0.21898584
iran health minister meeting to discuss relief plan earthquake,6,6,0.053346172,0.030952038,0.0038370388,0.016474435,0.2397575,0.004419008,0.40819404,0.24301979
harvey looks to slow cubs in 3rd start off dl mlb mets baseball,7,7,0.029180015,0.023524482,0.003229981,0.0107235145,0.037225768,0.006708447,0.39633498,0.4930728
with congressman luis gutierrez and pedro soler at the dsfs event supporting the mexico amp puerto rico relief fund,4,4,0.012112808,0.008432495,0.0034936208,0.011745047,0.7819831,0.003250127,0.06364926,0.115333565
is that a shark in naples houston whatever someone is jumping it irma harvey impeachtrump,7,6,0.054693308,0.054416236,0.0051854514,0.017574882,0.015003524,0.01491131,0.51454633,0.32366887
so to for holding and i down while we report from puerto rico a14y5a14y7,7,7,0.018327938,0.012867582,0.0035807306,0.0073150774,0.043329407,0.0035892471,0.19954869,0.71144134
bill clinton also shared a pretty awkward puberty photo for puerto rico hurricane relief,7,7,0.03911365,0.008806957,0.004530703,0.013495228,0.1212739,0.0036256427,0.13013497,0.6790189
science hurricane irma before and after images these satellite images show the destr,6,6,0.009001288,0.05338416,0.0028104142,0.005567014,0.01079931,0.009289295,0.84306765,0.0660809
in case you missed it new story rolling hills to collect items for harvey victoms,7,4,0.008313189,0.004977642,0.005688605,0.014055223,0.90644205,0.006890141,0.022920344,0.030712822
this was actually taken at a benefit for puerto rico gaga is wearing a white pantsuityes on purpose,7,7,0.020634243,0.005537604,0.0068710004,0.01106798,0.12110055,0.0051061767,0.04624574,0.7834367
wrt irma forming over cool water heres judith curry an expert on hurricanes a,6,6,0.011423972,0.036153253,0.0023034052,0.0070431116,0.017477866,0.007436334,0.8474664,0.07069572
harvey cancels houston wedding louisiana city donates 1 us news amp world report,7,4,0.0225584,0.011519077,0.0057711485,0.010647981,0.74647045,0.0046306346,0.07111342,0.12728882
steve harvey tells how youtube has changed the daytime talk show,7,7,0.027390856,0.019314358,0.0030979249,0.0068336776,0.020948999,0.00412039,0.19700521,0.7212886
deadly california wildfires spark needed debate about current spending,6,6,0.020452945,0.12921274,0.0041978937,0.007013063,0.013072529,0.013922616,0.7008293,0.11129887
heres how bad the mosquitos are after hurricane harvey,6,6,0.20665345,0.09722739,0.0048731114,0.022188168,0.017562838,0.020943178,0.56012416,0.07042769
in marathon key irma on search amp rescue mission and bringing aid,4,4,0.01628241,0.008517585,0.004326756,0.023298748,0.8754887,0.007668506,0.047426693,0.016990496
harvey and irma arent natural disasters theyre climate change disasters,6,6,0.0124874115,0.079240344,0.0032830632,0.005419119,0.008076251,0.010020697,0.8196446,0.06182852
mexico earthquake navy says no missing child in collapsed school,3,2,0.085899256,0.017433893,0.4964329,0.23481557,0.08545923,0.037572324,0.013766216,0.028620629
northern california fire survivors aitas shameful they didnat warn usa,7,0,0.83977675,0.009189967,0.0061617256,0.020388635,0.018149797,0.00840602,0.054742765,0.043184314
market screwed up for sure eqf hires feye to fix mess feye goes down cpst has only working power after,6,7,0.016809639,0.09425008,0.00743589,0.010578522,0.050578516,0.010330112,0.3908775,0.4191397
thinking of our friends in california as they begin recovery efforts from devastating wildfires,2,0,0.58633703,0.010780691,0.004885893,0.038058,0.23426421,0.011657749,0.06908725,0.044929218
bridgeport family mourns relatives lost to hurricane maria,2,0,0.7067143,0.015016782,0.05414026,0.122565486,0.0339283,0.034586467,0.017379425,0.015668951
sabanas go go power rangers 3 arte de dan mora,7,7,0.013022853,0.005106439,0.005301927,0.0073142243,0.015534058,0.0027751208,0.046389524,0.9045559
what hurricane harvey says about risk climate and resilience,6,6,0.017892536,0.052902836,0.0024320083,0.0059863725,0.011995014,0.009086335,0.8179897,0.08171519
i will never tire of this photojnj hurricaneharvey,7,7,0.020066679,0.018368477,0.0023287267,0.0063447473,0.018562723,0.004574757,0.29119173,0.63856214
scranton woman returns home from aid trip to puerto rico scranton timestribune,7,4,0.27485257,0.0072814724,0.009599063,0.05680787,0.5720231,0.009838625,0.039528176,0.030069105
raging wildfires caught sleeping californians by surprise usrc,6,0,0.8299441,0.014305453,0.00844512,0.02248637,0.01170934,0.01479586,0.064607084,0.03370681
collecting items in parker for harvey relief drive,4,4,0.009365839,0.0054163663,0.0059303395,0.01343276,0.9372987,0.0062572123,0.012398021,0.009900735
two new inquiries into controversial puerto rico power topstories,7,7,0.018694911,0.10019619,0.010184406,0.014100433,0.025757633,0.009451469,0.3740317,0.4475832
as deadly fires ravage california wine country officials prepare for further fatalities,6,2,0.024688827,0.13134964,0.7067126,0.0234803,0.0074709742,0.021107545,0.061722655,0.023467425
wish i could find out are these tornado clouds rolls around coral springs often very bad trees down from irma,6,6,0.014543552,0.21232066,0.0037969758,0.006994222,0.011152789,0.014340466,0.6918079,0.045043413
south floridians irma the ppl in tampa say git and not jit 1 irma ight bet,6,6,0.014547192,0.027311059,0.0022341597,0.006322414,0.012983477,0.0055345735,0.48082182,0.45024535
taking supplies to all of those affected by harvey harvey relief donations appraisalmc houston,4,4,0.009434833,0.005355113,0.004126042,0.012200967,0.94249636,0.004498933,0.013852517,0.008035252
this is a line for gas people have been getting up at 3 am to make long lines like these,7,7,0.04603033,0.022034366,0.0020520873,0.011613128,0.07183054,0.012330823,0.3718617,0.46224704
hurricane irma reminds us of an important truth about financial models,6,6,0.012399648,0.041003287,0.0026420122,0.005913105,0.018374773,0.00822071,0.78131,0.13013647
more florida keys residents return home to survey irmas destruction,1,0,0.73676443,0.090949155,0.011524159,0.022179047,0.029476406,0.02809739,0.068765596,0.012243864
algeria us sanctions snag donations to iran earthquake victims,4,4,0.007650651,0.0052445885,0.006906348,0.011437162,0.92986315,0.004112379,0.015295013,0.019490737
money irma business a government crisis gives icelandaos pirate party a second chance a,7,7,0.031158896,0.025364244,0.0042210193,0.0076747485,0.024664694,0.003170411,0.15664764,0.7470984
sign language interpreter at press conference sparks outrage,7,7,0.035102136,0.020538386,0.00414638,0.0083831865,0.020879343,0.0036889904,0.14465867,0.7626029
drafts from irma,6,6,0.014019231,0.05171599,0.0033815438,0.007350184,0.019956557,0.009070091,0.6350492,0.25945717
downtown dallas megashelter for harvey evacuees to close wednesday,6,4,0.167345,0.033207793,0.003052612,0.019952407,0.4189178,0.018339531,0.26616317,0.07302167
bermudians david strong and jeff ryall survive brush with hurricane harvey,6,0,0.8446431,0.008327416,0.0063429144,0.02407814,0.027032128,0.009883121,0.050987147,0.028705923
5pm sunday maria update cat 2 storm centered well east of the jacksonville florida coast heading north,6,6,0.007024716,0.043557163,0.002818456,0.005353708,0.0106709,0.008736954,0.87697536,0.044862676
portrait double exposure ai ai ai ai ai antonio mora ai,7,7,0.015165098,0.006243835,0.0049308036,0.006612188,0.008688839,0.0027834557,0.046232834,0.90934294
cyclone mora wreaks havoc cuts power in maungtaw,1,1,0.010162392,0.80740386,0.012277465,0.0073093264,0.009751886,0.024408279,0.10747443,0.021212403
president donaldtrump push back when it comes to puerto rico,7,7,0.016327793,0.010766558,0.0042132805,0.006358494,0.022750143,0.0020455609,0.09111385,0.8464243
mexico may now have too much earthquake aid,6,6,0.04267482,0.064571865,0.0037459836,0.019089263,0.34358257,0.009995499,0.40241006,0.11392993
i love you 8 from puerto rico is biutiful so cute,7,7,0.017280912,0.0062319706,0.0065353233,0.008708364,0.013281843,0.0034362918,0.04744193,0.8970834
quake leaves trail of death and destructions iraq earthquake bahrain,1,2,0.003304649,0.0066383174,0.96574247,0.0072718915,0.0035915952,0.007977575,0.0019063033,0.0035673208
deadly fires ravage californiaas wine country leaving at least 15 dead more than 150 missi,2,2,0.0022725272,0.0043128114,0.96875113,0.008010801,0.004384578,0.008149459,0.0012822715,0.0028364332
emergency broadcast martial law in wake of hurricane harvey amp irma,6,6,0.014525575,0.10743345,0.0026379135,0.0061908495,0.017054055,0.013455154,0.78134054,0.057362463
the gekko files the qb and the coach try to get ucla righted we preview the 2017 bruins,7,7,0.016095031,0.008916622,0.0034046448,0.0071288333,0.025991691,0.002914543,0.13691117,0.79863745
shout out to louisianas at aap17 by for exemplary humanitarian efforts during harvey,4,4,0.010849413,0.008079217,0.0027870906,0.0109685175,0.90466034,0.0041257814,0.03946257,0.019067062
harvey irma us homebuilder sentiment falls on stormrelated supply concern,4,6,0.02462168,0.2391991,0.0030242077,0.0075732497,0.030680737,0.016295783,0.6224413,0.05616391
goodbye hurricane irma click link to view amp comment,7,6,0.011929286,0.03718088,0.0022455018,0.0056994646,0.013217045,0.007813027,0.81797016,0.10394455
usgsm 41 51km wsw of paredon mexico earthquake,7,6,0.015535084,0.057483148,0.0036055297,0.006479996,0.010820968,0.006571523,0.6448021,0.25470176
biych i just got the text for tornado warning pray for me and all my floridian people rip,6,6,0.05368404,0.030799024,0.0025843752,0.009874899,0.01853428,0.006166549,0.491538,0.38681883
brandi harvey live tonight downtown at the 40 east grill,7,7,0.01775485,0.0068439,0.0035031193,0.00584271,0.025873255,0.0028033215,0.07338597,0.86399287
letter after rokitas vote against harvey relief lets pray,6,4,0.06445793,0.03275443,0.0031410772,0.015912877,0.3552843,0.0051900656,0.26488125,0.258378
leonel cardenas mora campeon panamericano jr de squash 2017 orgullosamente cdmx,7,7,0.011657802,0.008261568,0.010806231,0.008980895,0.012718827,0.003684615,0.053149324,0.89074075
raising funds to put rockport texas back together after hurricane harvey,4,4,0.00924714,0.008173825,0.0037357297,0.010129667,0.9283997,0.004214512,0.02195359,0.014145891
hurricane irma bring it bitchna,7,6,0.0097220605,0.03622694,0.002078562,0.0058653397,0.011654397,0.0080559645,0.8527015,0.07369519
the floor was rippling professor who survived mexico earthquake tells story,0,0,0.53901374,0.15876415,0.04047257,0.03964515,0.02612309,0.015334774,0.105827175,0.07481936
dont forget ususvi hurricanemaria,7,7,0.017705686,0.012126904,0.0021148506,0.006219989,0.021162326,0.0035404772,0.23979585,0.69733393
join us in praying for those affected by the california wildfires psalm 911 esv,6,4,0.05564524,0.024447476,0.0028615652,0.023113694,0.51769775,0.0055564037,0.22846448,0.14221339
hurricane irmas trail of havoc in sintmaarten,1,6,0.013985808,0.38391155,0.0050585093,0.006544387,0.009029652,0.022848384,0.52704316,0.031578604
hellish california wildfires inspire haunting web comic,7,7,0.044656184,0.03677067,0.004962674,0.009954924,0.012322997,0.005625951,0.37242612,0.5132805
hurricane marias track shifting closer to midatlantic coast via,6,6,0.007839345,0.048582457,0.0026153913,0.005249515,0.010991138,0.008486678,0.86968875,0.046546776
rep castro insists on harvey aid without any games,6,4,0.023765761,0.012856382,0.00237996,0.013111928,0.8001318,0.004470697,0.09744426,0.045839246
west bank flea market in harvey,7,7,0.02838396,0.015156997,0.007079196,0.009223944,0.062020347,0.0049376776,0.07999454,0.79320335
google firm flies balloons to deliver internet cellphone signals in devastated puerto rico,1,4,0.016833385,0.033192042,0.0036975353,0.014247984,0.6306393,0.01009751,0.21735278,0.07393942
as a class apostolic project pk3 pk4 collected items for hurricane harvey evacuees in irving shelters,4,4,0.007930461,0.0049543763,0.0046420046,0.012856546,0.9385213,0.0051690373,0.014567715,0.011358545
skynews hurricane marias path along the coast of the unitedstates,6,6,0.0073999427,0.052379943,0.0028746678,0.00560405,0.012618628,0.009254892,0.8646511,0.045216754
south bay latino community devastated by mexico earthquake destruction sanfrancisco,1,1,0.18204136,0.67965907,0.019910093,0.016407002,0.010465295,0.041762967,0.035672344,0.014081862
rebuild dominica partners with project cure amp other global allies posthurricane maria,6,4,0.019472819,0.045559973,0.0041736215,0.015941797,0.65861,0.0056455983,0.13902785,0.11156834
flood risks will be mitigated considerably by 2020 patali read more lka srilanka,6,6,0.013059785,0.093121186,0.0029446539,0.00577188,0.016188141,0.008642786,0.7527732,0.107498385
bond insurer proposes timeout for puerto rico litigation,7,7,0.016582754,0.018096901,0.0030527203,0.007154384,0.05589652,0.0038779739,0.26200116,0.63333756
puerto rico braces for visit from hurricane maria via,6,6,0.042428236,0.025967224,0.0018537486,0.010531848,0.08735998,0.0048456737,0.58165723,0.245356
a tamilenglish translator needed floodsl srilanka,7,7,0.046002828,0.024097549,0.0035352497,0.01436988,0.094551705,0.0073286695,0.29175693,0.5183572
is it true that an earthquake will reach kuwait soon,7,6,0.018879645,0.045234457,0.0035449138,0.007236632,0.010202042,0.0069201123,0.7329974,0.17498477
events in nyc aim to help hurricane battered puerto rico,6,4,0.008900625,0.0068054595,0.0028105697,0.009900813,0.924148,0.0034488947,0.027722867,0.016262772
woman accused of assaulting woman preparing for hurricane irma,2,0,0.4115663,0.030268606,0.08599657,0.12046458,0.08024658,0.06696451,0.06908017,0.13541272
hurricaneharvey texas moves toward recovery gas prices slip,7,6,0.011446382,0.09362435,0.003539297,0.0060216896,0.02005964,0.011377302,0.7743633,0.079567984
hey world this is the real batmanday mexicoearthquake mexicoestadepie,7,7,0.014236233,0.006408453,0.006167864,0.006474484,0.008270557,0.003025912,0.04181567,0.91360086
ummmm lol harvey norman have online,6,7,0.017520327,0.010057216,0.0022897562,0.0053181313,0.019656906,0.003175412,0.13989101,0.80209124
thing you can rndmly find at best coworking space in puerto rico,7,7,0.016836686,0.00869772,0.00374103,0.0075096427,0.06638036,0.0026992646,0.09658532,0.79755
1105 lake moraine pl raleigh nca 27607,7,7,0.013651217,0.02818756,0.0044286554,0.006013845,0.014612378,0.004753932,0.18749143,0.74086106
lebst du notch mexico earthquake puert rico dominca,7,7,0.02139044,0.023302628,0.0033619902,0.006269821,0.012318255,0.003749112,0.31623194,0.61337584
a rabbi aid drive after irma devestation on by,4,4,0.030260857,0.0130161,0.002414729,0.016238267,0.8317559,0.0059156893,0.07928963,0.021108868
redditors donate wedding dresses to houston brides following hurricane harvey,4,4,0.011061049,0.0052330773,0.006149371,0.012428891,0.92481434,0.0055815927,0.016187774,0.018543849
history shows we dont need big government to clean up after harvey and irma,6,4,0.025319854,0.10554184,0.0036498536,0.018958302,0.48273045,0.012312114,0.27135623,0.080131315
our power our future puerto ricoas road to a justrecovery,7,7,0.023124183,0.025482964,0.0031368353,0.0052351486,0.015831554,0.0036273052,0.17858064,0.74498135
you can support mexicoquake victims right now,4,4,0.010855315,0.004870594,0.003520382,0.0104464805,0.9168314,0.0033321313,0.02469644,0.025447223
california pizza kitchen shits fire af,7,7,0.018351592,0.010436442,0.0034551173,0.004956728,0.018244503,0.0025952344,0.07784523,0.8641152
googles project loon seems to be having trouble with stationkeeping above puerto rico,7,6,0.01607521,0.06332916,0.0033702606,0.007875647,0.014777491,0.010154464,0.66690034,0.21751738
a team of american experts is in mexico to assist with search and rescue efforts followinga,4,4,0.011807176,0.007317806,0.006174526,0.02092877,0.90451485,0.0060770162,0.028068503,0.015111333
this is a mirrored image from a wild fire in california this this is a susano,4,6,0.02075721,0.06176239,0.003399895,0.007393756,0.012659604,0.00693864,0.45235437,0.4347341
california wildfire probes hammer pgampeas value,7,6,0.013436943,0.026609438,0.0028493651,0.006456433,0.021926168,0.0044498625,0.49616012,0.42811167
hillary caught on tape laughing about irma wiping out all of those florida hillbillies,7,6,0.048077352,0.06532691,0.002548823,0.009124192,0.02320639,0.006343515,0.5703594,0.2750134
irma flooding last week pumped more h2o into lakeo than armycorp released that stops today,7,6,0.009965757,0.32606378,0.0052444604,0.008934981,0.041759625,0.027957367,0.5383103,0.041763715
sun 7am maria is no longer a major hurricane winds have dropped to 110mph heading toward cape hatteras nc,6,6,0.0076605086,0.055216298,0.0031509686,0.0053773727,0.009631569,0.008859861,0.86267364,0.04742979
strategic planning business viability using publicly available data irs help for harvey,6,6,0.01759009,0.037460983,0.0026351965,0.0074028694,0.041832436,0.0064634187,0.53289837,0.3537166
el paso to orange soldiers travel 1000 miles in wake of harvey,6,0,0.4649189,0.011322701,0.008129641,0.049925487,0.34304953,0.022519685,0.07110034,0.029033657
eating tornado potato and drinking beer while waiting for taeyeon albmusicfest albatrossmusicfestival,7,7,0.108382545,0.0074827066,0.0057956884,0.012570156,0.055102073,0.00752641,0.12994082,0.67319965
harvey city asks residents to remove parked cars from street for debris pickup,1,5,0.045666106,0.0694728,0.032235377,0.042534128,0.044034682,0.72796553,0.025350476,0.012740918
cleanup from hurricane harvey by skmiller photography beautiful,4,1,0.044485576,0.35707024,0.0042779995,0.02201191,0.30574054,0.028710393,0.20716982,0.03053355
still standing after hurricane irma,6,6,0.010546314,0.10610663,0.0030067083,0.0053749764,0.011893549,0.011392914,0.80967194,0.04200693
california wildfiresa devastating effect on marijuana industry,6,6,0.02381021,0.37193274,0.009552897,0.008165663,0.009063986,0.020304708,0.45727223,0.09989763
even governor moonbeam is sight unseen,7,7,0.03295918,0.018891275,0.0037042813,0.006500469,0.012429699,0.0045005837,0.19165283,0.7293617
13 toxic waste sites damaged by harvey houston awash in chemicals,1,1,0.01213529,0.90082496,0.010005964,0.006421138,0.006352827,0.01958542,0.03549511,0.009179348
pioneer woman ree drummond holding harvey fundraiser news9,7,4,0.04394332,0.006173864,0.0034973302,0.016074415,0.7859319,0.0045175115,0.06282532,0.07703639
les harveyables actors stage musical amid piles of debris in floodimpacted houston,1,1,0.03504002,0.84431434,0.008781104,0.009611459,0.009029467,0.04122505,0.043387312,0.008611241
bb i just been eating like crazy since irma had me home for two weeks,7,0,0.5435144,0.021784084,0.009810184,0.022945033,0.03700372,0.02502317,0.16760899,0.17231047
eastside fire spent week helping california crews,4,4,0.007574674,0.005797188,0.005156868,0.01295866,0.93573785,0.0043884846,0.015607354,0.012779058
after a flood inspect all medicines harvey,6,6,0.041998412,0.13801613,0.0031926448,0.015929092,0.13074721,0.0190852,0.5975378,0.053493515
look at harvey simply embracing it,7,7,0.045997523,0.02209752,0.0030959926,0.008034791,0.02862984,0.0045470465,0.17929992,0.7082974
srilankas food gap widens in wake of regional floods and drought warn and,6,6,0.058252838,0.21301594,0.0032934078,0.015688673,0.09083727,0.012623574,0.55302733,0.05326099
hurricane irma orlando assesses the damage photos,1,1,0.01048885,0.7768897,0.007260635,0.0052196914,0.010066622,0.01790729,0.1586383,0.013528911
proud to work w to get fl lawyers amp their clients back on their feet nationwide access free,7,4,0.03267124,0.0111301495,0.0025390037,0.0117356535,0.4246407,0.0050032963,0.1847688,0.32751113
southern california prepares for potential wildfires,6,6,0.015274987,0.061023302,0.0030079416,0.006217589,0.013740459,0.007352059,0.7938835,0.099500164
claudia harvey of dig it apparel to be featured on cutv news radio,7,7,0.011792804,0.007245063,0.004959753,0.007803962,0.04684215,0.0028763777,0.05822714,0.8602528
california wildfires kill 10 destroy 1500 buildings,2,2,0.0041743517,0.055098105,0.8789396,0.013714617,0.004699329,0.035846237,0.0030845487,0.0044431733
the cone of uncertain continues to shift west putting atl on e side of irma meaning greater tornado threat gawx,6,6,0.00859172,0.05684189,0.0027858259,0.004737494,0.009190736,0.009310393,0.86502707,0.043514837
do good today stop hogan street by from 11am6pm to donate supplies to help puerto rico after hurricane maria,4,4,0.006837541,0.0062546483,0.003442359,0.011999663,0.9314939,0.0051039434,0.02234349,0.012524552
irma update from highlands county next on,6,6,0.010047578,0.04678261,0.0026249734,0.0058455565,0.016131762,0.00702118,0.79486793,0.116678424
what is the future of puerto ricos energy grid techbuzz,7,7,0.0155222565,0.030348245,0.008271247,0.008916324,0.02355331,0.004179944,0.15720326,0.7520054
thats indiana and thats how large hurricane irma is oh my,6,6,0.010762169,0.050094914,0.0028311657,0.005806012,0.010012506,0.008093028,0.8045697,0.10783051
call the texas immigrant rights hotline if you have experienced an instance of hate or discrimination sb4 harvey,7,7,0.20801249,0.01572909,0.0040555834,0.016931,0.030369407,0.0060656513,0.2843722,0.43446457
harvey spins deeper inland full scope of damage is unknown from,6,1,0.009534324,0.73697436,0.008014174,0.0059470814,0.010054783,0.018160759,0.1962641,0.01505031
been a rough 3 weeks in the antilles backtobacktoback major hurricanes irma jose maria,6,6,0.013640709,0.051317375,0.0025435227,0.006038332,0.009341075,0.007820195,0.82978034,0.07951845
i am alive he recalled thinking over and over again alive iran earthquake,0,7,0.20214021,0.01623364,0.01532502,0.019249486,0.022838814,0.010791667,0.16293125,0.55048996
student asks to bring dog to class before hurricane irma professor has the best response via rupliftingnews,6,4,0.0944241,0.009855367,0.003929545,0.023568554,0.44714585,0.008784321,0.23376977,0.17852248
pray for all those families in californiawhy how did this fire startso very sada12b,7,7,0.28792948,0.03796705,0.005104386,0.019841908,0.027082875,0.005805339,0.2678123,0.34845674
reload miami conference irma update,6,6,0.013680039,0.046571113,0.0032832297,0.0075516263,0.018148355,0.0087936465,0.61692154,0.2850504
here are some explanations for the mysterious lights that follow earthquakes,6,6,0.018166937,0.07340978,0.006562267,0.009409906,0.0116983885,0.012119725,0.6753854,0.19324762
thank you to those who purchased in support of hurricaneharvey enjoy your crunchi,4,4,0.013482158,0.0076140757,0.0031814193,0.011187126,0.7382145,0.0060982,0.09511283,0.12510966
harveys floodwaters flexed earths crust pushing it down as much as 2 centimeters,6,1,0.012404229,0.5631143,0.0068396595,0.006251332,0.010073274,0.023000939,0.3458184,0.03249786
in key west stayed for irmathis is our tree in the back of our townhouse,1,7,0.11459041,0.016233047,0.0048662107,0.012863862,0.08586809,0.00589932,0.14850429,0.61117476
time lapse video shows rapid rise of water in houston bayou during hurricane harvey,6,6,0.015719013,0.45092943,0.0049699633,0.008096149,0.019089075,0.020106472,0.45539108,0.025698729
houses damaged roofs blown off as hurricane maria batters usvi,1,1,0.011479183,0.8897792,0.018730419,0.009460519,0.0062019075,0.035945974,0.022781914,0.0056208507
tytlive situation in usvi just as dire as puertorico,6,6,0.30576703,0.123497896,0.007859108,0.018120125,0.021036386,0.008932628,0.31942648,0.19536048
here is the new guyharvey aruba long sleeve guys tribute to that enchanting island,7,7,0.013395012,0.0064395685,0.003872626,0.00592227,0.019993568,0.0025222113,0.059942238,0.88791245
flooding from irma prompts a new look at marshfront surge,1,6,0.011576405,0.1926558,0.003964019,0.005961407,0.011569755,0.0138861565,0.72062045,0.039766025
watch expert frank mora discuss uscuba policy on,7,7,0.017196234,0.019549374,0.0038040848,0.0071067763,0.021392988,0.003380651,0.24631666,0.6812532
if hurricane irmas eye was over phoenix thats scary azfamily,6,6,0.013263847,0.04445257,0.002540423,0.006119486,0.009471047,0.009098021,0.82638717,0.088667445
releases statement on hurricane irma,6,6,0.008011632,0.041363493,0.0025711139,0.005639145,0.015460344,0.008134037,0.86656845,0.05225183
put your hands up if ur not workn the mora,7,7,0.021870967,0.01700735,0.007628361,0.008662399,0.018863952,0.005735757,0.11292187,0.80730927
rainbow right over the tornado hit homes lady next to me says mother nature saying shes sorry,6,7,0.29658023,0.11598339,0.015116951,0.019778945,0.014470737,0.023488684,0.20915523,0.30542588
pray for all in the path of hurricane irma we are worried,6,6,0.023455257,0.046513125,0.0022681758,0.008496795,0.014364161,0.012191245,0.81770253,0.07500873
john besh delivers hot bowls of gumbo and red beans to harvey evacuees,4,4,0.014693414,0.0041136276,0.003870963,0.01264982,0.8797203,0.004454703,0.036036227,0.044460956
seismograms from yesterdays earthquake on the iran iraq border,6,6,0.009694495,0.10728089,0.0056300554,0.006092478,0.011067011,0.010038119,0.7794859,0.07071111
24 and 48 hour rainfall amounts and most of this occurred in the last 12 hours harvey houstonflood,6,6,0.009108145,0.099769,0.003982313,0.0058911094,0.014784655,0.011071754,0.8247135,0.03067955
hurricane irma victims jesus saved us,0,0,0.6031358,0.007766409,0.028117478,0.09198819,0.19677034,0.013987298,0.03038312,0.027851313
tropical storm maria still making waves but will pick up speed over next few days and continue to move away,6,6,0.00851293,0.04629356,0.0026349756,0.006005249,0.011132727,0.00904303,0.8737382,0.042639226
oh nice how about you send that money to puerto rico,4,7,0.011857133,0.0077853953,0.0054431683,0.012084887,0.30667484,0.0049860324,0.09414594,0.5570226
amommy donat crya a 4yearold girl surviving hurricane maria unicef connect,4,0,0.6456196,0.008542516,0.01794282,0.09135093,0.16340856,0.018939748,0.029187458,0.025008393
an earthquake just shook la after mexico now we get hit after irma now maria5 hitting the caribbean but argue w,6,6,0.011244987,0.097716406,0.004223261,0.005548617,0.009530268,0.012198335,0.8158293,0.043708835
12 years ago my parents opened a museum a week ago it looked like this a127 harvey harveyflood,1,7,0.037463993,0.032481566,0.007934677,0.008934646,0.027849441,0.00473567,0.051141895,0.8294581
irma nfl right on the a0a0a0 top 5 throws of week 2 via twitter,7,7,0.018344782,0.015642032,0.0036835535,0.006888649,0.02013559,0.004783264,0.19299944,0.73752266
some in texas begrudge aide to puerto rico,4,7,0.032523587,0.010261679,0.0030204998,0.012825267,0.3642268,0.0038183406,0.17353815,0.39978564
theres still a lot of work to do heres how to help,4,4,0.025753127,0.008741203,0.0037870496,0.015224201,0.68409455,0.0042338567,0.09136448,0.16680163
mexico we are the crack they are the collapse mexicoearthquake sismosmexico2017,7,7,0.0333725,0.040152054,0.0045331945,0.0066516,0.011463941,0.005199986,0.2730136,0.6256131
hurricane irma storm batters caribbean islands as florida emergency declared,6,6,0.00851747,0.060780633,0.0024172978,0.0055262125,0.013274691,0.009198719,0.86339545,0.036889423
irma deals an unprecedented blow to floridas citrus industry,6,6,0.017011976,0.23659562,0.0083903745,0.007906601,0.018903773,0.014197584,0.5603028,0.1366913
joel osteen asks new yorkers for charity after harvey in spoof read more money,4,4,0.025485927,0.006328317,0.0033193033,0.012514316,0.8447623,0.0036517195,0.045044877,0.058893178
sunny day landscape flooded area due to hurricane maria,1,1,0.012467088,0.84861135,0.00884746,0.0071435156,0.007373777,0.02209302,0.084555775,0.008908063
chef cooks barbecue for california wildfire victims,7,4,0.020668505,0.0059003695,0.009869826,0.017413203,0.76820374,0.006890958,0.04569366,0.12535982
familiar weather pattern for fl although satellite shows hurricane maria in distant e amp upper low pressure in gulf,6,6,0.007947375,0.045206733,0.0028197896,0.005658548,0.011338805,0.008534958,0.8722569,0.04623689
were on the road to jacksonville to coordinate our response to irma in florida see you soon,7,6,0.011647693,0.027488863,0.0024455658,0.008108904,0.042719744,0.007694387,0.7374533,0.16244154
after irma communities look at the long road ahead,6,6,0.026379973,0.16441175,0.0032485367,0.00747814,0.013087338,0.01862575,0.6453172,0.121451326
pnnl scientists weigh the factors that power a hurricane like harvey or irma,6,6,0.009677944,0.04544622,0.0027623018,0.0053364784,0.014628834,0.008872802,0.8496537,0.063621804
photographer spotlight nick leggio owner ig mikemora photo by apin1k full feature,7,7,0.013695168,0.0069793523,0.0047403746,0.0061972546,0.014533961,0.0024725727,0.04835307,0.90302825
thousands of iranians homeless after strong iraqiran earthquake phnews,0,0,0.8301484,0.013411747,0.022375444,0.047379337,0.026137048,0.026100593,0.018477226,0.015970217
looting thugs take to streets during hurricane then get what they deserve video,6,0,0.57674193,0.024750162,0.009292935,0.034832843,0.06295615,0.043219108,0.11518276,0.13302413
forecast models indicated hurricane irma will turn north amp move over or near southflorida sunday cbs4,6,6,0.006752206,0.047181956,0.0029478152,0.005365801,0.01137717,0.009106463,0.86988014,0.047388446
would you be prepared if a disaster like harvey or irma struck greater cincinnati,6,6,0.018000072,0.06727436,0.0021973026,0.006345622,0.013552342,0.010439398,0.8271478,0.055043012
researcher claims to have predicted the iraniraqearthquake through planetary alignments,6,6,0.014734546,0.04622769,0.0071804733,0.011104464,0.017713226,0.008090318,0.6256587,0.26929063
high tide hurricanemaria,6,6,0.015213109,0.02431787,0.0018719796,0.007983686,0.020776149,0.006582196,0.70062906,0.222626
rescue work suspended at earthquake collapse site in mexico city ap,4,4,0.024249451,0.031214405,0.0065472936,0.029659573,0.8265264,0.014501729,0.0551119,0.012189433
dcsdfootball hurricane irma delayed them but week 4 stats are up online now,6,6,0.009463264,0.034197696,0.0023250284,0.0058631143,0.014927319,0.0072886683,0.8410579,0.084876984
a reminder of what happened as evacuated passengers ahead of irma earlier this month,6,0,0.83301973,0.013083891,0.0065476624,0.031252354,0.037422076,0.02597421,0.03964242,0.0130576575
harvey disaster food boxes available in impacted areas visit to learn more,4,4,0.031842344,0.008979439,0.002835722,0.016481673,0.8572438,0.007389254,0.058707394,0.016520415
find out how you can join disaster relief efforts by clicking the link,4,4,0.022806121,0.006177007,0.0033350082,0.013294534,0.87093157,0.004094778,0.045967337,0.033393644
president trump on tuesday raised the prospect of wiping out hurricaneravaged puerto ricos,7,6,0.014199881,0.2283544,0.005415414,0.006904818,0.022939542,0.010309511,0.6159772,0.09589921
vw audi nissan production hit by mexico earthquake,5,1,0.023530565,0.49715433,0.012024797,0.009758011,0.008074068,0.062159047,0.29536343,0.09193587
teen suffering health crisis during hurricane harvey uses siri to call for her own rescue,0,4,0.23012462,0.008771771,0.005496636,0.044096462,0.6161649,0.009130741,0.062206652,0.024008203
new 11pm advisory from the nhc no change irma still a very dangerous storm heading toward fl amp ga,6,6,0.0071353302,0.05077694,0.0031569502,0.005710611,0.009551215,0.010208843,0.87295556,0.04050461
univision news weekly brief a month after the mexico quake and hurricane maria,7,6,0.02005781,0.09162976,0.0041713878,0.007056386,0.01189354,0.008520332,0.79616696,0.060503878
tubbsfire victim karen aycock 54 wouldnat leave the house without her animals,7,0,0.59231955,0.019856635,0.08639594,0.1412869,0.0421921,0.046709802,0.029795373,0.04144377
mexico earthquake leaves historical churches in countrya hit,7,1,0.03039667,0.8423634,0.012113137,0.009627489,0.0093790945,0.01387877,0.057764497,0.024476813
it takes no compromise to give people their rights harvey milk,7,7,0.0911792,0.02006416,0.0024500515,0.013614839,0.07368252,0.0050249747,0.22927016,0.564714
fsu students community send hurricane irma relief supplies to south florida,4,4,0.0108093815,0.0059398413,0.0046144594,0.013849513,0.93482256,0.0045906384,0.015340484,0.010033128
dog protects livestock from california wildfires,6,4,0.094457,0.014390243,0.016075116,0.048673768,0.5347361,0.02199609,0.12263647,0.14703526
i am alive survivors of iran earthquake mourn as government scrambles to help,0,0,0.65474236,0.008869711,0.03424642,0.08725459,0.1414928,0.0151131945,0.02972584,0.028555203
afpphoto a14yaa14y8 thousands evacuate as california wildfires kill 10 a127 frederic jbrown joshedelson robynbeck afp,2,2,0.18972169,0.014898946,0.5979344,0.0831054,0.04001845,0.018785859,0.01494769,0.040587507
a list of what u can donate and where u can send your donations to for hurricane harvey victims,4,4,0.010404083,0.004852962,0.0039860867,0.010663193,0.923507,0.003768138,0.0214726,0.021345887
popular on 500px collection of classic bmws saved from california wildfires by karnadi39,6,4,0.047844157,0.013519169,0.014409176,0.040368337,0.72424483,0.03483008,0.059204187,0.06558011
austins turnkey vacation rentals takes a hit from harvey on texas coast,1,6,0.06427524,0.087758206,0.00341733,0.013051756,0.03331563,0.043299392,0.4899588,0.26492357
get started tax help for small businesses hit by harvey and irma usa today,4,4,0.03886509,0.01585585,0.002214319,0.016892286,0.79991364,0.011213985,0.09466986,0.02037486
as expected one 12hr tornado watch expires another is issued hurricane irma jaxwx savwx flwx gawx,6,6,0.008645523,0.030433778,0.0024096335,0.0054670363,0.013145562,0.007085641,0.85864323,0.07416965
chefs aiding puerto rico find redients difficult to come,4,4,0.039440192,0.009627083,0.0031311577,0.01326856,0.6592182,0.0047482518,0.13564491,0.13492168
td15 expected to become hurricanemaria next week threatening parts of caribbean hit by irma,6,6,0.0072981035,0.069628134,0.0030777133,0.0050272266,0.011427232,0.009333144,0.8578095,0.03639899
hurricane harvey was no match for the boxing family fightnewsasia fightnews,7,6,0.02997357,0.059218485,0.0021434426,0.008351618,0.011744616,0.009707681,0.76911795,0.10974263
azerbaijan offers assistance to iran after earthquake iranian envoy,4,4,0.015701514,0.01032441,0.003979606,0.0132151125,0.85757744,0.0051194495,0.061614837,0.032467615
the same islands that took a direct hit from irma will not take a direct hit from maria however puertorico isa,6,6,0.008478072,0.06287281,0.0032835938,0.0048263655,0.009432468,0.009253905,0.82964444,0.07220837
strong earthquake in iran had no effect on yesterdays earthquake in azerbaijan,6,6,0.014072867,0.0894463,0.005226912,0.0063566244,0.0077754306,0.008741372,0.77433044,0.09405002
yeah ive been ready to gojnj hurricaneharvey,7,7,0.012272487,0.010792566,0.0026554521,0.0056629037,0.01576027,0.003651273,0.16948009,0.77972496
news on npr a week after irma florida families still living in the dark,0,0,0.8678159,0.011644304,0.010842568,0.03275198,0.01679446,0.020073345,0.024585888,0.015491492
sandy beach mora psaria at the northern coastline of rizokarpaso cyprus,7,7,0.024269883,0.04932213,0.0046810247,0.007966422,0.012598712,0.0075857528,0.29717696,0.5963991
virginia beach woman chartered plane to rescue 300 animals as hurricane maria bore dow,4,4,0.014147539,0.0054299114,0.009126866,0.027067592,0.91401106,0.00801924,0.013090299,0.0091074975
how irma got her own wifi,7,7,0.019525869,0.012792529,0.0042389906,0.0066135833,0.029625611,0.004444085,0.11784831,0.804911
see how we are moving forward together postirma fumccg news and happenings gablesstrong,6,7,0.021517716,0.029245147,0.0026225583,0.0073746755,0.020667307,0.0051724855,0.44798094,0.46541917
whatas happening in puerto rico after hurricane maria is environmental injustice,7,6,0.07305702,0.1878198,0.0032359345,0.011109641,0.012106969,0.012196288,0.590132,0.11034239
this is the most adorable pic ive seen from visit a12 dai houston beygood hurricaneharvey,7,7,0.017170228,0.008456301,0.0028673357,0.0063123237,0.01766443,0.0029205375,0.09133538,0.85327345
workplace gratitude in action helping harvey amp irma hurricane victims beinspired,4,4,0.010026844,0.005502041,0.003632272,0.011882029,0.9334556,0.0035428286,0.019474933,0.012483424
sine mora ex dev on the new coop mode,7,7,0.012001908,0.006650571,0.003234854,0.0050193626,0.011257957,0.0028513586,0.053348914,0.90563506
hurricane harvey downgraded to category 1 will likely become a tropical storm d27,6,6,0.00841923,0.044630688,0.002568038,0.005319513,0.010402267,0.008287697,0.87350404,0.046868514
tracking irma this morning as it passes north of dominican republic dangerous category 5 storm gt,6,6,0.007159004,0.044642877,0.0026529902,0.005331512,0.010711396,0.009439499,0.8745748,0.045487963
copped tho right before my mom forced me to sit in the bathroom for tornado warning,7,7,0.20707801,0.038899254,0.003949124,0.015478725,0.01801224,0.009853964,0.31087032,0.39585847
irma maria jose forestfires earthquakes s song so much trouble in the world so true wheres the,7,6,0.05228537,0.06506346,0.003983148,0.011198733,0.010054638,0.0077152187,0.51389146,0.335808
yes thats a cadillac stuck in water the driver had to be rescued harvey,5,5,0.11491433,0.03344782,0.077381626,0.093865536,0.03671148,0.5966426,0.022182362,0.024854306
hurricane maria left puerto rico absolutely devastated,1,1,0.020851118,0.7101117,0.008049751,0.0076731048,0.007566073,0.02457168,0.20245157,0.018725121
weekend soccer games called off after mexicoa earthquake,6,7,0.033957317,0.034222733,0.0065994733,0.010821366,0.050857246,0.005457216,0.34957373,0.5085109
hurricane marias effect on us not ruled out forecasters say,6,6,0.008860454,0.048133746,0.002825202,0.0052181,0.0098952195,0.008225559,0.86417794,0.052663725
in kingwood texas where many families are picking up the pieces after hurricaneharvey,0,0,0.7392205,0.017656112,0.02365696,0.078357846,0.068766594,0.04071531,0.017258493,0.014368123
family houston young professionals volunteered at the giving hub to help families in need after harvey,4,4,0.012694432,0.005350109,0.0047514746,0.014281053,0.93400687,0.004033032,0.014326382,0.010556537
kenny chesney helps teen brothers reunite with mother after hurricane irma,4,4,0.015167127,0.0044892263,0.00643939,0.020319458,0.92440087,0.0047376957,0.012862424,0.011583857
20 of every order at squeezedonline goes towards hurricane harvey relief until sep 14th,4,4,0.018729141,0.017894816,0.0027697792,0.015977776,0.79273933,0.007974036,0.114813186,0.029101994
relatives say children missing after a school collapsed in mexicos deadly earthquake have sent whatsapp messages,3,0,0.41418555,0.017821018,0.12603866,0.26533848,0.09652068,0.044977244,0.017881509,0.017236866
nationaldayofprayer is bullshit you really wanna help those impacted by harvey donate timemoneysupplies,4,4,0.010273624,0.005081522,0.0027405003,0.010897164,0.9237739,0.0033470818,0.024660317,0.019225914
breaking tornado warning for adams and yorkcounties in pa until 445 pm edt,6,6,0.0078065232,0.04993281,0.0027563344,0.004777107,0.013458787,0.008713837,0.86319125,0.049363337
fire crew shares video of what they faced battling californiaa blaze,6,0,0.5246452,0.013043131,0.007908345,0.035250187,0.19636686,0.009424127,0.13158362,0.081778556
linmanuel miranda talks helping puerto rico amp notching first top 40 hit exclusive,7,4,0.01768023,0.00678626,0.0035440268,0.012689776,0.6717497,0.0037287746,0.07363107,0.21019013
artists send thoughts amp prayers to mexico city following the devastating earthquake,6,4,0.07912505,0.037720446,0.0032676295,0.02022594,0.34808242,0.0069843363,0.3283671,0.17622703
northern california wildfire interactive map esri gis waze,6,6,0.015432564,0.03069456,0.0024355806,0.00646614,0.021089569,0.0049005393,0.54559493,0.37338614
good tuesday morning we hope things are back to normal at your home following irmajoin us now until 7am,6,6,0.029186761,0.039837398,0.003236495,0.010410746,0.01877251,0.009013358,0.4673465,0.42219618
uns global emergency response fund enables humanitarians to provide urgent aid for victims of hurricane irma,4,4,0.010273534,0.007783982,0.0035135015,0.0128047345,0.9195727,0.00466291,0.029107617,0.012280974
click here finance politics business three storms raging in atlantic with one aimi,6,6,0.012428428,0.039604876,0.0023457531,0.005442232,0.014651477,0.007714422,0.79748195,0.12033091
check out new 61 magnitude earthquake hits mexico again hoodnews,6,6,0.011210107,0.07111868,0.0042979084,0.0052897558,0.008067949,0.008227448,0.82606894,0.065719195
baby born during hurricane harvey gets most apropos name,6,0,0.61182606,0.015285126,0.036716484,0.10627915,0.086908266,0.019967237,0.05430901,0.068708755
state aid to puerto rico has also been delayed by a mix of slow requests and money woes,4,4,0.021349773,0.036567554,0.0039089113,0.013430419,0.7484039,0.008665796,0.12283881,0.044834785
fire storm california a geoterrorism a no justice aa justus,6,7,0.01835595,0.026489044,0.0033300587,0.0066965194,0.012556406,0.0044418597,0.31209272,0.6160375
everybody go give eagle alum a120mora a follow at,7,7,0.017914658,0.0048943777,0.002764411,0.0052056746,0.015271291,0.0023778419,0.066604495,0.88496727
after earthquake mexico holds out hope for those trapped under rubble a not givinga upa,6,0,0.5606573,0.021583825,0.0042781904,0.026486304,0.1575791,0.009917121,0.16609284,0.05340529
iran turns down offers of earthquake aid including from its archfoe israel,4,4,0.027804988,0.027343053,0.0045082523,0.014471915,0.67761874,0.0065708533,0.16304065,0.078641534
hurricanemaria relief just dropped off first baptist orlando,6,4,0.023638073,0.013297365,0.0024964167,0.017221117,0.83039254,0.009124746,0.08475118,0.019078493
power slowly being restored after hurricane irma,6,1,0.012383581,0.62788457,0.0070335525,0.0082784975,0.02161257,0.020661004,0.26988775,0.032258585
california wildfires moment familys dog is found alive in ruins of home a video,4,2,0.105253,0.020490935,0.5031618,0.21656097,0.04334444,0.07065986,0.010224369,0.0303046
enjoying the golden tornado band from home in erie,7,7,0.057119686,0.008222878,0.0032448533,0.007899272,0.04468881,0.003039717,0.115278386,0.76050645
mexicans turn to church as earthquake death toll hits 320,2,2,0.0029347094,0.0038588995,0.9695234,0.00730454,0.0043822434,0.0076443455,0.0013479317,0.0030040562
business expert president trump signs hurricane harvey relief bill creditrepair jobs,4,4,0.021735782,0.036504902,0.0026670168,0.011192861,0.36218196,0.005567188,0.3157648,0.24438553
democrat mocks trump with paper towels in congress after puerto rico fiasco,7,7,0.026371118,0.014975314,0.008410426,0.010263996,0.01678759,0.0033308954,0.089051984,0.8308087
get to mora and try the whole menu,7,7,0.0230899,0.008607027,0.0031154142,0.006162967,0.016668212,0.0034392008,0.08756557,0.8513517
rainierwildflower one of the first flowers of spring coltsfoot already gone to seed kl,7,7,0.0368785,0.012770214,0.013505473,0.02170053,0.12025614,0.00855661,0.10060903,0.68572354
hillary clinton links climate change to wildfires hurricanes in california speech,7,6,0.021731354,0.047958214,0.002798365,0.0069548087,0.014503813,0.005685698,0.7122091,0.1881587
this drone footage shows the devastation caused by the 71 magnitude earthquake in mexico,1,1,0.01616079,0.7821567,0.009202791,0.0062026735,0.008803241,0.016001048,0.14504163,0.016431091
bun b on hurricane harvey a itas worse than everyone music,7,7,0.07655792,0.0332344,0.0023285672,0.011613482,0.016048817,0.008581183,0.420758,0.43087763
latest update on hurricane irma with links to resources,6,6,0.007982971,0.042738885,0.0028632428,0.005595651,0.01483594,0.008430845,0.85989785,0.057654608
ontiermexico will provide free legal advice to those affected by the earthquake,4,4,0.053813763,0.0109852515,0.00245546,0.015278672,0.6302106,0.0068239365,0.19521709,0.08521528
still havent taken down the plywood from irma im waiting to see what maria does f pray she heads north after,6,6,0.015522885,0.14500925,0.0046540075,0.008335375,0.014824572,0.020314971,0.6458607,0.14547825
newsgraphic satellite view of hurricane irma traversing the caribbean on wednesday,6,6,0.0064516785,0.049265202,0.002848152,0.00542371,0.013101906,0.008489829,0.86779493,0.046624713
orlando city wins friendly 61 helps puerto rico orlandocity,7,4,0.013909392,0.0056557134,0.0038265171,0.012109528,0.88081056,0.0034553697,0.0327774,0.04745557
irmas twisted sister hurricanemaria maria2017 wx weather prayforpuertorico,6,6,0.010382224,0.02361453,0.0020567128,0.0068535293,0.016006723,0.005887716,0.74043286,0.19476572
frequentou one direction mora londres,7,7,0.016545672,0.012963741,0.0027550103,0.0052312952,0.009462012,0.004062569,0.14309445,0.80588526
tornado watch continues for the tri county and the nearby atlantic ocean water until midnight chswx irma,6,6,0.007866058,0.049632244,0.002457502,0.0048228703,0.013172376,0.00844538,0.8730218,0.040581737
hurricane maria knocks out power across all of puerto rico nbc nightly news,1,1,0.010803459,0.77457565,0.012465926,0.0073577133,0.009115953,0.024538016,0.14366242,0.017480839
welcome back titans finally back to school post irma bcpsfirst knownova backinbusiness,7,7,0.050513275,0.009528467,0.0027024641,0.008892212,0.031986095,0.0027998243,0.13758895,0.7559887
a damaged apartment is seen after the earthquake in the narrate neighborhood in mexico city,1,1,0.022352256,0.8769806,0.011597049,0.008879208,0.0067054373,0.022158997,0.03808146,0.013244809
californias notorious winds feed wildfires,6,6,0.017981658,0.054040164,0.002607185,0.0065901545,0.0153177725,0.0069540753,0.7820437,0.114465356
the dominican president expresses his amost sincere condolencesa to mexico fora,7,7,0.017612005,0.01880311,0.0042197546,0.008348492,0.04024312,0.0036253873,0.24861944,0.6585286
so trumps new nasa adm is also a climate skeptic see irma harvey,7,6,0.012588805,0.041152533,0.003199634,0.007137354,0.013016186,0.0072327177,0.6582941,0.25737867
after 3 weeks of delay and one messy harvey my backpack was delivered at 1055 pm,7,4,0.18714224,0.028334476,0.004669061,0.0329641,0.29824567,0.033350013,0.27740112,0.13789332
puerto rico se levanta med students unite to help those in need,4,4,0.01625039,0.005030242,0.0037830453,0.014466429,0.9119422,0.0035762934,0.02234349,0.02260801
all my family is there boston restaurateur relieved after mexico earthquake,6,0,0.83456826,0.010651786,0.006526659,0.032815605,0.03629076,0.01203012,0.033659372,0.033457395
so proud of our kids who raised nearly 600 for puerto rico a14y5a14y7 hurricane relief with a bake sale today fwsu ai a14a,4,4,0.01043947,0.004594743,0.004842786,0.0125506045,0.92225933,0.0033766353,0.016016386,0.02592007
how hurricanemaria could affect mentalhealth edchat naturaldisaster,7,6,0.018990468,0.046446178,0.0022516705,0.006950028,0.023721652,0.008536721,0.75995773,0.13314559
opening 19 locations postharvey kprc2,6,7,0.022137698,0.01061169,0.015074091,0.012718394,0.15586597,0.0064360294,0.08398331,0.6931728
commanders of irgc irans army visit earthquake areas in western iran,7,4,0.028076973,0.020302927,0.012798828,0.02387473,0.390514,0.007996197,0.3026589,0.21377748
30a tv update jazzfest star to play irma benefit friday 30atv 30a,6,7,0.010185689,0.0070832674,0.003446512,0.006120874,0.04147015,0.002732325,0.0968029,0.83215827
smoke from californias wildfires will harm people beyond the flames reach,0,6,0.29105982,0.18416682,0.0076414407,0.019734275,0.013934037,0.014041206,0.38597086,0.08345151
hurricane harvey could create 1m salvage vehicles,4,5,0.041555747,0.080502965,0.023726236,0.050748598,0.22796915,0.48802146,0.06952759,0.017948247
ian harvey offers us a brief insight into the history of passwords in his latest blog post,7,7,0.02459572,0.017733498,0.0051016365,0.0074199745,0.023589374,0.0043868963,0.17544173,0.7417311
maria still roiling central florida beaches lee becomes hurricane,6,6,0.010226852,0.06317176,0.002444598,0.004924299,0.008017153,0.009022261,0.84702367,0.055169363
hurricane irma recovery fund for our island neighbours,4,4,0.03688435,0.04513078,0.0030769326,0.02348456,0.6374848,0.011891724,0.21108364,0.03096327
supplies to fight off my post irma cold stress longhours loweredimmunity,7,4,0.060785357,0.019057583,0.0038916196,0.026758784,0.665878,0.013813859,0.16946465,0.040350158
tech labs reach out to researchers hit by harvey,6,4,0.027613977,0.008795717,0.0031404607,0.016175654,0.8493059,0.0053942115,0.06595944,0.023614632
the ghost of jose being absorbed by hurricane maria as she slowly heads north,6,6,0.01446764,0.10029827,0.003460447,0.006499985,0.0091441,0.013037608,0.80570143,0.047390487
congress looking into how tiny company from zinkes hometown gets 300 million contract to,7,7,0.026706612,0.023469739,0.009540215,0.010129868,0.16849257,0.004140653,0.10342412,0.6540962
harvey rainfall so far houston,6,6,0.009876838,0.07938896,0.002991972,0.0055887536,0.013208964,0.008860686,0.82850695,0.05157683
my harvey always knows when i aint well a121,7,7,0.019587297,0.0075902636,0.007448262,0.007547028,0.008496684,0.0040328507,0.054085605,0.89121205
british troops help fix home wrecked by hurricane irma,4,4,0.01740486,0.04289337,0.006569862,0.021237085,0.8586954,0.017497247,0.027141701,0.0085603995
tell that hurricane bitch irma to come this way i keep that mf thang on me,7,6,0.014046951,0.02879235,0.0024082854,0.008080593,0.0149854645,0.010487471,0.7525713,0.16862758
thank youuuu d irma,6,7,0.017824648,0.0074064867,0.002494914,0.006291549,0.042384427,0.0028431104,0.10354411,0.81721073
pizza hut workers paddle through harvey floodwaters to deliver free pies,4,4,0.030093824,0.009454994,0.003222376,0.016263595,0.86961275,0.009703525,0.041363228,0.020285692
blakpac member has not stopped assisting hurricane irma victims,4,4,0.00816562,0.006052324,0.004950185,0.014587805,0.9316663,0.004367494,0.01849521,0.011715087
irma resources for homeowners businesses amp workers,4,4,0.04545458,0.09205403,0.0035992651,0.013212631,0.32483843,0.010442462,0.31734753,0.19305101
earthquake in kermanshah irans new genocide against religious and ethnic minorities,6,7,0.16338143,0.13179041,0.15686132,0.036206283,0.012381158,0.017466038,0.17604001,0.3058733
this photographer captured the devastation of hurricane maria from above,1,1,0.01812225,0.7915983,0.0064250883,0.0062732776,0.010475823,0.01791094,0.13797833,0.011215998
houston office market sees slight increase in vacancy post harvey cre,6,1,0.0869598,0.38715595,0.013346541,0.01545167,0.036214937,0.0155107435,0.24140161,0.20395882
a jesuits firsthand account of hurricane harvey via,6,6,0.02554592,0.07127944,0.002571493,0.006801498,0.014744038,0.010337216,0.7996816,0.06903889
him amp his family lost a lot during harvey amp theyre just opening back up check them out,7,0,0.5757671,0.03182335,0.11790531,0.15121403,0.034184817,0.048688464,0.015956828,0.024460038
delivering aid to floodravaged sri lanka jewish sandiego,4,4,0.00791645,0.008457015,0.0034912594,0.010621696,0.9291359,0.0043185516,0.023064222,0.012994781
how i watched hurricane maria terrorize my home from a distance,1,6,0.13917175,0.26711005,0.007554885,0.018943556,0.009401538,0.021588571,0.4214068,0.11482297
classicmsinthebiz awhy donat you try acting like a womana by gia mora,7,7,0.014474894,0.005619419,0.004477778,0.0064626057,0.010542194,0.0030095251,0.044737294,0.9106763
the stahl boys doing a little cleaning up after hurricane irma dadepba thinblueline maria,4,4,0.028286586,0.019091878,0.0050707143,0.022416119,0.79856354,0.010639368,0.07162108,0.044310685
recent hurricane hunters flying through maria find flight level winds of 120mph maria could be cat 3 again soon,6,6,0.008402584,0.05217628,0.0033913606,0.0057023447,0.0105719995,0.008849214,0.8628409,0.04806538
evidently somebody didnat want to risk putting orlando under a tornado warning,6,6,0.014670137,0.088130094,0.003286799,0.005306165,0.008656292,0.013977896,0.7885997,0.07737289
one of the first solar storage tesla energy projects in puerto rico has come online,7,7,0.014147768,0.033779934,0.0129233105,0.01044921,0.054959096,0.005476433,0.098799564,0.7694646
puerto rican farm saved from hurricanemaria thanks to solarpower via,0,4,0.032525897,0.16724789,0.0054819,0.017152077,0.60881144,0.012006634,0.09746498,0.0593092
dogs rescued from puerto rico after hurricane maria are being adopted tech technology,4,4,0.036354437,0.006452015,0.012248059,0.048710946,0.84809655,0.010765214,0.020365054,0.017007722
behind the scenes with mora a124a12a,7,7,0.013263003,0.0054426948,0.00588849,0.0068718204,0.022446154,0.0027598585,0.044962555,0.8983655
tornado low light,6,6,0.012345792,0.042040728,0.0022823724,0.006321235,0.009240224,0.008765726,0.835335,0.083668835
collapsed school in mexico earthquake is checked for a hidden defectsa,1,1,0.025306255,0.8539937,0.012450408,0.008395518,0.0073280004,0.019963622,0.053064186,0.019498343
xmen gold 11 cover by dan mora omega red returns xmen marvel,7,7,0.010682284,0.0065742135,0.008059735,0.008134531,0.01562928,0.0031453276,0.03933484,0.90843976
lucky duck irma sits on eggs even during hurricaneforce winds,7,0,0.39504275,0.02545336,0.017624512,0.052429322,0.09388832,0.021889994,0.24721111,0.14646055
ashe members offer engineering support to puerto rico hospitals by,4,4,0.010269065,0.014096642,0.0035609498,0.009356607,0.84503907,0.0041627632,0.058333553,0.05518129
mexico further updates and advice to british nationals following the 19 sept earthquake,7,6,0.041959383,0.024319137,0.0026171415,0.015734835,0.14186093,0.0054296013,0.53367746,0.23440145
skutchi wants to help businesses affected by hurricaneharvey and irma call us today 8889933757,6,4,0.01062163,0.007021925,0.0025756797,0.010417317,0.9116968,0.0038621693,0.03439132,0.019413091
auto abs issuers pull pools back from harvey irma impacted areas,6,6,0.021562586,0.07945276,0.0020667803,0.011117527,0.06891254,0.019778691,0.71431136,0.08279778
hurricane maria latest winds 105 mph about 475 miles sse of cape hatteras nc,6,6,0.00727349,0.053065468,0.0031359463,0.005261711,0.010660021,0.009520379,0.86623013,0.044852875
my beloved friend is doing godas work in puertorico right now hurricanemaria crytime keepgoing,7,4,0.04097855,0.0084298495,0.0047015375,0.018108284,0.41058883,0.005237059,0.11087298,0.4010829
comparto con ustedes mi columna con ustedes en the hill congress must fund puerto ricos new electrical grid,1,7,0.015494984,0.05968258,0.009473055,0.016453473,0.29233992,0.007508217,0.1437662,0.45528156
lee has a massive eye maria now a tropical storm not looking as healthy as it once did,7,6,0.0124974325,0.06686578,0.0025898467,0.0064935945,0.009636967,0.009065616,0.8408551,0.05199557
many islands devastated by irma will get hit again by maria your forecast at 4 pm,6,1,0.014338663,0.4840804,0.00726078,0.006686192,0.009124736,0.021155693,0.43503487,0.022318728
dominica hurricanemaria first cases of anarchy receiving whatsapp messages reports sos security,6,6,0.08759677,0.04146994,0.0027927966,0.012371834,0.021626046,0.0057234312,0.48898014,0.33943897
11 pm update on hurricane maria hurricane warnings discontinued for pr,6,6,0.007272736,0.04829736,0.0027769313,0.0050890045,0.01132693,0.009373891,0.8738432,0.04201996
f you ao atca ed ta is afl house soyluna2 vuelvemdt3 hurricane maria middendrenthe,7,7,0.016581452,0.010831617,0.0023789627,0.0057317396,0.008843442,0.003337805,0.14138584,0.81090915
great puerto rico project solar energy presents a great opportunity for puerto rico prstrong,7,7,0.012441838,0.02037839,0.0056756586,0.0074461796,0.05842624,0.003132538,0.10537041,0.78712875
puerto rico is so grateful thanks mr president,7,7,0.02091524,0.007392921,0.0040738173,0.009890077,0.16011274,0.003570077,0.12278831,0.67125684
fuck all no wall no clinton arrest zero help for puerto rico,7,7,0.022475524,0.008477805,0.004635682,0.01568598,0.11166859,0.0042158603,0.13561125,0.69722927
tofu section during harvey hit texas,6,6,0.02002927,0.1348365,0.0029844,0.00772208,0.022877755,0.018859126,0.7430577,0.049633175
tracking hurricane irma,6,6,0.007921463,0.04438841,0.0026434367,0.0055234474,0.011842814,0.0085875625,0.86463815,0.054454688
exxonmobil us branded wholesale network teams up to provide harvey relief,4,4,0.008648733,0.008512653,0.0037134767,0.011981113,0.90709245,0.005269395,0.03539842,0.019383803
statement attributable to the on the earthquake in iran humanrights,7,6,0.024088556,0.059596926,0.0055233883,0.008682368,0.0145018445,0.006938271,0.5688745,0.31179413
houston mayor pushes storm surge spine to protect city,6,6,0.03650445,0.14570618,0.0041626478,0.017774839,0.25504178,0.013432721,0.46158913,0.065788195
storm harvey flood victims face displaced alligators,0,0,0.8631922,0.009230246,0.012224562,0.03946022,0.02680415,0.01976232,0.016736118,0.012590036
yalls president has a networth of 35 billion dollars but could only donate 1 mill to harvey victims,4,4,0.0066251806,0.006584113,0.00502501,0.009613545,0.92766094,0.0035813714,0.019445809,0.021464
harvey james was born on this day,7,7,0.25596765,0.021154031,0.052857786,0.06752089,0.060544807,0.016858928,0.08247292,0.44262296
just in tornado warnings spike across florida via,6,6,0.010278796,0.052148048,0.002553741,0.0047451654,0.011523337,0.008723392,0.8592188,0.0508087
house washed away by river during hurricanemaria sadly 5 people were taken dominica dauki dausa,7,2,0.058299374,0.048680156,0.72032934,0.06708196,0.017038442,0.07128208,0.006323471,0.010965227
hurricane maria takes aim at battered caribbean florida could be next,6,6,0.008221644,0.062421754,0.0033313397,0.005779906,0.011087127,0.0106801605,0.8453635,0.053114574
damn i forgot how much of a shitshow bernies puerto rico operation was,7,7,0.021285053,0.014846299,0.0072284113,0.010256874,0.034967132,0.0051083774,0.11667769,0.7896301
wells fargo building in downtown jax flooded during irma forcing the doors to close for a while,1,1,0.014738971,0.8701594,0.008941574,0.007420867,0.010168882,0.03572709,0.04592238,0.0069209514
harvey in any language volunteer translators for farsi arabic vietnamese answer thea call,4,4,0.020665856,0.009088978,0.0031076611,0.013983775,0.70435715,0.0051761093,0.10266092,0.1409595
hurricane irma millions fleeing storm could bring highways to halt,6,1,0.028890178,0.49967322,0.0070896544,0.0116744265,0.019597527,0.10008021,0.30308092,0.029913934
permitting fees for irmarelated repairs have been waived contact us to report hurricane damage to start the repa,1,1,0.013736887,0.7973152,0.0052613113,0.0067307577,0.031196728,0.023116028,0.10868456,0.013958462
savannahaos undergoing repairs after irma damage,1,1,0.013941726,0.7812449,0.006234653,0.009090142,0.03641318,0.034861166,0.10372302,0.014491323
investigations on image search on mexico earthquakehave ss debating over a caption lies or not,7,7,0.020670919,0.03812515,0.0043487535,0.009025357,0.016444087,0.0051926323,0.45012617,0.456067
just saw the duke unc score has hurricane maria made it to chapel hill already unc starts the season 13,6,6,0.014000608,0.032569528,0.0025942705,0.007217697,0.019025097,0.006836557,0.7603789,0.15737727
15 stark videos expose reality of california wildfires,6,6,0.058406115,0.090632275,0.008501077,0.013136702,0.016439646,0.008258432,0.43312585,0.37149996
buy a solar light amp spread the word lets light aguadilla puerto rico letslightaguadilla,7,7,0.009307292,0.007796338,0.00297277,0.0051139705,0.019486867,0.002733269,0.07389894,0.87869054
first alert hurricane maria continues moving on northern track,6,6,0.0069610565,0.04612408,0.002804065,0.0053577,0.010268568,0.009018863,0.87530357,0.04416216
lifeline animal project and atlanta humane society to hold postirma mega adoption event,4,4,0.032386873,0.007463079,0.004683835,0.015535065,0.7454501,0.0042244964,0.07569273,0.11456372
please support my gofundme campaign,7,4,0.02151415,0.010996842,0.00294562,0.014513927,0.58759505,0.0041142628,0.13365342,0.2246667
damage caused by hurricanemaria in roseau dominica strafpgetty images,1,1,0.0103392955,0.878768,0.0071601197,0.0053955107,0.007936805,0.015266147,0.06496059,0.010173259
because record floods just arent enough theres another couplet and tor warning harvey txwx,6,6,0.012978101,0.06191801,0.002437541,0.00507761,0.008670429,0.008438921,0.8332277,0.06725169
arirang news wildfires ravage california,6,1,0.013419036,0.7430734,0.008598766,0.00609987,0.006516351,0.018094305,0.18226781,0.02193044
help michael bailey amp his family recover from the california wildfires a signala boost,0,4,0.03231366,0.0050881556,0.0045324336,0.022617461,0.89660716,0.00511124,0.02009157,0.013638334
when all the meat thawed after irma,7,7,0.031524517,0.051028397,0.006360856,0.0140824355,0.039018635,0.009131231,0.41015893,0.43869504
so hurricane harvey left a lot of dogs without homesmax just found onea12 aa12 aa12 a,7,0,0.55439436,0.0131774945,0.041279834,0.16866745,0.12629388,0.02988324,0.033122953,0.03318072
tornado watch cancelled for two counties,6,6,0.009673091,0.061537143,0.003012683,0.005245028,0.014572648,0.010893638,0.85503846,0.040027283
home from houston east texas needs a lot of help and time to recover you can help here,4,4,0.2422354,0.0144067025,0.004323767,0.037699755,0.59061366,0.012726984,0.07165377,0.026339944
video of cu collecting donations for hurricane harvey cuboulder cubuffs boulder,4,4,0.006786913,0.0061331172,0.0044295015,0.009592794,0.94054407,0.00407546,0.015173365,0.013264657
navy marine corps providing aroundtheclock hurricane maria relief,4,4,0.0101599945,0.008627183,0.0037254894,0.014459357,0.9074104,0.0061159227,0.03607035,0.01343137
langevin applauds passing of supplemental funding package for hurricane harvey relief,4,4,0.01276068,0.027139233,0.0037697104,0.015085005,0.77912104,0.00564909,0.104649544,0.051825743
nofollowtwitter for iphonea,7,7,0.0148498295,0.009979293,0.0029642768,0.006029034,0.027115477,0.0035615533,0.104648225,0.83085227
hurricane blame harvey amp irma punishment for trump amp gay mayor internet says,7,7,0.065183885,0.027141465,0.0054056104,0.010186637,0.012313584,0.0043942546,0.27343228,0.6019423
grand chandelier rocked by earthquake from the weather channel iphone app,7,1,0.014398869,0.80902094,0.0068447907,0.0058553014,0.008753948,0.016917165,0.11703599,0.021172922
glen cove park kemah texas houstonflood kemah texas hurricaneharvey,7,7,0.029199785,0.04795861,0.003451624,0.0064852512,0.024059158,0.005280337,0.18060482,0.70296043
the local seismograph detected the iraniraq earthquake making the detector ringing for more than 12 minutes,7,6,0.012299895,0.073653795,0.0050811903,0.00745883,0.012762872,0.009674685,0.7519116,0.12715715
bankrupt puerto rico set for fresh hit from hurricane irma,6,6,0.03609619,0.19862439,0.0028962868,0.007392655,0.014018851,0.015401458,0.643015,0.08255516
is serving victims of harvey emdayofservice might even help,0,4,0.011794986,0.005602538,0.0029980764,0.011112218,0.91809404,0.0033494155,0.02758023,0.019468514
hadley brown join forces to aid puerto rico,4,4,0.007709133,0.0051761116,0.0040141265,0.012040256,0.9317481,0.0037742169,0.019094082,0.01644393
flooded cars could flood usedcar market irma harvey,7,5,0.03387345,0.08093703,0.033990983,0.027309345,0.014368001,0.7721364,0.025488928,0.011895803
congrates we are waiting of loon in india as well,7,7,0.03582693,0.0074216337,0.004897291,0.010442583,0.03817904,0.003255834,0.15440305,0.7455736
flew through the very outer edge of hurricane mariaas cloud cover no desire to fly any closer,7,6,0.019969562,0.057273354,0.0028490548,0.008109687,0.013000766,0.01232855,0.7985854,0.087883614
21 dead in catastrophic california wildfires,2,2,0.0027937102,0.0038349938,0.9657766,0.008638168,0.006208177,0.008392945,0.0012716643,0.003083737
students raise 1000 for puerto rico by dressing down one day,7,4,0.0123257,0.0049474197,0.0053367,0.012594547,0.9164275,0.003973044,0.015088706,0.029306324
travel simulation reveals what its like inside a tornado in the new simulation from,6,6,0.024547629,0.0542798,0.0030770975,0.0074367016,0.0148685705,0.0077503584,0.61825645,0.2697834
miami football resumes practice following hurricane irma canes,6,6,0.01766051,0.043733,0.0029411558,0.011221916,0.09394022,0.008568371,0.6777015,0.14423332
some new brunswickers are doing a really great job helping florida reconstruct from irma power restored to over 6a,4,4,0.010070595,0.011561233,0.0033719658,0.009698055,0.9054534,0.0039338768,0.030011725,0.025899112
tolls to be reinstated following irma,6,6,0.018024296,0.24798834,0.007978095,0.012801706,0.043611106,0.066130936,0.47806683,0.12539881
wet mora a12a uom,7,7,0.0108944215,0.007932442,0.0048078042,0.0055643604,0.009416361,0.0031521346,0.057755485,0.900477
puerto ricos governor says island is on steady path to improvement after hurricane maria,6,6,0.02261776,0.16345465,0.0034460342,0.008068286,0.05947272,0.008463074,0.6158225,0.11865495
linmanuel mirandas releases starstudded song for puerto rico,7,7,0.0102555435,0.005281438,0.0069907126,0.009208115,0.05067994,0.0032732952,0.051059127,0.8632518
please consider donating if you can hurricaneharvey houstonstrong chartwells,4,4,0.009075128,0.008614479,0.0026961179,0.008869275,0.87129873,0.0042978413,0.04861808,0.04653033
as hurricane irma nears hospitals in floridas southernmost county are evacuating patients a,6,0,0.3894413,0.045667827,0.0059928866,0.027867539,0.31219336,0.021558406,0.17699853,0.020280167
in addition to hurricane irma hurricanes katia and jose formed on wednesday,6,6,0.007664397,0.044706907,0.0027784524,0.005651572,0.012693301,0.008021697,0.86955667,0.048927
matches of the cup of mexico are postponed because of a powerful earthquake,7,6,0.034750417,0.09348342,0.01047358,0.013165352,0.02547772,0.010614912,0.5970288,0.21500579
if anyone can hear us help cry lost in the trump maelstrom,7,0,0.3089601,0.024755359,0.0069868714,0.028074669,0.11344719,0.014840179,0.26501518,0.23792046
ilustradora joanna mora obtiene premio mundial en los gourmand word cookbook awards,7,7,0.012637207,0.007018448,0.004723028,0.0070167542,0.02397998,0.0028400733,0.06504595,0.87673855
a country torn to bits puerto rico,1,7,0.1526054,0.20036739,0.03549084,0.01718647,0.014906063,0.01588464,0.19734909,0.36621007
a painting of the hurricane irma chainsaw nun this acrylic pain painting,7,7,0.023929516,0.046784867,0.0024877372,0.0071835257,0.023408784,0.005353934,0.42055324,0.47029844
winstonsalem native back in nc from st thomas after irma,7,0,0.5738735,0.018908342,0.012386433,0.029683739,0.037994225,0.009304041,0.08574503,0.23210467
please note that fiu is not a dropoff site for donations how to help irma,7,4,0.011821294,0.008344062,0.0026593257,0.009737054,0.8879942,0.003806779,0.04712112,0.02851608
a121 soldes a14oe sine mora ex nintendo switch a bonplan,7,7,0.011299572,0.0057173707,0.0060736057,0.0063621104,0.009244933,0.0033949593,0.035361014,0.92254645
vegasnewsnow hurricane harvey hits texas hard vegas,1,6,0.011110836,0.116363876,0.0033329616,0.00488595,0.008770104,0.012770683,0.8018221,0.04094342
winds from hurricane irma peeled away this stop sign at horizons elementary,1,1,0.013141854,0.45724577,0.0060027204,0.007907471,0.012589465,0.040272705,0.41424292,0.04859698
from cajun navy to houston midwives zello is goto app for harvey rescues,4,4,0.019355558,0.0068193087,0.0027061268,0.013918029,0.82164365,0.004519714,0.072948255,0.05808924
demand for just recovery battles shock doctrine in puerto rico,7,6,0.026061464,0.04065461,0.0026355518,0.008245849,0.081491224,0.006101786,0.46861073,0.36619872
festival gives boost to puerto rico for hurricane maria relief wmc5 gtgt,6,4,0.008959997,0.0058887405,0.0032421465,0.010059193,0.917502,0.0035993513,0.029589072,0.021159556
congratulations to our new missnewmexicousa ashley moraa12 1,7,7,0.017433787,0.0049651633,0.0044163526,0.007842615,0.019998914,0.0024467094,0.056152467,0.886744
mariana velasquez mora proud alumni of rennes school of business a14z8a14y4 rsbgrad,7,7,0.019362371,0.006348701,0.0063747256,0.0065131956,0.01797836,0.002278316,0.049575657,0.89156866
what a great organization is providing free propaganda tshirts and hats to the victims of hurricane maria,4,4,0.011575009,0.004316373,0.003799377,0.010759092,0.9022135,0.0034789864,0.027358057,0.036499545
how the big tree got devastated and the small one untouched is beyond me luck of the draw or a tornado,1,1,0.012863199,0.87408876,0.01145095,0.0090241,0.0072913496,0.021970082,0.047231298,0.016080325
puerto ricoas coffee industry 6 weeks on,7,7,0.014084971,0.011318542,0.004791994,0.0072279605,0.044819057,0.003017958,0.11647358,0.79826593
hurricaneharvey by the numbers according to houstonstrong wfaa more,7,6,0.010130261,0.07037595,0.0027636718,0.0054048207,0.017932238,0.009449639,0.8351829,0.04876058
high confidence that hurricane maria wont affect south carolina,6,6,0.0084832115,0.06418872,0.0028291438,0.004909647,0.009213656,0.009196349,0.84826696,0.052912313
irans mullah regime imposes new measures to quell earthquake victims,0,0,0.58009696,0.010450486,0.045421455,0.06760819,0.19456665,0.012088673,0.052415214,0.037352353
icymi earthquake aftershocks shake iraqiran border,6,6,0.012470434,0.19532615,0.0064343833,0.0061106062,0.0077950256,0.014632769,0.7132763,0.043954335
when she says shes going to puerto rico with her friends,7,7,0.08545445,0.007405668,0.007332937,0.015425203,0.02566759,0.0059511694,0.08278011,0.7699829
we just had a hurricane just hits florida big bad irma,6,6,0.013122337,0.07715544,0.0030576598,0.0064492845,0.009921024,0.012265623,0.8391398,0.038888793
survivors of mexico citys earthquake land in las vegas with stories of horror and heroics,6,0,0.8528138,0.008813924,0.018584494,0.038701925,0.0249054,0.016495118,0.02015697,0.019528521
hero alert please share a1414da12s8a motorcycle,7,7,0.014636753,0.005712912,0.005787077,0.0077926973,0.025231171,0.0058533335,0.072831675,0.8621544
view from bridge into orange from bridge city lots of neighborhoods still flooded out setxnews harvey,1,1,0.021128284,0.8809356,0.009322894,0.0089362925,0.007475997,0.03094712,0.03402756,0.007226272
ppr volunteers jill amp kimberly at parc pet suites are caring for hurricane irma dogs that continue to arrivea,4,4,0.014802055,0.0053585162,0.0050330297,0.019428886,0.91885364,0.0048867147,0.017397773,0.014239357
saw so much of this before during and after irma amazing people,7,6,0.028850542,0.054677527,0.0031092362,0.008039684,0.013684744,0.009795143,0.68591076,0.19593234
56 magnitude undersea earthquake off chiapas mexico,6,6,0.011794457,0.07531894,0.0043528927,0.006162092,0.009255404,0.008365629,0.79020846,0.09454215
puerto rico has incomparable beautiful beaches do you agree prstrong isladelencanto islabendita,7,7,0.020697625,0.022589775,0.0038301381,0.0057177846,0.011376249,0.0043085297,0.14551678,0.7859631
irma nfl 0 to wish tysonpedro a happy birthday ufcpittsburgh ufc september 17 2017,7,7,0.014105931,0.005672849,0.005227995,0.0064959815,0.012173573,0.0023972844,0.05908922,0.89483714
damn nature you scary 8 irma,7,7,0.022410635,0.023826314,0.0032092596,0.006803703,0.0096022645,0.0051361355,0.26862323,0.66038847
prayers for those who suffering the natural disaster in iran e7 and iraq e6 f earthquake,7,6,0.15617895,0.030158635,0.003927546,0.0199081,0.07024185,0.0058185477,0.3797111,0.3340553
florida keys reopens for residents to assess damage after hurricane irma,1,1,0.11892873,0.4806868,0.0055992818,0.01743352,0.118804105,0.033058155,0.20907767,0.016411573
aerial view of a damaged road caused by a landslide in barranquitas puerto rico fema,1,1,0.010849352,0.8479627,0.013097991,0.007960894,0.006512104,0.0621769,0.04259139,0.008848749
lularoe irma and leggings lularoe jamie bigley lularoe lularoeleggings llr lulaaddict howiroe,7,7,0.0106429,0.0075744325,0.0027217777,0.0048334165,0.014962212,0.0026333306,0.09202971,0.86460227
328 die as massive earthquake hit kermanshah province of iran along iraq border iran,2,2,0.0048774974,0.0046532815,0.9646694,0.00894558,0.0042560366,0.0076841814,0.001612218,0.0033018016
frank lopez on puerto rico toxic water amp fema candy,6,7,0.025855778,0.05903767,0.0043921336,0.007866721,0.011040428,0.007590888,0.31215367,0.5720627
a week after irma puerto rico faces far worse from maria ai miami herald,6,6,0.08425773,0.057707544,0.0029848954,0.0114588775,0.013908241,0.0074020317,0.6799097,0.14237092
people seek tents for temporary housing and breathing mask after mexicoearthquake,0,0,0.7638156,0.011087012,0.0035503346,0.02685393,0.091045894,0.011155692,0.064135745,0.028355816
hurricane harvey unites a 083117 video,6,6,0.024193594,0.040876657,0.0015661622,0.0074246703,0.022688158,0.0064172302,0.7886158,0.108217776
sharapova puig to bring supplies to hurricanehit puerto rico,4,4,0.007243271,0.006995557,0.0048199515,0.0125464825,0.92927116,0.0051553207,0.01968992,0.014278232
financiallystrapped puerto rico faces hurricane maria after 1 billion hit by irma,6,6,0.03476419,0.35943514,0.0040622926,0.007639631,0.013598803,0.014931533,0.53190213,0.033666328
oped philadelphians provide ten helping hands for relief work in puerto rico,4,4,0.00727983,0.005237258,0.005587951,0.012694609,0.9387877,0.0040643476,0.012517114,0.01383107
puerto rico sees scores of college students leave in hurricanes aftermath college,0,0,0.8742009,0.013901041,0.010410456,0.023824448,0.016766652,0.015153401,0.025787462,0.019955575
a week after irma caribbean devastation is laid bare hurricaneirma environment,6,1,0.012636067,0.63327926,0.00717689,0.0063654226,0.012191216,0.017936101,0.2942313,0.016183732
here are two ways to support mexicoearthquake survivors 1 prayformexico 2 donate,4,4,0.011774564,0.004591132,0.0029556623,0.009715739,0.903836,0.0028036004,0.02829674,0.036026523
thehuffingtonposthurricane maria slams into puerto rico,7,6,0.014931926,0.34706363,0.008734485,0.008269117,0.008918903,0.057231646,0.4834252,0.07142501
the 2017 iraniraq earthquake from sentinel1 copenricus sentinel data esa snap,6,6,0.016993234,0.045891434,0.0035848753,0.0070201037,0.011941228,0.0076798624,0.7478879,0.15900135
dog rescued from earthquake in mexico city xinhuaalamy,4,4,0.040906742,0.006363767,0.020868473,0.061774354,0.8159894,0.011976332,0.017913193,0.0242078
mastercard lends support 2 flood relief efforts in srilanka,4,4,0.007201702,0.006988088,0.00412404,0.011384559,0.93597543,0.0041720653,0.018742377,0.011411658
radar indicated tornado in nw osceola co over west lake toho moving west 35 mph take shelter if here or near by,6,6,0.013288486,0.059957538,0.0026686103,0.006351458,0.00992881,0.011969787,0.85536706,0.04046823
new artwork for sale fort san juan puerto rico,7,7,0.0118510295,0.014775403,0.0094197905,0.0074737906,0.025869047,0.003335094,0.047981955,0.8792939
san diegans helping california wildfire victims sandiego,4,4,0.009657319,0.0048093456,0.0054774457,0.013472202,0.93664724,0.0036613753,0.012812806,0.013462422
harvey aid tax reform lead busy congressional todo list nbc news,7,4,0.019342622,0.029430272,0.0030820454,0.012140069,0.33915403,0.005556243,0.27389148,0.31740326
hurricane harvey airline flies plane of abandoned animals out of texas to safety,4,4,0.27557042,0.026932081,0.052150033,0.18567659,0.29105657,0.105387196,0.038424302,0.02480273
five of 32 first coast bank of america branches open postirma,6,7,0.033366155,0.0287899,0.007574928,0.012565872,0.3526321,0.007908526,0.17888312,0.3782795
harveys unlikely hero meteorologist jeff linder fakenews propaganda,7,7,0.025316555,0.013892392,0.0026586826,0.007022257,0.022312323,0.0035193248,0.27765995,0.6476185
another successful trip to puerto rico to deliver much needed medical amp other aid bstrongglobalbetter wedobetter,4,4,0.009452448,0.0071315547,0.0037104285,0.013699239,0.91623914,0.0053812983,0.029993983,0.014392019
harveyas canada coupons chicken wrap amp drink for just 749,7,7,0.01864978,0.0074589057,0.004286229,0.009207085,0.086383425,0.0043365886,0.10922039,0.76045763
and arrived in puerto rico this morning to deliver life saving supplies wedobetter,4,4,0.011736871,0.007883578,0.0044072326,0.017488366,0.9048187,0.007091716,0.031605832,0.014967586
help adlcrc make a difference in puerto rico,7,4,0.009600932,0.006443545,0.003070337,0.010761612,0.8727525,0.002988684,0.03793646,0.056445945
iraniraq border earthquake death toll tops 200 officials say,2,2,0.0028276348,0.0037327842,0.9672997,0.00782639,0.0057257237,0.0080875885,0.001382961,0.0031171632
guys new article out nowa126a126a126link is in the bio a14 3a14 3a14da14ea14fa12yai a1412di a12s8 was harvey and irma really disasters foodforthought,6,7,0.01838621,0.025638182,0.0026166786,0.0063617225,0.016523289,0.0042054313,0.35989508,0.56637347
pm of israel more why did israel offer medical aid to victims of the earthquake on the,4,4,0.022300426,0.0057987142,0.0038199206,0.015825417,0.8891532,0.003223421,0.036851466,0.023027377
harvey destroyed dairy treet im officially pissed2,1,1,0.010785182,0.8826357,0.008124632,0.0052460795,0.004953957,0.02498986,0.050718203,0.012546241
countdown to hurricane irma from orlando florida the lancescurv show,6,6,0.008898038,0.02929593,0.0020253202,0.0058212494,0.01663338,0.006777404,0.85051763,0.08003112
breaking tornado warning for lantana rd south to boca raton besafe,6,6,0.008501447,0.061151046,0.0024999531,0.004935613,0.013644226,0.010384287,0.8465295,0.052353844
media confirmations about wildfires in california predicted by clairvoyant dimitrinkaa,7,6,0.014243635,0.045318954,0.0044503175,0.0076773134,0.016538274,0.005936127,0.749391,0.15644445
finally garnidelia speedstar mora hires,7,7,0.014978087,0.0053714584,0.00526873,0.006945806,0.019770868,0.0024735772,0.051575862,0.8936156
tree down in nw hillshurricaneharvey,1,7,0.06336126,0.18572314,0.005783113,0.011178349,0.031270526,0.0076613803,0.20817366,0.48684862
starting on on discussing irma and clean up after harvey congress and the debt ceiling,7,6,0.014246883,0.06289775,0.0023759997,0.008644247,0.065866694,0.008164817,0.68926597,0.14853762
houston one week on relief religion recovery in pictures,7,6,0.06260541,0.032959398,0.002774526,0.017372336,0.3119621,0.006050512,0.326415,0.23986077
emergencymanager resigns in puertorico army ends its mission head,7,7,0.11532324,0.03829742,0.045914955,0.032756075,0.11244827,0.007828977,0.15740573,0.49002537
f1 force india driver sergio perez donated three million pesos to victims of the earthquake in his native mexico,7,4,0.009003228,0.0043386053,0.008324035,0.012771532,0.9173842,0.0043482943,0.015058944,0.02877113
shes a tornado with pretty eyes and an invincible heartbeat a,7,7,0.02365597,0.010475283,0.0056748968,0.007393009,0.014953308,0.0030759848,0.06574434,0.86902714
video shows flood waters from hurricane maria rush down street,6,1,0.013116851,0.83733094,0.006834959,0.0071365843,0.0097114155,0.028420629,0.08934298,0.008105657
linmanuel miranda is not throwing away his shot will reprise lead role in hamilton fora,7,7,0.017127382,0.005309967,0.0065798033,0.008440634,0.019567855,0.0025339464,0.05031991,0.8901205
hurricane irma a practically impossible storm,6,6,0.009247593,0.053260524,0.00254499,0.0051030475,0.0085266745,0.009259419,0.85603535,0.0560224
california couple hid in pool as deadly wildfires swallowed everything around themgtgt,0,0,0.71032387,0.021568537,0.065951414,0.086161114,0.023245737,0.03445495,0.029209753,0.029084582
irma hits cotton in southeast especially in georgia,6,6,0.010383531,0.081025474,0.0029062766,0.0049832445,0.011381903,0.009227883,0.81879514,0.061296504
santa rosa pd nuns fire rapidly approaches oakmont residents must leave now,6,0,0.8320899,0.014313109,0.0043845125,0.019529812,0.031214979,0.009576346,0.058216553,0.030674728
hurricane maria eye nears turks and caicos islands news world media,6,6,0.00859695,0.04758071,0.002472731,0.0055964394,0.010379919,0.008114174,0.8721584,0.045100644
kempa mens tornado xl handball shoes white wei weimarinefluo grn 02 size 48 eu 13,7,7,0.01064579,0.0046355417,0.0038147168,0.005652545,0.01832843,0.0024918683,0.04446349,0.90996766
pets orphaned by hurricane harvey headed to san diego the san diego uniontribune,4,0,0.6822862,0.013759623,0.02124692,0.09239809,0.11599773,0.032894842,0.024005046,0.017411524
james harvey cameron sentenced to 11 years in jail,7,7,0.058257528,0.020166948,0.051144075,0.025921863,0.022227306,0.013087402,0.0992575,0.7099374
watching for some coastal storm surge but not as bad as matthew gusty amp tornado threat higher here,7,6,0.009259072,0.061165735,0.0026741938,0.005473105,0.012161306,0.009405863,0.86082596,0.03903473
crews to return today after helping with irma recovery in georgia vt,4,4,0.012956493,0.011813971,0.0043211523,0.019141667,0.8822775,0.009282421,0.045758072,0.0144487955
canadian cargo plane sent to texas to aid posthurricane harvey relief effort,4,4,0.007639036,0.0056687747,0.0058234227,0.015438151,0.93043566,0.006262366,0.01701486,0.011717752
raymond james supports its associates and communities impacted by hurricanes harvey and irmaa,4,4,0.031778768,0.01371168,0.0025415472,0.015124207,0.86405236,0.0066137896,0.05352755,0.012650139
covering the army corps of engineers efforts to save the gujataca dam in puerto rico,4,4,0.011818122,0.018041428,0.0053107934,0.014304047,0.87185055,0.0072569763,0.045546487,0.02587156
california fires how this picture of a cat sums up the horror of wildfires sweepinga usa,6,7,0.25200233,0.02310077,0.012825734,0.024257295,0.023973888,0.009829998,0.16582832,0.4881816
wait wasnt mexico city suffered from an earthquake last week just asking,7,6,0.037740763,0.15959187,0.004357031,0.007871917,0.010749384,0.010773095,0.61132544,0.15759046
jennifer lopez and alex rodriguez raise 26m for puerto rico relief efforts christian post,4,4,0.0074351807,0.0047460133,0.005729351,0.012206703,0.9317006,0.0036575624,0.013637023,0.020887585
follow me linmanuel miranda to return to a hamiltona role in puerto rico followforfollow,7,7,0.01436822,0.0052779024,0.004637709,0.006527435,0.018262558,0.0019992436,0.053573836,0.8953531
irmas devastating impact on caribbean islands nbc news,6,6,0.011527553,0.34225294,0.006395419,0.0056483047,0.009510258,0.017763266,0.57807094,0.028831271
are irma and harvey godaos punishment for electing trump,7,7,0.016004331,0.014066177,0.0037272708,0.0067382404,0.013639278,0.0032435078,0.15435123,0.78822994
modular expandable office unit is a clean and modern environment i irma,7,7,0.018243227,0.0379974,0.0038117561,0.008998911,0.05188323,0.006162426,0.25047615,0.6224269
what will maria do after punishing puerto rico find out more in the latest tropical update,6,6,0.015237943,0.025262758,0.0026435582,0.008558185,0.026275044,0.0048327856,0.69769514,0.21949455
magnitude 61 aftershock hits mexico as search for people and pets continues a a1a 2a,4,6,0.23125575,0.05108509,0.019629406,0.077305175,0.1841657,0.049133655,0.35705003,0.030375158
iraq strong earthquake hits iraqiran border area six killed in iran humanitarian newzealand auckland,2,2,0.002363904,0.0046560457,0.96755624,0.007449087,0.0053458964,0.008255352,0.0014498963,0.0029236465
my hubby is at today on the column of harvey schachter business influencers,7,7,0.030574283,0.00743154,0.00311951,0.0068353317,0.025794193,0.0025235843,0.11142931,0.8122923
the waters in irmas path are 88 degrees thats like a hot tub of fuel for a category 5 storm,6,6,0.008607183,0.0573368,0.0031294604,0.005455235,0.014964032,0.009662183,0.82916564,0.07167944
my administrators are the best 7 goodbye irma we are back in business 0dbd8,6,7,0.021017535,0.019238437,0.0024802336,0.0060147797,0.016754666,0.004157743,0.2622217,0.6681149
moore church dedicates new sanctuary 14 years after being destroyed in tornado,6,1,0.033380423,0.7445824,0.015662823,0.013712883,0.07070547,0.017513514,0.06314225,0.04130024
words cant describe how grateful we are for the hard work amp generosity of those who responded to our plea for clea,4,4,0.0271841,0.0076589915,0.0028218236,0.012218577,0.7550245,0.0048951674,0.09262587,0.09757105
while most were worried about storm surge from hurricaneirma many actually witnessed waters recedinga,6,6,0.015567236,0.0980236,0.0030605916,0.005988069,0.009059088,0.011610832,0.82117957,0.03551104
modular homes match the quality and appearance of traditional stickbuilt houses irmaa,7,7,0.08767223,0.09509571,0.012347994,0.015118813,0.034715,0.011124586,0.099073775,0.6448519
icymi mississippi natl guard helps with hurricane harvey response,4,4,0.011627006,0.0073830197,0.005493047,0.01883731,0.90488636,0.0068623126,0.029905345,0.015005574
dollar stabilises after selloff focus on north korea hurricane irma,7,6,0.008796176,0.046849843,0.0025718992,0.005827476,0.023182701,0.007870521,0.8080883,0.09681309
time for me to visit saydrith mora home of the telvanni mages and their slaves,7,7,0.11186396,0.013664003,0.0073556523,0.012633832,0.01728433,0.0056184377,0.105960734,0.725619
in puerto rico can you upgrade your taps to the ones that are in toronto more durable and strong,7,7,0.01628151,0.022315117,0.0025567187,0.0072624604,0.053401403,0.0062184846,0.2978675,0.5940968
heres a close up look at the forecast track of maria thru friday staying a major hurricane,6,6,0.0077500492,0.038356557,0.0025698387,0.0053695412,0.012350581,0.008627413,0.8714575,0.053518564
labrador helping mexicoas earthquake efforts earns presidential thanks,7,4,0.009058384,0.0062322794,0.0031380695,0.009942172,0.907409,0.0030104802,0.0322191,0.02899042
high school football returns this week in broward after hurricane irma,7,6,0.057125717,0.050299983,0.0029555107,0.010894124,0.107212,0.0078104627,0.539905,0.22379725
california basically on fire internet 90s mc donalds saaauuuuuce,7,7,0.014215233,0.0075817103,0.0036138992,0.004936513,0.009201628,0.002503282,0.048707537,0.9092402
mora builds on its 126year heritage with a new drive in the uk outdoor industry news,7,7,0.013744502,0.021405183,0.0040028472,0.005749334,0.04436912,0.0030895255,0.15411769,0.75352174
feds team with texas to provide postharvey relief,4,4,0.007459132,0.007296295,0.0038564524,0.011481957,0.9288601,0.0043818057,0.023550404,0.013113881
north east india worst hit by cyclone mora,6,1,0.014659061,0.5091912,0.008172946,0.0059977276,0.009244707,0.020157333,0.40673786,0.025839183
how east coast dudes look making fun of hurricane harvey while irma is coming for them,6,7,0.24909048,0.014118103,0.0053276513,0.015810357,0.031837117,0.01321522,0.21235403,0.45824698
networks join forces for hurricane harvey telethon featuring george clooney beyonce others,4,7,0.02212767,0.015141383,0.0035796058,0.013166569,0.34294155,0.0037372003,0.19386177,0.4054442
hes shaking peoples hands and then preparing food trump harvey houston,7,7,0.037168622,0.0098114135,0.0030403228,0.014049607,0.18673442,0.0036287643,0.15674947,0.58881736
mexico earthquake prophecy fulfilled official video,7,7,0.022919375,0.025282528,0.0034806104,0.0070765144,0.01509576,0.004217928,0.2825534,0.63937384
puerto rican menas volleyball championship canceled due to hurricane maria,6,6,0.03835754,0.11010936,0.0129244905,0.012546702,0.018497797,0.010312626,0.525842,0.27140942
mexico revokes permits of schools that collapsed ina earthquake,6,1,0.025070155,0.7930513,0.009327836,0.007872186,0.015824629,0.01838283,0.09531143,0.035159662
viequeslove raises nearly 900000 in hurricane maria assistance,4,4,0.00837599,0.006454773,0.0052085393,0.011054601,0.9332036,0.004655852,0.01619199,0.014854745
a ray of hope tesla brings solarpower to childrens hospital in puerto rico solar,4,4,0.013482452,0.01426778,0.0041798805,0.0136412615,0.72725785,0.0040391576,0.087211035,0.13592064
california wildfire by bachirbadaoui1 photography beautiful,7,7,0.016632758,0.011716107,0.0032100251,0.005758739,0.014228455,0.002465244,0.13515586,0.8108328
new texas law amid harvey eases home insurer penalties on damage claims,1,1,0.028321935,0.44019577,0.004765776,0.0068875602,0.015821602,0.023830239,0.40004498,0.08013214
red flag warnings today october 22 in california nebraska kansas and colorado wildfires,7,6,0.00946308,0.04865695,0.0029364598,0.005236256,0.009932415,0.0075413734,0.84481496,0.07141844
irma gonna getchya is all smiles in fairbanks ak get the entire weeks geek in review here,7,7,0.0140846865,0.013587735,0.0024885666,0.0057448177,0.024786962,0.0034121238,0.24223861,0.6936565
all wet resist harvey presidential,7,6,0.09070422,0.02864822,0.0019381406,0.012559516,0.032246474,0.0066388506,0.4942551,0.33300957
together we are stronger strongertogether hurricanemaria here is how you can help,4,6,0.044061765,0.025176551,0.002344369,0.020010581,0.28898704,0.0068215174,0.41749197,0.19510613
beyonca and her mom eat at their favorite houston spot after serving meals to harveya,7,7,0.18007533,0.008390985,0.007146373,0.023491975,0.19413793,0.00769724,0.09267202,0.48638803
dtmag secshulkin provides an update on harvey recovery efforts,6,6,0.01486926,0.08071138,0.0031673159,0.012096048,0.09495321,0.014744731,0.73343515,0.046022907
adventist review online adventist relief personnel mobilize to help earthquake victims,4,4,0.009657169,0.0049779583,0.0053173807,0.016337484,0.9339345,0.004563914,0.014318416,0.010893209
twitter erupts after iraniraq earthquake,7,6,0.02499504,0.05107215,0.0045704436,0.009315305,0.013185424,0.0070020943,0.4820772,0.4077824
cyclone mora hits bangladesh destroys refugee homes news dw 30052017,1,1,0.014748535,0.8841766,0.026493726,0.0106517775,0.0050777793,0.034393232,0.018667884,0.0057904897
what a great welcome back to work after hurricane irma by of course no notifications for the huge delay,6,6,0.020040073,0.048799623,0.0020611784,0.006678759,0.021978403,0.008351531,0.7238582,0.16823228
president trump says he will travel to stormravaged puerto rico next tuesday,7,7,0.027264705,0.019420378,0.0031793949,0.007935467,0.04508913,0.0034737552,0.36332953,0.53030765
satellite images show harveys impact on texas towns,6,6,0.011953372,0.44558606,0.0072954884,0.006048288,0.010714989,0.020848358,0.47674957,0.020803941
california fire crew gain control damage could reach a 3b,1,1,0.014679336,0.8035946,0.011284347,0.007882411,0.010946331,0.053042453,0.08710062,0.011469933
irma and harvey trump man nothing could save this ye,7,7,0.03613519,0.020018019,0.002453301,0.010693573,0.033588454,0.006205612,0.35035205,0.5405538
600 celebrities tweet your puberme for puerto rico relief lssc,4,7,0.057631508,0.007240902,0.0036999965,0.011524295,0.2688248,0.003600937,0.12928614,0.5181914
irma nfl and its only halftime 1 gopats nevsno via twitter,7,7,0.013480011,0.0068509686,0.003997695,0.0057880566,0.015228069,0.0022617932,0.073117115,0.8792763
mlb baseball melvin mora bobblehead baltimore orioles sga with box,7,7,0.013313701,0.007352068,0.0051496625,0.0064124865,0.011924512,0.0026346464,0.051437873,0.901775
mexico earthquake forces postponement of clasico nacional a soccer,7,6,0.017149732,0.055720486,0.00472216,0.007960234,0.021840874,0.0060133203,0.53253376,0.3540594
breaking red cross to relaunch harvey assistance site on sept 21,7,4,0.012193409,0.019148713,0.0030037118,0.01224832,0.869657,0.005513723,0.05771228,0.02052271
no power from irma but this raised our spirits from lgm seeyounextspring,6,6,0.01950385,0.0560028,0.0036726901,0.0076442687,0.017707272,0.007482102,0.59722906,0.29075798
wildfires continue to burn across california oregon and utah,6,6,0.015052504,0.19430299,0.0067154313,0.0069072857,0.009829748,0.013187378,0.681948,0.07205663
tornado damage canton fruitvale tx 43017 drone 000157,1,1,0.012266572,0.85281956,0.008586742,0.0054469607,0.0055221845,0.027253402,0.07310385,0.015000702
sensational alex harvey band livepenthouse tapes a699 arrived in stock see,7,7,0.015457729,0.007203596,0.0026478355,0.004997195,0.01597169,0.0028520175,0.0820692,0.8688007
puerto rico will rise again,7,7,0.018875066,0.011838411,0.004885138,0.006817568,0.019570978,0.0024307119,0.120672345,0.8149098
reporting from houston on hurricaneharvey great job and please be safe,6,6,0.0141808335,0.046316184,0.0019194488,0.008151386,0.052605923,0.008562807,0.7782433,0.0900201
read more on how delivering good is helping harvey victims,4,4,0.010423535,0.0068797953,0.0024371739,0.0103576435,0.90104014,0.0032988738,0.039130356,0.026432602
10 benefit shows you can attend to stand with victims of the mexico earthquake,4,4,0.025554432,0.0041619623,0.0033022177,0.01315435,0.8610137,0.003620361,0.043796964,0.04539597
they are taking away early release days because of irma,7,6,0.3252861,0.02963718,0.004532315,0.0196919,0.051778592,0.013420079,0.42452097,0.13113295
we cant forget the victims of harvey amp irma their path was destructive staystrong,0,0,0.8483903,0.024701951,0.021469416,0.025242709,0.010940214,0.02339765,0.03427179,0.011586066
here are key messages for hurricane irma from flwx flkeys keywest,6,6,0.009847183,0.033641227,0.0022821843,0.005952236,0.018769667,0.008246612,0.83599776,0.0852631
on hurricane irma aftermath news duty today for miami herald,6,6,0.017565,0.03802492,0.0026511746,0.013964655,0.085403815,0.009000001,0.75206715,0.08132333
were all feeling puerto ricos pain tweets and social posts from disasters change how we help breaking,6,0,0.33001444,0.024113605,0.0033512446,0.019643575,0.15254648,0.0074779475,0.27240312,0.19044966
deadly hurricane irma leaves hundreds of thousands without power in puerto rico,1,1,0.06691095,0.7103638,0.012391599,0.01149489,0.009804502,0.036105804,0.13566642,0.017262103
gary ferman column team needs to regain edge after hurricane irma,4,6,0.08743208,0.03511517,0.004364978,0.023250809,0.3295865,0.021551026,0.42243642,0.076262996
the navy has been gearing up to help respond to hurricane irma,4,4,0.014622443,0.022109715,0.0047215973,0.019356336,0.77311075,0.012116875,0.12729383,0.02666832
photo of cop carrying woman baby through harvey floodwaters goes viral,4,0,0.3836353,0.019675244,0.095990345,0.22241566,0.16276398,0.034871835,0.031467013,0.049180582
1 week after irma and walmart still cleared out,6,6,0.0128781935,0.138006,0.0038008213,0.007517019,0.025204584,0.013559311,0.69926876,0.099765316
sunearthquake model matches m81 in mexico,6,7,0.0124744745,0.007198613,0.006201002,0.008537322,0.028707234,0.005947659,0.08941644,0.8415173
aect president amp ceo julia rathgeber discussing hurricane harvey response with legislative staff txlege,6,6,0.03307663,0.028971171,0.0025784378,0.013700395,0.30163544,0.004864884,0.42202643,0.19314663
california wildfires wow what a crazy month in the states,7,6,0.03246527,0.077092245,0.0047982656,0.008813573,0.010857305,0.007962547,0.57503074,0.2829801
man who killed ex before harvey knew exactly what he was doing,7,2,0.026067587,0.024587406,0.6317467,0.031668656,0.02379118,0.026771443,0.028572477,0.20679455
help us support puerto rico 1116 you can win a shoveit snow sleeve among other cool prizes maria,7,4,0.016143734,0.005721903,0.0031064902,0.011558006,0.81475985,0.0037866044,0.051974535,0.09294885
puerto rico part ii national grid and tesla team up to solve nantucket islands energy woes,7,7,0.013871619,0.023477403,0.0067094536,0.0137852095,0.27256337,0.004349449,0.16830307,0.49694043
mexico city earthquake cristiano ronaldo and top clubs lead tributes to victims of disaster,7,4,0.019931212,0.006093279,0.0072681387,0.018020509,0.8094825,0.00385546,0.058464732,0.07688415
mora companion get the point,7,7,0.017365992,0.007234452,0.0038395182,0.006331771,0.012064568,0.0028963163,0.08711036,0.86315703
does the us honestly expect puerto rico to reimburse them for whitefishas outrageous rates,7,7,0.022881532,0.024196144,0.002792544,0.0077926423,0.07559099,0.005550259,0.3097239,0.5514719
one restaurant donated 3000 falafel sandwiches to the earthquake victims kermanshah iran,4,4,0.009864473,0.0051572965,0.007756086,0.011366224,0.9205259,0.004624373,0.015698798,0.025006844
a12c yasss its time for livemes show magaaa a1439a340a1439moraa12b,7,7,0.010658317,0.005534915,0.0035152123,0.005040073,0.016644694,0.0022403966,0.05563406,0.9007324
caughtoncamera amp write new song for hurricane harvey relief,7,4,0.023730166,0.0100478865,0.0031200028,0.014305097,0.5806798,0.0049744346,0.13626626,0.22687635
kim kardashian showcases sexy looks in vogue mexico cover shoot and makes a plea to help earthquake victims,7,4,0.029570889,0.006439586,0.006823791,0.021263944,0.5467427,0.004719423,0.06830335,0.3161364
a horrific time in puerto rico and the caribbean generally,7,0,0.39089212,0.033442967,0.011722788,0.020152517,0.0121848015,0.010308727,0.16749002,0.35380602
underweight and overweight mainly overweight v high in central america data from alberto mora,7,7,0.19966221,0.021651568,0.011361319,0.022360912,0.02351073,0.010750737,0.23123428,0.4794682
did i use the wrong hashtag ayto jeugdzorg bergen2017 hurricane maria paulo freire,7,7,0.02216784,0.023972739,0.0030301989,0.0074240733,0.009365028,0.0051465333,0.2647753,0.6641183
dozens of employees members lose home in california wildfires,1,0,0.74479795,0.033609834,0.0881144,0.05765744,0.012539521,0.03162229,0.018095795,0.013562672
arescuers save dog trapped under rubble after mexicoas earthquakea a121a14y2a14yd,4,4,0.15619639,0.009162149,0.017158786,0.09280903,0.64528364,0.017281517,0.032796904,0.02931159
lebron and the cavs may be sounding like jim mora soon i just hope we can win a game nbafinals2017,7,7,0.016681993,0.006469303,0.004158394,0.006614194,0.010727596,0.0027862175,0.071565785,0.88099647
harvey katia irma jose our planet is screaming for help 2e,6,6,0.17858826,0.023612607,0.003793021,0.033985432,0.28920835,0.020011157,0.35291478,0.09788647
aphrodite born on the waves antonio mora photography,7,7,0.022009963,0.007197403,0.0044487664,0.006690364,0.010663165,0.00313802,0.05844933,0.887403
because the mississippi delta was my home for 10 days while outrunning hurricane irma,7,6,0.3685672,0.05417819,0.00400661,0.017292496,0.023135796,0.0150867,0.376215,0.14151795
chickfila manager organizes jet ski rescue for harvey victims,4,4,0.010713417,0.0050277053,0.0052671237,0.016050307,0.92731047,0.0052901367,0.017760077,0.012580836
puerto rico was dope last nightstorm,7,7,0.01625361,0.010750579,0.0034818305,0.0050947503,0.014708459,0.0029163952,0.10778787,0.8390064
hurricane irma might not have gotten us but we got a whole new storm thats about to destroy us,6,6,0.011234369,0.07571175,0.0031692495,0.0059339474,0.009114395,0.013846343,0.82534635,0.055643566
florida man dies in police custody after violating irma curfew,7,2,0.003993743,0.0043149707,0.95596105,0.012156126,0.0059015197,0.011113994,0.0016097586,0.0049487776
hurricane irma gov deal expands state of emergency to all georgia,4,6,0.018110558,0.046904765,0.0020677818,0.0116661005,0.087969154,0.0093561355,0.73442686,0.089498684
quick someone find mike ross harvey needs the talk help him mike quickly darvey,7,7,0.10026491,0.0099633755,0.0076665496,0.038844544,0.12898535,0.013231973,0.17073779,0.5303055
irma nfl frank gore is in for the colts touchdown colts azvsind via twittera,7,7,0.01309922,0.0046885395,0.0046688356,0.0076702065,0.03319157,0.002551715,0.06715764,0.86697227
what i learned from hurricaneirma or rather what i didnt know before it tuesdaythoughts,7,7,0.024340957,0.026211593,0.0030980632,0.0070838416,0.018573184,0.0049537937,0.3164392,0.5992994
last of the irma rations until next time,7,6,0.05562992,0.025717147,0.0039746487,0.020404847,0.13208227,0.0118309185,0.45030725,0.30005306
their fault for not whipping out their own hurricane and kicking marias ass s puertorico lasvegas,6,7,0.068579614,0.025124134,0.003139283,0.008750604,0.021173788,0.0061676884,0.30463102,0.5624339
small tornadoes unfortunately are part of tropical systems currently six tornado warnings are in effect in fl,6,6,0.008647059,0.050170172,0.0031983582,0.0054971077,0.009520556,0.009251139,0.8734783,0.040237296
this man cares nothing about puerto rico,7,7,0.024134785,0.009951698,0.009327698,0.011567082,0.012244317,0.004508023,0.06942023,0.8588461
mora impact port city sees heavy rain waterlogging tisnews click link,1,1,0.013550741,0.7149582,0.006205299,0.0058919815,0.01066754,0.019224586,0.21240512,0.017096577
most mexico city museums have reopened,7,7,0.05012121,0.09047538,0.010540588,0.013878894,0.07633041,0.0082443785,0.23940958,0.51099956
sentedcruz sbasouthcentral individual sba disaster loan assist now available harvey portaransas 8006,4,4,0.013446099,0.009552187,0.0023415852,0.011930929,0.8753726,0.005315906,0.057937413,0.024103392
hurricane irma would stretch from san francisco to los angeles 3,6,6,0.0076618316,0.04106528,0.0025027625,0.0049763033,0.013689311,0.0073651085,0.8496852,0.073054194
maria is now a category 2 hurricane as it approaches the leeward islands track has it taking a more northerly roua,6,6,0.008074006,0.042602167,0.0025302605,0.0055672396,0.011325969,0.009430534,0.86735517,0.053114742
watch cnn ignore hurricaneharvey to keep complaining about trump,7,6,0.017285425,0.034777906,0.0022587436,0.0066823824,0.01751458,0.006156947,0.64599806,0.26932594
treasure coast family recounts vacation in the caribbean during irma,6,0,0.79910713,0.010384016,0.009334912,0.031214045,0.032694906,0.013140836,0.04573669,0.058387328
impressive thermal image of hurricanea maria,6,6,0.008772937,0.06270846,0.0032292733,0.005404465,0.010820162,0.0088613145,0.8285855,0.07161782
nana tornado at afia schwaras house celebrating her yawa of week lol animguaasea wakekeeping,7,7,0.053553753,0.0363232,0.0021411895,0.0077455956,0.02554219,0.0043952395,0.38773814,0.48256066
hey your bio is redundant puerto ricous youare welcome,7,7,0.025686167,0.012854533,0.002448887,0.0059485086,0.0102180885,0.0032970542,0.12408359,0.8154632
my fuji gotten to lean on everything in puerto rico lvpr16 lamblas,7,7,0.016237034,0.009368837,0.0041241674,0.005790335,0.010557421,0.0039894236,0.06732281,0.88261
happy birthday to carlos moras biological son and brother chris gonzalez,7,7,0.08117166,0.008419397,0.024869198,0.029090168,0.025667736,0.0076371687,0.071068704,0.75207597
military mission to help puerto rico contact me for details you are not alone,4,4,0.035517097,0.0060888873,0.0036654754,0.022094028,0.7838668,0.0050232387,0.07373737,0.070007
rutgers chabad helping puertoa rico,4,4,0.01025066,0.0054999557,0.0031796473,0.01129518,0.9171906,0.0031600913,0.022576446,0.026847433
dropoff centers throughout valley collecting items for puerto rico,4,4,0.0118067665,0.004898772,0.0043705455,0.012129961,0.9071108,0.004892786,0.027735962,0.027054375
a huge crane just collapsed on top of building in down town miami irma,1,1,0.014468304,0.78917044,0.04021798,0.015141727,0.007929924,0.10268166,0.023853349,0.0065367464
stormtech ii hurricane maria edition,7,6,0.014011674,0.023552714,0.0019085113,0.007881245,0.022098377,0.006090125,0.7293049,0.19515243
hurricane irma dislocated worker program,6,0,0.7617832,0.06223863,0.011667303,0.024738703,0.022217378,0.025995612,0.06376596,0.027593194
i just liked this song the wind by pj harvey musicmedicine playlist,7,7,0.016806617,0.007289058,0.0037234637,0.0064224023,0.015004414,0.004112317,0.07361602,0.8730257
crews fanned out across dekalb county today to assess damage to homes businesses left by irma has thea,1,1,0.010396865,0.88817906,0.011103826,0.008900652,0.010445325,0.032176074,0.032766078,0.006032013
irma update free roof help available,4,6,0.04113992,0.08943246,0.002472103,0.014089056,0.20294747,0.009316177,0.44301432,0.19758855
there is a lot of good info in here hurricaneirma irma scwx,6,6,0.010601925,0.039341345,0.0028065473,0.006117393,0.017350258,0.008389053,0.8045208,0.11087267
watch 2 men film their narrow escape from raging california wildfire heatwave wildfires,7,0,0.7311811,0.008938711,0.012115762,0.04540985,0.092160545,0.01888514,0.047429107,0.04387979
minn women caught in california wildfires are home safe looking to help,0,0,0.4916704,0.008359348,0.016080035,0.0843773,0.32908386,0.020245625,0.029833278,0.020350078
selena gomez tears up talking about hurricane harvey victims via instyle celebrity entertainment lifestyle,6,0,0.79174215,0.009970769,0.022394301,0.05098844,0.050902743,0.010501515,0.028376382,0.0351237
this is what hurricane harvey will mean for trucking,6,6,0.018729353,0.106112264,0.0024485267,0.007035289,0.019243512,0.029505346,0.7658133,0.051112387
on this day in 1991 a fire swept through oakland california burning thousands of homes tbt ccltbt,1,1,0.0146460915,0.89288634,0.016851176,0.0075357477,0.0045992956,0.021087049,0.032528818,0.009865566
how the california wildfires will ravage the weed economy,6,6,0.028364737,0.17799726,0.005187869,0.007567412,0.015281252,0.010703764,0.56490916,0.18998861
puerto rico got leveled by hurricane maria and all i got was this lousy tshirt from cnn,7,1,0.014388692,0.6764122,0.006134903,0.005906392,0.00974552,0.017477272,0.24219128,0.027743692
usatoday raw over 400 known dead in iran earthquake,2,2,0.0027543798,0.004046161,0.9652283,0.0088031655,0.006173276,0.008554442,0.0014175202,0.0030227154
couldnt be happier to help those who were impacted by hurricane harvey 7,4,4,0.011670612,0.0056652757,0.0039600614,0.012403868,0.9199493,0.0032989434,0.02207187,0.020980012
ucla head coach jim mora and db coach demetrice martin watching at the bruin elite camp,7,7,0.01997909,0.009319377,0.0030049467,0.007421536,0.03903066,0.0029705472,0.15880011,0.7594737
and i wouldnt drink from this if it were the only water on puerto rico staples,7,7,0.021959402,0.014955307,0.0038086511,0.007892951,0.026019787,0.0035118929,0.15238388,0.7694682
from hurricane watches will likely be issued for parts of fl today irma,6,6,0.0071493215,0.036078256,0.0026327937,0.0058345273,0.01610098,0.008145661,0.87431496,0.049743578
hurricane maria downgraded to a category 2 storm here is the 5 pm advisory,6,6,0.008557477,0.062003627,0.0029952321,0.004978238,0.0099691795,0.010424715,0.8585967,0.042474847
puerto ricos massive blackout underscores islands fragile electrical system,6,6,0.017937953,0.40163058,0.0062549748,0.0068023396,0.010568481,0.017262422,0.4760334,0.06350984
interesting day volunteering for the red cross houstonstrong harvey logistics irmahurricane a121a121a121a121,4,4,0.01201669,0.004937331,0.002991463,0.010343422,0.88916224,0.0034584887,0.032163788,0.04492665
3 jawdropping videos from the california wildfires,6,7,0.02170699,0.032977927,0.0030746723,0.007829486,0.025747666,0.004787658,0.42619944,0.47767624
california woman stole from fire evacuees in santaa rosa,7,0,0.2964453,0.02600642,0.11931935,0.19094442,0.14451344,0.07610707,0.039454654,0.107209355
irs disaster relief info for hurricane maria available,6,4,0.031267356,0.03381336,0.003302909,0.023154652,0.6737832,0.011355727,0.19367327,0.029649604
pay con mora 3,7,7,0.012867822,0.0078030056,0.004923198,0.0065368386,0.015772061,0.0028094223,0.059279118,0.8900085
earthquake swarming continues near yellowstone popocatapetl volcano erupts in mexico,6,6,0.01216003,0.11194675,0.0062300093,0.006590561,0.009170779,0.010110341,0.7601491,0.0836424
nancy pelosi demands probe into montana firmas a highly suspecta contract to repaira,7,7,0.012542472,0.0338504,0.006155073,0.008527596,0.045880962,0.004636667,0.26071993,0.627687
news lata reassures visitors to mexico following huge earthquake,6,6,0.16709268,0.034370188,0.0032187428,0.017283468,0.06819574,0.0069058696,0.5081179,0.19481541
when i say sko you say mora sko,7,7,0.023104606,0.006717001,0.007606708,0.009548569,0.010445459,0.006114462,0.06365256,0.8728107
thehill fema chief harvey should be a wake up call to states to fully fund emergency management a,6,6,0.024811972,0.038724665,0.0026977875,0.018211205,0.31861869,0.008084202,0.45524976,0.13360171
puerto rico is still in emergency mode hope of improvement is fading,1,6,0.07167033,0.11743009,0.002449657,0.013952933,0.08315381,0.012130412,0.6251402,0.074072614
diehard cyclist rides bike through hurricane irma,6,6,0.2168912,0.02586845,0.0054665776,0.033949845,0.21109256,0.060185343,0.33799914,0.10854683
money irma business bull market loses this particular wind at its back via gadfly ai ba,7,6,0.01730715,0.12341023,0.0036809403,0.005844856,0.009809276,0.0146483695,0.7398385,0.08546076
marcus luttrell texas residents helping world war ii vet rebuild home hit by harvey for 100th birthday,1,4,0.021354951,0.008371508,0.004092031,0.014757057,0.9183805,0.0047867293,0.017243046,0.011014156
did i fail in helping a harvey evacuee hcldr pinksocks a122,7,4,0.017190399,0.0053513423,0.004186739,0.017832913,0.8869923,0.0041193343,0.02789255,0.03643446
byeharvey i do feel for anyone named harvey right now though,7,7,0.037505616,0.01361398,0.0039130994,0.0085236905,0.016138472,0.0038131205,0.123598725,0.7928933
apuerto ricos posthurricane recovery efforts have been largely a grassroots impulsea,6,4,0.024925247,0.058089487,0.0032942016,0.016598387,0.6072657,0.007002028,0.19651835,0.08630659
centralfinance provided medicine for the flood affected communities floodsl,4,4,0.016963294,0.0061758053,0.004096151,0.014713511,0.9045763,0.0053033032,0.033249088,0.014922562
firefighters gain ground on california wildfires theresistance will maga follow,4,4,0.04981106,0.019981358,0.0033777263,0.025651427,0.5286342,0.01308813,0.282394,0.077062115
rescue workers continue to search through rubble following earthquake in iran and iraq,4,4,0.03251727,0.011116868,0.012356853,0.04880097,0.8414203,0.016146682,0.027103668,0.010537386
a modular home is not a mobile home it is simply a home that is built offsite as opposed to onsite irmaa,7,7,0.062490832,0.050027553,0.011886648,0.015589132,0.03274891,0.008398265,0.08935398,0.7295047
just liked sangre gitana y mora by lole y manuel,7,7,0.013670148,0.0062648756,0.005959964,0.0077378415,0.012491167,0.003786888,0.050321836,0.8997673
world leaders offer condolences to iran and earthquake survivors,6,6,0.14472462,0.020548573,0.0065821386,0.026407188,0.21506807,0.0058550932,0.33786374,0.24295053
blackedout puerto rico makes a longshot pitch for amazons hq2,7,7,0.011174593,0.008604866,0.0049767033,0.008073709,0.075725645,0.0026050075,0.10074986,0.78808963
a12c yasss its time for a great show a12bgabmaleno a12bhelping harvey amp i,7,7,0.010215702,0.0056366445,0.0034889816,0.0046551684,0.013378869,0.0023374532,0.052277137,0.90801
while he insults them from a golf resort his second golf vacation since hurricane maria hit,7,7,0.10032969,0.025806185,0.0058024456,0.01304159,0.013136288,0.00874904,0.15281066,0.6803241
steve harveys 6th grade teacher doubted him and he didnt forget it,7,7,0.031654336,0.028594663,0.0056302682,0.01029132,0.013504441,0.0058541903,0.20542575,0.699045
this is why its so difficult to get supplies across puerto rico all major highways are blocked by utility poles,1,1,0.02911047,0.6704462,0.010364533,0.015981793,0.02372914,0.13947743,0.09042205,0.020468319
get your irma relief blowjob tshirt to help us rebuild in the spirit of george carlin at,4,4,0.013012921,0.024423923,0.0027444367,0.013616351,0.7803607,0.005706176,0.10384527,0.056290243
wildfires in californiaas winelands economy finnacial,6,7,0.019965973,0.05552465,0.00383291,0.0068311123,0.018694157,0.005481475,0.39415872,0.49551097
all clear issued for the turksandcaicos islands by hurricane maria recovery underway cometogether a14y9a14z8,6,6,0.009391617,0.041511584,0.0031703115,0.010328897,0.061839886,0.0073021064,0.7172593,0.14919633
whats happening harvey damage testing texas infrastructure,1,1,0.010131807,0.86020505,0.006287683,0.0051581496,0.0074589867,0.020306531,0.07879181,0.011659898
a why morataas move to manchester united is not done yetaa agent,7,7,0.036243387,0.013292559,0.011901371,0.01243934,0.016446862,0.0038099661,0.09749389,0.8083726
the mets 6179 nimmo goes deep twice as harvey beats the reds 6180 72 this evening at citi field,7,7,0.015015814,0.033303168,0.0032410196,0.007061564,0.016587928,0.0057274783,0.30593532,0.6131277
just in readout of briefing on hurricanes harvey and irma,6,6,0.009610827,0.040484633,0.0024206047,0.005587393,0.014392297,0.008808543,0.85700697,0.06168873
news boris johnson calls for greater cooperation in wake of hurricane irma,6,6,0.015771644,0.041747887,0.0030781843,0.011401737,0.10647094,0.006604788,0.6577135,0.15721132
hurricane harveys impact on the us oil industry,1,1,0.014053589,0.46049425,0.0070726005,0.006411604,0.009217371,0.021565806,0.44219968,0.038985133
lessons from hurricane irma we need to embrace science and address outdated infrastructure irma study science,6,6,0.011946791,0.070688084,0.0022897315,0.0052816602,0.017484719,0.009200958,0.8005275,0.082580544
our furry friend safely returned home after boarding with us during hurricane irma chestercounty vetlife,6,0,0.6057461,0.009806308,0.010499865,0.07077592,0.16356546,0.02096855,0.062666334,0.05597147
flood damage 8 problems to watch out for harvey propertydamage,1,1,0.011445055,0.86720675,0.007052217,0.0052063894,0.006738218,0.01881184,0.07201336,0.0115261655
lpd officers return from harvey disaster relief,4,4,0.042709894,0.006825837,0.005794988,0.027601143,0.86224276,0.008357521,0.03008492,0.016382853
storm clouds near the area under a tornado warning in st lucie county,6,6,0.009934797,0.061729215,0.0025366244,0.00519205,0.010651667,0.009460355,0.8630789,0.037416454
hurricane maria crushed puerto rico farms this activist wants to grow resilience through,1,1,0.037958592,0.73197514,0.0058668987,0.008778484,0.018787721,0.020446695,0.14364327,0.03254311
texasstrong harvey aid debt on todo list as congress gets back to work houstonproud,4,4,0.019130774,0.041562263,0.0030983815,0.015138311,0.6942525,0.00766345,0.1520314,0.067122854
amazing dogs help rescuers in mexico earthquake,4,4,0.013004504,0.0054230387,0.0053159697,0.020094056,0.91785395,0.0048020813,0.01934337,0.0141629735
abbreviated pundit roundup puerto rico is still there,7,7,0.014263683,0.0072845058,0.0043122754,0.006374054,0.017875884,0.0022754075,0.07921543,0.8683988
icymi asks for 2nd collection for irma needs in us parishes this weekend,6,4,0.016659213,0.024620002,0.0033350692,0.017858861,0.6516166,0.0074414494,0.20469841,0.07377042
dear harvey specter wake the hell up now seriouslynow darvey suits,7,7,0.021765523,0.009261304,0.0026165578,0.0054575526,0.010234825,0.002713247,0.082267605,0.8656834
from space hurricane irma looks like a superstorm from another planet,6,6,0.008271652,0.04975965,0.0029363737,0.005484048,0.009570754,0.008665694,0.8497036,0.06560824
made it clear that there isnt a policy dictating leave from natural disaster like irma,6,6,0.03630191,0.06738873,0.0024469392,0.008221357,0.014597686,0.008913435,0.72023535,0.14189458
the latest irma news usa headline 0 by,6,6,0.014591615,0.04609425,0.0037167945,0.0076365527,0.014895875,0.007414565,0.62792885,0.2777215
lee harvey leyton orient lofc great player,7,7,0.018323857,0.007519969,0.0066686254,0.0065828618,0.018722517,0.0033183564,0.063639335,0.8752245
im done being politically correct,7,7,0.027978962,0.011081717,0.0065233903,0.008245657,0.01006159,0.0046467474,0.06291117,0.8685507
scotx issues emerg order suspending dismissal deadline in cps cases where judge finds harvey precluded compliance,7,7,0.028720576,0.038943682,0.006789216,0.010689916,0.04280663,0.00800241,0.36802477,0.49602282
smoke smolders from a wildfireravaged home in sonoma california marcio jose sanchezap photo,1,1,0.027542237,0.69526863,0.008878753,0.010665743,0.00789449,0.01974377,0.16175404,0.06825233
cleanup begins in puerto rico where landfills are already filled to capacity,7,1,0.013759256,0.53446627,0.0074965144,0.012147901,0.054101385,0.025794853,0.2763986,0.07583523
51617 mclean tx to elk city ok tornadohail,6,7,0.017329425,0.04638435,0.0028500357,0.006979741,0.015281488,0.008889415,0.41611657,0.48616907
iraniraq earthquake 450 dead 7000 injured as iranian rescue missions wind down,2,2,0.0026074182,0.004284877,0.9630581,0.009607133,0.0072079003,0.009249277,0.0013885915,0.0025965371
israelis report feeling iran earthquake no local injuries or damage,6,1,0.064010024,0.40683928,0.3734963,0.025381677,0.0073151984,0.029867291,0.060266335,0.03282386
navy delivers supplies to mexico hours after deadly earthquake,4,4,0.009879834,0.008337307,0.0061614104,0.017370697,0.91490936,0.007067091,0.02462768,0.011646558
florida irma evacuee wins 10k in nc lottery,7,7,0.18678515,0.009134647,0.006347732,0.017180609,0.14194275,0.0057890736,0.12486192,0.5079581
power lines and electrical equipment are a leading cause of california wildfires,6,1,0.020088702,0.69297934,0.010861714,0.0072754137,0.0075947344,0.028445402,0.20009582,0.032658845
clouds from tropical storm maria lucky its not coming any closer 9,6,6,0.009146092,0.040810227,0.0023960592,0.005954814,0.010166794,0.007932131,0.8620464,0.06154747
hosa members collecting blood for hurricane harvey and irma victims,4,4,0.0072575626,0.0053705308,0.007883233,0.014905092,0.93786484,0.005102602,0.010838599,0.010777589
tropical storm harvey set to hit us motorists at the pumpa a financial times tropicala via,6,6,0.05986512,0.12617172,0.0039445814,0.014465364,0.010562279,0.0381141,0.7034533,0.04342356
these women dressed up and were among dozens of volunteers running kids activities in a park mexicoearthquake,7,4,0.042333104,0.0053969175,0.0051653073,0.020936325,0.77701384,0.005122697,0.03891875,0.10511312
my ideal holiday sunny floridafortunately this area suffered very little damage from irma,7,1,0.013962888,0.72498107,0.006514952,0.0060930694,0.008571448,0.019245174,0.19882016,0.021811258
remarks by vice president mike pence after briefing on california wildfires,6,7,0.017967539,0.03615116,0.0043181158,0.008111167,0.021051953,0.005310208,0.41329873,0.49379116
devastating earthquake in iran has civilians begging for help ciaravinoecon,0,0,0.80433965,0.008728755,0.008393973,0.04080972,0.077933826,0.011898035,0.031142019,0.016754087
scdoc director bryan sterling says will recruit corrections officers in puerto rico,7,7,0.01614395,0.01015385,0.011615015,0.016969906,0.37611505,0.005229807,0.096307725,0.4674647
sat fam 20 homes cleared amp 60k meals prepd 4 harvey affected ppl texasstrong jesusstrong,4,4,0.23960525,0.068437845,0.0034208086,0.019623652,0.44958737,0.012185533,0.13432895,0.07281067
clive smith no sympathy for those tax exiles hit by hurricane irmaa columnistsa,6,0,0.70731777,0.018288456,0.0044003166,0.01569674,0.02606347,0.009510252,0.122637674,0.09608533
rihanna educates donaldtrump on the puertorico hurricanemaria crisis,7,7,0.038230687,0.012008027,0.0028663673,0.012518326,0.09183904,0.0034702169,0.29988766,0.5391796
watch houston caught in crosshairs of harvey read more abc rain storm,7,6,0.013275626,0.0661818,0.0020809937,0.0067545585,0.021910936,0.0097931465,0.8384787,0.041524205
its so sad to hear about the families in iran iraq has lost so many people doing a earthquake f,2,0,0.74582416,0.015568607,0.06464029,0.08562524,0.024040945,0.025730873,0.017645407,0.020924522
tornado watch now in effect through noon sunday,6,6,0.007543412,0.04251805,0.0025523088,0.0050114645,0.014073496,0.008441029,0.870725,0.049135335
yes tasted new tequila but this is more important theyre taking hurricaneharvey,7,7,0.013120902,0.010111898,0.0035331168,0.00633643,0.015062905,0.0030296792,0.11413328,0.83467174
bumper to bumper traffic in to beaumontnormally not backed up here in lumberton harvey,7,6,0.02427535,0.14764762,0.0051915227,0.012167477,0.018732656,0.06547964,0.48820332,0.23830244
hurricane maria live updates catastrophic flooding in puerto rico,1,6,0.014550468,0.3452032,0.005874263,0.006499842,0.0108301975,0.018024111,0.573576,0.025441922
st augustine bed amp breakfast picking up the pieces after hurricane irma,7,4,0.08122597,0.049349144,0.011104,0.035678767,0.6057783,0.029317586,0.11921159,0.06833469
tx gop delegation on harvey relief,6,4,0.020034464,0.012201966,0.002636635,0.011957875,0.78729427,0.00502331,0.10361897,0.057232562
firefighters gain edge in battle with deadly california blazes usnews usrc,4,4,0.110105865,0.013919143,0.005584409,0.02996002,0.6456983,0.01030546,0.12802854,0.05639826
hurricane harvey update from klein isd superintendent bret champion,6,6,0.05930673,0.043862402,0.0017037842,0.012419061,0.064108916,0.006569883,0.6682827,0.14374651
amazing photo of neighborhood postwildfire from,1,7,0.03754939,0.13443068,0.0035094141,0.008751271,0.0328448,0.007085085,0.34558567,0.4302437
looking into joses eye in awe of natures power stay safe everyone irma katia vitamission,6,7,0.03594762,0.015141194,0.002516766,0.007563884,0.019988721,0.0038522847,0.2349602,0.68002933
thousands still without power this morning 1 week after irmalatest were hearing from the power companies livea,1,0,0.6656178,0.12126296,0.010986167,0.018892584,0.024290517,0.035780378,0.102390565,0.020778872
hurricane harvey rescue dogs looking for new homes in connecticut,4,4,0.04738833,0.010563379,0.008008832,0.04647662,0.82739425,0.01713809,0.03048358,0.0125469025
just another tornado flooding kinda day,1,6,0.017409673,0.12135342,0.0027098563,0.005779034,0.009810931,0.010902095,0.7703388,0.061696194
in harveyas wake will abbott still deny climatea change,6,6,0.01698593,0.055104926,0.0033028948,0.0070635537,0.018811943,0.0070910645,0.6021286,0.28951105
hurricane mariaabout 400 miles se of ncis weakening some tonight no direct landfall expected for us coast,6,6,0.008781651,0.068776615,0.0032654235,0.0053158235,0.0092740115,0.010049554,0.8577889,0.036748037
metallica has lined up a benefit gig for the california wildfires awe hope youall join us on november 9 a348,4,4,0.020492151,0.0057009985,0.005078972,0.01328582,0.5540433,0.0046211085,0.07821421,0.31856337
hurricane maria has redeveloped an eye it is now getting better organized,6,6,0.007966967,0.059422955,0.0027577158,0.005154298,0.009926967,0.008773315,0.85657626,0.04942154
asking austinites to donate toys for harvey evacuees,4,4,0.009423886,0.0048174886,0.0039351103,0.009983673,0.93070054,0.0036434315,0.016678499,0.020817358
cyclone mora hits mizoram damages houses triggers landslides,1,1,0.010829106,0.899608,0.0128743425,0.006526363,0.0055548935,0.019392863,0.036304887,0.008909419
together for mexico fundraising event for mexicos earthquake victims join us october 1 vancouver bc,7,4,0.012438952,0.00469012,0.0038092479,0.012048976,0.9245304,0.0031942686,0.021071555,0.018216513
hands of hope foundation extends irmaharvey relief aid project,4,4,0.010222116,0.0063550845,0.0034267548,0.011409343,0.92357934,0.003889111,0.024980973,0.016137276
52013 moore ok ef5 tornado,6,6,0.012707035,0.029800083,0.0022861594,0.0061816527,0.012484235,0.006375645,0.7733772,0.15678796
hushed crews listen for survivors after mexico earthquake toll tops 200,6,0,0.49527487,0.013426654,0.043078914,0.108414695,0.26033446,0.02046253,0.04353163,0.015476247
rescuers search rubble as dawn breaks in mexico city earthquake toll hits 217,1,4,0.040893007,0.016563399,0.020119736,0.06441733,0.7903263,0.02513849,0.032253668,0.010287969
a benefit concert in savannah ga to help those effected by hurricane irma on september 24th starting at 6pm,4,4,0.009758709,0.0049646636,0.0033659763,0.0099325385,0.9207023,0.0032561263,0.026978994,0.02104074
hellacious hurricane maria earthcastsos,6,6,0.012542632,0.04041532,0.0022270936,0.006230113,0.009892188,0.0077444403,0.8331738,0.087774344
bay area residents rallied in oakland to demand aid for puerto rico,7,4,0.119439974,0.011640863,0.003709018,0.022136038,0.75075966,0.007329858,0.05401988,0.030964755
harveyrelated scams on the rise guns 2a,7,7,0.02006305,0.037455894,0.005435378,0.007865888,0.015219946,0.006979459,0.27267468,0.6343057
a doctor who survived katrina now tends victims of harvey,4,4,0.0573216,0.0068034395,0.016251268,0.041244198,0.81903386,0.009799336,0.030027838,0.019518401
mainline establishes fund with feeding florida to aid hurricane irma victims,4,4,0.006581084,0.0058003967,0.00512152,0.010882805,0.94206995,0.0037429468,0.013706192,0.012095079
subsistence helps send aid to mexico earthquake victims,4,4,0.0071969857,0.0051121,0.0060625966,0.013028733,0.9418647,0.0042641643,0.011654508,0.010816166
puerto rico knows whats what ht fipi lele,7,7,0.015973838,0.008602459,0.0035494913,0.0053889295,0.011649099,0.0021320397,0.0756385,0.8770656
cut puerto rico loose wallow in your deliberate fiscal hell,7,7,0.019712523,0.015840912,0.0029843547,0.0050483127,0.013873861,0.0030765552,0.13146141,0.80800205
money irma business an 18500 home bar for the most aspirational of cocktail makers,6,7,0.013245764,0.0074216346,0.0040667374,0.0070079947,0.057417206,0.0035170927,0.09351089,0.81381273
nh donation drive for puerto rico exceeds expectations,4,4,0.010381229,0.005776851,0.0038881432,0.011418492,0.9181192,0.0034592138,0.024668625,0.022288121
1 messages of solidarity from mexico to irans earthquake victims in seeyouiniran,7,4,0.1888498,0.012553622,0.006112335,0.024139,0.43369246,0.0051449724,0.1744373,0.15507053
lessons learned from irma via psychology hurricaneirma goodreads,6,6,0.012961645,0.030105371,0.0023448411,0.007069778,0.025120664,0.007417403,0.7451997,0.16978055
two confirmed drowning deaths from harvey in fort bend county deputies say,2,2,0.003896709,0.004200538,0.96487993,0.008599897,0.0053095426,0.007996572,0.0015580838,0.0035586955
thank you to roxburyct for collecting donations to help danburyct help danburytx harveyrelief hurricaneharvey,4,4,0.0066336715,0.005475016,0.0043261633,0.010408215,0.9387669,0.0038883907,0.015938759,0.014562816
moron trump will do this when he visits fire ravaged california,7,7,0.032690536,0.017687889,0.0027816906,0.0074256384,0.028457062,0.0028906364,0.22510237,0.68296427
aoe tala hunter renfroe wildplassen dna20m hurricane maria sean spicer,7,7,0.015299158,0.010707366,0.0023780942,0.006358608,0.015640115,0.0031924702,0.18701486,0.75940937
style nike air 323085164 puerto rico jordan size 9,7,7,0.009570547,0.0048815096,0.003474152,0.005183669,0.016515508,0.002783454,0.0503968,0.9071943
teaching saturday nov 11 at 4pm in bmore 10 all proceeds go to those impacted by the hurricane in puerto rico,4,4,0.013052315,0.0075303,0.0027423622,0.009545499,0.87075835,0.003291701,0.051803265,0.04127624
6th grade maryland student collects 3000 cases of drinking water for puerto rico,4,4,0.011217497,0.0058120233,0.006664903,0.014636487,0.8984111,0.005001586,0.023804722,0.03445163
we did it home in ct roadwarriors texasaftproud hurricaneharvey,7,7,0.024500757,0.014861599,0.0020221681,0.0053087603,0.022116475,0.0041921665,0.17607327,0.7509248
florida had its flag with irma texas had its flag with harvey,6,7,0.01311416,0.040748846,0.004526298,0.006884048,0.02295382,0.0062190737,0.43419746,0.47135633
the effects of harvey,1,6,0.03520358,0.13307305,0.0044964296,0.008096553,0.010093424,0.014243072,0.7235889,0.07120506
mora 740 mg fixed blade bushcraft knife review,7,7,0.011431626,0.01371767,0.016232384,0.012747623,0.039441075,0.0063733067,0.10817632,0.79188
surprised by this preirma only 8 cat 3 hurricanes had tracked win 75 mi of ctrl puerto rico in noaa databasea,6,6,0.010008141,0.048536144,0.0037647989,0.007150119,0.015441644,0.010428514,0.83526033,0.06941027
business a puerto rico is one of the worldas biggest centers for pharmaceutical manufacturing,7,7,0.018685745,0.025253657,0.009679403,0.008091147,0.07804524,0.0056145834,0.10902767,0.7456026
irma displaces worlds best quant now hes on a climate mission,7,6,0.012853582,0.03851714,0.0034768684,0.0072835837,0.015367038,0.007684814,0.69610924,0.21870773
category 3 major hurricane maria continues to track nnw some uncertainty in track beyond tuesday,6,6,0.0075689172,0.046164166,0.002851262,0.0053308606,0.009068463,0.008442325,0.8674737,0.05310031
a serene environment and a fierce ride photo by adrian mora maroto ds5 dsperformanceline,7,7,0.027977632,0.015146119,0.0021171947,0.005685057,0.015960315,0.0040451307,0.18617181,0.74289674
scattered covered and irmad,7,6,0.04191182,0.24801175,0.0040648766,0.01115015,0.017716646,0.0146629065,0.5422651,0.120216675
dark goddess antonio mora,7,7,0.015445381,0.006539974,0.0064161527,0.007115477,0.010538723,0.0025662468,0.04344354,0.9079344
news wrap trump signs 15 billion hurricane harvey relief bill uspolitics via,4,4,0.020565784,0.045228526,0.0031130053,0.015372696,0.54739386,0.0072338516,0.25823292,0.10285935
hey puerto rico here are some paper towels oh by the way you screwed up our budget,7,7,0.020624284,0.01023492,0.0032441686,0.0070641693,0.047918644,0.0038648439,0.09327995,0.81376904
aau news hurrican harvey amp irma updates aau sports youthsports weareaau,6,7,0.013371653,0.010200304,0.0027741145,0.005211468,0.02295937,0.0026854097,0.14489618,0.7979015
frustration mounts over puerto ricos new normal as federal troops leave the island,6,6,0.06066928,0.100691535,0.005049208,0.012311555,0.045624226,0.007900102,0.49220377,0.27555037
donates 100k to mexico earthquake relief gtgtgt etalk,4,4,0.0069005517,0.0053701974,0.0077474676,0.011832301,0.9350891,0.0043172813,0.011484041,0.017259082
pr ham radio update hamradio huracanmaria hurricanemaria,6,7,0.013020668,0.007814998,0.002550517,0.005094381,0.018027017,0.0025262632,0.117826924,0.83313924
weird during irma an earthquake hit mexico and now during maria it happens again coincedense does this maka,6,6,0.016379172,0.060304765,0.004149929,0.0067438027,0.008615475,0.008634689,0.7487047,0.14646749
sorry to see the round barn in santa rosa destroyed by fire,1,1,0.013160438,0.86452305,0.010665558,0.008092321,0.0058615054,0.023744298,0.05318113,0.020771656
what katrina can teach us about disrupted cardiac care after hurricane harvey ahanews,6,6,0.20370108,0.12921971,0.0026323956,0.021046951,0.0911731,0.015518251,0.48529038,0.051418137
death toll from harvey surpasses 60,2,2,0.0028441083,0.0038224987,0.9676675,0.007427459,0.005540633,0.0080745965,0.001369511,0.0032537503
hurricane harvey 5 die in floodwaters while hundreds rescued from flood areas,2,2,0.004966106,0.0054084794,0.95594656,0.0131225465,0.0069643552,0.009328238,0.001464553,0.002799052
nfl star goes above and beyond for victims of harvey in amazing gesture,4,4,0.026143761,0.005296721,0.0028413981,0.014176112,0.844452,0.0039674956,0.060178775,0.042943865
hundreds leave homes near dangerously crumbling puerto rico dam,1,0,0.67027074,0.12763372,0.022458592,0.033618186,0.013678374,0.08654451,0.033735268,0.012060674
steve harvey cant come to the phone right now why oh cause hes dead,7,7,0.07098393,0.023361092,0.2732183,0.06433314,0.0249618,0.037505697,0.06360711,0.4420289
my whole worlda12fa12fa12fa12f you are best actor in whole the world mora saiyaaa superstar,7,7,0.018266372,0.005225707,0.0058246786,0.007251585,0.015314362,0.0031400847,0.041605532,0.90337163
day 4 clearing the backyard part 2 taking the deck to the pile hurricaneharvey cleanup aftermath,1,1,0.024637055,0.41130406,0.013616423,0.027051855,0.3796936,0.06461185,0.055810727,0.023274483
money irma business lawmakers subpoena new jersey transit over railsafety project,7,7,0.018073956,0.061661202,0.0035375345,0.008201806,0.03701506,0.010717558,0.38131064,0.4794823
toxic plant may have sprung undisclosed leak during hurricane harvey,1,1,0.01719454,0.8158185,0.020181084,0.011607272,0.0076636053,0.029431688,0.07358819,0.02451513
mountains of aid are languishing on the docks in puerto rico,4,4,0.041994378,0.023242863,0.0036111025,0.01912652,0.78131443,0.010816057,0.09761164,0.022282992
volunteers filling semi trailer for mexico earthquake relief,7,4,0.008740684,0.0046526087,0.006439146,0.016498093,0.93474215,0.007244672,0.010549654,0.011133032
mexico still open for tourists travelnews mexico earthquake tourism,7,7,0.07818446,0.010892776,0.0043044905,0.009707427,0.039461594,0.0051242285,0.20046002,0.65186507
hurricane irma forces cancelation of miami at arkansas state with no makeup date,6,6,0.0092960205,0.13591146,0.0036443213,0.004855612,0.011529851,0.012018849,0.7639981,0.058745824
information for canadian and us citizens affected by mexicoa earthquake,6,0,0.8353974,0.009237201,0.0037968878,0.019274019,0.037992947,0.0093492465,0.059609316,0.025343014
nasa satellites capture breadth of northern california wildfires,6,6,0.010338927,0.057686802,0.0040368317,0.0073215836,0.021018777,0.007942011,0.8018864,0.08976869
economic impact from harvey irma likely to be shortlived,6,6,0.012886384,0.16749091,0.004428081,0.0057584634,0.010441824,0.013679553,0.7295216,0.055793203
praying for the devastated rain forest 3 of puerto rico 57 f the only rain forest in america a,6,1,0.064332455,0.44029084,0.0060729254,0.012919657,0.06293825,0.010838336,0.28333566,0.11927187
unitednations appeals for more resources for floodhit srilanka,4,4,0.020881023,0.064803265,0.0042615626,0.01823758,0.6528333,0.009213543,0.16663407,0.063135706
can puerto rico be the model for a renewablespowered energy system business,7,7,0.013416189,0.021371024,0.0067445464,0.007869158,0.03904075,0.0036530178,0.1253488,0.7825565
follow this list of trusted accounts for uptodate information as irma unfolds,6,6,0.022266991,0.0451685,0.003933153,0.00935909,0.03544126,0.009377843,0.5508974,0.32355568
playa team joined red cross mexico to help sort amp package donations for the earthquake victims gvitravel gviplaya,4,4,0.006257062,0.005140806,0.0056467494,0.012953921,0.9407566,0.004319242,0.012846201,0.012079433
worcester state sga joins in puerto rico disaster relief effort woostate news,4,4,0.010215578,0.0077350847,0.0036792075,0.01246271,0.91383106,0.0042886636,0.030797401,0.016990395
this is quite frankly the only reason i watch instagram stories rn i live for harvey the calf updates,7,7,0.05696872,0.008264392,0.0030822398,0.011928426,0.06839763,0.0031734854,0.16159411,0.68659097
swimming not advised at collier co beaches today there is possible bacterial contamination flwx swfl yuck irma,6,6,0.08090383,0.1047359,0.0034597279,0.015578146,0.013984631,0.017377725,0.5639414,0.20001857
new fire danger threatens to worsen most disastrous wildfire season in california historya,6,6,0.023881728,0.17073004,0.006183382,0.0076170606,0.0090972725,0.0107186865,0.69246966,0.079302154
donald porter as larry mason looks like lee harvey oswald 711oceandrive noiralley darknessatnoon,7,7,0.024662731,0.00901636,0.006060715,0.0075562242,0.009147349,0.0037637197,0.044628955,0.89516395
so this song just reminds me of hurricane irma that just happened,7,6,0.024096197,0.03200029,0.0027422246,0.008498297,0.016657192,0.008180347,0.54033434,0.3674911
seawalls across swfl crumbling in wake of irma,1,1,0.0134394495,0.7274235,0.006964496,0.0060052285,0.009253353,0.017314276,0.19861145,0.020988205
fuente de las nereidas fountain of the nymphs1903 by argentine pioneering sculptor lola mora womensart,7,7,0.016169848,0.020212281,0.013196064,0.009777766,0.03764447,0.00469766,0.046059426,0.8522425
california is obviously shaking the ring of fire is restless,6,6,0.0171247,0.14998989,0.0040383846,0.005796205,0.009708913,0.014798092,0.7251678,0.07337601
program to issue id cards to flood victims read more lka srilanka,3,4,0.11029537,0.008064272,0.0030647635,0.023320306,0.67424256,0.008237564,0.11338168,0.059393425
miami florida right now irma,6,6,0.012477295,0.033521723,0.0021924388,0.006331645,0.013646622,0.00766743,0.68565625,0.23850653
as california burns trump displays little interest,6,7,0.0266558,0.036746573,0.004226917,0.009168961,0.013276196,0.0048617027,0.34066677,0.5643971
cash donations can be made at mampt banks hurricanemariarelieffund,4,4,0.009616674,0.005352113,0.003968617,0.011091231,0.9284383,0.0040800474,0.02061808,0.016834972
on fire just like california gayfever,7,7,0.026423462,0.013585574,0.0032273321,0.005918596,0.013232357,0.0032477472,0.098809876,0.835555
hurricane harvey texas electricity update ercot,6,6,0.011889236,0.1540292,0.004199058,0.006960662,0.015449161,0.013187523,0.7186609,0.07562421
hurricane marias aftermath photos reveal devastation on caribbean islands science,1,1,0.011679584,0.79381,0.0073262593,0.0058842585,0.008671191,0.0173908,0.14338891,0.011848993
toxic sites hit by harvey threaten texans,1,1,0.14940506,0.5447218,0.0072442824,0.014068546,0.009653679,0.02416415,0.22498913,0.025753308
we have your back john velazquez help as much as you can with hurricane maria relief ai,7,4,0.0094647035,0.0052789366,0.0035540105,0.014475382,0.92143023,0.004177106,0.022906788,0.01871285
puerto rico gets aid from waterstep future efforts in the works,4,4,0.008622705,0.008208641,0.0032632044,0.009602622,0.91240054,0.0035614637,0.030845497,0.023495307
returning savannah evacuee gives birth in hardeeville irma,7,0,0.60942924,0.011816407,0.037700724,0.102946326,0.09871473,0.018007634,0.047792766,0.073592216
disaster management officials visit cyclone mora affected areas,4,6,0.061022617,0.11003245,0.003921391,0.024320006,0.1818769,0.014939182,0.56940556,0.034481842
iraniraq earthquake rouhani vows action over collapsed buildings,7,1,0.015462728,0.8915438,0.010186552,0.006813883,0.006165339,0.021160668,0.038049124,0.0106180115
fhsaa launches web portal to coordinate sports aid to schools after irma,4,4,0.009291033,0.010538561,0.003357919,0.009517747,0.86902565,0.004051843,0.055377,0.038840257
great coverage on the struggles still going on in puerto rico,6,7,0.054549456,0.02501627,0.0047240965,0.009620907,0.045997217,0.0033008817,0.23308991,0.6237012
irma nfl texans release wr jaelen strong via jamespalmertv,7,7,0.01927774,0.008400167,0.0077529573,0.013703601,0.056412045,0.004397383,0.11480688,0.7752492
the aftermath of the moral and social bankruptcy orchestrated in the bbnaijaa show,7,6,0.05535583,0.14491569,0.0071560442,0.013081723,0.017485833,0.012489615,0.40941504,0.34010026
map of 2017pueblamexicoearthquake,7,7,0.014435548,0.033962607,0.0036373697,0.0072578555,0.015477342,0.00562081,0.34765795,0.57195055
recovery timing from irma and harvey will differ for business homeowners,6,6,0.032131072,0.16129845,0.0032371168,0.007353773,0.015910363,0.013713339,0.7043385,0.062017407
irma pummels cuban economy cuba standard your best source for cuban business news,6,7,0.016598247,0.033599768,0.0030740981,0.006624928,0.015593309,0.005532683,0.43410978,0.48486722
earthquake gfz m 39 gulf of mexico forecast,7,6,0.015572726,0.0355228,0.0024505751,0.006173864,0.01062838,0.0061102198,0.7185537,0.20498769
palm trees have very little left on them sanjuan puertorico hurricanemaria cnn,6,7,0.104909316,0.1827276,0.043223012,0.032702737,0.040157154,0.03147378,0.12518089,0.43962553
prayers for the millions people affected by the powerful earthquake in mexico a12aa14y2a14ydai mexicofuerte mexicocity,7,6,0.16247092,0.023373203,0.0035423648,0.02186705,0.25351802,0.00605829,0.27656826,0.25260195
no aessential oilsa will not clear the california fire smoke out of your air mother jones,7,6,0.020373376,0.04856928,0.0027948036,0.007697069,0.015967684,0.008745189,0.51435107,0.38150147
a massive earthquake struck mexico yesterday if youre interested to help please contact me,4,6,0.023907024,0.042950246,0.0040517184,0.009851367,0.04957338,0.0071915984,0.6302281,0.23224655
hurricane maria two naval mines wash up on north carolina beaches,6,1,0.013086969,0.5613987,0.020871475,0.012580492,0.01028595,0.049823165,0.2750767,0.056876525
hurricane harvey diss freestyle by michael white underground texas hip hop,7,7,0.021798821,0.017365694,0.0028386894,0.008461263,0.026097095,0.0047302875,0.293996,0.62471217
after over two weeks in darkness after harvey light is finally returning to port aransas,6,6,0.01622309,0.053537477,0.0029435805,0.008383386,0.020772917,0.008445199,0.7882195,0.10147487
texans are unstoppable houstonstrong texasstrong harvey harveyrecovery sundaymorning americans a14yaa14y8a,7,7,0.055515084,0.009161292,0.0041654822,0.0076421313,0.011156485,0.0034529176,0.08691216,0.8219945
suzana peric fashion show the mora smoothie,7,7,0.01357545,0.0049090087,0.0047226837,0.0063818037,0.016125543,0.002567697,0.0426177,0.90910006
local residentas a hurricane magneta family impacted by harvey irma arlingtonva,6,0,0.8064372,0.018302139,0.024644414,0.06562581,0.024120528,0.031402934,0.017722964,0.01174398
animals colorado rescue groups to open doors for harvey animals fox31 denver,4,4,0.016641662,0.0063755442,0.0037712317,0.01693259,0.9073427,0.0047654267,0.02805653,0.016114185
irmas winds ripped down many of our millennium signs and damaged a few locations please pardon our appearance as,1,1,0.009573769,0.8601791,0.009488067,0.005450422,0.0062817996,0.03172526,0.067280866,0.010020726
vegetation fire burns at least 30 acres ina dublin,1,1,0.014587771,0.8293326,0.018380111,0.010489476,0.008049927,0.021949353,0.07090007,0.026310703
i like to wake up to good news this is not it irma stcroix,6,7,0.0422171,0.03345043,0.0030567497,0.01033369,0.012103189,0.007386666,0.39396265,0.49748948
oregon strike teams return home from battling wildfires in california liveonk2,4,4,0.12468377,0.009383098,0.005360657,0.03259013,0.7182662,0.008884091,0.066219166,0.0346128
firefighters quickly contain clifftop brush fire sf,4,4,0.06422781,0.017268809,0.006140272,0.04314089,0.7228171,0.020597344,0.09962857,0.026179213
puerto rico utility regulators push back on feds in new court filing,6,6,0.016852466,0.06564183,0.0038698257,0.008677262,0.03752483,0.008961647,0.51996785,0.33850423
had a blast djing larisalove salon in benefit of hurricaneharvey a12s4ai,7,7,0.017101742,0.008464662,0.0039893184,0.009826435,0.19005184,0.0032394195,0.10027212,0.6670544
maria wind whipping up in anguilla living on hope irma,6,6,0.08262944,0.09963636,0.002617425,0.011891012,0.012170704,0.00862855,0.6310053,0.15142117
talks to our exec committee about state rebuild from harvey amp prep for future storms,6,6,0.01251587,0.2981027,0.0035522925,0.007155314,0.048349157,0.014277711,0.56682765,0.04921936
us economy hit by harvey sky news australia econ,6,6,0.023879766,0.24478623,0.005521175,0.0067143976,0.011675816,0.018092956,0.5901051,0.0992245
aflac and tsys give to hurricane harvey relief others urged to help,4,4,0.008148911,0.005452182,0.003251658,0.011038554,0.9348183,0.0036187863,0.020513464,0.013158156
after mexico earthquake bike brigade delivers muchnee muchnee news,7,4,0.019347042,0.008037317,0.0028762035,0.013712502,0.80407214,0.006537658,0.088762954,0.056654256
the 500year storm quantifying marias destruction smart cities dive,1,1,0.012499856,0.8376826,0.007386208,0.0053917556,0.0076750377,0.016340604,0.10186729,0.011156719
central california sunset tonight lots of wildfire smoke to punch up the color pallet,7,6,0.014474375,0.03774404,0.0027410833,0.007037707,0.016364146,0.006443076,0.48869288,0.42650267
follow me donald trump iran earthquake nfl your monday briefing followforfollow,6,7,0.020245384,0.020246752,0.0027311807,0.0067262077,0.012387078,0.004149009,0.29194114,0.64157325
michigan state volleyball to only play one match in florida due to hurricane irma,6,7,0.047453213,0.022154717,0.007447626,0.010209345,0.044541024,0.0056676576,0.24583149,0.6166949
maria has been a hurricane for six days now could be around 6 more,6,6,0.009244273,0.053036917,0.0034696665,0.006170411,0.010296511,0.010489408,0.8586304,0.048662435
arkansas national guard assists in response of hurricane harvey watch now a129,4,4,0.012830756,0.0109957,0.006874496,0.02030197,0.876946,0.00919803,0.044944443,0.01790864
civil air patrol illinois wing to help survey damage from hurricane harvey,1,4,0.019912822,0.035978846,0.010740997,0.02898326,0.7961657,0.023878638,0.069776356,0.014563293
fema actually can stay in puerto rico indefinitely,7,7,0.09444098,0.016557725,0.004153313,0.011473552,0.036723983,0.00450849,0.20785967,0.62428224
after harvey amp irma using recovery to build stronger and safer communities by,6,6,0.050155316,0.14872983,0.0030721098,0.019007597,0.27515382,0.012247321,0.4378149,0.053819034
pro football club raises funds for california fire,7,4,0.008078175,0.00612978,0.0054434966,0.010501304,0.9289605,0.0039710123,0.015968138,0.020947598
deadly earthquake hits iran and iraq nbc nightly news,6,6,0.017318875,0.11336476,0.006358053,0.006427229,0.008665166,0.010575639,0.7679907,0.06929958
purchased buymigenteremix hurricane earthquake houston mexico puertorico,7,7,0.018352056,0.021011392,0.0039188396,0.0067251087,0.038618185,0.0032110573,0.23815323,0.6700101
remember our brethren throughout the world tonight mexicoearthquake,7,7,0.03706954,0.01009308,0.0031809802,0.0072878525,0.022232275,0.003491087,0.16029987,0.75634533
hoping everyone is able to get back on track post hurricane irma wishing everyone well,7,6,0.11176069,0.030698635,0.0023608578,0.016854376,0.03853043,0.009781211,0.61211824,0.17789552
port canaveral provides pipeline of fuel for postirma relief,4,4,0.00971125,0.015062279,0.0056071817,0.012260124,0.86106396,0.009753788,0.050762866,0.035778556
after 200000 initial goal jj wattas harvey fund hits 20 million,4,4,0.021384338,0.023505095,0.004531483,0.013852064,0.6661481,0.0060545374,0.1399549,0.12456948
hurricane harvey irma jose and now maria americans brace for new danger,6,6,0.1284859,0.055741433,0.0026538568,0.018414032,0.01395521,0.013972418,0.6889906,0.07778653
san juan flights still on hold in wake of hurricane maria,6,6,0.052080803,0.16103822,0.004600569,0.0155689875,0.038231965,0.033798486,0.6475338,0.047147173
trend alert hurricane irma more trends at trndnl,6,6,0.007984639,0.037415687,0.002625085,0.005565696,0.011489374,0.0080111325,0.86972094,0.057187445
please irma evacuee from fl still in nc looking for her missing dog my friend is desperatea,4,3,0.22950095,0.0114567615,0.061166704,0.27001625,0.26280445,0.048387058,0.049579274,0.0670886
harvey levinas objectified gives glimpse of celebsa prized possessions,7,7,0.08025042,0.016207073,0.004036751,0.010180584,0.019825215,0.0041216756,0.11917714,0.7462011
hurricane irma cat5 165mph will be near stcroix midnight tonight and eastern puerto rico around 8am tomorrow,6,6,0.007389417,0.03506791,0.0028243703,0.005788768,0.013296295,0.0079294555,0.8621038,0.06560004
us govat pesticide spraying in wake of harvey a toxic boon to agrochemicala giants,6,6,0.017450435,0.15348908,0.0038323181,0.0070934417,0.025860442,0.013308196,0.66058654,0.118379526
help puerto rico get free rare beer at dock street cannery,7,4,0.01570984,0.0051721903,0.0037790372,0.012647824,0.8444944,0.004655138,0.045870226,0.06767133
helping harvey move into uwe today doing my bit by watching the game,7,4,0.020694887,0.005895425,0.0032216457,0.013505629,0.8386676,0.004275304,0.04112489,0.07261457
briefshell midstream partners hurricane harvey operational update,6,6,0.017154438,0.04568618,0.0020263048,0.009970138,0.05676532,0.010041542,0.7849682,0.07338794
issued directive on hurricane irma response,6,6,0.00878752,0.03799019,0.0025371988,0.0073361695,0.026995433,0.009041728,0.85019857,0.057113223
tailgating in a different lot thanks to irmabut the hardcore tailgaters will not be denied,6,7,0.051965382,0.026688097,0.002203875,0.007603593,0.016552385,0.01137794,0.26710618,0.6165026
cyclonemora as usual buddhist monks are door to door to their peoples,7,7,0.1669141,0.019385701,0.005487626,0.016467981,0.062010802,0.0054173404,0.2390893,0.4852272
stay strong puertorico and mexico hurricanemaria earthquake,7,6,0.016863672,0.0337783,0.0020848156,0.0064608753,0.011748609,0.006951056,0.7522467,0.16986601
harvey and irma are causing some people to have hurricane anxiety in robeson county,6,0,0.7522778,0.021925027,0.003842398,0.01578302,0.015165341,0.015002385,0.14524649,0.030757498
cmu student raises more than 100000 for puerto rico charters third rescue plane,4,4,0.009028099,0.005385968,0.0073596532,0.012819015,0.9296693,0.0046013584,0.012905069,0.018231483
we are still in need of donations to repair damage from irma donations are taxdeductible,4,4,0.009539824,0.014344169,0.0027188808,0.0100831,0.9148647,0.0059902095,0.031031296,0.011427763
trumps fix for puerto rico communications issues,6,7,0.014504939,0.032419182,0.0028008292,0.006859157,0.02273857,0.004847152,0.37577024,0.5400599
update every county in yellow is under a tornado watch until 10 pm irmacsra,6,6,0.009346305,0.05259861,0.0027051251,0.004947577,0.013648111,0.010478262,0.8637031,0.04257288
is california the deep state,7,7,0.02641296,0.014073075,0.0032754876,0.006106518,0.012490028,0.0031518897,0.121783294,0.81270677
liam anderson talks about impact of california wildfires after big race at mt sac,7,6,0.025376998,0.08370817,0.004678728,0.007986286,0.012762109,0.00979578,0.6273253,0.22836657
earthquake relief in iran and iraq a difficult task,6,4,0.06707626,0.07296164,0.0038254464,0.021579217,0.46975332,0.008696883,0.26017222,0.095935024
third day in a row of recordbreaking temperatures brings critical fire conditions across southern california,7,6,0.01106563,0.08124625,0.0034814058,0.005141738,0.014665194,0.008435591,0.81755054,0.058413725
at times he felt that he had almost rather not be in love with her for it brought him no peace antonio mora,7,7,0.0493823,0.011461005,0.010028817,0.012206065,0.010589831,0.0045569255,0.08603233,0.81574273
harvey boyer arlington tx,7,7,0.02016813,0.012786978,0.0026738138,0.0054278923,0.020533372,0.00277845,0.13897417,0.79665715
iran criticised for earthquake response details,7,6,0.027158089,0.0782108,0.0033693146,0.007846868,0.016276263,0.007048956,0.719226,0.1408638
harvey all over industrial production gt read more,7,7,0.015911363,0.08429634,0.0042093843,0.0064038495,0.024826821,0.009940633,0.41464832,0.43976325
hurricane irma 10 challenges for employers,6,6,0.03186815,0.05381511,0.0022813985,0.007615192,0.023495315,0.008588163,0.7156295,0.15670718
fire at kuna mora cole roads stretches 280 acres,6,1,0.012185715,0.7109499,0.008376945,0.007818122,0.011937674,0.020586587,0.17889072,0.049254466
moras midnight bakery a moon sea jellya149,7,7,0.015486757,0.0048643504,0.0034157585,0.0057950383,0.016867153,0.0026848603,0.05183203,0.8990541
mr richmond hates mr mora doesnt stop talking about soccer has never spoken to a female student,7,7,0.040538073,0.011406263,0.012722986,0.014833193,0.009991935,0.005276685,0.07665139,0.8285794
a budding masterchef maybe wilf in the kitchen by matt harvey oilpainting,7,7,0.013579057,0.008666743,0.0029693828,0.005436043,0.019904898,0.002330094,0.085261166,0.8618526
irmas aftermath with seigonie mohammed cnc3,6,7,0.043187436,0.016503988,0.0026618945,0.010497817,0.022284903,0.003730209,0.40934876,0.49178508
thanks for donating to irma bvi appeal,4,4,0.007724843,0.0056108795,0.0045075137,0.009145265,0.90603644,0.003951557,0.023522558,0.039501026
the situation in puerto rico is dire please help your fellow clinicians and donate today,4,4,0.022437437,0.006008396,0.0024174252,0.013184158,0.8835646,0.003479924,0.044666965,0.024241181
believe the meteorologists harvey is incredibly dangerous,6,6,0.017980985,0.059716713,0.0033150252,0.0067489506,0.0087338155,0.0126765855,0.78236395,0.10846398
37 days after hurricanemaria pure ineptitude or lack of any sense of urgency,7,6,0.016354974,0.053230412,0.002437956,0.0070867524,0.012844193,0.00989807,0.83946216,0.05868547
as wildfires blazed on in santa rosa california help was needed from all over fire,6,4,0.09518745,0.013552573,0.0056888345,0.037476033,0.7495714,0.013697988,0.06771295,0.017112691
aa pope francis offers prayer for victims of california wildfires news online,6,4,0.055278324,0.018530013,0.0044517247,0.024481008,0.38886777,0.0051239426,0.27125734,0.23200989
harvey wonat help flagging housing market,7,4,0.03933809,0.111410245,0.002486081,0.015736306,0.41998377,0.01112679,0.27120373,0.12871504
turn any keyword into article article makemoney former steve harvey writer a,7,7,0.020896334,0.01317506,0.0033956848,0.0057871747,0.015459702,0.002821711,0.12664853,0.8118158
so the state of california is pretty much on fire your move pres trump,7,7,0.016121378,0.023145666,0.0026684527,0.00516783,0.011817035,0.0042802403,0.22291246,0.7138869
congratulations on a beautiful wedding coach mora,7,7,0.027232403,0.005606003,0.0050149364,0.008299034,0.017166508,0.0030155862,0.076288916,0.85737664
a new fire threatens dozens of homes in california prompting more evacuations,6,1,0.060255606,0.8236837,0.009515691,0.011777021,0.012232327,0.023643779,0.04938428,0.009507667
satellite images show just how bad californiaas wildfires really are,6,6,0.015124717,0.12671316,0.0042430134,0.005695157,0.008714247,0.012201577,0.7707021,0.056606054
maria grows to a cat 3 nears already battered caribbean 0 by,6,6,0.017020859,0.049036063,0.0027112248,0.007926777,0.015021071,0.006758807,0.7186632,0.18286192
final day skinnycocares irmarecovery irmarelief hurricaneirmaaftermath irma,7,7,0.014654923,0.021198371,0.0022059784,0.006885624,0.02951024,0.005371195,0.4438899,0.47628373
california fire survivors respond unexpectedly to loss of homes,1,0,0.8699322,0.023161897,0.0150835775,0.028699089,0.013597162,0.023494963,0.017333146,0.008698044
usarmy soldiers from texas prepare to convoy south in support of harvey relief efforts,4,4,0.01439358,0.0060430197,0.0050729676,0.020021677,0.91032237,0.007289165,0.023935666,0.012921507
irma nfl browns fear wr corey coleman broke his hand via tw,2,7,0.15670572,0.09075426,0.21076427,0.0567465,0.0320517,0.07304603,0.09564322,0.28428832
prolife attorney puts his life at risk to save victims of hurricane harvey,4,4,0.04847215,0.006533026,0.02689065,0.036234457,0.7823686,0.0064029344,0.041395485,0.051702604
i swear harvey and irma both boutta catch these hands 4,6,7,0.015802048,0.01640678,0.0023409526,0.0058645285,0.018950477,0.0041236617,0.27471602,0.66179556
so proud of our kindergarten eagles taking pride in helping keep our campus beautiful following irma,4,4,0.018969947,0.013942994,0.0032800112,0.0096458085,0.704523,0.0044525717,0.08701635,0.15816922
puerto rico power grid deal under scrutiny nbc nightly news,6,6,0.018678157,0.15117505,0.007813773,0.009848926,0.025289197,0.009573955,0.40824437,0.36937654
maria to batter after irma second hurricane to strike eastern caribbean,6,6,0.007376687,0.042492013,0.0026407887,0.005292862,0.011286018,0.008411637,0.86778396,0.05471607
night before puerto rico trip,7,7,0.020944089,0.0061021424,0.0047721416,0.0064947833,0.0152979335,0.0025908826,0.06832236,0.87547565
puerto rico this seems like the kind of thing one would remembera121,7,7,0.021321556,0.0071628303,0.0040877005,0.0059761447,0.012239069,0.0032172159,0.065808035,0.88018745
colonialismas legacy neglect in puerto rico suffocation in dc,7,0,0.4167392,0.08382928,0.0077675367,0.017479587,0.01002769,0.008831645,0.16892388,0.28640124
carmen mcreynolds victim of tubbsfire was a doctor and a western gala,7,2,0.18210067,0.014960118,0.6359988,0.08888388,0.020782782,0.0300795,0.008541811,0.018652396
fox news harvey fallout 53 of houstonas schools have a majora damage at least 22 will bea,1,1,0.017122392,0.88583624,0.010968582,0.006143925,0.006609632,0.01663103,0.044513945,0.0121743195
via rand paul wants harvey relief to come from spending cuts p2 tcot,6,4,0.022507286,0.036902554,0.0028913247,0.015725542,0.6464271,0.006517801,0.17997625,0.08905218
medtronic evacuates california facilities because of wildfires via startribune,6,4,0.08611637,0.0678749,0.0051942496,0.026772369,0.6389594,0.02721927,0.1295574,0.01830603
new questions about areciboas future swirl in the wake of hurricane maria,7,6,0.017710278,0.07356037,0.004028492,0.007569468,0.013070414,0.0066929134,0.73252964,0.14483844
20 of gbp 25 and free shipping harvey striped cotton cutout shoulder d gbp 1099,4,7,0.018070297,0.011204397,0.002605539,0.009285339,0.13957842,0.0046279845,0.17526686,0.6393612
we could feel some effects from hurricane maria this week,6,6,0.0140807675,0.06875787,0.0030141142,0.005573166,0.009636917,0.009694524,0.84589535,0.043347254
this book arrived back in my hands after surviving hurricane maria in puerto rico itsasign thankiu nextread a12fa,7,6,0.27213222,0.022393018,0.0037855941,0.021009894,0.08303723,0.012992991,0.3828779,0.20177117
tubb fire victims visit the remains of their home,1,0,0.72395647,0.07288116,0.032657668,0.051599644,0.03341839,0.03068506,0.03573279,0.019068737
how climate change hurricanes are rapidly accelerating the militarization of america,6,6,0.012212067,0.052765064,0.0028494939,0.0054483316,0.010062914,0.008348402,0.83426005,0.07405368
hurricane tracker carolinas midatlantic should watch maria forecasters say,6,6,0.008165392,0.034870982,0.0023894038,0.0055534486,0.013788715,0.008232161,0.8663621,0.060637813
news via foxnews the latest fires smoke reaches california beach town,6,6,0.013489849,0.07557327,0.0038669615,0.0068009733,0.015207881,0.007771694,0.80068785,0.076601505
children unable to attend school in devastated puerto rico,0,0,0.8714374,0.012660072,0.008598395,0.027003465,0.020122036,0.021524698,0.022268306,0.01638562
see hurricane irmas massive eye engulf an island,6,6,0.009993501,0.40401673,0.0077525005,0.006792784,0.010037991,0.020401565,0.5135998,0.027405046
a selection of sunday front pages focusing on the california wildfires,7,7,0.041034464,0.04333017,0.0049413685,0.01238553,0.06489175,0.006082393,0.4128228,0.41451156
we called they answered showing up outside section 8 housing closed after irma residents wait to get b,4,0,0.63827217,0.051334552,0.006509795,0.037736826,0.054601207,0.047895025,0.12179562,0.041854836
irma blues latest speed test on verizon unlimited plan i hope spectrum services return soon,7,6,0.014572822,0.038699932,0.002990817,0.0075666946,0.022197729,0.0075173387,0.5016174,0.4048372
i wanted to get mora i didnt get her but at least i got lyonesse,7,7,0.01861936,0.010682928,0.004761878,0.007126202,0.009694675,0.003705779,0.06826421,0.87714493
beyond harvey and irma,6,6,0.011424008,0.046132863,0.0025073863,0.0057031284,0.013842673,0.008037843,0.784622,0.12773003
please donate generously for the flood victims of sri lanka,4,4,0.0086628385,0.0050270483,0.00491218,0.010370463,0.93138695,0.0033037872,0.016381836,0.01995497
everything dog lovers need to know about hurricane harvey,6,6,0.20862219,0.015716614,0.0031163362,0.021981323,0.06442207,0.0095447935,0.46426082,0.21233587
tesla is helping puerto rico get its power back via fastcompany,4,4,0.01029608,0.020367559,0.0041638585,0.013697538,0.74787307,0.0052599167,0.08859594,0.10974612
harvey victims nerves fray as days drag in houston shelter,4,0,0.8742795,0.008555675,0.007125213,0.025377585,0.021367704,0.012498687,0.036853798,0.013941717
this is a disaster money is running out in hurricaneravaged puerto rico,6,6,0.061805032,0.37506914,0.0035014264,0.010087527,0.040561326,0.021214746,0.42575455,0.062006187
the national academy jury of 1907 francis luis mora,7,7,0.022593088,0.011573577,0.0130003495,0.008017965,0.023350842,0.004518354,0.070264965,0.84668094
a pic of the mexican government helping mexicos earthquake recovery,7,4,0.008324219,0.0075155976,0.0031585244,0.010464226,0.9123949,0.0032721513,0.031409707,0.023460742
lloyds of london estimates net claims for hurricane maria of 900 mln,4,6,0.0091202,0.057995833,0.0038273009,0.0058802445,0.01446473,0.010382817,0.83166736,0.06666157
domenica se atlantic coast hamlets devastated by hurricanemaria says,1,1,0.016788395,0.8788365,0.009631248,0.007649001,0.007537858,0.021309698,0.050531384,0.007715771
more than 400 killed in iraniraq quake state media says,2,2,0.0025472317,0.0045264517,0.96492594,0.008668888,0.005811669,0.009436324,0.0014377531,0.0026457848
bravo helping in puertorico,4,4,0.008043382,0.0061241616,0.0039423443,0.012182103,0.917764,0.0038052755,0.020635571,0.027503133
3 weeks the mora until cancun a12 1a12 1,7,7,0.017394025,0.009038444,0.0035999846,0.006539433,0.013749319,0.003296955,0.12500352,0.82137823
the sarasota heraldtribune from wednesday 96 friday 915 irma sarasota,7,7,0.011210808,0.022265323,0.0025408561,0.006823993,0.01926397,0.0057818396,0.41917455,0.51293874
trump blames delayed message to mexican quake victims on bad phone reception,7,6,0.3149624,0.023394188,0.007050555,0.02868248,0.14099468,0.0072693788,0.3450153,0.13263106
this newborn photo shoot celebrates hurricane harvey rescue,4,4,0.06906765,0.008182343,0.0027369438,0.021153683,0.7212971,0.005298491,0.1095618,0.062701955
week review beat mtsu harvey relief drive practice hard rti we noticed anchor down,6,4,0.038721934,0.04031419,0.0026180907,0.021344429,0.42019546,0.009467297,0.359953,0.1073856
mortgage rates rise monday as irmaaos impact becomes clearer,6,6,0.015893847,0.095912285,0.0041180174,0.0075696767,0.0183033,0.011803259,0.7061592,0.14024049
ancient artifacts saved from deadly earthquake hold clues to mysteries of iraqs past,7,7,0.118798114,0.093003,0.052630182,0.0394232,0.12781449,0.018635785,0.20323084,0.34646437
billboard is streaming the drag race queens puerto rico benefit show,7,7,0.03134935,0.005499837,0.004842913,0.011524089,0.32608187,0.0046172766,0.08771504,0.52836967
broward county public schools to reopen on monday september 18 following hurricane irma,6,6,0.022913989,0.25953817,0.005688036,0.015347761,0.22350554,0.01585165,0.3732138,0.083941
hurricane jose ambles off us coast as new tropical storm maria tracks irmas early path,6,6,0.007941154,0.040643215,0.002676649,0.006754027,0.013456906,0.008712066,0.872567,0.047248963
cute totes proceeds to united ways mexico earthquake relief fund,7,4,0.0076838713,0.0049381373,0.0045075123,0.010023259,0.92391485,0.0040250337,0.02113173,0.023775686
usa today sees a template in its hurricane irma email newsletter,6,6,0.01013349,0.033190053,0.0021966305,0.005981825,0.0225569,0.007088738,0.82947904,0.0893733
dont forget about puerto rico,7,7,0.014154204,0.006906845,0.004621168,0.006357852,0.012630444,0.0025665394,0.061351333,0.89141166
breaking tornado watch in orlando area hurricaneirma,6,6,0.008944521,0.048988882,0.0024224527,0.0047706976,0.01102648,0.008437988,0.8706458,0.04476315
is postponing the floridapeppi due to the impact of hurricane irma on florida new date and venue wil,6,6,0.010628598,0.054499872,0.0027321437,0.00517132,0.014228083,0.007865647,0.7792489,0.12562545
popular on 500px before hurricane irma by lindahammad streetphotography,7,6,0.011301913,0.04078083,0.0022317038,0.005936786,0.015953433,0.007851407,0.8053723,0.11057164
sarasota group escapes ca wildfire usa vacation travel,7,0,0.79066455,0.009282046,0.009997248,0.03395213,0.04067368,0.012685141,0.04562189,0.057123464
donald drumpf puerto rico wants everything to be done for them,7,7,0.018329948,0.0076173637,0.0040959786,0.010696305,0.10832334,0.0026274992,0.07899809,0.7693115
electricity is something you dont notice until its gone report from puerto rico,1,6,0.016034516,0.08976228,0.0045587523,0.008066768,0.015249963,0.009282947,0.5706141,0.2864306
raradio israel sends aid to mexico after devastating earthquake claims 248 lives,4,2,0.022205817,0.012295098,0.64806485,0.065511614,0.21405426,0.018841492,0.009412235,0.009614585
my tattoo so so so in love credit simon mora at hollow crown tattoo liverpool anime tattoo,7,7,0.0147007,0.0060432786,0.0037226125,0.0061306744,0.01497133,0.0025584279,0.052495506,0.89937747
postkatrina lessons for harveys returning students,7,4,0.04745653,0.010244822,0.003914896,0.015756529,0.44106072,0.005194582,0.17613363,0.30023822
if you dont like our president then dont accept federal fund relief help for hurricane maria dont be a hipocrite,7,4,0.027483616,0.014038459,0.0025580956,0.016548013,0.56290215,0.003939878,0.16870691,0.20382291
one california doctoras dangerous mission to save his newborn patients from fire,4,4,0.04392673,0.0057939175,0.005490936,0.025441257,0.7775933,0.004449236,0.06348721,0.07381745
trending this week operators prepare for irma restaurant serves as shelter,4,6,0.1507972,0.021992229,0.0027962795,0.018837532,0.29415897,0.0118454825,0.34767056,0.15190169
charter communications commits 135 million to hurricane irma relief efforts,4,4,0.006996995,0.008837826,0.0034383445,0.009329799,0.92028433,0.004736242,0.030866846,0.015509558
tonight is dedicated to you puerto rico make sure to tune in on nbc at 10 et 9 ct a12ca12c,7,7,0.010623013,0.008050976,0.0033691998,0.004933672,0.01945984,0.0024165635,0.095513426,0.85563326
i live in puerto rico and its hella hot but who cares imma be rocking this shit for days,7,7,0.077245586,0.022815444,0.003523415,0.008585861,0.01002549,0.004666576,0.16108574,0.7120519
roundup bitcoin blowing up california fire survival story amp college basketball player,7,7,0.053088497,0.032363836,0.0064805406,0.0100692315,0.03797145,0.004097596,0.23484083,0.62108797
i had a great time packing meal for puerto rico yesterday a14y5a14y7a14y5a14y7a14y5a14y7,7,7,0.029088197,0.006453971,0.005116995,0.0128294835,0.15801622,0.0044744504,0.089495674,0.694525
junk food dirty water and disease a month later puerto rico is still suffering,6,0,0.41952354,0.05019847,0.006157764,0.021577187,0.025978452,0.00977121,0.2877138,0.17907956
flesheating bacteria cancercausing chemicals and mold harvey and irmas lingering health threats,6,0,0.36563843,0.056353416,0.009094727,0.02508315,0.013832799,0.01352463,0.32594496,0.19052784
he collected donations for tx after hurricaneharvey now lorain councilman sends supplies to fl for hurricaneirma,4,4,0.0065119816,0.005767745,0.005105323,0.01150385,0.9423482,0.004039094,0.013448729,0.011275171
california native loses everything in fire just two wee topstories,6,0,0.42382178,0.2626819,0.070284076,0.04144616,0.0066583813,0.05591117,0.08731058,0.051885948
fema to rush recovery money for insurance claims related to harvey algeria,6,6,0.028430492,0.057218295,0.0038517818,0.016307708,0.34589532,0.010292799,0.41027978,0.12772395
new death toll in californias wildfires has jumped to 21 details,2,2,0.0030827322,0.0036985432,0.9661145,0.007872422,0.0058173295,0.008656094,0.0014276904,0.0033307131
league city tx this morning harvey,7,7,0.023088902,0.024863973,0.0020237374,0.0067761126,0.018211503,0.0053412635,0.35332254,0.566372
midnight circus is so cool for the whole family link for tix,7,7,0.02024436,0.005695834,0.0031495288,0.0069528925,0.0319274,0.0022536279,0.069493696,0.8602827
beyoncas list of climate change disasters seem to include the mexico 81 earthquake,6,6,0.013588522,0.07651457,0.0042931936,0.0059088953,0.00851607,0.008384062,0.8011878,0.08160686
fire jumps southern california highway in rancho cucamonga a nbc 7 sana diego,1,1,0.0154123455,0.5413676,0.007183715,0.0062720757,0.008650513,0.029057002,0.33230042,0.05975622
tropical update tropical storm maria is bigger hurricane lee is stronger no issue for fl moving away swfl,6,6,0.009175821,0.03848614,0.0022273483,0.006153168,0.01133668,0.007327619,0.8532008,0.07209242
harvey houstonstrong watch gulf 20 chance tropical development next 5 days would likely move toward tx,6,6,0.007591545,0.037235416,0.0027469345,0.0058030584,0.012442607,0.0081471065,0.8731131,0.05292013
dont get sick helping w harvey,6,4,0.021683184,0.004958685,0.0028921796,0.018153094,0.880692,0.0047300877,0.03555701,0.031333767
early morning reminder to do your part californiawildfires california,6,7,0.017024076,0.015814452,0.0022958647,0.0061734077,0.027406508,0.004563861,0.2871026,0.6396193
homes and lives in ruins in california wildfires nbc nightly news,1,1,0.081976205,0.79457283,0.031221531,0.019698083,0.0066002375,0.029446855,0.02498249,0.011501718
jose andres wants to use school kitchens in puerto rico to feed more people,4,4,0.015772287,0.0066574723,0.0041512907,0.011396346,0.8354659,0.0035179912,0.040168207,0.082870536
meet harvey and irma a love thatas weathered 75 years fitnessworldabs,7,7,0.10788513,0.0081139775,0.003483909,0.012099427,0.028667059,0.0038230186,0.14330004,0.6926275
icymi trump pushes to run for senate during irma recovery visit,7,7,0.055144597,0.015339682,0.0057945927,0.014366264,0.035296243,0.0034839066,0.16560185,0.7049729
why couldnt and have come to puerto rico instead of,7,7,0.052856144,0.011417414,0.013049726,0.013308753,0.017865155,0.0060967016,0.06649742,0.8189087
the gym above subway got destroyed the cement wall got blown out hurricanemaria,1,1,0.012292251,0.8821951,0.013329103,0.008072956,0.0057909032,0.039600257,0.02948073,0.009238737
5am irma update national hurricane center still has irma making landfall near miami sunday as cat 4 storm,6,6,0.007142704,0.050498925,0.0031515465,0.0057617626,0.012701914,0.009109588,0.8725041,0.039129425
waiting for answers in corpus christi,7,7,0.07597837,0.01762849,0.004197495,0.012079474,0.028870173,0.003699041,0.19837049,0.6591764
gospel singer performs for harvey evacuees in conroe,7,4,0.027543977,0.0054807416,0.0050658467,0.015258637,0.82650334,0.00420484,0.03653969,0.07940302
tampa news polk county flower shop struggling with business after damage from hurricane irma,6,1,0.02665729,0.8506175,0.009122479,0.0088542765,0.0168674,0.028237402,0.049751215,0.009892465
proposed rewiring for puerto rico,7,7,0.010728333,0.020010944,0.0050420696,0.006880429,0.038146865,0.0033760485,0.13812247,0.77769285
from the ap archives old san juan mainly untouched by hurricane maria,6,1,0.014208532,0.826871,0.006310511,0.0066862726,0.0068944823,0.015426981,0.100058734,0.023543453
whats left of the mighty hurricane maria is now passing harmlessly to the south of us,6,6,0.009253773,0.15743333,0.005206441,0.0058512334,0.008579154,0.018283654,0.7553098,0.040082593
the caribbean has been hit by a lot of storms this year but we still have 72 days until hurricane season ends,6,6,0.00905118,0.0444179,0.0027539267,0.0050565805,0.011476112,0.008066671,0.86413896,0.055038664
nature at its fiercest and humanity at its best,7,7,0.031955242,0.021265958,0.005282033,0.009312625,0.023376953,0.004181968,0.21299157,0.69163364
rescue workers in iran search for survivors after blocks in town of 30000 people collapsed,4,4,0.19350217,0.020235237,0.071119785,0.12811716,0.52312434,0.031161055,0.022053286,0.010686971
help raise money for harvey amp irma victims at on 920 ticket link,4,4,0.009209434,0.0045643165,0.0052169967,0.012899353,0.9383845,0.003909504,0.012589142,0.013226699
a message from the queen to the president of mexico following the recent earthquake,7,7,0.031735428,0.02414423,0.0034891735,0.009315974,0.050013863,0.0041081416,0.4161419,0.4610513
same region different islands distinct difference between irma and maria tracks in the caribbean,6,6,0.012373718,0.052070864,0.003361518,0.006333718,0.009938888,0.008665051,0.7622562,0.14500009
now i know why trump is spoiled he switch to imported milk please share i am hungry in puerto rico,7,7,0.03140778,0.0070760273,0.0038361799,0.009436278,0.02396781,0.0030396236,0.08657597,0.83466035
sabine pass lng terminal receives first tanker since disruption from hurricane harvey,6,6,0.019567836,0.3397699,0.005274077,0.012212744,0.12708543,0.026062297,0.4022981,0.06772956
help is urgently needed in cuba through friday 922 cda will collect donations for irma,4,4,0.007404695,0.005877979,0.0038078986,0.011969488,0.9382939,0.004150349,0.017529791,0.010966032
austin stands with houston scenes from weekend hurricane harvey benefits,4,6,0.10422449,0.18651494,0.002269461,0.012268983,0.07498023,0.010012609,0.4706152,0.13911405
forget about can you hear me now under this cell phone coverage scenario 13th day mariapr hurricanemaria,7,6,0.028815318,0.03506144,0.0021560634,0.01008717,0.020621704,0.008238858,0.6189034,0.27611604
good gear morakniv garberg fixedblade knife,7,7,0.013740798,0.010614619,0.0070218854,0.0071947896,0.020549271,0.0040388047,0.08964041,0.84719944
us to provide rs350mn flood relief to srilanka,4,4,0.0061090025,0.00819765,0.0037327649,0.009932386,0.9312004,0.0040629352,0.022101184,0.014663725
hurricane harvey victims take shelter in san angelo,0,0,0.8774112,0.009244751,0.008063565,0.02615167,0.029286908,0.015912155,0.021914883,0.012014853
days of national mourning over life and traffic getting back to normal mexicoearthquake mexicocity,7,6,0.048476953,0.2561168,0.010259518,0.013241622,0.009528715,0.07319898,0.49099353,0.098183885
if you havent seen the destruction from harvey heres what our rv park looks like im standing at the front door,1,1,0.023651186,0.8253934,0.008604123,0.008715896,0.0060319696,0.024934659,0.06720016,0.035468668
hurricane maria wont impact directly but indirectly bring high surf to our coastline the next two days,6,6,0.008743341,0.075018406,0.0029931595,0.0046093063,0.008892766,0.009948798,0.84519434,0.044599764
letters hard to know if trump will learn anything from hurricane harvey,6,6,0.06976386,0.019929808,0.0039369124,0.013753845,0.028119655,0.0041221203,0.43148068,0.42889318
new 00z gfs shows irma as intense hurricane just offshore of miami sunday am tropics,6,6,0.00709455,0.046323314,0.0028870043,0.005496037,0.011691655,0.008938995,0.87489074,0.042677734
oliveharvey collegehonoring the us powmia war veterans on today,7,7,0.21496595,0.009990271,0.005565771,0.01620701,0.13066857,0.0048041,0.123980016,0.49381837
hmmmm todays weather map vs the one from the day after tomorrow irma doomsday,6,6,0.009533844,0.032223962,0.0028059562,0.0063402946,0.014607505,0.006465243,0.78354186,0.14448133
sislovesme moka mora hush hush big brother full video porn sexy hot,7,7,0.014692532,0.005234361,0.004556433,0.006415277,0.010157749,0.0027584133,0.04075377,0.9154315
father dies of asthma attack from californiaa wildfires,2,2,0.0065991613,0.0053682616,0.94854313,0.014805722,0.0060766847,0.010719304,0.00217116,0.0057165828
iom plans more help for floodhit srilanka top news,4,4,0.015556637,0.015008687,0.0029650703,0.015489766,0.85383487,0.0057214936,0.0687766,0.022646854
harvey still causing damage and flooding,1,1,0.011610125,0.7875172,0.006767148,0.0058466294,0.0090632895,0.020118635,0.14539923,0.013677794
still doesnt have the majority of menu items a whole week after irma hit 2,7,6,0.031039901,0.04877364,0.003800774,0.00977963,0.03820847,0.007901989,0.51034504,0.3501505
watch now 330 killed earthquake 75 magnitude in iraq and kuwait,2,2,0.0025887266,0.004262239,0.96703035,0.0076795495,0.0050611002,0.009211207,0.001269518,0.0028972905
leepride red raiders helping with hurricane harvey disaster relief a12ea128pts,4,4,0.008094521,0.0055799703,0.004788371,0.014674007,0.93416005,0.004948844,0.01588546,0.011868728
found with an injured wing this little owl is now receiving the care he deserves at our affiliate swfc irma,4,2,0.13626231,0.035163634,0.4974251,0.14463629,0.07999475,0.05401579,0.019771434,0.032730583
losangelestimes another fire has broken out in southerncalifornia,6,6,0.031458084,0.32436943,0.010165164,0.01149612,0.016896695,0.0133250635,0.50325435,0.08903511
money irma business what us decline the world still watches the fed via bv ai blooma,7,6,0.022966156,0.05776861,0.003995383,0.007348718,0.014167217,0.010889295,0.6096998,0.27316484
2017 joins a list of elite years with multiple category 5s in the atlantic maria irma,6,7,0.020186339,0.0097112935,0.0046374877,0.0071261497,0.026925022,0.0035872539,0.1458061,0.78202033
wsbtv reports bmonahanwsb maria is actually a hurricane again barely wind at 75 mph but its headed ou,6,6,0.008717286,0.050966572,0.0029435589,0.00531727,0.009796408,0.010099584,0.8599232,0.05223615
new bbe blog post telemedicine provides care for hurricane harvey victims,4,4,0.012184904,0.005847675,0.0042025372,0.013037447,0.9283898,0.004115691,0.020032145,0.012189745
live at this am awaiting arrival of on his way to puerto rico abc7ny,7,7,0.04279167,0.007620386,0.00267912,0.01016493,0.030848926,0.004955706,0.23489463,0.6660446
extension granted due to hurricane irma amp harvey,6,6,0.014388645,0.05498924,0.0019094705,0.0071157296,0.030984474,0.0075251856,0.77336705,0.10972018
meet carmen yulan cruz the woman taking on donald trump after hurricane maria a newsweea,7,7,0.28681958,0.0094194915,0.017032325,0.057298362,0.1258815,0.010485752,0.08894666,0.40411633
cnn when hurricane maria knocked out power and phone phoneservices puertorico,1,1,0.009108511,0.8610765,0.013446386,0.0074742367,0.00639916,0.037366208,0.05506526,0.010063668
puerto rico board asks congress for backing in fight with governor,7,7,0.030613193,0.018864658,0.0062310128,0.014155974,0.21410914,0.0034993722,0.1820701,0.5304565
photos show destruction and scramble for survivors after deadly mexico earthquake,1,0,0.58445865,0.07149217,0.09196326,0.091057055,0.075066835,0.038140804,0.035618324,0.01220286
homes of the rich and famous in the path of hurricane irma,6,1,0.19629668,0.6252719,0.0074089295,0.015431569,0.012371803,0.017593943,0.084088616,0.041536596
visit our infrastructure map at the hurricane maria portal,7,6,0.010308738,0.103954464,0.002741951,0.0052387076,0.020943573,0.010341716,0.77193797,0.07453293
latest update on maria slow movement of storm could enhance impacts especially over the outer banks,6,6,0.008055305,0.08050202,0.0036430226,0.0052304515,0.010433067,0.011714589,0.8436849,0.03673667
1994a1 aministry of soundadj harveya12 6a a a,7,7,0.011362249,0.009673342,0.0047778925,0.0063961707,0.0108940825,0.003243945,0.0763425,0.8773098
harvey was not a product of climate caused by change,6,6,0.015810385,0.13330363,0.0049479096,0.007579364,0.008155775,0.013717016,0.73935854,0.077127464
over 15 million people exposed to strong shaking after mexicoearthquake report,6,0,0.861556,0.014197912,0.008788184,0.019293789,0.013837739,0.013971017,0.054306984,0.014048374
is mentoring a moral obligation,7,7,0.027199151,0.013445373,0.0032898781,0.009706006,0.06650048,0.0033038934,0.176472,0.70008326
hope was just 10 days old when her family was rescued following harvey photo by noelle mills,0,4,0.24132022,0.012294638,0.08488314,0.20793894,0.37846315,0.0353866,0.019489482,0.020223737
everyone is welcome zumba for puerto rico,7,7,0.014533555,0.004651487,0.0032691846,0.006642331,0.036594402,0.002643518,0.07117934,0.8604862
tumi morake and martin bester join forces on jacaranda fmas new breakfast show,7,7,0.013292223,0.006911126,0.005643818,0.008129761,0.02742585,0.0026857175,0.06830196,0.86760956
storm heads north off u s coast as irma like system eyes florida keys usnews,6,6,0.008005747,0.041107,0.0025318488,0.0057883146,0.011595385,0.008298024,0.87428045,0.048393287
sundayas paper has zero mention of the california wildfires unbelievable not even a teaser at the bottom,7,6,0.020232212,0.07948451,0.006571556,0.010075146,0.01295002,0.009471614,0.5463178,0.31489715
what hurricane irma taught me by rebecca sherry eshraghi bahai,6,6,0.025399476,0.027307892,0.0018164194,0.008164866,0.018766964,0.005417281,0.6559582,0.25716892
hurricane harvey drenches texas one stormrelated death reported,2,2,0.0028444212,0.0041657174,0.9681262,0.007221769,0.004621998,0.0079316255,0.0015308172,0.0035575312
a we lost everything but we will rebuilda,1,1,0.21421172,0.32868817,0.006247564,0.01980147,0.026394337,0.014967353,0.25879067,0.13089868
condor survival craft amp mora clipper knifea comparison,7,7,0.021795278,0.0077513168,0.003308285,0.008772547,0.045065008,0.0037749384,0.1743441,0.7351885
hi douglas wilbur here had a scary time last plane from orlando b4 irma hope all in florida r ok,7,6,0.13029641,0.057708282,0.008866528,0.016776972,0.008835337,0.03676962,0.3730076,0.3677393
oucou7 release on the arrival of hurricane irma in the dominican republic,6,6,0.010052724,0.03199566,0.0024327976,0.0067903264,0.026892677,0.0068952627,0.79045916,0.124481425
student saves dozens of birds injured by hurricanemaria in puerto rico,4,4,0.037050612,0.008890762,0.041626304,0.053521015,0.8191601,0.013629915,0.014086648,0.012034685
first day back in class after hurricane irma todays word goal set goals today to become a better you tomorrow,6,7,0.07740293,0.014647228,0.0024925566,0.013091687,0.03414521,0.0049604005,0.35421467,0.49904528
me and my cousins waiting on the power to come back on hurricaneharvey,6,0,0.6831695,0.021386888,0.0055595334,0.023795541,0.030979946,0.015177765,0.12735283,0.09257805
mexico tallying economic cost of big earthquake,6,6,0.022214191,0.20405264,0.0077337734,0.0077290027,0.017046342,0.011623597,0.5692258,0.16037461
federal loans approved to help cities in hurricane harveys wake independentie,4,4,0.008301937,0.009869114,0.002899167,0.009172465,0.9206174,0.004252367,0.029761398,0.015126219
only 2 more days to apply for this years mora award at,7,7,0.030968707,0.010254528,0.0036786725,0.008229226,0.05932614,0.0037496935,0.161503,0.72229004
uk weather warning met office issues rain warnings for uk as maria arrives,6,6,0.006875581,0.04453754,0.0031477443,0.0058876574,0.016026976,0.0083071655,0.8694924,0.04572498
remarkable growth of solar industry in maryland climateaction podcast,7,7,0.01957037,0.057847697,0.009445169,0.007731205,0.044273295,0.0051427674,0.20194948,0.65404004
lots of backyard work can be time consuming but linemen do whateverittakes to get the lights back on irma,4,4,0.022320982,0.08416149,0.003997382,0.015994688,0.4461231,0.015963728,0.23876274,0.17267588
chp sends stern message to drone operators near californiaa wildfires,6,6,0.016958255,0.040969484,0.0048230533,0.01511145,0.11235411,0.009049273,0.65844727,0.14228714
us brigade working hard to reestablish power in puerto rico,4,4,0.012625312,0.018205801,0.0051383954,0.01381728,0.75902694,0.0049050646,0.087020956,0.09926023
hurricane maria path update shock spaghetti model warning a usa must watch out,6,6,0.0096080145,0.045879,0.0024450638,0.0050623147,0.009783781,0.008584785,0.87023485,0.04840227
edaccessiblert jugosocial amorality is simply an attitude we adopt toward people we dislikea oscarwilde moraa,7,7,0.03969748,0.010322599,0.0045715566,0.008291946,0.007808454,0.004321233,0.08812858,0.8368581
mexico withdrew its offer of harvey aid to texas after last weeks powerful earthquake,4,4,0.01940191,0.020547789,0.0032576728,0.013203593,0.8192249,0.0066232346,0.09243439,0.025306514
mike grabow 40 identified as among those killed in tubbs fire,0,2,0.002739421,0.004001484,0.96244067,0.009238861,0.006679709,0.009439653,0.0015440864,0.0039160037
news artists grapple with devastation caused by california wildfires,6,1,0.32459983,0.41145045,0.0060437093,0.018632578,0.022794608,0.01813987,0.17007644,0.028262503
a shrinking shrinking shrinkinga puerto rico faces a demographica disaster,1,7,0.15665998,0.06995766,0.0058933427,0.012634484,0.016108284,0.0053292406,0.35473323,0.37868372
early expert opinion is that hurricane irma will have little if any lasting effect on reala,6,6,0.008545073,0.06260015,0.003276072,0.0054270145,0.009370425,0.010035129,0.8428157,0.0579304
deadly wildfires threaten thousands of acres of pot farms in california,1,1,0.021151476,0.7475902,0.0096643455,0.008634636,0.008169167,0.021914039,0.14914547,0.033730764
iran pledges swift aid after major quake kills 400,4,2,0.021052593,0.023439469,0.4598248,0.061240945,0.37928593,0.023434764,0.02099408,0.010727401
icymi tandberg joined at the hip climatesilence climatechange renewables harvey irma maria auspol,7,7,0.013318188,0.008398029,0.0044910815,0.007312914,0.0439746,0.0023948778,0.09283629,0.827274
puerto rico aid bill named for slang that means cool,7,4,0.019828947,0.009559833,0.0031757322,0.010975859,0.68062454,0.003739,0.08939493,0.1827011
my heart goes with iran and iraq 73 earthquake pray for sarpole zahab and kurdistan fff444,7,7,0.03738537,0.010291977,0.0037311043,0.0077765533,0.016389241,0.0031885142,0.15331557,0.7679217
letter to the editor who will pay for houston work hurricaneharvey,6,4,0.019403536,0.026496025,0.0029465007,0.011752101,0.52637804,0.0052232104,0.19890946,0.20889102
furry responder brings hope to mexico earthquakea victims,4,4,0.03698318,0.0051056324,0.0036845913,0.018852983,0.8633168,0.0038467678,0.044077337,0.024132745
powerful earthquake slams into mexico city,6,6,0.013789974,0.35078213,0.008530041,0.0059777168,0.008801364,0.017572504,0.5492476,0.045298737
silverado lending help to hurricane irma victims,4,4,0.007868973,0.004928275,0.005363934,0.012787032,0.9423066,0.00465341,0.012410826,0.009680972
a join us oct 1st 1000am 6pm show your support and love for victims of mexicos earthquake,4,4,0.03870986,0.0060338182,0.0032916742,0.015976878,0.78392017,0.0035594539,0.07847564,0.070032515
a picture worth a thousand words hurricaneharvey,7,7,0.033548776,0.032676116,0.0032002549,0.008465651,0.016716752,0.006561483,0.2954871,0.6033439
us carriers offer free calls texts and data after hurricane maria and mexicoa,4,6,0.026782949,0.039303288,0.0023587577,0.01405272,0.09170741,0.011746062,0.69002694,0.12402185
hurricane maria has flooded multiple roads on ocracoke island again today,1,1,0.011347563,0.8300211,0.013916445,0.009738412,0.008083057,0.076841965,0.042564385,0.007487118
hurricanes irma harvey apply brakes to us economy marketwatch econ,6,6,0.008460204,0.05508609,0.0025158827,0.005068612,0.012649453,0.012536808,0.827229,0.07645385
hij de la bernarda directly from puerto ricoajust 3 weeks away tkts going fast click,7,7,0.020355327,0.010647036,0.0020358146,0.0055657746,0.023529615,0.0033085637,0.18044491,0.75411296
airmen from the kentucky ang deployed to caribbean for hurricanemaria relief operations,4,4,0.0121000465,0.006763625,0.0053503145,0.016479807,0.9166562,0.005512726,0.023894709,0.013242491
san juan puerto rico cant wait to go back later this year livingthedream,7,7,0.02455846,0.008197275,0.003655651,0.0059789685,0.011238478,0.002454933,0.079493724,0.86442244
fake irma video explodes online irma stjohn barbuda from the weather channel iphone app,7,6,0.019734757,0.33132038,0.015893534,0.012735762,0.0073113847,0.028020693,0.46785253,0.117130965
houston corpus christi beaumont amp se texas seeing mosquitoes w zika virus harvey texas,7,6,0.15783751,0.03010783,0.005999316,0.018671682,0.02183792,0.007113223,0.41268298,0.34574953
its been done hurricane irma in lewd anime form we have reached peak horny,6,6,0.010877799,0.034497883,0.002274787,0.0060563036,0.013090932,0.0073224697,0.8227117,0.10316806
yes there were 4,7,7,0.0296844,0.011004967,0.012204016,0.008753069,0.013117338,0.004044457,0.06387063,0.85732114
from linkedin donts to trump in puerto rico this weeks top leadership stories,7,7,0.018169709,0.011084577,0.0031192326,0.006103228,0.027300414,0.002188648,0.13416879,0.79786545
gov scotts tour of irma s impact on swfl today travels around collier county hear what he had to say in marcoa,6,6,0.015098982,0.032703966,0.0026665775,0.0069280933,0.025583807,0.0053128907,0.6300348,0.28167087
kris jenner poses showing off her wealth meanwhile in puerto rico,7,7,0.028486634,0.007289981,0.007500377,0.010696245,0.02368214,0.0029896845,0.047304716,0.8720502
busy weekend new ropes from robinson cano billy hamilton and puerto ricos debut wbc game in 2006 sodomofo,7,7,0.012404321,0.0067105195,0.005285539,0.0064916094,0.016445113,0.0022789126,0.057094436,0.89328957
icymi mexicos second earthquake in two weeks leaves over 200 dead,2,2,0.0025157682,0.003621946,0.96690345,0.008657881,0.0054137902,0.00813555,0.0014081146,0.0033434555
call antinori construction to rebuild after irma 3867612805 eastcoastdockandseawall irma,1,1,0.014348095,0.33785784,0.005724918,0.0095348405,0.07085477,0.014524254,0.30476677,0.24238849
puerto rico mayor and montana firm feud on twitter over restoring power,7,7,0.030644115,0.044001207,0.007416004,0.008579856,0.027043821,0.003731114,0.16394155,0.7146424
the second disaster facing the victims of harvey and irma climatechange tfb f4f,0,0,0.8591325,0.012082646,0.011804372,0.020603204,0.017216768,0.009928592,0.051188216,0.018043745
happeningtoday tracking irma hurricane harvey relief efforts eat fit br campaign,6,4,0.019609254,0.009511695,0.0022875378,0.014700529,0.86122084,0.0053093503,0.06565905,0.02170172
update hurricane maria winds remain at 110 mph may increase in days,6,6,0.0077445125,0.051877383,0.0035033983,0.0058340156,0.01201461,0.010669254,0.8682762,0.040080663
newsletter endangered earth harveys toxic toll,6,6,0.06253675,0.30255598,0.0048249667,0.011720253,0.0127449175,0.013457214,0.53297764,0.059182286
asian traders look to snap up us crude in wake of hurricane harvey,6,6,0.034681167,0.07055475,0.0027015645,0.011332509,0.052489933,0.012326818,0.6299917,0.1859216
yaall look at my presidenta12 c puertoricorelief mexicoearthquake,7,7,0.012682792,0.0072775944,0.0054806825,0.005681155,0.0076098307,0.0026112907,0.047279105,0.91137755
update northern california wildfires water tender operator killed in vehicle accident,2,2,0.003031216,0.0056889015,0.9468848,0.012034454,0.0048327283,0.02134277,0.0018237282,0.0043613575
this song starts a fire in me losangeles blink182 california a12s4,7,7,0.015762031,0.007820696,0.0048140963,0.0060703345,0.009404573,0.0028463027,0.051943377,0.90133864
mexico city earthquake triggers migration wave toa cancun,6,6,0.15662318,0.035806365,0.004621732,0.012570505,0.015567822,0.005594038,0.42493626,0.34428012
hurricane irma aftermath schools seek to regain normalcy,6,0,0.35701078,0.1655878,0.0037091079,0.02386603,0.0699319,0.022105774,0.31424472,0.043543905
opinion column harvey irma and 911 we can replace the stuff,6,6,0.012344982,0.057849433,0.002599344,0.006744394,0.022779306,0.010689382,0.6823306,0.20466259
donate today a12fa14da12fa14da12fa14da12fa14da14y5a14y7a14y5a14y7a14y5a14y7a14y5a14y7,4,4,0.018244676,0.006674045,0.006134222,0.014091972,0.73526335,0.005129723,0.046262868,0.1681991
harris feinstein raise concerns about wireless emergency alert system deficiencies duringa,7,6,0.01864575,0.06360891,0.0027854287,0.0071456297,0.02118946,0.008638168,0.68111384,0.19687288
bill murray is the man 20 donation to puertoricorelief for an autograph,4,4,0.0077855727,0.0055038705,0.0063828635,0.010704929,0.8878262,0.004769999,0.02242885,0.054597683
hurricane irma symphony of compensation,0,6,0.04213294,0.082306795,0.0020849768,0.0097459005,0.0224256,0.011851736,0.7477988,0.08165323
85 of puerto rico remains without power 40 of people still dont have access to drinking water,0,0,0.54227304,0.23981522,0.022578554,0.025909644,0.0204465,0.03577207,0.07603515,0.037169896
house approves harvey relief bill among debt ceiling controversy,7,4,0.033002283,0.07420959,0.004916962,0.015655247,0.37113142,0.007835639,0.28976008,0.2034887
friend sent me this picture of a building on her street mexicoearthquake,1,7,0.057800263,0.06776822,0.016828531,0.014923773,0.035688218,0.0083734775,0.09379653,0.70482105
tracking this area of heavy rain that produced a tornado warning tracking now on cbs47,6,6,0.007827956,0.06700973,0.0028946693,0.00482747,0.011412834,0.009974711,0.8595033,0.0365493
our power just came back on we lost it for about 3 hours i thought about puerto rico the whole time,7,6,0.03544279,0.2770738,0.009824937,0.012353272,0.008467356,0.064063646,0.49726894,0.09550528
combined harvey amp irma losses could strain some reinsurers fitch,6,6,0.016042462,0.23650451,0.0044167764,0.0058325306,0.011769032,0.018251982,0.64740574,0.059776895
seth troxler donates 10k to earthquake relief efforts challenges fellow umf mexico,4,4,0.006602773,0.0048220158,0.006424968,0.011620797,0.9358015,0.003658308,0.01282506,0.01824454
come out and donate or volunteer to support those impacted by hurricane irma sat 923 pgcacirmadrive,4,4,0.007811807,0.00500977,0.004154111,0.010842399,0.9393481,0.003746234,0.0152188605,0.013868723
our staffroom cake sale to help with irma,4,4,0.0077115204,0.0064570196,0.0034704437,0.009256773,0.88273203,0.0041561374,0.039987873,0.046228103
benjamin mora reveals his thoughts on the penalty for ceres read,7,7,0.018890882,0.017115833,0.006865909,0.007857302,0.015965994,0.003532082,0.15907384,0.7706982
walt disney world in hurricane irma,6,6,0.011366728,0.051701423,0.0022239261,0.005237618,0.013116367,0.009180247,0.8467417,0.060432013
hurricane maria important stuff for nc pm monday sept 25a 2017,6,6,0.010341333,0.030524213,0.0021572013,0.007025299,0.020020464,0.007197567,0.8405136,0.08222035
watch multiple buildings collapse during earthquake in mexico city,1,1,0.014260106,0.8927565,0.016139645,0.0074409004,0.0059211887,0.022093175,0.032904234,0.0084843
you can hurt me and try to break me but ill always rise and ill tear you the fuck up like a tornado,7,7,0.026838023,0.045012813,0.005147588,0.010457965,0.01017597,0.0076061008,0.25362068,0.6411408
when an earthquake struck this rural corner of mexico city the flimsy shacks,7,1,0.09517306,0.60138553,0.006331842,0.011986833,0.0124230655,0.0142556885,0.1577042,0.10073976
more evidence of high winds from irma in south florida head south,6,6,0.007795825,0.05335676,0.0030037488,0.005175567,0.010594402,0.008764647,0.8648825,0.046426572
harrowing footage shows plane flying through hurricane irma,7,6,0.027962847,0.1451462,0.006811545,0.013707618,0.021507014,0.048726354,0.67392164,0.06221673
things still bad in puerto rico while more weather misery on the way,6,6,0.03264174,0.069104396,0.0032091949,0.0088757565,0.012358639,0.009762364,0.7150975,0.1489504
bill quigley warning letter to harvey and irma survivors from katrina survivor,6,0,0.65320796,0.011585052,0.0033220483,0.024439503,0.07799234,0.006791805,0.17258537,0.05007599
deals todaysdeals nwt lularoe irmamystery sale extra large deals todaysdeals,7,7,0.01221962,0.012696565,0.004573458,0.005752867,0.029634006,0.0027617803,0.09962431,0.8327373
wildfires raging through northern california are terrifying,6,6,0.025161015,0.09794164,0.0034543073,0.006505979,0.009005348,0.010081968,0.7542758,0.09357393
watching maria tropical storm watch issued for nc coast,6,6,0.008942716,0.035340205,0.0024658977,0.0072346698,0.019047309,0.010069794,0.867636,0.04926337
keep sharing the mexicoquake everyday,6,7,0.07106717,0.011108662,0.003222607,0.011554349,0.03421532,0.0051963436,0.1797188,0.68391675
dynamo and dash players recount harvey experiences foreverorange,7,7,0.20498064,0.013765723,0.0056013158,0.014884705,0.07053522,0.007976658,0.22845739,0.45379835
pelosi wants the disaster relief package updated to include aid to california victims of the wildfires,4,4,0.010026905,0.009836596,0.0025998782,0.010120872,0.9051874,0.003696249,0.040500227,0.018031908
quilting club in kewanee illinois made 75 quilts for puerto rico thank you ladies,4,4,0.013621148,0.008633941,0.008311222,0.012771738,0.6677924,0.0050251256,0.04685438,0.23699005
video news via cnn zakarias grand bargain to rebuild puerto rico,7,7,0.020749664,0.1472758,0.0062400606,0.011124901,0.24493484,0.007950508,0.22722039,0.33450383
el fogon de jule has been offering a taste of puerto rico in readingpa for 25 years,7,7,0.011192156,0.004874757,0.006616585,0.007899076,0.040185113,0.0029919771,0.05755193,0.8686884
imagine math students donate thousands to hurricane harvey relief,4,4,0.010063364,0.004831165,0.005210359,0.011541501,0.9377046,0.0041152467,0.012864213,0.013669503
queue of blooddonation after the destructive earthquake iran sympathy,4,0,0.76077473,0.022834867,0.017340312,0.025775546,0.020508679,0.010185602,0.083086394,0.05949385
chef juan jose cuevas speaks to puerto ricos resiliencyaand why you should visit in 2018,7,7,0.014221159,0.007612045,0.0041380543,0.007849904,0.055321246,0.0023041947,0.10706872,0.8014847
hurricane harvey and irma disasters bring potential of 700b unpaid mortgage balances,6,6,0.03764733,0.33490464,0.0044291983,0.009842123,0.017253727,0.020235851,0.4990041,0.07668307
this worked for detroit and puerto ricolol,7,7,0.013295996,0.013213345,0.004224363,0.006320827,0.061205983,0.0026280791,0.102997094,0.7961143
hurricane harvey victims waiting for food houston texas 2017 colorized,0,0,0.83945525,0.0075749727,0.010430618,0.036499828,0.056612954,0.015485422,0.020891925,0.013048996
gov edwards announces statewide blood drive to help victims of hurricane harvey nwlanews,4,4,0.007716965,0.0055404627,0.0036863114,0.011026725,0.9351489,0.0035758545,0.021156868,0.012147908
i just had to evacuate my home in california due to the wildfire obviously i took the essentials,0,0,0.8494134,0.016050875,0.006508127,0.024965283,0.029771693,0.015677014,0.033009794,0.024603719
birds parrots irma take care little birdies,7,7,0.032474115,0.011302688,0.004156706,0.013372814,0.04924193,0.0045904326,0.2366976,0.64816374
dead ass a12 2a12 2a12 2 harveyirma kenneka jenkins iphone x,7,7,0.01273552,0.0071177897,0.007785705,0.0069621825,0.011095756,0.0046543293,0.041967742,0.907681
hurricane maria intensified explosively today from cat 3 to cat 5 loop,6,6,0.007419148,0.049289495,0.0026649623,0.0051235394,0.010544957,0.008747318,0.8721151,0.04409549
matt harvey fucks,7,7,0.021744024,0.008214839,0.007418463,0.008236529,0.011779306,0.0032251591,0.044029843,0.8953519
needing irma resources visit for an updated list dial 211 or text your zip code to 898a,4,6,0.01813268,0.04602763,0.0028388316,0.007610153,0.018477943,0.008525642,0.55422467,0.34416243
sandy survivors warn harvey and irma victims about whats ahead,6,0,0.862104,0.0075348374,0.0050971885,0.020929765,0.02285442,0.010911223,0.050670933,0.019897712
hurricane marias predicted path twitter,6,6,0.0085358415,0.039598424,0.002566848,0.005640252,0.01158016,0.008010602,0.8701404,0.053927567
fundraiser for hurricane irma and harvey with women beyond survival,4,4,0.011317283,0.0046070903,0.004015449,0.011630344,0.92907274,0.0036485668,0.019328732,0.016379843
they did it supplies at ix to leave for puerto rico reports,4,4,0.03525835,0.013735403,0.0045235315,0.01799781,0.71175665,0.010606306,0.14315474,0.06296723
attagirl aracely way to get out there today to clean up for our neighbors a12saa14da127a128sd6workin4u harvey,7,4,0.031733133,0.016141914,0.0027809092,0.016337704,0.39345902,0.0050501768,0.15604506,0.37845206
jose is expected to weaken as he moves north along the e coast while maria is expected to strengthen as she movea,7,6,0.0088971015,0.050724406,0.0029917725,0.005453962,0.0101109445,0.010212067,0.85980374,0.051805966
lets help to make them strong again hurricanemaria,6,4,0.024592185,0.019377565,0.0028384174,0.02073939,0.48592213,0.0066337534,0.27263716,0.16725944
need a job fema needs texans to help with harvey recovery,4,4,0.029386515,0.0057890425,0.0031240848,0.014359632,0.8853452,0.0039550364,0.035117753,0.022922779
sent this to irma and he left me on read,6,6,0.015623218,0.04469949,0.003755854,0.008225168,0.02006641,0.008603067,0.53128123,0.3677455
uw experts weigh in hurricane irmaaos unique magnitude future recovery response,6,6,0.009915124,0.055206235,0.002491283,0.0059658424,0.019013185,0.009447192,0.8572661,0.04069505
oh my god i never actually tried using the tornado in lego dimensions before this is cute,7,7,0.02442645,0.0149841625,0.0041950885,0.0065347278,0.014803428,0.0042239907,0.08457438,0.84625775
thousands homeless as mexico quakes death toll tops 300,2,2,0.003911662,0.0038006348,0.9668853,0.008727528,0.0050999373,0.007558165,0.0012995244,0.0027172363
major hurricane 0 maria category 3 115 mph windmapapp,6,6,0.0076908725,0.04640865,0.0029758317,0.005353831,0.009973404,0.009381073,0.86283237,0.05538405
rich rodriguez ranked 38th best college coach by athlon,7,7,0.016334338,0.0154966535,0.011356342,0.009283032,0.034523465,0.0042140684,0.09886524,0.8099268
3monthold girl who was ripped from fathers arms during hurricane harvey found dead,2,2,0.0067134486,0.005678167,0.93228614,0.023178024,0.010820687,0.012794727,0.0019372153,0.0065917
expert warns harvey will be us most expensive natural disaster via,6,6,0.017698064,0.12159796,0.0034193518,0.0060100835,0.01491033,0.011210222,0.7674804,0.05767356
this is where one of the best computer models predicts harvey will besix days from now,6,6,0.011622143,0.051873583,0.0032101441,0.005865639,0.009783685,0.010108568,0.83899456,0.06854173
looking for answers times reporters tested the water in houston,6,6,0.017332735,0.071723126,0.0036122988,0.010016758,0.038196713,0.00904924,0.67455745,0.17551175
matt harvey fits in with the mets highly questionable rotation,7,7,0.029068792,0.010116351,0.0050635375,0.0096696885,0.018492036,0.0046959696,0.13894072,0.7839529
tornado warnings popping up in south florida as irma nears,6,6,0.00862177,0.050764214,0.0026233396,0.004906455,0.011024636,0.009056626,0.869522,0.043481
from a one on onea documentary shows puerto rico school before the storm,7,7,0.11529142,0.109837875,0.005729828,0.012053723,0.06464639,0.006227813,0.25891042,0.4273025
my son playing in prospect park jnj hurricaneirma2017 hurricanemaria,7,7,0.06739296,0.0060990904,0.00912256,0.016976334,0.04941274,0.0062393486,0.061150517,0.7836064
california and wines postfire wine sommelier sfrfoodies,1,7,0.0112444535,0.0070326137,0.0040912614,0.0061308173,0.028096424,0.0024960793,0.08375967,0.85714865
puerto rico is a ghost town as visitors stay away after storm,6,0,0.31436405,0.29894578,0.008941415,0.01954917,0.014185113,0.01787117,0.24667864,0.07946473
key largo couple says hurricane irma took water away from florida bay,1,1,0.02214835,0.5379113,0.005638493,0.0126984725,0.025328264,0.034043614,0.34353375,0.018697668
lots of our forest to haul away thanks irma,6,4,0.03660886,0.18325372,0.013538417,0.028589591,0.3813833,0.04597899,0.16086246,0.14978468
are harvey and irma good enough reasons to dump mcdonaldas stock via,7,6,0.017838746,0.07534968,0.0033541853,0.009406439,0.025714874,0.017634977,0.5902817,0.2604194
she died in california wildfire trying to rescue hera puppy,2,2,0.0088797,0.005254502,0.9264025,0.02295891,0.016469171,0.012483281,0.0018671852,0.0056846607
i came back from hurricane marias aftermath to annoying fan wars but what was i expecting rly,7,6,0.050647713,0.048975177,0.002910708,0.010759217,0.012328799,0.006726871,0.5663354,0.3013161
powerful 71 magnitude earthquake hits southern mexico,6,6,0.010504055,0.11944452,0.0060755075,0.006055631,0.008799844,0.011395091,0.783956,0.053769473
warmer waters are fueling hurricane harveyas power,6,6,0.010662433,0.103669934,0.002980043,0.0055008456,0.016556822,0.010318046,0.7886985,0.061613385
hurricane harvey strikes a powerful blow to texas and lingers,6,6,0.009812462,0.14409402,0.004362115,0.005025724,0.010506899,0.0134655265,0.7780744,0.034658935
a few anxious faces around gintime o8 irma,7,0,0.3464957,0.019852415,0.008228493,0.018019306,0.027127212,0.0144552225,0.22216672,0.34365487
held a miracle minute and raised 900 to aid victims of hurricaneharvey,4,4,0.008997897,0.0052763503,0.0052845734,0.012660348,0.93784696,0.0040019704,0.01414866,0.011783119
after irma solar plus storage a small beacon of light in a sea of darkness,7,6,0.015149175,0.07726812,0.0038775986,0.008463499,0.017370408,0.010543,0.6969538,0.1703745
rockport tx 08272017 video footage via harvey hmrd,7,7,0.014516779,0.02023366,0.0035591887,0.005763129,0.023002341,0.0034968648,0.20570472,0.72372335
1 oz silver coin 2015 proof blue marlin guy harvey designed gainsville,7,7,0.008637996,0.011533293,0.008951805,0.0085564945,0.027633404,0.003968305,0.057613224,0.87310547
live qampa hurricane irma slams florida,6,6,0.008797577,0.05712389,0.0025953853,0.0049164,0.008495767,0.009027062,0.8623476,0.0466963
confirmed tornado with storm north of south lake tahoe california cawx,7,6,0.009157511,0.047905076,0.002593982,0.0052016354,0.009730471,0.007656591,0.86740196,0.050352756
hurricane maria not getting same amount of coverage as harvey ora irma,6,6,0.009739101,0.062253073,0.0022218123,0.0051542153,0.0118978135,0.009178849,0.858425,0.041130196
guy fieri cooking 5000 meals day wildfire victims,7,4,0.09310697,0.005983839,0.007486178,0.022929853,0.68610287,0.0059851,0.06824986,0.110155314
trump tells people of puerto rico not to believe the fake news about response to,7,7,0.035570286,0.017775936,0.0045298752,0.008163586,0.024937818,0.0029007765,0.19154839,0.7145733
hurricane maria is pounding our hotel in fajardo puerto rico tourism,6,1,0.023997905,0.5765122,0.0045474665,0.0061676437,0.010009918,0.021133387,0.31936923,0.038262323
distributing tarps in huamuchil oaxaca mexicoearthquake,4,4,0.017124778,0.010208408,0.0049897577,0.014528885,0.51431715,0.0071743606,0.12378511,0.30787158
in this afternoons matinee performance mr harvey thorne will be playing the part of al jolson,7,7,0.014819591,0.006155131,0.0056554964,0.007918845,0.025127588,0.0029218795,0.06421212,0.8731894
anura were you scraping coconut for one year via lka srilanka floodsl,7,7,0.021992344,0.0101761175,0.0025385243,0.0062636086,0.040362995,0.0031643177,0.12481704,0.79068506
these photos show how residents are coping in puerto rico nearly one month after maria,6,0,0.88586575,0.008750375,0.0060132532,0.021568222,0.018821692,0.013076518,0.029229276,0.016674897
espn puerto rico tipoff relocated to ccu because of hurricane maria,7,7,0.18166791,0.042611327,0.004665678,0.013141946,0.04414456,0.0048542963,0.33646566,0.37244853
the ocean is already picking up irma didnt do anything this soon,6,6,0.011709628,0.03576957,0.0029502586,0.0071158214,0.015098622,0.007777568,0.7568626,0.16271594
harvey a storm like no other by creationcare healthykids,6,6,0.018261837,0.033602532,0.0018521149,0.0077941483,0.023223842,0.0068417024,0.7902542,0.11816964
irma harvey florida have mercy blacks just trying to feed their starving families,7,0,0.47670525,0.010523388,0.007205149,0.04339063,0.35720742,0.010409534,0.048895333,0.0456633
schilling defends trump on puerto rico yet warns of grave consequences ahead,7,7,0.020010045,0.021553084,0.0054668486,0.008463548,0.016067099,0.003516093,0.19750418,0.7274191
portorico hurricanemaria scam spam they keep on trying,7,7,0.02028021,0.013240606,0.0022394764,0.0051297066,0.012606194,0.0036096468,0.14441885,0.7984753
urgent support needed for dominica island hardesthit by hurricanea maria,4,4,0.011727775,0.010373036,0.0030400872,0.015459641,0.90470576,0.00550469,0.03765688,0.011532061
first indulgence since irma still no power but i have my caramelmacchiato,1,7,0.016351426,0.038846783,0.0035412782,0.0076235407,0.0139464475,0.006321421,0.4006205,0.5127486
dallas readies itself for influx of hurricaneharvey evacuees hurricanerelief,0,4,0.25054765,0.020981554,0.0029310195,0.022602798,0.38460034,0.012872734,0.24365649,0.061807416
south florida peeps we need volunteers hurricanemaria puertorico,4,4,0.021139815,0.0060829152,0.0026731947,0.017069384,0.8856125,0.0048335553,0.041919205,0.020669425
is out of patience with democrats who think we cant afford nice things like saving the planet,7,7,0.03727934,0.015478035,0.004049662,0.009504965,0.041233905,0.003055662,0.11738609,0.77201235
mexico city earthquake a rescuers battle to save children trapped beneath rubble of schoola,4,4,0.025906412,0.005751536,0.0076046586,0.028593095,0.89824754,0.005883297,0.016474811,0.011538632
mexico city a risk from earthquake tremorsbuiltup on top of,7,6,0.02366811,0.11393605,0.004117018,0.006522355,0.008324168,0.010146983,0.7351947,0.09809066
captive blackfish tokitae left 2 fend 4 herself during irma v freelolita,6,0,0.39214444,0.014722476,0.018232133,0.062456682,0.10936417,0.014848634,0.12876236,0.2594692
we want to make floridians aware of an important issue called assignment of benefits heretohelp irma,4,7,0.034002326,0.024387674,0.0026244659,0.008087383,0.06307952,0.004005233,0.34923917,0.5145742
classless trump insults california by sending warm respects during wildfire a resist za,7,7,0.02436366,0.011071619,0.005191824,0.0077650757,0.019084673,0.0023711727,0.091232955,0.83891904
a couple of middle school students are raising money to help californias fire victims,4,4,0.010530393,0.0046034358,0.005580776,0.0143747665,0.9367761,0.0038712057,0.011488138,0.012775138
far from baseball norm charlton looks to rebuild his hometown after hurricane harvey,4,0,0.3039783,0.20454049,0.004539984,0.016296078,0.05704331,0.0088518085,0.20863147,0.19611865
hurricane irma took their homes and possibly their future news,1,1,0.059730463,0.7999194,0.0086391745,0.011840309,0.0073400247,0.028162116,0.07370127,0.010667336
harvey did next to nothing for oil in comparison to katrina,6,6,0.010314941,0.3130793,0.0051324447,0.006837842,0.017591873,0.020903252,0.5736834,0.05245699
one of our safety patrols escorting 2 of our prek students to class our first day back after hurricane irmaa,4,4,0.041835256,0.0059139235,0.007312753,0.03594357,0.7857363,0.014434037,0.055686608,0.05313762
barry bonds among pro athletes who fled golf club ahead of california wildfires,0,0,0.86004674,0.011613792,0.008055637,0.019892875,0.017309865,0.010036623,0.039716024,0.033328444
our little town of nome hurricaneharvey texasstrong,7,7,0.062220372,0.055014852,0.002195903,0.008402266,0.021970723,0.00576807,0.33431175,0.51011604
california suburb destroyed by fire last night,1,1,0.012504698,0.9028925,0.011189465,0.0063306396,0.0047672675,0.01738356,0.034405258,0.010526618
dad where are the lights its been one month son the politicians of puerto rico stole the lights,7,7,0.051748674,0.01846129,0.014852715,0.016606817,0.0077386154,0.014700848,0.09702696,0.778864
new new hurricane maria puerto rico officials describe apocalyptic conditions,7,6,0.011036283,0.07155358,0.003332092,0.0055407137,0.0090155825,0.009701968,0.85133004,0.03848979
woman at las vegas shooting loses california home to wildfires,1,2,0.21160048,0.03462449,0.5946409,0.073207065,0.009243168,0.045192454,0.011183989,0.020307327
harvey aftermath houston open for business other cities suffering,6,1,0.10755612,0.44530877,0.0043443595,0.0107468115,0.020763345,0.01674671,0.338633,0.055900913
5am advisory maria weakens significantly overnight but it is still a hurricane with winds up to 80 mph,6,6,0.007965989,0.069392495,0.0038325111,0.0058745723,0.010813223,0.011726437,0.85723716,0.033157595
hurricane irma charleston flooded neighborhoods watch now 9,1,1,0.0382384,0.84706384,0.010906782,0.01197862,0.011187125,0.036862288,0.036980253,0.0067827296
hurricane irma could hit us by this weekend after harvey devastation,6,6,0.008912127,0.08298014,0.002874044,0.0051307105,0.012231058,0.010477025,0.8442695,0.033125456
much like harvey hurricaneirma could bring rain to arkansas as it fizzles out arwx,6,6,0.007879907,0.07570107,0.003030908,0.005145492,0.012352679,0.009443272,0.8449337,0.041513
oil amp gas operators increase number of evacuated platforms due to harvey oilandgasnews,6,4,0.05460586,0.25032836,0.0051611653,0.018543782,0.3174793,0.025498273,0.27037057,0.05801266
tropical stormhurricane lee will likely interact with mariamary later this week,6,6,0.0077256,0.03765325,0.0028576204,0.0061285505,0.012532886,0.008386618,0.8738883,0.05082717
michael buffer had his steve harvey moment with carlos estrada winning the fight,7,7,0.0210832,0.035971083,0.006116801,0.01067754,0.019004304,0.0057998323,0.22247836,0.6788689
republikkklans rnc gop voted against 4disasters harvey irma katrina thank a democrat,6,7,0.032150716,0.018691357,0.0025055287,0.008194428,0.048194278,0.003766612,0.2755993,0.6108978
mims family of 7 loses everything to tornado during irma gt,0,1,0.041694786,0.7280515,0.017408645,0.0131491935,0.0058385204,0.04692893,0.12714882,0.019779753
thats cause steve harvey did the announcinga,7,7,0.016744222,0.015996706,0.003691776,0.0056375377,0.015220466,0.0031916508,0.13915774,0.8003599
provides shelter for evacuated zoo animals during hurricane irma,4,4,0.026986986,0.009307127,0.005226961,0.019512415,0.8985978,0.0075564943,0.02158335,0.011228868
as i pleas bring these supplies everything will be donated to those impacted by hurricane harveyas i,4,4,0.010399635,0.005721384,0.0029085472,0.010964894,0.92945653,0.00403978,0.023272822,0.013236521
did the dark state create harvey fakenews propaganda,6,7,0.0229346,0.07149321,0.0059418767,0.010656831,0.0146210445,0.0091617005,0.39473885,0.47045195
california architects begin to assess the catastrophic wildfire damage,6,1,0.016719474,0.7929095,0.00694303,0.005475199,0.008570289,0.015125411,0.13807155,0.016185459
this graphic feels like a very poor representation of actual real life hurricane maria,6,6,0.017407821,0.070234716,0.0032535659,0.0064725126,0.009961072,0.0098318495,0.7594321,0.12340633
first time i text mora in months and he thinks all im trying to do is get drunk smh,7,7,0.026214229,0.014320846,0.0055736746,0.008752563,0.009654917,0.0043378933,0.08909082,0.842055
pre august 11th at 730am and post september 18th at 730am irma fortunate and resilient,6,6,0.013200798,0.0295815,0.0024989133,0.0069399597,0.02540029,0.00596911,0.674623,0.24178636
mexico earthquake relief paypal donations donativosrescatetoposorg toposmx,4,4,0.008260885,0.0052025733,0.004250497,0.010334793,0.9309429,0.004024297,0.01805596,0.018928133
irma will cost disneyworld other theme parks millions via orlando sentinel,7,6,0.01805788,0.32353374,0.0057813856,0.0076495446,0.025727091,0.018057084,0.41671076,0.18448253
northern california wildfires are devastating the areas cannabis crop cannabis,1,1,0.032570068,0.41869134,0.0077442224,0.009257439,0.012840469,0.016730603,0.40167946,0.1004864
join the pro bono attorneys helping with californias fire recovery,4,4,0.013723234,0.008048404,0.0030990723,0.011526481,0.86960244,0.0052193715,0.051861104,0.036919836
day 8 no power irma sarasota,1,1,0.015058264,0.5731228,0.010848353,0.009715784,0.010860314,0.025926782,0.3029487,0.05151891
deadly aftershock volcanic ash spread alarm in mexico,6,6,0.01835939,0.18215679,0.008949915,0.00817649,0.0076615275,0.013450498,0.7155332,0.045712125
to show you how scary hurricane harvey is,6,6,0.043115973,0.06795526,0.0027531562,0.009795037,0.010658305,0.012177745,0.7144605,0.13908403
this was taken the day we left summerland key floridakeys irma hurricaneirma missing the keys pretty bad today,6,6,0.013346677,0.17380849,0.0049643,0.009476295,0.013742074,0.028436344,0.7086383,0.04758747
know your hurricane evacuation zone,6,6,0.1442709,0.08813992,0.0023954653,0.020008493,0.05543923,0.01982416,0.6261577,0.043764032
ever since harvey melania has looked like secretservice,7,7,0.016989645,0.011162237,0.0029374731,0.005452082,0.015110301,0.003134364,0.11172007,0.8334938
top charity found scamming hundred of harvey victims out of food do not donate,4,4,0.035541695,0.0059007783,0.0051036407,0.016967015,0.8827683,0.0042410693,0.027953546,0.02152398
this really puts things in perspective please help houston however you can harvey,4,4,0.035557885,0.014941196,0.0021052116,0.01714722,0.78217244,0.0065026376,0.103168614,0.038404834
ibec emergency housing wkh puerto rico,6,7,0.11383868,0.024950996,0.0031149257,0.012755023,0.27432913,0.0062862467,0.16136135,0.40336362
govt donates b2m to help floodstricken sria lanka,4,4,0.0068521514,0.0059040235,0.0061101075,0.01115598,0.934203,0.003982036,0.01400386,0.017788801
introducing the new 2017 puerto rico a14y5a14y7state seal,7,7,0.0103055565,0.006582288,0.006327309,0.007865749,0.018639289,0.002897197,0.049176972,0.8982056
final 49 knox webb 22 blue tornado improve to 31 gobigblue,7,6,0.01243147,0.03652984,0.0024897095,0.0061152563,0.012220655,0.0065976433,0.6645396,0.25907582
forcecast track of hurricane irma has trumps maralago club in its sights,6,6,0.011304199,0.067266926,0.0024681033,0.0053752144,0.017364508,0.008588868,0.80885106,0.07878115
liga fully sustainable and disaster resistant living environments irma harvey,6,6,0.135102,0.15798017,0.0031077042,0.012617134,0.050905887,0.007388416,0.33912396,0.29377472
bryn amp harvey all the way from england whos the bigger kid bbl06 turnuptheheat,7,7,0.018017475,0.0051085195,0.0039269435,0.0060030343,0.014086483,0.0028190287,0.04582363,0.9042149
harvey victims worried irma could slow recovery read more victims,0,0,0.86671674,0.009271895,0.009469367,0.024949826,0.019570908,0.012254247,0.041824978,0.015942166
is puerto rico part of the us another katrina should we help them heres how to donate,4,4,0.016132435,0.0061055087,0.0025367173,0.010726283,0.8565574,0.0030498053,0.047907077,0.05698469
aztf1 has been demobilized from harvey were heading home,7,4,0.11707097,0.040388614,0.0058928058,0.04518946,0.36440572,0.045332085,0.32112607,0.06059434
donald trump is yet to address the deadly iraniraq earthquake but has had time to tweet,6,6,0.025060672,0.038235296,0.005045279,0.010134902,0.015135094,0.004881479,0.46722943,0.43427786
mexico im sad i think of wenchuan earthquake in chinaa123a123,7,7,0.06145572,0.015520457,0.0073021497,0.010817267,0.008348922,0.0042901197,0.14919107,0.7430743
abannon says bush 43 a most destructivea,7,6,0.024816792,0.084069625,0.005429144,0.009347649,0.008824676,0.010542335,0.47061315,0.38635662
de mora just landed,7,7,0.028554715,0.009118134,0.005168534,0.0074442322,0.019431131,0.003585572,0.10828444,0.81841326
if youre looking for a way to help my church has a few good options hurricane harvey relief cottonwoodfamily,4,4,0.0146426605,0.009880431,0.0020667545,0.01049955,0.8612152,0.0033189123,0.057989925,0.04038652
ozarksfirst kolr hurricane irma death toll at 9 as florida awaits storm,2,2,0.002812615,0.0037839082,0.96640646,0.008039248,0.0057950853,0.0086685745,0.0013942701,0.0030997966
iraqiran earthquake from bhuj to haiti the deadliest quakes of this century worldnews,6,2,0.008733291,0.040931165,0.8986385,0.011241532,0.0037076261,0.011045896,0.01115221,0.014549741
stepupfortexas help our kxly radio stations raise money for victims of hurricaneharvey,4,4,0.006755282,0.0052012736,0.003746635,0.010076521,0.9372558,0.0036302172,0.017999962,0.015334367
mexico drops harvey aid to texas citing its own natural disasters,4,4,0.029841978,0.05101255,0.0035919137,0.017105035,0.72362953,0.01293599,0.13405396,0.027829045
coast guard investigative service agents inspect sailboats damaged by hurricane irma in key west floridaa,5,5,0.038823172,0.2974876,0.03295559,0.030234974,0.03231234,0.5238642,0.03536279,0.008959375
34 pot farms have burned down in california wildfires via socialmedia mlm,1,1,0.011567152,0.8758161,0.022744352,0.008178457,0.0057288567,0.024795832,0.03760195,0.013567233
funnel cloud reported w tornado warning d sdwx,6,6,0.00902617,0.041938256,0.0025336654,0.005039901,0.009653428,0.00774355,0.8672208,0.056844257
four tornadoes have been confirmed so far from irma full report scwx gawx,6,6,0.009279476,0.04016816,0.0042955885,0.0065065403,0.011386895,0.007109944,0.8545667,0.066686705
carlton church plans fundraiser on oct 29 for community in puerto rico,4,4,0.010434561,0.0062313313,0.0035728645,0.009612512,0.89413834,0.0028473448,0.035006795,0.038156305
so sad to hear about the earthquake in mexico city my thoughts go out to everyone there a12ca12c mexicocity,6,7,0.0466203,0.0122112995,0.004527712,0.00782182,0.015790429,0.0033395032,0.15668665,0.7530023
powerful hurricane irma slams caribbean eyes us,6,6,0.009174232,0.054196957,0.0023404546,0.0050586564,0.009927552,0.008833533,0.85752946,0.052939128
tesla starts energy storage at hospital to help puerto rico,4,4,0.00704018,0.0067594973,0.003913498,0.011413268,0.91850513,0.003528134,0.027197251,0.021642925
huge earthquake could strike today says prophet who predicted iraniraq killer quake,6,6,0.021718858,0.04696936,0.005548812,0.008364218,0.011289078,0.006418425,0.7384766,0.16121462
tell us how you really feel obx hurricanemaria,7,7,0.1668507,0.016688433,0.004772662,0.017663796,0.019684782,0.007933621,0.2725728,0.49383324
also had to replace my tryb thanks to harvey fuckoffharvey,7,7,0.027540509,0.030532857,0.0062999786,0.009450644,0.047178116,0.010697923,0.15113004,0.7171699
kids open lemonade stand to help raise money for animals displaced by hurricane harvey,4,4,0.0095352065,0.0049791024,0.005274229,0.013706309,0.93689394,0.00418652,0.013056506,0.01236812
dr jim denison california wildfires whose door will you knock ona today,7,7,0.021506114,0.017503409,0.0025861803,0.005881049,0.012956318,0.0034777452,0.20371637,0.7323728
thankfully we are free of damage and are back in full swing post hurricane irma,6,1,0.014103446,0.79304355,0.004933064,0.005989147,0.013098166,0.018248996,0.13841401,0.012169547
raytheon coyote uavs help noaa track and model hurricane maria,6,4,0.014604321,0.017030843,0.0061122314,0.020466885,0.54258585,0.015454838,0.2759507,0.10779438
although i got this care package after irma my girlfriend is still the best dd,7,7,0.08961653,0.0077799135,0.0037463563,0.0135649685,0.033837516,0.004055841,0.11015359,0.73724526
horses sheep amp turkeys evacuated from fire how to help after california fires,6,4,0.1318708,0.006430404,0.007038134,0.049308836,0.7393642,0.010061937,0.034040205,0.021885488
fl irma preliminary needs on bigpinekey distribution center 30250 overseas hwy big pine key fl 33043a,4,6,0.012335486,0.067603186,0.0024104828,0.0081181405,0.074437015,0.007918045,0.5735173,0.25366032
and get puertorico users cell service,7,7,0.028763656,0.012227278,0.0024160463,0.009826682,0.12318696,0.0041032853,0.18661886,0.6328572
rain brings breath of fresh air to areas hit hard by california wildfires,6,6,0.0234772,0.1268045,0.002919533,0.0072905747,0.033668656,0.008806369,0.71056956,0.08646361
how to help victims of the northern california wildfire,6,4,0.013726868,0.0049782693,0.0037455105,0.0134127345,0.9206836,0.0031925724,0.02346269,0.016797887
looking for a new pet dogs rescued from puerto rico are looking for new homes in nyc,6,4,0.05326802,0.0065791714,0.010760943,0.051181618,0.82316387,0.009356726,0.022709664,0.022979857
71km ssw of paredon mexico earthquake mag 57 september 24 2017 060612 100612 gmt,6,6,0.013983046,0.04043249,0.0041475086,0.0068711895,0.012504324,0.005614175,0.5913064,0.32514083
53000 people made homeless by hurricane harvey what happens next,0,0,0.8205743,0.01584312,0.02637889,0.055608463,0.021620654,0.031548433,0.014725829,0.013700251
puerto ricans in ct wait anxiously for news about hurricane,6,0,0.6596221,0.019986277,0.0041120066,0.020185713,0.023577347,0.011365298,0.20468804,0.05646323
la mina in earlier this year i cant imagine what hurricanemaria has done to this rainforest amp ecology,1,6,0.017247848,0.10093197,0.0031087114,0.0067037474,0.016200114,0.006872429,0.6696253,0.1793099
land ofrost chipped in time and person power to provide relief supplies to hurricaneharvey victims in houston,4,4,0.008833473,0.012040867,0.0037313567,0.010885629,0.9239461,0.005963976,0.024432162,0.01016647
harveyas heroes area man steps up when no one else will patxnews,7,7,0.057868432,0.0078964345,0.0051046894,0.015628865,0.3279078,0.004956752,0.117994346,0.4626427
from the archive macron i will help st martin recover from irma,6,4,0.014298944,0.024104893,0.0035626132,0.021448806,0.70859814,0.0065559614,0.14350586,0.07792468
an update from about disaster relief in response to hurricanemaria,4,4,0.025137592,0.04422411,0.0035848285,0.022142446,0.6206653,0.009379004,0.22991815,0.044948604
creating new voters daily a343,7,7,0.18767017,0.01708548,0.009796857,0.016121231,0.073543556,0.007047016,0.12299555,0.5657401
maria is still a major hurricane and will actually have a positive effect on our weather this weekend dry,6,6,0.007888951,0.040865086,0.0025316356,0.0050830254,0.011982392,0.007651778,0.8624085,0.061588693
raiders release statement on central mexico earthquake,7,6,0.019540159,0.051891327,0.0037537066,0.008403619,0.020310549,0.0068061594,0.7916628,0.09763176
earthquake ml 39 eastern iran emsc,6,7,0.029235212,0.024370404,0.0034992467,0.0069645606,0.015264315,0.0036530092,0.41011897,0.5068943
hurricane harvey another crushing burden for houstons poorest and most vulnerable,6,0,0.6761586,0.1096684,0.005796135,0.015058892,0.02854471,0.029001342,0.12006432,0.015707606
after hurricane irma group handing out bulk bbq at germain arena,4,4,0.013801836,0.013953998,0.0031076432,0.011506383,0.7333525,0.0052393693,0.14255393,0.07648435
when you try to figure out how pellegri salcedo mora60m nainggolan60m,7,7,0.012197927,0.008214052,0.0033528963,0.0053873695,0.01144441,0.0030691635,0.08345459,0.8728796
hurricane maria has left a path of devastation behind it heres how you can help gtgt,6,1,0.013450849,0.7895019,0.0067669568,0.0070676096,0.012497263,0.026915094,0.13453561,0.009264558
bayarea restaurants join forces help north bay fire,7,4,0.011940673,0.00598505,0.0033278211,0.011877413,0.916798,0.0039337804,0.02744191,0.01869533
shop kipsongo and help us support rebuilding efforts in the virgin islands post hurricane irma shop kenyaa,4,4,0.006656243,0.008162951,0.0032881466,0.009543575,0.932173,0.0037525448,0.021697141,0.014726426
radio reports on california wildfires,7,6,0.013543454,0.06658948,0.003857415,0.006072557,0.012885061,0.007871929,0.79405695,0.09512322
large tree fell in mount mora cemetery no tombs seem to be damaged,7,1,0.01025769,0.8723811,0.027282566,0.01011915,0.0050349883,0.025989467,0.033718906,0.015216096
apartment residents angry displaced after irma,7,0,0.86234653,0.019877218,0.0098893605,0.026848521,0.015082234,0.024939,0.02412138,0.016895792
need something to get your over hump day come out to b3 brew beats amp bites at perry harvey park starting at 5 pm,7,7,0.019391615,0.009329483,0.0019852833,0.00673746,0.038977552,0.004671774,0.16544902,0.7534578
beautiful samoan firefighters sing moving hymn in midst of california wildfiresa,6,4,0.09196907,0.013304363,0.0034440497,0.022182181,0.47387472,0.007806319,0.22087912,0.16654006
telegraph pics landlords demand rent for flooded homes from hurricane harvey victims,1,1,0.1619708,0.60873353,0.006329217,0.018295884,0.07269398,0.035652168,0.07130801,0.025016394
insurers and reinsurers struggling to assess the damage of hurricane harvey,4,1,0.02540487,0.6595006,0.0050598225,0.0064572315,0.01610063,0.021967791,0.24888399,0.016625114
106th rescue wing returns from harvey irma missions,6,4,0.017367491,0.0088717295,0.0075019654,0.025453247,0.88221866,0.008186769,0.03464981,0.015750416
hurricane maria a the aftermath a st croixa usvi,1,6,0.012027348,0.06991673,0.0028364072,0.0059000794,0.008831478,0.009959604,0.8429282,0.04760023
if hurricane maria kills me gets my warhammer stuff this is a legally binding tweet,7,7,0.03420717,0.07218948,0.03420821,0.014803993,0.012486058,0.010357702,0.32413208,0.49761525
do you have boat damage due to hurricane irma we can assist you with filing a claim with your insurance company,1,1,0.020809827,0.7630201,0.008548093,0.00926089,0.008125959,0.07601115,0.09931776,0.014906275
icymi raradio samaritans purse ramping up aid efforts in caribbean after hurricane maria,4,4,0.0097669745,0.008085585,0.0031496652,0.012794187,0.917753,0.0046491073,0.031035362,0.012766064
trending in scuba hurricane maria relief,7,6,0.02752113,0.049821097,0.0023708593,0.013803868,0.057366278,0.012598787,0.7649879,0.071530014
wh releases pic of trump signing harvey aid etc into law earlier at camp david,6,7,0.013736285,0.0321517,0.0040719365,0.01154934,0.20008013,0.0050937426,0.2986354,0.43468156
new assessment data on hurricaneirma irma,6,6,0.007876972,0.0465437,0.0029805547,0.0058144303,0.014669063,0.008636435,0.83699536,0.07648342
perspective amp fright cat 5 irma from the virgin islands ht fox35,6,6,0.010732826,0.028421665,0.002431861,0.0067851404,0.022735802,0.0054096887,0.6563715,0.26711157
weighing the hazards as i via,7,7,0.04501194,0.04383036,0.0041300296,0.0103017,0.018545698,0.008165559,0.41983542,0.4501793
icymi maria will be joining monica in puerto rico on monday to help distribute supplies a12fa14bai a14y5a14y7 beblessed,4,4,0.007927252,0.0049681575,0.0044997907,0.013326834,0.9276329,0.004035847,0.017654942,0.019954301
harvey and ruby waiting to settle down and watch crufts2017,7,7,0.10752691,0.0097714905,0.003744202,0.012085839,0.022226214,0.0047245035,0.16642737,0.6734935
irma the savage rat ripshelia,7,7,0.020321978,0.009322174,0.003595458,0.006687105,0.012671289,0.0027295914,0.107471816,0.8372005
watch teaming up for texas telethon with coach cal and the cats on from 330630 pm,7,7,0.015568112,0.007702726,0.0035665904,0.008979084,0.09791376,0.0027464246,0.12905444,0.7344688
how about getting some power to the american citizens in puerto rico you hopeless asswipe,6,7,0.031194294,0.013774467,0.0067230216,0.010847162,0.016173717,0.003703635,0.07209002,0.8454937
kill people burn shit fuck school 666 ofwgkta i punch bitches stop kony 2012 fuck steve harvey,7,7,0.01674862,0.010781389,0.007437973,0.0071216463,0.007616669,0.0042590783,0.053050432,0.8929842
not irma anymore his name is dukeaf,7,7,0.025781577,0.0063222046,0.009061137,0.009791448,0.011002602,0.0037390348,0.054232784,0.88006926
join us in the clubhouse on sunday 18th june for a special three course fathersday lunch,7,7,0.022349564,0.007704508,0.0036686126,0.007324917,0.04341337,0.0027457594,0.10972195,0.80307126
oh snap darrell issa,7,7,0.015954921,0.0075507727,0.004889029,0.006330305,0.009549683,0.0027142628,0.046324436,0.9066866
twitter erupted over president trumps federal g tweet about hurricane irma,7,6,0.019355385,0.038612887,0.002727649,0.0075797085,0.016791418,0.005526778,0.61586994,0.29353622
in hot weather a power outage can be deadly check on friends neighbors amp loved ones,7,0,0.3432268,0.32933104,0.011374856,0.029905042,0.008710951,0.03441076,0.20004095,0.042999607
congrats on hitting yoir goal guys im sure the victims of harvey will appreciate it greatly,7,7,0.049578767,0.013039075,0.004794915,0.014474469,0.13174239,0.0040988587,0.26400715,0.5182644
ive never flown in one of these what a beauty tornado,7,7,0.033083715,0.016677963,0.014143726,0.010992606,0.0170237,0.01326714,0.1634034,0.7314077
21 kids among dead found in school after mexico earthquake,2,2,0.0030534912,0.0040055513,0.9599797,0.011675221,0.0066715595,0.009621239,0.0014193316,0.0035739448
one volunteer me helping another for hurricaneharvey rescues,4,4,0.008157916,0.00475953,0.0045712125,0.013684458,0.9383143,0.0039929426,0.01378299,0.012736628
california nurse flees wildfires nurse nurses nurselife nursepractitioner nurseblog,7,0,0.82445025,0.008826016,0.008012983,0.025914807,0.025094938,0.009614136,0.052917317,0.045169476
tropical cyclone mora by eumetsat composite image of tropical cyclone mora approaching banga,6,6,0.0070399833,0.039453283,0.0028311196,0.006748117,0.013825772,0.009237294,0.8704186,0.050445855
champions for puerto rico medical relief in ny nhma2017,7,4,0.013971602,0.007307901,0.0027050262,0.0100547625,0.8792192,0.0033675174,0.04774211,0.03563195
a lesson from hurricane irma bury the utility poles by unknown author via nyt,6,1,0.017936124,0.8039549,0.015432169,0.017027253,0.013445836,0.045908984,0.06120783,0.025086947
jonny gomes bringing huge truck to help california fire victims the kansa royals,4,4,0.0075299386,0.0042554582,0.0052220533,0.0147401495,0.9357872,0.0053599137,0.013346479,0.013758807
on air sur np fedo mora amp camurri after the rain pochette,7,7,0.018088767,0.021554453,0.002198346,0.006041213,0.018692607,0.0037211485,0.28972882,0.6399746
image of the week irma churns up sediment in the florida keys video,6,6,0.010941202,0.33499864,0.00604876,0.009312002,0.016482323,0.021133337,0.5705351,0.030548703
paralympics body postpones world championship over mexicoa earthquake,6,7,0.02601078,0.02163222,0.0065826,0.008629755,0.03520427,0.0033872416,0.26066086,0.63789225
so puerto rico was already part of the us somethings fishy with whitefish,7,7,0.01864596,0.010718613,0.005924955,0.007843936,0.01688082,0.003165195,0.074530005,0.8622905
before hurricane irma quinn street flood clean up,1,1,0.017185874,0.7048821,0.0041638324,0.009407175,0.035916224,0.021532169,0.18873054,0.018182198
local sheriff smacks down breitbart for bigoted lie about california wildfires,7,7,0.02742714,0.026956987,0.010549684,0.015730148,0.030486818,0.0053614737,0.21670654,0.66678125
breaking tornado warning has been cancelled houston may see some tornadoes overnight tonight harvey,6,6,0.009489773,0.05804176,0.0032053757,0.005120647,0.008523114,0.009513917,0.8665111,0.039594397
pretty sure yall got investigate reporters,7,7,0.02375109,0.010815831,0.005592532,0.0106678,0.028136916,0.0035887444,0.13329487,0.7841522
iran survivors struggle in aftermath of years most deadly earthquake,0,0,0.8556689,0.011016446,0.01968722,0.03791531,0.01844132,0.01900976,0.021715421,0.01654575
losangelestimes the package includes 5765 million for california wildfire,7,4,0.010050183,0.017210098,0.0045688706,0.009248209,0.7750834,0.006229241,0.077273935,0.10033601
s a f e b o y e s ready to look for people after earthquake in mexico,4,0,0.33534256,0.011165984,0.010879493,0.051809866,0.20471744,0.010887209,0.17260565,0.2025918
thesciencemic nasa map of wildfire damage helps california recovery effort science,6,1,0.04815484,0.42389366,0.006444682,0.020444581,0.2670051,0.026071837,0.18705845,0.020926924
harvey damage could reach 180 billion,1,1,0.009461677,0.8378589,0.0087665655,0.005505093,0.00927316,0.020396434,0.09816323,0.010575031
maria wants to do the work irma couldnt completely do 34,7,7,0.012546125,0.026698343,0.003038289,0.007028963,0.037200473,0.0039015438,0.34859192,0.5609943
