tweet_clean,y_true,y_pred,prob_affected_individuals,prob_infrastructure_and_utility_damage,prob_injured_or_dead_people,prob_missing_or_found_people,prob_rescue_volunteering_or_donation_effort,prob_vehicle_damage,prob_other_relevant_information,prob_not_humanitarian
has a great event tomorrow for both byu and utah fans to support hurricane harvey relief,4,4,0.007007870155422161,0.012567775203022838,0.005238162376123223,0.01103091864444669,0.7666899579387252,0.005921234112011301,0.06853589066352422,0.12300815106299842
now also carlo surf band at 8pm pwyc mexicoearthquake fund,7,7,0.006783926310575438,0.016348611457001023,0.00605877041106076,0.009949474122069818,0.09189462854148878,0.005314359926765277,0.13618305434698533,0.7274672072370356
guaynabo resident efrain diaz stands by a bridge washed out by rains carrying debris from hurricane maria cnn,1,1,0.062374692591983236,0.7575525099261089,0.005115685980437711,0.007038721605576732,0.01674887668885479,0.02796527258906866,0.10939516733956187,0.013809070655570875
after harvey irma leaves its own trail of destruction metals,6,1,0.005262130048395191,0.8788214697531325,0.005044456751518958,0.0034566619955772888,0.008371350333453402,0.011401381852451056,0.06916032240135345,0.01848213822025352
dawn just won 400 and were gonna match the amount for hurricane maria relief,7,7,0.006557881138860417,0.013800456458584544,0.005789262956000381,0.011439355007612968,0.4140146791939232,0.0067152981914632435,0.0911979470203814,0.450485073990914
harvey forces national weather service to add new color to its rainfall map,6,6,0.0073949100777647055,0.07861541819440766,0.0038306079556307037,0.005407486987229097,0.03213812373876486,0.0062552086391077805,0.7132926371634943,0.15306557048022434
hurrican harvey transposed over illinois to show widespread heavyrain,6,6,0.009710893320557605,0.23531705663725072,0.007728415791047778,0.0061845068132503405,0.02228939683305676,0.010143765176942513,0.4770250586967739,0.2316009189500725
wotv news presssec the primary focus right now in puerto rico is relief and support in the rebuilding effo,1,4,0.008654784821259302,0.029858198609152432,0.005183130469061205,0.011184374157964734,0.7180982621846641,0.007298333149960991,0.10705006768345747,0.11267286571156913
harvey bashes texas coast leaving homes damaged residents injured amp without power,1,1,0.0353282810256956,0.7504579346843263,0.02107386472781015,0.006038800831310408,0.008089950785595506,0.14801559927100452,0.025582666801693865,0.005412868489305982
puerto rico is now a country dont believe me read,7,7,0.011922095746430715,0.03806457245542538,0.006384804550605145,0.008518843556559921,0.03316855697760323,0.005523114416774066,0.29589153007262703,0.6005264928934387
so many faves on one track for puerto rico a14y5a14y7 almostlikepraying supportpr,7,7,0.008309923073902464,0.014779601415105105,0.005637223308492671,0.009921154335063942,0.07333944152421848,0.005334437523750296,0.10941970744766626,0.7732584798626843
puerto rico power massive logistics challenge the commander of the us a usa news,7,1,0.007672476539866903,0.41904691655790544,0.00457744726042144,0.00887498456711915,0.08301793873343277,0.007281773588897179,0.2741581861361928,0.19537027229715584
raises big bucks for mexico earthquake relief,4,4,0.010335619300844728,0.01544161041695558,0.006266176805553583,0.011507381031662161,0.5830584069613992,0.007041167941932749,0.15349458914491929,0.21285503027319547
cyclone mora storm makes landfall in bangladesh six killed,2,2,0.0033218315686704045,0.006880109692691345,0.9336856521036008,0.004642717786194901,0.003914564120067958,0.004386771149223587,0.031079674397432925,0.012088778217796466
trump on hurricane harvey we will endure and we will overcome,6,6,0.05308847251281151,0.025846894353333268,0.003827866308430129,0.008623323396492513,0.04174175702314554,0.006567277313766997,0.44101819804992354,0.41928623658012565
m56 earthquake 119km ssw of tres picos mexico 20170929t040022z depth 2166km 94a 2 47 w 14a 54 14 n,6,7,0.0073917617277595585,0.04020606413183165,0.006581018224427421,0.009230564785856052,0.027495247404750046,0.0058126536297037484,0.22722758557627667,0.6760551383380458
how to help mexico recover from its devastating earthquake from wherever you are,4,4,0.012625123263739896,0.02026977192586439,0.003958517826290939,0.009781345051638456,0.7516364661977548,0.005617222033231985,0.12158085663709133,0.07453066153326773
schools feed studentsao need after hurricane irma,4,4,0.033206506238745936,0.08337836465672015,0.005691923691569085,0.0128204549148551,0.6748313921732952,0.008682473313853818,0.13782377888717828,0.04356509913886306
hurricane experts on harvey irma and whats next,6,6,0.01014618630408125,0.05376701459081375,0.003310290553947679,0.005897526449099694,0.027142303726054647,0.006179537302340511,0.7852766823126367,0.10828046994155326
are california forest fire memes worth investing in,7,7,0.010350109826972195,0.029242519996799235,0.005766674207523434,0.00939829943587784,0.03157311866664139,0.005348857998920953,0.21374678732984476,0.6945735870749087
helmetcam video amp radio traffic from california apartment fire firefighters,6,6,0.007798767331377127,0.09410915018397117,0.004317077966631384,0.008964701350149063,0.06332214465012698,0.0085703391792642,0.5376954640362585,0.2752223785387199
north woodlands area church of christ delivers nearly 95k in supplies to harvey victims,4,4,0.009937131392303565,0.010285046244668786,0.006672901344901052,0.011815424868407498,0.8521732959025377,0.006826670267447847,0.06555167484279491,0.03673783178635341
money irma business itaos not just toys r us more credit weak spots are emerging ai a,7,7,0.006174771221660002,0.026952383263825277,0.005178120437968582,0.008183659219466474,0.03783160033465217,0.0062377067529243635,0.19254157005466632,0.7169001933496217
a very hota weather fire danger expected in southern california algeria u2,6,6,0.008365442500234193,0.07333242329904813,0.006026634087090848,0.0062836714135886705,0.01729757965807403,0.005622513611651418,0.76672658408742,0.11634508507929156
wheel wednesday all the way from puerto rico a14y5a14y7a12f jeepwrangler offroad wheelwednesday,7,7,0.008116104152982419,0.014710726644816428,0.005705512579754693,0.010260544361183932,0.049126982127645394,0.006636534500144114,0.12426450306748982,0.7811790873732778
at mexican school hit by quake heartbreak and dwindling hope by paulina villegas via nyt,1,6,0.03197728837616018,0.3937617597994907,0.005358999244211703,0.005671875028284734,0.01293694040391686,0.010478630811165969,0.47709662652039947,0.06271785117121632
tornado signature right outside of polygon moving inland from the coast flwx hurricaneirma,6,6,0.008561652432309448,0.0718392362801864,0.0051389844655334825,0.006862001586690427,0.021304991864808807,0.006169810091365285,0.7771709245636409,0.10295240301410104
good morning puerto rico oldsanjuan saturdayvibes,7,7,0.011656411324350845,0.01948730773827653,0.006604586138776991,0.00863697991655333,0.042427122902907045,0.005062724499408003,0.1498752055262318,0.7562496514097599
first harvey then irma and jose why its the season,7,6,0.00803159122421658,0.04659463608015724,0.004697521004004363,0.006547345724751966,0.021760885113321794,0.0060288836667950416,0.5885833166198833,0.3177558033921174
boat and car mechanics in high demand after storms harvey and irma rip through texas and la gulf fla coastal s,6,5,0.02508515475699278,0.21676925081082432,0.00921480744192354,0.03776345830347429,0.06660984937252735,0.4226866533166101,0.16824572094963444,0.05362516459677854
video shows dog being pulled to safety following earthquake in mexico,4,7,0.1538258668166196,0.010528362438113252,0.0089368079717477,0.05556982024403444,0.2654367899180382,0.01047674411883089,0.1521100475136151,0.34311556281836286
and ahead of hurricanemaria and hurracaineirma the fakenewsmedia never reported this,7,6,0.006063052538122413,0.06727190272777546,0.004455910887330053,0.006015718516854676,0.02782228370626507,0.006674306443657939,0.6447033375398094,0.23699351650943856
inbox issues harveyrelated interim charges txlege,7,7,0.009492447256591492,0.028247360815844884,0.004741717026612696,0.008327243075802179,0.04292817381253729,0.006478203213662855,0.2215503354951005,0.6782344661346423
talkback with cbs manuel bojorquez from mexico city following devastating earthquake,6,7,0.060886472920117035,0.08169707059530686,0.004917681653382517,0.007256053226070582,0.029155978683548973,0.007608342384946947,0.3386253666873014,0.46985299207019504
missing puerto rico amp watching the sun sets at the beach prselevanta ai a14y5a14y7,7,7,0.012794846337751423,0.01980749399651111,0.006390011716844937,0.01050148982710647,0.03497844975988314,0.005258998576966082,0.12868092641489295,0.7815877830312752
trump at a church in puerto rico from jonathan ernst,7,7,0.010711570070893711,0.027734925638382642,0.0050837142072834305,0.008235049011171001,0.03637446490070758,0.004831044047470308,0.14558490861452367,0.7614443090740677
the struggle is real harvey recovery for many houstonians has just begun please remember and be patient,6,6,0.3184661117098264,0.027872331793487,0.0031330261723578846,0.0051835373343003385,0.030192417951066898,0.005576323900046095,0.46504984551312695,0.14452639415655094
grabbing hurricane harvey by the pussy fakenews cant keep ignoring this heroism,7,7,0.015011037651271403,0.02301103460647834,0.004130861124585198,0.00816325094406525,0.04072409753835288,0.0056625858484066266,0.3668658061392188,0.5364313241755458
badass rescue dog who has rescued 52 lives is now saving people affected bya,4,4,0.007052209345067536,0.00865773390466858,0.010882202768014266,0.014590205048489197,0.8511652800308653,0.006377502711524769,0.03522060202202921,0.06605427389569567
nations lean on pacific disaster center to prepare for hurricane irma hawaii,6,6,0.015146815208307128,0.03538711779450836,0.003794131964400966,0.009093174507390752,0.16415928330579482,0.006638450593899807,0.6891383615798418,0.0766426797741408
an iconic moras icon,7,7,0.014505635532308256,0.03184079709868647,0.009002160888390533,0.0108361216191357,0.028602227843039785,0.008001107310084443,0.12564047222534774,0.7715714597506254
i think these new mhts are going to do just fine a12cjnj hurricaneharvey,7,7,0.007964256057517037,0.021895529503852693,0.004244615323426109,0.00775616460347858,0.043726115917481975,0.005552104354536095,0.16215763362524765,0.7467036304712495
harvey has got a busy footballing week football twice today football twice on thursday and once sunday,7,6,0.007952294537924657,0.02682307026068685,0.0063006380192503495,0.008993228951464639,0.04275663840821311,0.00617220410429253,0.5317228658450854,0.36927905653661935
over half of puerto ricos schools remain closed,1,1,0.01049174455777349,0.7314430886458768,0.010319894884159776,0.006111988867984701,0.017596581510702935,0.01038356596679399,0.1276552138626384,0.08599793731769284
so was californiawild fire w trees standing cars burned wmelted rims bs,5,1,0.00813008243436331,0.44313579431563765,0.016438709208244875,0.013424300616327368,0.008448831894592158,0.4334710627318737,0.03007076101967164,0.046880430286646846
usd adds exhibition against arizona state to aid hurricane maria victims,4,4,0.008378343679295736,0.012055017452129876,0.005678460361473488,0.01097629577758809,0.8352867733788061,0.0056624008175985485,0.07257396521184362,0.049388806938745505
how bout these fine folks in jax tryna pray and sing irma away,6,7,0.016407554675806103,0.013512308051187163,0.004850294562766729,0.01052954729909659,0.07113769915530985,0.0042627187326385405,0.1316042982257701,0.7476956372418417
babies and stress the facts babies harvey ece,7,7,0.10739007110079664,0.02036127227452834,0.006749885501397961,0.019506484194227618,0.05579014903204852,0.008505336366949574,0.1641932697305524,0.6175035481162705
unconsolidated soil partly to blame for mexico city earthquake ksatnews,6,7,0.005336213884937266,0.290338297998802,0.0048719899762677986,0.004035267894588782,0.018034109945620703,0.008612858980189134,0.1505149473563198,0.5182562376483745
918 post irma information please continue to handle storm waste safely in the event of an emergency dial 911,6,6,0.007877834614964316,0.06104969069751913,0.004884923989312714,0.00914819386997408,0.3168957891994933,0.007649216655189227,0.46281991865099087,0.1296744484297803
maria looks more posttropical this morning look for the storm to begin moving out to sea later thanks,6,6,0.008219045429871607,0.04046230106980129,0.004661715264503012,0.007636198383008299,0.03347617274159665,0.006296634597107092,0.7683215550248548,0.1309263523540251
hemingways house and cats spared by hurricane irma,6,1,0.06773514555249172,0.6325405252857706,0.006711156075899603,0.025751570752861924,0.04399533541526751,0.0581834957680593,0.14172636456059653,0.023356436782530597
tornado of learning learn powerfully like the vacuum of a tornado involving knowledge that you need,7,7,0.015643842048745006,0.04284588598993361,0.005972180964196483,0.0096404296074474,0.0415323016535721,0.00595484708596529,0.3520110749059414,0.5263994545452579
hernandezs big game means dodgers owner owes 1m for pr relief,7,4,0.008478962283077453,0.015788870832094983,0.0047781316718497795,0.011705198308876012,0.7169724830616822,0.00619285204613811,0.0828256634564411,0.15325777707394897
video of live tv interview shows the moment a powerful earthquake hit iraq,6,7,0.007849958466140203,0.2094763111034712,0.005733054892783606,0.004776019506509222,0.011467248459415956,0.00843296873578163,0.25042733772958037,0.5018371258678568
hurricane irma creates carnage when it hits south florida,2,6,0.007549961767324219,0.38863692606046796,0.0053078887579602945,0.0034853909345107102,0.009816542773325861,0.008973714059106911,0.5256771742896664,0.05055239071844127
stop playing golfsit your fat ass wellit is down and figure out a way to help puerto rico,7,7,0.00705190659207099,0.016109421451508402,0.005558605053640961,0.010633241593765773,0.20329348768456443,0.006047923860688046,0.08885054735239972,0.6624548700401728
femail rosie perez trump tweets nonsense puerto rico suffers the 53yearold aca,7,7,0.013001767505018995,0.020662145476675838,0.0057342128308814,0.008859808631026665,0.02977319294877092,0.005297115798688389,0.1346338982446945,0.782037868302385
tampa bay residents can apply for federal unemployment services after irma,6,6,0.33898492414993625,0.012468181557696608,0.004228029398852895,0.0069403220723482486,0.11827468560571446,0.003591885400783366,0.45403855175863556,0.06147342027256508
tx diaper bank in urgent need of volunteers for harvey victims,4,4,0.01105064244390857,0.00965331679230868,0.00577148397864537,0.01211163643021098,0.8621196354695091,0.006574004725430902,0.05451666340625768,0.0382025699752875
local pig rescue will shelter barnyard animals in hurricane irmas path,4,4,0.00910624890073304,0.011965360522160356,0.004755861426262436,0.013101559919820868,0.8591776515775107,0.006659901546188164,0.056267093980013644,0.03896631655392726
look at this very dangerous hurricane maria with winds of 175 mph,6,6,0.009311254089145283,0.10999741371966462,0.004808658443834679,0.006052794636460485,0.016814817633988444,0.007330839117947693,0.7833355449876559,0.06234866506562131
irma evacuees find shelter in demopolis locals lend helping hand,4,4,0.16763758703818693,0.0067576391766832,0.00693828453050567,0.02279999593855984,0.7173012125393305,0.005840679345014354,0.04942049397694987,0.023304115748779143
us coast guard saves texans from storm harvey flooding,4,4,0.013449660676031684,0.012234313260012593,0.005768705099567282,0.013206937150288783,0.8619789876085162,0.0060156225232043566,0.05387538801975867,0.033470440658091516
listening to beni mora by gustav holst on gustav holst orchestral works,7,7,0.010380736388938673,0.018583700677895443,0.006874729488244147,0.009700278098109968,0.04218271245014,0.004835791468836809,0.14019503609273518,0.7672470406391341
how ending daca could affect harvey victims hounews,6,0,0.3944975217436627,0.009695633130483664,0.007001008694499364,0.005981156543712995,0.10008874479135418,0.004575150848949708,0.19586901695843736,0.28229176404789746
breaking news second earthquake rattles central mexico in 4 days breakinga,6,6,0.007383828560967928,0.22613680985874482,0.010049652570263396,0.004337189672832573,0.01724960221451294,0.007709920293025702,0.6601735963970785,0.06695946528289322
pimp cs wife revealed all ugk archives were lost in hurricane harvey,1,1,0.08695552754765574,0.33303731772063155,0.01468067715628559,0.07333419669452595,0.06718353673486685,0.11498478097282758,0.18620524564013297,0.12361868251534494
denver7 journalist recounts mexico earthquake firsthand fund set up for denvers,6,6,0.00857557103554164,0.01643009604494077,0.00467812452840788,0.011797843020546784,0.31317301044857365,0.005983765158159917,0.49232232507600876,0.1470393173261726
20170915 hurricane irma florida keys a boat not where itaos supposed to be in duck key gettyimagesa,6,6,0.006501174910521233,0.24436609214476818,0.00767865010851694,0.00953598118841142,0.01686587514785284,0.10174506593702266,0.3744165026328884,0.23889065675655194
hurricane maria loves you hurricanemaria via sandydelgado,7,7,0.01998107533760019,0.038415943226010066,0.0041825250518084806,0.008950409026570138,0.09543709776165864,0.005841526320332767,0.39075591037463664,0.43643556552576523
hurricane marias eye remains 485 miles from miami and slowly moving north,6,6,0.008031122273745223,0.06704773146544123,0.004267125847521057,0.006681179378633049,0.02066702693812818,0.006445131124095631,0.7883035626584631,0.09855715060291087
alert tornado warning near columbia river mouth,6,6,0.009060747786374886,0.06870251526827602,0.00441054073061586,0.006554519693109342,0.02115751694409197,0.00596396106044198,0.784311207676853,0.09983901450863605
thiago alves loses dog to hurricane irma,6,6,0.10836675358702381,0.050689313009629644,0.028431714866712702,0.15156317525097746,0.0822351829920605,0.028108825685544483,0.478988160662481,0.07161686969873945
illegal started cali fires,7,7,0.009552987032361557,0.04658889909120631,0.009929623515754445,0.007580060319553407,0.031802052971399174,0.006413122022079145,0.15407391595495198,0.7340593617098627
how the trauma of a storm like harvey affects your brain hurricaneharvey trauma ptsd,7,0,0.5046833871069693,0.08005607031775187,0.004509917069797669,0.006803577654533257,0.022078502956542293,0.007931878043664013,0.26825234857404556,0.10568430968757367
coloradobased supertanker takes on california wildfires,6,7,0.01219824515999817,0.029112418874535452,0.004156440716593874,0.01234898619710532,0.14948374283967966,0.0098327797802883,0.34510738261838514,0.4377599987935853
metallica to perform at northern california wildfire concertannouncementcharityconcert,7,7,0.011387777309609833,0.026493016997092805,0.006415756535054858,0.00981990092694751,0.096295925825394,0.005323365686986966,0.3084802888543311,0.5357839461182008
new tropical storm watches posted for coastal north carolina with winds that could gust 60 mph ncwx maria,6,6,0.009441724233028321,0.05691432680691268,0.005876182079058002,0.007420680046039984,0.021933571599252445,0.005994963978154563,0.7934966736269138,0.09892187668520229
hurricanemaria the devastation captured by joe raedlegetty,6,1,0.023853188472336112,0.5204690596795502,0.0068931135247409705,0.0058222074204874194,0.05366878369731132,0.023764180793433173,0.2658660424511712,0.09966342932538769
gfs has quite the et cyclone over the uk and ireland from the remnants of maria,6,6,0.007363652303827574,0.14965764977602702,0.004953617049767041,0.005603342859174727,0.07886183064916139,0.007193411449535401,0.6567768750652436,0.08958963005338692
cloud storage offers data safe haven from harveys deluge cloud,7,6,0.01210749938839151,0.06431358649280082,0.0029051856642300926,0.007854157437935827,0.073110953583656,0.007825707043207317,0.7234258132977878,0.10845707759940916
the size of a tornado compared to the size of wind turbines via,7,6,0.006495574558394101,0.15592014101288895,0.0050076877487306515,0.005239519785914997,0.016830953901251076,0.008237541470855102,0.7138867967009832,0.0883817588103065
know where to go in case of a tornado a hurricaneirma irma,6,6,0.03669196279280095,0.061641745379697965,0.010255298744775838,0.009034868951125232,0.041043162248040735,0.00600220664666014,0.6556234201783502,0.17970736507973217
how donald trumps failure to help puerto rico could haunt him in 2020,7,7,0.00784514215009207,0.02026638794474369,0.0057625245048057465,0.01060096636431863,0.1727280177211043,0.0056876034061955575,0.15164633230184998,0.6254630218559885
how irma and harvey may impact our food supply,6,6,0.013671924596499588,0.2553529711789643,0.0036260366702215124,0.004057411666342203,0.04242332153229736,0.008947178806948905,0.6177015634702738,0.0542195632435412
hurricanes like harvey and irma make life even more miserable for allergy sufferers,0,7,0.31072466775873,0.018903815155011307,0.00500718640004355,0.00598593372560931,0.020418911640679372,0.005483331555964205,0.30070490019596774,0.3327712562944414
i texas hog hunters private pilots provide airlift to hurricane victims a8,4,4,0.007621199529994454,0.011161751505238023,0.0056050596522289695,0.011301678207230806,0.8412661420113762,0.006182098655495315,0.0666245783690427,0.0502375039449205
four texas gop lawmakers voted against harvey aid package,6,7,0.0075873190675874395,0.0227300706828823,0.005527914195553427,0.010439887025010428,0.22710576375179703,0.006883213443962603,0.14186649665857026,0.5778593084899164
fifteen daysjust over two weeks since harvey came to town,7,1,0.019624667722033473,0.3333766876799613,0.007826434069677698,0.005616470947647969,0.039640182188945224,0.014112398756202316,0.3331166376743158,0.24668657901986546
what it means to be a community in the wake of hurricane maria,7,6,0.35010788987794345,0.023964482546891916,0.004755841153004755,0.005443070038004426,0.0188499708081163,0.004001435704552678,0.5639557675584188,0.02892151676921774
biggest beneficiary from harvey and irma floor amp decor tts fnd,7,7,0.007718263869671502,0.028147340756515263,0.004679750054210811,0.008976553117494112,0.10026019176126957,0.005895066460051384,0.22028416466981451,0.6240387078968312
im out helping those affected by harvey a feels good helping others fight back rebuild 5,4,4,0.011105089346771792,0.009670464434352868,0.0052810349664482985,0.010745900600108913,0.8417426790015905,0.005595040447816259,0.04333696896062247,0.07252286220417639
many volusia residents still suffering one week after irma,0,0,0.8695970419520942,0.01514114811247185,0.0065146152676114405,0.006011934906658494,0.005395671604798234,0.004869744666915049,0.0843319963991323,0.008137886252432634
help cenotaph drummer rebuild his home destroyed by earthquake in mexicoa city,7,1,0.009835242174795714,0.8193927843379452,0.0049823660162953975,0.008927186131047858,0.06856527474324212,0.03456472104553983,0.03883320854114238,0.014899241173155709
were focused on recovery efforts after irma learn how the work continues even after the storm has passed,4,4,0.006461585684425598,0.06546577861202818,0.004738218827172932,0.011723728326445387,0.6626804167885736,0.010449094947004762,0.17987719841124053,0.05860396466842939
black scout reviews mora bushcraft survival black knife,7,7,0.011555189827433884,0.017123914246965598,0.004815419108034027,0.009606843470530015,0.05634868874265266,0.004591399566156986,0.13838526741027743,0.7575732962206404
please keep praying for our bible society colleagues in the caribbean prayer irma,6,7,0.011101152438531606,0.017254574395389702,0.005599168764928398,0.009244108788582625,0.07942983105070094,0.004356350404446261,0.23404258386042218,0.6389722126984941
helping to pack personalcare kits at warehouse those gallon ziploc bags hold a lot harvey,4,4,0.007278967005166092,0.012845981278802108,0.004331487432023318,0.011826318668617549,0.8337010438764976,0.007125541397611137,0.0649319681400382,0.05795870081714197
tree tunnels to control colombo floods flood srilanka colombo,6,1,0.007592267004195937,0.4978100079154216,0.004480568307372422,0.004633166697209098,0.2821301769878327,0.011644751933031277,0.15343147346646907,0.038277605644367066
a homage to early new york spiritual house valentino mora body nostalgia,7,7,0.009213772534091962,0.018164310953309237,0.005309720649050116,0.00928215037826581,0.04190380682104479,0.0049461573464988345,0.13117647338102964,0.7800036307980595
california wildfires evacuees offered free haircuts amp chiropractica care,4,4,0.11442665372257951,0.053505406472230135,0.0054290365597350395,0.01552301357622881,0.5449515505696992,0.005212401414231399,0.21318387084377033,0.047768071386379674
help to close the zoo located in mayaga14ez puerto rico for animal mistreatment plz sign,6,4,0.00732843686828502,0.03926879515327689,0.0067233089246656105,0.011948026953783455,0.5903346247208405,0.006194384964901594,0.10611186332280242,0.23209056857521865
harvey trailers sells utility car enclosed dump snowmobile trailers in maine trailera,7,5,0.014508348832744846,0.03911647277938025,0.009611532208225543,0.02538546760396401,0.03570659694322445,0.6916854648175843,0.05209886966015963,0.1318872225119216
my brother amp his family added another family member added to the packa12 d also a harvey rescuea125,0,7,0.021282491008042047,0.0067290640993023796,0.00673655960150626,0.022608475398816958,0.26528368816156617,0.005334075776952906,0.06060722311491703,0.6114184105241925
dreamers saving lives during harvey still trump says get them outta here daca haiku,4,7,0.034827753268717274,0.010824179558842063,0.0055952687137135,0.013139553654732202,0.3818922220397366,0.005639244183072139,0.1193481292815708,0.42873364758598187
breaking large and extremely dangerous tornado on the ground in broward county florida irma,6,6,0.0065729554641736285,0.24058690237051816,0.004521937789689174,0.0051795936394396285,0.015557345107659893,0.007538960030744462,0.6530400147855273,0.06700227499373372
hosts dinner tonight to raise money for hurricane maria victims,4,4,0.00768702275859235,0.01091070287216727,0.006228627877345148,0.01142365476118315,0.8532114331740921,0.00599020713166379,0.057130624788446126,0.04741778470680084
fabric of srilanka torn apart by cyclonemora,1,7,0.009727896333858154,0.2822977951174828,0.004976876228630019,0.004715236664489882,0.023147687503479786,0.011665111195489564,0.2469533731297311,0.4165160141131442
how many fire fighters are illegal aliens in california jerry brown use you dear loved citizens,7,7,0.02658452131165327,0.01357652134286136,0.006474378427649644,0.011012599552378505,0.05307035439691258,0.005079343212421255,0.12568477533060285,0.7585174764343143
hurricane irma recovery update,6,6,0.00840636943401531,0.20027413969859947,0.003369928131831145,0.005089392626009993,0.03413370353417279,0.007737798305631428,0.7034619275657301,0.03752674128725051
take a trip to spanish speaking caribbean cuba dominican republic puerto rico,7,7,0.009883055001194508,0.018034565679561427,0.004903150882415877,0.00949062120222031,0.04480356355195504,0.004958543456003352,0.13351823933663412,0.7744082548116804
need to talk the toll from harvey is more than just material,2,6,0.044921069378125705,0.10030020603530934,0.005211323025885314,0.0060422323969913806,0.07236626984235911,0.0068919088003164325,0.5281685707271533,0.23609837784709067
sacramento group cares for florida pets displaced by hurricane irma,4,4,0.04662552910572263,0.01223441144634834,0.005094267628255595,0.01533138521031003,0.7193734452306864,0.005635375749112488,0.14368160099965774,0.05202400141233962
islamic state celebrates but does not claim responsibility for california wildfires,6,7,0.008701972198985634,0.039331789521878865,0.010275470977803347,0.007744720668223484,0.0393819149937385,0.005366470236561688,0.313574436306433,0.5756232318344943
please helpwestie found after mexicos earthquake,7,3,0.09095368872743734,0.017894511789512343,0.0436985285738876,0.5173802587389534,0.06781182495215538,0.04205082187555622,0.12742649889185073,0.09278386227832183
hurricane irma terrifying path latest models show it will hit miami as category 5 storm,6,6,0.008493381086888713,0.11068905784786337,0.0046756602512547435,0.005352365589395938,0.013967775046430934,0.007289664259880184,0.7796397549909103,0.06989234859332479
hurricane harvey threatens largest flood insurer,1,1,0.01129057557893715,0.482055240309045,0.00377241296005378,0.00330422101791727,0.04068765948107842,0.009934800917145218,0.4309716270135287,0.017983498255743132
another dog of harvey named jimmy amp flown into bay area from texas he needs a home abc7news,0,4,0.10779555989023924,0.019664418954329337,0.0074171462511471945,0.12789696889494784,0.6046032602880032,0.018033063242735535,0.06198297353385583,0.052606595029691165
orlando schools welcome students from puerto rico edchat hurricanemaria,7,7,0.020571833643725165,0.010994343336209763,0.004505686549363214,0.01527129014310659,0.19995147290152845,0.004851393875876776,0.08698457183952626,0.656869392759444
evelyn says her neighbor javier who doesnt speak english rescued her from harvey javier we are all family,4,7,0.020011050673769192,0.007303812264032556,0.0047944202967843165,0.024157439453251134,0.2894011863147725,0.005872669170195166,0.04252208458485195,0.605937302108199
favourite line about irma,6,7,0.011587996884287539,0.02712893480783769,0.008150175083614165,0.009231266367084953,0.033289012572802854,0.00678117323550454,0.17416489735123963,0.7296665571366134
puerto rico getting the food out to the forgotten citizens,4,4,0.013732186140203861,0.015475174965827431,0.005237384067877845,0.011698093771056387,0.5661337263858991,0.006702744978059694,0.05749831484443662,0.32352243187501284
good friend of mine found this in his hurricaneharvey cleanup a12e,7,6,0.05092798785105371,0.10496662670651695,0.015187830856444769,0.10373492738750473,0.07198148595220608,0.03442788040933333,0.3487707471865332,0.270002499121775
seen from above entire california communities reduced to ash,1,1,0.006573429775384142,0.7477101404398232,0.005357473646006359,0.0036928024180534385,0.008625867573983361,0.010476012140202743,0.178053514729762,0.03951076493282319
money irma foxbusiness emmys ratings crater trumpbashing to blame foxnews fox b,7,7,0.007180699301698544,0.02795798566110012,0.007292180470314086,0.008203857136753364,0.03260389501622016,0.006124269965340911,0.1524202100740103,0.7582168823179489
fees waived at landfill for hurricane irma debris more infogtgtgt,1,1,0.007619185403568049,0.3972847819908125,0.004664072363618204,0.010788324320271039,0.2059928263173444,0.011985766417049288,0.2671813242148342,0.09448373140100207
94 tonnes of tin on route to anguilla to help after the destruction of irma,4,4,0.006711612454648415,0.025839403345571377,0.0058933647738832855,0.013003717471960982,0.8375840635160412,0.009325628144599783,0.06618481111682306,0.03545744455749268
scientists have run out of adjectives to describe hurricane marias devastating power,6,1,0.007930965789808331,0.6116165347330242,0.004933201426232526,0.0051412240402009665,0.017039924948212437,0.008543368033630545,0.29297636740836286,0.0518184186799379
lets talk about hurricane maria,6,6,0.01898144658311784,0.07713736859536738,0.004523707305169543,0.007119055047301686,0.046731718677525014,0.008454672944193947,0.6472889909980951,0.1897630738425034
yaaas finally bought it i havent felt this happy since before hurricane mariaa12 2 i cant wait to start reading,7,7,0.01383472343796265,0.016232883013513482,0.007166799649109899,0.011603631689595939,0.040984021380868645,0.005934962559344917,0.11593760291177396,0.7883053455491053
irma poses us145bn sales hit to us retailers worse than harvey,6,6,0.008551115106288374,0.239640762242706,0.005652332883567756,0.003834642759572237,0.01939526015373437,0.008731518028255872,0.6433520777721184,0.07084226655648079
isso porque a dona do post n mora em svp triste realidade,7,7,0.00874057206637482,0.01898646011846203,0.007397697749802326,0.01131144400982003,0.03840981871176789,0.006259596393622998,0.12298373309569596,0.7859106688648627
well thats new good for you james harvey hylton arca,7,7,0.009298612126822122,0.015229914265880955,0.006917986053838115,0.010188917668875275,0.04356844540879141,0.005583704324866692,0.1217327675908489,0.7874796405822496
iam so proud to be born in puerto rico,7,7,0.03917167705559566,0.016839540596337275,0.019972478859787406,0.012091438024597978,0.032806183895283905,0.00723029937237305,0.10382338839334257,0.7680649845092471
john mora doubles and scores in the 1st 10 mets top 3 stlmets,7,7,0.012247823169165409,0.016703819349453173,0.014155149886538572,0.013022271854835968,0.045880112281885925,0.00610460733871237,0.10085636408375306,0.7910298754307696
texas countys long recovery from hurricane harvey begins,6,6,0.013497076131324871,0.27872880329378985,0.002958228707952906,0.004126644107439411,0.042970718500941835,0.010173004693798428,0.6248249980149045,0.022720501004834092
the agriculture sector of puertorico faces lost crops and property damage from hurricane irma,1,1,0.005774412757658359,0.8921915936143403,0.005927259823499646,0.004057792286453733,0.007595210142328773,0.017381737008541405,0.05169935731972619,0.015372615873250773
more than 11000 in shelters as hurricane maria lashes puert tisnews click link,6,1,0.07955762764484205,0.30702382963789815,0.007226943416812468,0.02220945077286646,0.2647417855862893,0.009371807458856116,0.28511523389099586,0.024753327718377984
a hard days work cleaning up irma debris always goes up in smoke at horsemintfarm,4,4,0.006327090455571499,0.22730495843582468,0.004228723323144965,0.008433107812361477,0.5286438825940206,0.01538193096706145,0.16444211754078397,0.045238148258582196
hurricane maria damages dominicas main hospital leaves war zone conditions,1,1,0.006331816958228995,0.8893861871495847,0.0069077403206263205,0.0037823816145254523,0.00852855416256379,0.015796000571864793,0.053333023225283355,0.015934258104862833
sinkholes are being found in florida postirma are you covered for that irma harvey,6,6,0.007527380344580526,0.3238656329564753,0.005563610857683038,0.004407230007356052,0.06121649497408801,0.011580627487808082,0.46983300763388447,0.11600600162858755
pregnant with twins mother helped to get back on feet after harvey kprc2,0,7,0.07224502598884641,0.00795289935332839,0.00622032545981461,0.0199088247841929,0.2993483958792836,0.0064415830993045575,0.11876084795804318,0.4691220854817516
dont forget a pictures worth a thousand details puerto rico after maria,6,7,0.02030765346008246,0.03016495990051401,0.00629116363408089,0.010366428944454777,0.041599620335943055,0.006943974832826415,0.21730450033517493,0.6670216797162678
indian ship delivers aid for cyclone victims burma myanmar cyclone cyclonemora,4,4,0.007721600640434057,0.01087037713855509,0.006257768949722844,0.01222286752121247,0.8612152108050646,0.006253259184130148,0.05415876983564939,0.04130012141049292
on their way to encourage the victims of hurricane irma,0,6,0.018985790114949747,0.011232498933075522,0.004951375243272918,0.010612956318928548,0.38307520751838664,0.005009200585120376,0.4320170626817527,0.13411592077689954
tropical storm harvey triggers toxic air pollutants telesur english full coverage via,6,6,0.00618307408874752,0.2510271530932486,0.004218378089936602,0.003837852513530697,0.01292666348608943,0.007324504929837623,0.6533280476112016,0.06115433778630305
lcec hurricane irma update september 18th restored to 190104 lcec customers th,6,6,0.009972138225619665,0.17803118294278722,0.005036228920754671,0.005714122185444322,0.020989617425303548,0.008156436305892741,0.6628768290925662,0.10922346145589042
season over we could use able bodies at earthquake in mexico dig in,7,4,0.011975084739641127,0.19668457663402036,0.017515874014318998,0.05823995312954482,0.30111488307851747,0.02978834715969578,0.16275736683423214,0.22192391967200184
the eric and andre show featuring special guest the california forest fire,7,7,0.01042499609018419,0.024876364018261394,0.006479346425313286,0.009332746067687555,0.03162576878605938,0.005064333665563893,0.1355503296017074,0.7766461453006315
do you remember now where is jesus to help you in hurricane irma amp hurricane harvey,6,4,0.011934359428486226,0.021979229810546362,0.0038971399311420376,0.011270836998767277,0.34902053644309783,0.005585145869754636,0.31575619173882635,0.28055660545725913
marketsgtpolitic gt amid puerto ricos water crisis unions step in markets,4,7,0.013428827491889155,0.07430269535210629,0.0042288478284395956,0.007873313132707147,0.10486141100651317,0.006032445258552966,0.37558328372104755,0.4136891267555154
iraniraq earthquake nsa leaks apple face id hacked and more security safety,6,7,0.006423353474394687,0.03586822312007414,0.006688944779116611,0.008461438259023048,0.031098769328620754,0.0068642422684794665,0.24215425657029194,0.6624407455385624
irma aftermath st martin residents are now struggling just to survive propaganda,7,0,0.9180111065670291,0.007129146924827922,0.0063025420176154095,0.005934654395126454,0.01437081641424136,0.005368977477612368,0.03589426205716812,0.0069885190708995565
helping the keys this am calvary church in jupiter sending a team down w supplies post irma,4,4,0.006597548155006141,0.014117065252093214,0.005583167174113625,0.011607172670944547,0.845100383101304,0.006756148311312717,0.06180509728639376,0.04843343061528399
calm is here with a california newt also called a fire belly,7,7,0.011724217121372438,0.022150541027517914,0.0063625255512683165,0.00974527963819858,0.0309904270139408,0.0048777678099144505,0.20573149539982472,0.7084177629840724
news startling footage shows california wildfire impact,1,6,0.007215731490712301,0.38309394557422277,0.005687839762624557,0.003923759516503648,0.008885988721536278,0.009078805662488167,0.523076761440032,0.059037237988409846
passenger jet races against hurricane irma guess who won reports,6,6,0.03548560654664211,0.032977999476282924,0.006199672823563128,0.014910179004308265,0.05802494128854605,0.029117582941967417,0.6482839672624423,0.1750000058410055
tornado watch for most of south florida until 12am sept 10th,7,6,0.00941055702096988,0.07793283318075638,0.005632216582128658,0.006539927542703311,0.020600195247444397,0.006148751379598847,0.7800396925042052,0.09369581969580815
irma makes a slow exit from the tristate irma makes a slow exit cincy link,6,6,0.0066583036157333774,0.06418517620646813,0.004691173387216875,0.006739230467051529,0.021489493532263725,0.0068082705418828675,0.7444541485937424,0.14497420460500804
despite the rain wyeast middle school yard sale in the couv goes til 400 raising money for trip amp puerto rico,4,1,0.007057944832006275,0.3744376532869372,0.005560626522243345,0.010831576860921061,0.26896907982059676,0.007384980718880911,0.1345460368531481,0.19121207229014592
a post hurricanemaria update from stbarths caribbean stbarts,7,7,0.009149955758600803,0.03330773342801767,0.003907204764046134,0.007176981056294195,0.03616501472079152,0.005510631302419667,0.39376992455756077,0.511012549548437
help people replace books lost to harvey flooding everything helps,4,4,0.018349664638732457,0.04411819651704328,0.006903454050790858,0.022882741241890346,0.7983337780547569,0.033453498305075186,0.05200440402745832,0.02395424973225279
video shows california family reuniting with pet dog presumed dead in wildfire,7,2,0.021380205987788982,0.008590915833133725,0.5489159931500213,0.2940599570541769,0.02116231250204549,0.023960329222260907,0.017119131535010376,0.06481110027975781
guest attacks man who let him stay during hurricane irma florida police say abc15,7,7,0.04361963214555726,0.02968962078511384,0.05885050971281703,0.030234071908414022,0.017562897101552913,0.010610025503303151,0.16300136857385708,0.6464318659584949
dont worry folks just got off an important conference call with hurricane irma well be fine,6,6,0.015235356319076085,0.05390735854488963,0.003613207177463679,0.0065259549815366216,0.02411546973774739,0.00654496711708099,0.4984404496895116,0.3916172322091461
un migration agency appeals for usd 495 million to support communities in wake of irmaa,4,4,0.007751840131432203,0.013580657920104459,0.0059372546641840275,0.011357591540874706,0.8461141427980143,0.006388481147306002,0.06183944113515523,0.04703065513809994
hurricane irma track update dominican republic amp cuba next 9 dead amp 49 million at risk,2,2,0.0037657951736382957,0.018974610632326357,0.9117922010794159,0.00465002096839661,0.004186004468015517,0.0046486326018153005,0.04482317593705181,0.007159578478253372
youre trending in puerto rico i miss you 57 hrvypreorder,7,7,0.01990651992575603,0.021150685887562512,0.00864798832671821,0.012274354405700679,0.05090496019902348,0.006621926333573298,0.19933346437268612,0.6811600562366515
iran used haarp technology which caused earthquake in kurdistan,7,7,0.005963552755911771,0.07665497055143708,0.004996567064535408,0.007126839626745522,0.0401539123672857,0.007240200300694235,0.3875557370268714,0.4703082114962074
what microbes may be lurking in floodwaters from hurricane harvey,6,6,0.013513112305645824,0.2553454293975633,0.002835882559676092,0.004962858418609766,0.012298146332357702,0.008758325556729977,0.6558660860130267,0.04642017358442643
tickling bondage footworship licking hurricane maria in revenge of the tongue tickles,6,7,0.013696755057125283,0.04717764478681541,0.006910495031307535,0.010604399725814732,0.03533541369197681,0.005314410158221013,0.31722537675613505,0.5637355320663857
harvey amp irma came diesel generators instantly kicked inkeeping internet ops uninterrpted,7,7,0.004711826978234467,0.3177459249568761,0.0072165916549936865,0.004690651972522019,0.011312319557421503,0.027111111923732306,0.08153859672613185,0.5456729597433502
we are indivisible 100 of profits benefit aid for puerto rico,4,4,0.0063485821682862514,0.013178923889477624,0.0064995556022490256,0.011540712124943989,0.8203140541364011,0.0070522054946972005,0.04725134007252199,0.08781467818323654
modular container home is d fastest ampmost efficient way 2 build strong durable buildings anywherea,7,7,0.006622467535986883,0.15965209524290147,0.004978937882891059,0.00736967622103862,0.04035659271183765,0.012016370242903817,0.11663435378555347,0.6523694441761806
the wait continues irma,7,6,0.03541173198952125,0.044091189129212664,0.005501385459375245,0.008732888404490036,0.030725340496259055,0.005974766082522898,0.5963435114857113,0.27321927002688123
mmmmm plus i made sure my cookie went towards the donation for harvey,4,4,0.0062841256695979385,0.012186358261839727,0.006123265578338383,0.012637237996329306,0.7173962152208289,0.007229125704247966,0.05161433080489519,0.18652930601162074
irma is still leaving her mark in some areas of fl,6,6,0.017509997659610546,0.09577570830224737,0.005421540350731415,0.006861986479016448,0.0254524281009362,0.005925938436358385,0.6707233163124067,0.1723291059560635
first harvey and now irma relentless storms strain rescue workers,4,6,0.01834492581322443,0.09190394035218061,0.004301505061747409,0.008942402201929016,0.14213320726018594,0.010369717434743271,0.6299074413927609,0.09409686468349328
6 scenes of sentinel ingested to hdds for event 201709hurricaneirma irma hurricane,7,7,0.009018652017335921,0.03802127385400317,0.005299261838326628,0.007594855519744371,0.04879436719744144,0.0077536713408729585,0.28128111672158257,0.6022367934081865
how biglaw in hurricane maria ravaged puerto rico are pressing on,6,1,0.012303624203247408,0.6174903481494874,0.004046202189976715,0.003579543089031494,0.01373917288879078,0.010969558224454883,0.2976110876534438,0.04026040217153048
harvey nash hr business partner,7,7,0.01180541771397576,0.016462815293863058,0.005770603851597217,0.009840068608946317,0.08452868488260465,0.00556046697448556,0.15474398179440368,0.7112879798604779
sheriff suspect shot wounded during irma burglary,7,2,0.004948674534018143,0.01349126361687612,0.8305144396890536,0.02260856321068358,0.006976971836873818,0.0056741308437839,0.08141484472519822,0.03437115671265758
cloudy water from irma as the waves continue to roll in,6,6,0.008841801980793361,0.20769461024474023,0.004362880584669797,0.00620031917872137,0.06248521084236719,0.006339423144769056,0.6007128043199241,0.1033629591825504
the stream what can be done to help caribbean nations recover from irma,6,4,0.007406485807995808,0.01607729898682776,0.004749778855056533,0.010766499646088648,0.7448355967516387,0.0060969374998412025,0.09295080128443844,0.11711656922025604
major hurricane maria has now strengthened 60 mph in 24 hours,6,6,0.007124011386773823,0.1937965265692923,0.006001515751881361,0.005806879890552534,0.020412622984893224,0.006523864247802872,0.6924244717636893,0.0679100837838637
heres a midmorning update on harveys future forecast in the houston area,6,6,0.007619584197444466,0.06483417845670605,0.004445524872311652,0.007164116024924628,0.027386687960256065,0.006234984428477399,0.750586136208433,0.1317287803286887
sampc week 6 for harvey todays focus was explosive power a1414ba14d istrengthandconditioning basketball rugby athlete,7,7,0.009231638633173419,0.016160536412743527,0.006203849535304224,0.010507901631897716,0.051352477341123776,0.005259932144686854,0.143277238469297,0.7580064677901837
the us embassy shows the reality of a devastating earthquake hitting iraq and iran,6,1,0.008468947331840403,0.672162451197511,0.007750486914116311,0.004254998041762112,0.011334475381547728,0.0077084797068937925,0.24672656339319066,0.041593568674358004
crude oil weekly hurricanes harvey irma lifts oil prices,6,7,0.006678466304564474,0.07257147318469291,0.004904837911879299,0.006143566800969229,0.027595163072135147,0.006899363325962286,0.3468831798162708,0.5283239549281532
local soccer tourney includes tx teams and money being raised for harvey relief,4,4,0.006507554842986531,0.012244226026938063,0.005799376156450844,0.011499951397771893,0.8409205571080421,0.006764853118830073,0.04265497793999951,0.07360846140793352
scenes from mexicos devastating earthquake by ro water filter,6,1,0.02090237582451364,0.7095919317562487,0.005152293598015005,0.0037911249718197027,0.018823934834545072,0.016392133771199763,0.1776546990104627,0.04769151694340499
praying for those yet suffering from harvey i had the pleasure of volunteering with blmhtx in hard hit areas,4,4,0.08734143973242062,0.012158099913020113,0.0056274496601392025,0.0133392826527341,0.6726653430677298,0.0046350239094412535,0.09780049812614326,0.10643286105011514
fema approves loans to keep harvey damaged cities working to repair damage,4,1,0.009216758458622519,0.41431417581397945,0.004805681005793911,0.009219890341572206,0.33704870795199776,0.02169232966549195,0.14493445858647647,0.05876797393373909
this is what stupid looks like earthquake hurricanemaria hurricaneirma,7,7,0.006958274845678109,0.054918743883431466,0.004568533012749935,0.006743553905984964,0.020449161965688908,0.006824685129749458,0.35238667580966254,0.5471503574428735
harvey by the numbers thx for hosting eco recovery brief today,1,6,0.007544430844442606,0.05018758179162518,0.0034965900130180735,0.00733488344840462,0.1508338112143932,0.0067283713119199295,0.5341128363836753,0.2397614548909351
gofundme how to immediately help those impacted by the california wildfires webdesigna,7,4,0.015245284425601186,0.015429273375838916,0.004917880902489831,0.010759386359326207,0.7822004239822089,0.00532859577035572,0.09853005358016657,0.06758912069612542
blog energy department responders are on the ground assisting hurricane recovery n irma,6,4,0.006926616801695968,0.01909485637637361,0.004807439228060436,0.011032431966365181,0.7557726626428856,0.007455898183296932,0.148482841689834,0.04642729263041552
love seeing my kiddos in puerto rico,7,7,0.017369535710417928,0.01355500676877866,0.004730779646249608,0.013583511385484798,0.10955343884662032,0.004775059382456055,0.10280956019726924,0.7336231183485992
behavior of donald j trump as president and leader of the united states of america in hurricane irma,6,7,0.009850655381543475,0.031751772156254104,0.006029917282421813,0.009008982118778059,0.028791833816043534,0.005261103087039997,0.28188275958087566,0.6274229677946714
thanks to uncle sam and hurricane irma for the best 10 days ever see you in 2 months friend keep rockin,7,7,0.009101395672152289,0.01788942610145287,0.005848529217226732,0.008931985703546525,0.060700653677598845,0.005286099637220281,0.2006312369699736,0.6916106865331553
new activation emsr244 earthquake in central mexico copernicus earthquake eucivpro,7,7,0.007113214336444118,0.0313513232189567,0.005061515162525667,0.00730945320240594,0.037754407860511235,0.0054364068526871825,0.27058551858514285,0.6353882043334623
dang near everybody was affected by irma,0,6,0.30307768614485553,0.06785979645997772,0.007215425852762986,0.005447508933167842,0.011239421112606666,0.0070961220169701725,0.5104776057506843,0.0875864265019115
and not one irma model was right only one was close but it had her hit miami and the panhandle,6,6,0.011198615292759695,0.03235165704332237,0.006625071147562775,0.00964350365445908,0.02554774678586168,0.0063876072344329765,0.5239610376356891,0.3842847962096712
texas struggles with harvey flooding could still see water rise,6,1,0.021566560432202807,0.6403699998831489,0.004041086157036578,0.0034970871568643053,0.019670343082794514,0.010393879478013828,0.2851467228592013,0.015314364334071583
hurricane irma ai aowonder girlsao help in georgia shelter redcross redcrosser,7,4,0.008258075877767975,0.015586929907733325,0.004534369704189021,0.011349717865617986,0.8066515582418854,0.005935048822846805,0.08372907462593818,0.06395525645367901
look at with a great graphic on how big hurricane irma is compared to the state of oklahoma,6,6,0.008117805388785084,0.08511668502022693,0.0044409603864061,0.005438871914530776,0.030560210728997343,0.0063192657888236125,0.7599297052642251,0.10007645154957956
245 dead as school collapse during massive earthquake in mexico naijapals gistmania,2,2,0.006911064826686375,0.20721163764539824,0.7218551090351888,0.004676430318560951,0.00745470246746109,0.009892438168300065,0.034707136949508346,0.007291418674571423
hurricane irma minutebyminute animation,6,6,0.015551100034669231,0.11102603568493902,0.00564539618920441,0.00856451663767462,0.0408498638530259,0.009531559308981474,0.6236155967182553,0.18521595724050016
hurricane irma path and track live noaa update as models show direct hit on florida,6,6,0.006948541700193872,0.1430570368540489,0.004296760046789251,0.0050976431730988155,0.01498618785508728,0.007200700931829553,0.7658969941566507,0.05251612529299389
fema insurance chief harvey may end in 11 billion in payouts to homeowners,6,6,0.045952741358612284,0.31210731371436407,0.00464940478980771,0.008279304781548424,0.1561006095392671,0.010891364233087257,0.3189619068298487,0.14305729997307057
air canada suspends flights to st maarten due to hurricane maria impact travel,6,7,0.01002898665336813,0.038678263652321146,0.006609924509638864,0.008676435008936386,0.0446240824985792,0.007480971536401307,0.42262062719684995,0.4612807264868209
trump appears to side against federal government in lawsuit over harvey relief unitedstates,6,6,0.00873113546766944,0.026983412212614986,0.004343395737050147,0.008017426159892507,0.15577104459742194,0.005729531918164391,0.5971488563394238,0.19327521394507022
why irma and harvey could finally get republicans to care about climate change,6,6,0.0076731725708179006,0.03753610374159282,0.0039865667573809075,0.00694561608766208,0.03529257595493321,0.005950830813755302,0.4594155026298308,0.44319960503171885
rick brown what to do in the aftermath of harvey,6,6,0.11084561367763832,0.018953741559332476,0.0040761260487808286,0.01017699338648657,0.0464100030462932,0.005613036829638365,0.6041990512806614,0.19972543687666083
iran health minister meeting to discuss relief plan earthquake,6,6,0.010663535858593445,0.02797834144637108,0.00534556646216075,0.009240177874014141,0.16015512895442824,0.006581532672486828,0.42748199278396476,0.35255372140314184
harvey looks to slow cubs in 3rd start off dl mlb mets baseball,7,7,0.008470868048625405,0.022679281826546778,0.005468614118574054,0.009272587209887452,0.044683960555115684,0.005234804113375298,0.15739708351728857,0.7467927925274344
with congressman luis gutierrez and pedro soler at the dsfs event supporting the mexico amp puerto rico relief fund,4,4,0.007084307218593018,0.013745832993471468,0.004924955009437132,0.011684640118206741,0.6735862230983507,0.006128033229945993,0.06620508228126397,0.21664082776360316
is that a shark in naples houston whatever someone is jumping it irma harvey impeachtrump,7,6,0.010483662563567331,0.2887847200512834,0.008622468298504904,0.010461788270727765,0.03617511238810929,0.007449891781812349,0.3464488243309797,0.29157354075512615
so to for holding and i down while we report from puerto rico a14y5a14y7,7,7,0.018009151317424643,0.011519367282816063,0.005122444560267484,0.010906249057590623,0.0796042868606351,0.0046266899721248865,0.11002566192906886,0.7601861653342972
bill clinton also shared a pretty awkward puberty photo for puerto rico hurricane relief,7,7,0.00902074622870489,0.014238524109193872,0.004678253076882973,0.010630177413495711,0.12280667894483925,0.004932151302769967,0.11351995975375154,0.7201735178991826
science hurricane irma before and after images these satellite images show the destr,6,6,0.006422645815759579,0.145363974808172,0.0038429208779860564,0.005598429339883533,0.01591610770064474,0.007243224301735699,0.7339673097659469,0.081645346433506
in case you missed it new story rolling hills to collect items for harvey victoms,7,7,0.0066393620304550155,0.013317698771673589,0.005079199350998926,0.013401695046461147,0.3135022153692643,0.00748207808189697,0.04444300258459247,0.5961347382814579
this was actually taken at a benefit for puerto rico gaga is wearing a white pantsuityes on purpose,7,7,0.008884728363455963,0.014970248329836603,0.00556501092208194,0.011322151341734105,0.09717224474393471,0.005558206247424947,0.10048338426109048,0.7560440362724041
wrt irma forming over cool water heres judith curry an expert on hurricanes a,6,6,0.007619050206058496,0.05443596820545338,0.0039595747935555654,0.006224729564087725,0.03098811434184375,0.005621056660684587,0.7298858616265191,0.16126567642276146
harvey cancels houston wedding louisiana city donates 1 us news amp world report,7,4,0.006610389254422342,0.015711646054754398,0.005506420218184429,0.011164634754759071,0.7919777854195865,0.006140884624117792,0.08292029140629599,0.07996791621990554
steve harvey tells how youtube has changed the daytime talk show,7,7,0.011901390925153247,0.03239710128280361,0.0055994955809871415,0.008617739802975968,0.029962296652748487,0.005578183108095989,0.19553413824686341,0.7104096390114307
deadly california wildfires spark needed debate about current spending,6,6,0.010341865379951253,0.0643270883224705,0.009437608560511308,0.00739465121045396,0.03481742819291677,0.006687143594017031,0.5915323024578187,0.275461916426246
heres how bad the mosquitos are after hurricane harvey,6,6,0.026295817203594307,0.10814666939638731,0.005308590465835082,0.006919500616303422,0.029394943261460475,0.006722936025179095,0.6808065762636328,0.13640495326343022
in marathon key irma on search amp rescue mission and bringing aid,4,4,0.006150947675389305,0.012487281580522527,0.005904908270404238,0.012966556139432367,0.8451012419637737,0.00668384882324972,0.04317103863666508,0.06753418806795304
harvey and irma arent natural disasters theyre climate change disasters,6,6,0.007987655154908289,0.1147890003188537,0.005347809272110024,0.005075653524079593,0.016029814967886535,0.007341783163541901,0.5841892732261541,0.2592390310233798
mexico earthquake navy says no missing child in collapsed school,3,3,0.01974751670428696,0.019178927076677923,0.22659153759983774,0.5298395058369353,0.11775542590838467,0.042206308616262164,0.014482673645936786,0.030198032238601215
northern california fire survivors aitas shameful they didnat warn usa,7,0,0.8381368174899249,0.009270255989203953,0.006415377901191933,0.006960588888767756,0.006793369780196722,0.003594870861163172,0.10677556530735846,0.02205313605912447
market screwed up for sure eqf hires feye to fix mess feye goes down cpst has only working power after,6,7,0.004976119614301022,0.09064457992819294,0.004981651996558339,0.00720118456027915,0.044808863569767016,0.008895833896255968,0.16411020100632245,0.6743815688753807
thinking of our friends in california as they begin recovery efforts from devastating wildfires,2,6,0.07369594610850684,0.03809582222003772,0.004672188520326556,0.010868893769772974,0.2651534020639378,0.0065828447444834055,0.534040794380354,0.06689010474901542
bridgeport family mourns relatives lost to hurricane maria,2,0,0.41225689963679835,0.013116505593158533,0.25118228383977537,0.1535990007905697,0.025921727637923667,0.017459053641604456,0.08953342686714343,0.03693111579988362
sabanas go go power rangers 3 arte de dan mora,7,7,0.008478844512603756,0.024509248649908544,0.006729332130600319,0.00981854733519689,0.03694117815463539,0.005956425105668221,0.12562895979170727,0.7819374843361301
what hurricane harvey says about risk climate and resilience,6,6,0.011544598065215888,0.07116855131915424,0.0033836041750419537,0.0054768089785026475,0.024687598709355548,0.0063757649752718,0.7808257750972802,0.09653728792311093
i will never tire of this photojnj hurricaneharvey,7,7,0.010078868583384738,0.024481185540840257,0.005278366951191636,0.008385078248963096,0.04277771903850323,0.005451924902542806,0.3971771655991524,0.5063696635077377
scranton woman returns home from aid trip to puerto rico scranton timestribune,7,7,0.04282330173946815,0.006382284344379624,0.005044997137383305,0.018780247468421975,0.3571656359566334,0.005365144424763561,0.03366185781863927,0.5307764916082637
raging wildfires caught sleeping californians by surprise usrc,6,0,0.4555011420656535,0.04725947046827953,0.011545529459070485,0.014222243909144342,0.01302038043596212,0.0074384669044865485,0.2370378935566585,0.21397483944961487
collecting items in parker for harvey relief drive,4,4,0.008020914925456667,0.012494892898109716,0.005576553110617715,0.012609330537268456,0.8612762352183786,0.007223131426343352,0.05417004212797183,0.03862896365535071
two new inquiries into controversial puerto rico power topstories,7,7,0.007416965316161809,0.05108551742740567,0.005645961752797507,0.009120135924517492,0.03258217218171344,0.005252954724306225,0.13099053872256775,0.757905750264821
as deadly fires ravage california wine country officials prepare for further fatalities,6,1,0.005707664279435125,0.44868474315823154,0.36932173779426936,0.003963006974681461,0.006817927150662193,0.005767038494806878,0.1435027563029925,0.0162352389889723
wish i could find out are these tornado clouds rolls around coral springs often very bad trees down from irma,6,1,0.005519652147362939,0.7215836658159753,0.004524693206589284,0.004333179484479139,0.012419564290066241,0.010747161351272232,0.1969492060874768,0.04392288662965228
south floridians irma the ppl in tampa say git and not jit 1 irma ight bet,6,6,0.015110478348482441,0.06812620062474617,0.008564349500726126,0.00988490648721564,0.04911432063737907,0.006641269043540599,0.5195227403959356,0.32303576708328996
taking supplies to all of those affected by harvey harvey relief donations appraisalmc houston,4,4,0.010574409903252346,0.010101034887325243,0.0051252499320215755,0.010997030038471588,0.8566751867755726,0.006133410324231187,0.05829561552031539,0.042098084618104346
this is a line for gas people have been getting up at 3 am to make long lines like these,7,7,0.19313609720504565,0.013922982244467967,0.007786675800572445,0.011284181519426189,0.027826546303822607,0.00613063366639335,0.09498271001794312,0.6449301543193091
hurricane irma reminds us of an important truth about financial models,6,6,0.008280216335293633,0.054367085712240526,0.004072615153564767,0.005945560208313712,0.02285552183577264,0.006499159367468593,0.45553594287737165,0.4424439180898675
more florida keys residents return home to survey irmas destruction,1,1,0.051495205018309044,0.8162798874138437,0.005512261659108041,0.005781990616660091,0.013156623490183844,0.01675158436213186,0.080555571648833,0.010466946464343959
algeria us sanctions snag donations to iran earthquake victims,4,4,0.010391330574934167,0.009498417777452016,0.006500596898247453,0.011466079495905102,0.8412866883050418,0.0060390117939253035,0.043950271781798264,0.07086764795510755
money irma business a government crisis gives icelandaos pirate party a second chance a,7,7,0.008833459692635806,0.019663815130769594,0.00424871978946878,0.008969542072481825,0.08365254231252209,0.00539215311436471,0.15250773847902005,0.7167320187465489
sign language interpreter at press conference sparks outrage,7,6,0.02781827663655271,0.021902452282801993,0.007871011442939642,0.01190017224364028,0.04124222452183284,0.004972410770030752,0.5164335854363085,0.3678598504795069
drafts from irma,6,7,0.018481749755500904,0.04462292621783713,0.00926667859927156,0.01138685924154385,0.045844477058609896,0.010919601264353967,0.3431404409519412,0.5163372143843483
downtown dallas megashelter for harvey evacuees to close wednesday,6,4,0.019009946983969964,0.024752671329124155,0.004800543003674191,0.010743517683396615,0.6906685515131934,0.006675375241124191,0.1669967369413433,0.07635267407729365
bermudians david strong and jeff ryall survive brush with hurricane harvey,6,0,0.5478808493227789,0.009487040020488773,0.006033726648762406,0.007006328088378743,0.013371482448051614,0.00397471773205667,0.34207595888601283,0.07016987111171415
5pm sunday maria update cat 2 storm centered well east of the jacksonville florida coast heading north,6,6,0.008566296433179053,0.053410585075910184,0.004504489841563831,0.007368471204478098,0.023807528904931596,0.0061355853481922604,0.7775567878116783,0.11865025230437395
portrait double exposure ai ai ai ai ai antonio mora ai,7,7,0.007988066803625224,0.02013296347380191,0.006596540413469194,0.01025825415938767,0.042347991274900465,0.005466750457193295,0.13368021869472055,0.7735292124947124
cyclone mora wreaks havoc cuts power in maungtaw,1,1,0.005099951212055805,0.8118568588991899,0.009212990195586484,0.003638000707639398,0.008668273159047267,0.012850212857209557,0.1275346604013512,0.021139132197164717
president donaldtrump push back when it comes to puerto rico,7,7,0.007982647403616433,0.022858040930809197,0.00521553993089191,0.008339466908415083,0.04812096757836213,0.005626360342145799,0.36629890869623205,0.5355580383559824
mexico may now have too much earthquake aid,6,6,0.006725590162651421,0.020461532174999717,0.005236283889389837,0.010795447347104681,0.19758579918201152,0.007146081198975009,0.4730620520391641,0.2789872381909868
i love you 8 from puerto rico is biutiful so cute,7,7,0.01158512047687735,0.014621278430031002,0.007464507278373377,0.010739465589413355,0.03958958456121877,0.005578807802528761,0.11785095613711537,0.7925702815326994
quake leaves trail of death and destructions iraq earthquake bahrain,1,2,0.005312965996430533,0.24814574511345427,0.43222138464629,0.004531624135873387,0.005363158840660999,0.00812709986919101,0.2555513391911326,0.040746723594942344
deadly fires ravage californiaas wine country leaving at least 15 dead more than 150 missi,2,2,0.0034357925541280026,0.030985650367222978,0.9342704941402151,0.0042593321180718294,0.0034965536571294536,0.004623011167125961,0.005763224716239668,0.01316597588432136
emergency broadcast martial law in wake of hurricane harvey amp irma,6,6,0.019580810154503733,0.0813461926948949,0.004296944837085871,0.006032022612223682,0.052671820083585306,0.006100766339887023,0.7564940787615115,0.07347739774822577
the gekko files the qb and the coach try to get ucla righted we preview the 2017 bruins,7,7,0.008947583594872468,0.016706436991499058,0.0049022576900965825,0.009570277100633181,0.04485520970101882,0.005492541520089151,0.13992342100609498,0.7696022562699909
shout out to louisianas at aap17 by for exemplary humanitarian efforts during harvey,4,7,0.007099338580020334,0.01371863071395487,0.0056800143737749335,0.0117701093873809,0.42259585389582377,0.006625709677272603,0.08221837940502073,0.45029191924231354
harvey irma us homebuilder sentiment falls on stormrelated supply concern,4,6,0.008580403704239313,0.12455407248815939,0.003977566221725541,0.005849933828866846,0.045377021400534734,0.008035724421888964,0.6978565100222316,0.10576876406715555
goodbye hurricane irma click link to view amp comment,7,6,0.009536630772146563,0.0985408099075623,0.0036749623944257446,0.005565910062942138,0.020675711547487867,0.006334569686220769,0.7213221360272593,0.13434924840272533
usgsm 41 51km wsw of paredon mexico earthquake,7,7,0.008074655572453803,0.06654420722973863,0.006387815751728739,0.007215068889588176,0.02693775240239292,0.006601790954440974,0.3042580906702198,0.573980606645761
biych i just got the text for tornado warning pray for me and all my floridian people rip,6,6,0.033326370106043814,0.04138590094058988,0.006786522685721602,0.006855783192497511,0.033266321563779684,0.00572618000182458,0.5822121591179946,0.2904407407429551
brandi harvey live tonight downtown at the 40 east grill,7,1,0.02075395379485537,0.34027247291157714,0.005986938405938338,0.009384457422382093,0.0593252822653299,0.005282875261240093,0.25982647362745803,0.2991675206439688
letter after rokitas vote against harvey relief lets pray,6,6,0.039060689064147856,0.03302000761399533,0.005444434785690944,0.00832140742578332,0.1628229760047084,0.006368039698996077,0.41049065360025944,0.33447176993896455
leonel cardenas mora campeon panamericano jr de squash 2017 orgullosamente cdmx,7,7,0.008534643129801537,0.017193325279349678,0.006792730769768638,0.010007914554438528,0.041997225421515044,0.005636885923138671,0.13229011890022738,0.7775471485385836
raising funds to put rockport texas back together after hurricane harvey,4,4,0.01201231544783229,0.014361808964824868,0.004273420171553889,0.010639799869548201,0.8277474262073581,0.006390700195540815,0.07647490807142329,0.04809963949289704
hurricane irma bring it bitchna,7,6,0.009936959706106857,0.06375607735947922,0.004028686744943027,0.006039993166903412,0.027680493675134237,0.006173745896140932,0.7310817530817706,0.15130231065605576
the floor was rippling professor who survived mexico earthquake tells story,0,0,0.7791852927052285,0.00848213035944303,0.014218808309794956,0.11763031691137,0.007236654268745295,0.00550459578820553,0.025699619111258617,0.0420425235001028
dont forget ususvi hurricanemaria,7,7,0.01787923949071903,0.03049618708784485,0.006893053304810091,0.01069288047549409,0.06331596908979377,0.008527717973253223,0.2636327655404422,0.598562224178787
join us in praying for those affected by the california wildfires psalm 911 esv,6,4,0.05470461208881126,0.01387348191447629,0.006746844036957292,0.011017880793282038,0.5409393386351546,0.003993109689027204,0.21150468091160213,0.1572199987486777
hurricane irmas trail of havoc in sintmaarten,1,1,0.006195709032231676,0.4758824124270489,0.004750758830138171,0.00348624471242597,0.013157272479521009,0.008361754291157326,0.4634783885729248,0.024687478830483965
hellish california wildfires inspire haunting web comic,7,6,0.01542617728085713,0.09653827908264905,0.006063391925956181,0.006116466380598876,0.016300668903328375,0.0060828288440798045,0.5332897285325441,0.3201824823330509
hurricane marias track shifting closer to midatlantic coast via,6,6,0.008818905877679776,0.06954871917807495,0.004132627599536088,0.005942452406896388,0.027358805034548326,0.006672743855643006,0.6565515124206753,0.22097419370580393
rep castro insists on harvey aid without any games,6,7,0.007249464473119459,0.019736927383121272,0.005114161778879415,0.010493993558846339,0.26742084138337835,0.006690413120264914,0.10710878797291706,0.5761854341806443
west bank flea market in harvey,7,6,0.012743876505480416,0.08194010115095379,0.006183077884457051,0.008935612985033656,0.0701728775517867,0.007485665173547302,0.4570920260927703,0.3554467542973507
google firm flies balloons to deliver internet cellphone signals in devastated puerto rico,1,4,0.012790863146741575,0.023183361719123465,0.0035572851748943536,0.012409109608998492,0.6583727373128292,0.007385882060506784,0.19326001546066487,0.08904080574254386
as a class apostolic project pk3 pk4 collected items for hurricane harvey evacuees in irving shelters,4,4,0.016231702626528927,0.010130859490214354,0.005395700728934326,0.01230652760936773,0.8560204685405826,0.006714463830458859,0.05578822641021328,0.03741202451975734
skynews hurricane marias path along the coast of the unitedstates,6,6,0.011119132288592992,0.17848969571892948,0.0042756503705114485,0.005520096534042623,0.01830041539816442,0.007408172438861197,0.7014309802004215,0.07345581705948498
south bay latino community devastated by mexico earthquake destruction sanfrancisco,1,1,0.010328495061161276,0.8861174816957549,0.006193411800089004,0.004431053740867749,0.008792672661635371,0.01504617728189547,0.05099061327503537,0.018099964915636063
rebuild dominica partners with project cure amp other global allies posthurricane maria,6,4,0.008368342530577567,0.04005232027935537,0.005634572342026379,0.011800140534711925,0.4461115289503672,0.012098618485568388,0.22952366278975828,0.24641084031367855
flood risks will be mitigated considerably by 2020 patali read more lka srilanka,6,6,0.009182901280985667,0.11450090543034752,0.004712929509458114,0.0050680454863827745,0.04125861608429197,0.006415715561583763,0.5591575096051438,0.259703329026307
bond insurer proposes timeout for puerto rico litigation,7,7,0.010374188715247442,0.024979696125136577,0.004873430998567102,0.008775962888434505,0.13766514228141863,0.006019271314677462,0.22001476690891808,0.5872975075380107
puerto rico braces for visit from hurricane maria via,6,6,0.01060436903195171,0.06193097442482535,0.003540037454508505,0.0057909062220222775,0.03434310879681446,0.006242340177903249,0.6258482724427709,0.2517000082234873
a tamilenglish translator needed floodsl srilanka,7,7,0.02898475289431673,0.020160140124722958,0.007274575117321993,0.02246557149009733,0.24978512049580653,0.00876121583178304,0.11951991290882025,0.5430486810740385
is it true that an earthquake will reach kuwait soon,7,6,0.00865729472894507,0.05631211447205835,0.006602594886622328,0.005909351047881506,0.028705692021449004,0.006415123818119297,0.5206298720864025,0.3667679355803849
events in nyc aim to help hurricane battered puerto rico,6,4,0.008549043331187728,0.01618968054866483,0.005438789921222853,0.010879237687888881,0.7596266611834834,0.006078423026372919,0.1388790940947228,0.05435910890756621
woman accused of assaulting woman preparing for hurricane irma,2,0,0.31816941378862107,0.017545248187123167,0.11176538716207632,0.04684608375485876,0.03747482469908392,0.011186214311896694,0.25773652637624644,0.19927626875127452
hurricaneharvey texas moves toward recovery gas prices slip,7,6,0.007346585084065788,0.07271200960062793,0.004198237240632175,0.0059298337234629005,0.048131920968718635,0.007222685670147518,0.7353390777023064,0.1191196179283042
hey world this is the real batmanday mexicoearthquake mexicoestadepie,7,7,0.010218710202368631,0.022040546486636215,0.006269213011851827,0.009550758498540974,0.03386305696838491,0.005118921676308803,0.12720581136180578,0.7857330203274289
ummmm lol harvey norman have online,6,7,0.009819313195577524,0.03224012129647242,0.004699011982610691,0.00816139172626891,0.02874166087577449,0.006489482057592332,0.20237551250758315,0.7074734647000618
thing you can rndmly find at best coworking space in puerto rico,7,7,0.0089750011585449,0.018014396307899725,0.005969608623061578,0.01013572537928184,0.055961268347601664,0.00496104076078922,0.12633758667873252,0.769645370341349
1105 lake moraine pl raleigh nca 27607,7,7,0.012819969239536738,0.10196023213588845,0.00701718572841563,0.011369009171012044,0.043853591591110366,0.009150172106159492,0.19723066741074619,0.616599157511079
lebst du notch mexico earthquake puert rico dominca,7,7,0.00852074497616632,0.02855666151798384,0.006594328871032863,0.008876618014586597,0.04071473375708234,0.006383482986212932,0.23831995422305763,0.6620334431879724
a rabbi aid drive after irma devestation on by,4,4,0.014113920693825159,0.021547156221391105,0.004860251842610829,0.011922652927895367,0.6204933912034939,0.007226004630875477,0.21563547777157757,0.10420114193298935
redditors donate wedding dresses to houston brides following hurricane harvey,4,4,0.01597496575127488,0.03190146804780815,0.005942698259412456,0.012468528587841915,0.6752210085979315,0.006947694110879211,0.17625682964017148,0.07528679895805337
history shows we dont need big government to clean up after harvey and irma,6,4,0.007934564589125438,0.05036719939788924,0.0037842892746517073,0.00779301382570163,0.615783895537943,0.007605870506781421,0.18333318410763055,0.1233980175573988
our power our future puerto ricoas road to a justrecovery,7,7,0.012088921375011191,0.23488479057841707,0.0053838793336486186,0.008735883574875423,0.1392241515141149,0.01566243553747098,0.17858353417613426,0.4054364184389597
you can support mexicoquake victims right now,4,4,0.013860814379124337,0.012000589406803826,0.005300683563239903,0.01141188057177864,0.6669843435973195,0.005036385708698633,0.20661635016904595,0.07878887425997007
california pizza kitchen shits fire af,7,7,0.013490762163924048,0.05060387473675245,0.008113133371525118,0.010017931459897827,0.0778903235807771,0.006826908408712907,0.22990929743351868,0.6031477963747871
googles project loon seems to be having trouble with stationkeeping above puerto rico,7,7,0.007348742905237868,0.07915431342586482,0.006562788669934511,0.007874484107173911,0.03141169686096961,0.007826637662588388,0.16872705249381725,0.6910943068408284
a team of american experts is in mexico to assist with search and rescue efforts followinga,4,4,0.0065398493962109325,0.011507363157331335,0.005791920135401856,0.01389810777306141,0.8558440233551784,0.007106411734051825,0.0381299829982689,0.061182349365427546
this is a mirrored image from a wild fire in california this this is a susano,4,7,0.0066528987266063514,0.1686359575310472,0.004780933022712439,0.005069891008792532,0.013315780373219293,0.007125781673551488,0.22574940069524,0.5686693592425675
california wildfire probes hammer pgampeas value,7,7,0.007428829556588604,0.05818247894599333,0.004561514809722383,0.007212043945727761,0.023489351681550294,0.006162031993494772,0.25861375471173603,0.634349967786882
hillary caught on tape laughing about irma wiping out all of those florida hillbillies,7,7,0.011586820174624852,0.05623392335101656,0.005907403744755569,0.006510149665216003,0.017716765409663514,0.006033646188412344,0.24952920827034678,0.6464820919253673
irma flooding last week pumped more h2o into lakeo than armycorp released that stops today,7,6,0.00560121536432121,0.25299781177891245,0.004435614002760559,0.004545923158941978,0.02573815017411118,0.008302245357667503,0.5294041079284422,0.16897494293108264
sun 7am maria is no longer a major hurricane winds have dropped to 110mph heading toward cape hatteras nc,6,6,0.008058394513660224,0.07046612607425254,0.004588880034424697,0.006644591806581559,0.019308575157113518,0.006429448717010009,0.7766654374060824,0.10783849409490144
strategic planning business viability using publicly available data irs help for harvey,6,7,0.008108046991896007,0.029889716367592443,0.0038200435646255173,0.009439687087360179,0.21574518082395439,0.006913203740213878,0.21701650999407263,0.5090675852135546
el paso to orange soldiers travel 1000 miles in wake of harvey,6,4,0.019054328004911157,0.010869513879509888,0.005156957262668452,0.012411766578277413,0.7998822626418585,0.0053161090016233675,0.06178380900900221,0.08552529845834606
eating tornado potato and drinking beer while waiting for taeyeon albmusicfest albatrossmusicfestival,7,7,0.01488677434598236,0.01699314915726802,0.005519589546034612,0.0100235760418035,0.04059814809952514,0.004977402118441612,0.12385492052716468,0.7831464426690378
harvey city asks residents to remove parked cars from street for debris pickup,1,5,0.011833384402253695,0.028123854884287494,0.013263423961241447,0.01854325055625777,0.04415875250119129,0.8584386037933085,0.015430870288603007,0.010207851622109087
cleanup from hurricane harvey by skmiller photography beautiful,4,6,0.010794995226121078,0.19503973094547278,0.003340270987170135,0.0071272048221802465,0.09610003982740921,0.009829956010494268,0.5231162784782305,0.154651511190603
still standing after hurricane irma,6,6,0.029443575666918232,0.1733043764098142,0.003905936363588111,0.007893276879447167,0.027531674522145867,0.010192553286460673,0.6102777897699543,0.13745082600511535
california wildfiresa devastating effect on marijuana industry,6,7,0.008210420508386163,0.24004536291183454,0.008587833749170047,0.004403675279090645,0.012491518355304987,0.007169855109806258,0.3194698698956868,0.3996214941525319
even governor moonbeam is sight unseen,7,7,0.01349235149698805,0.030597677772644806,0.006891623758285121,0.009789655393251249,0.024353810887690376,0.005956762154694716,0.17324670049131513,0.7356714574505528
13 toxic waste sites damaged by harvey houston awash in chemicals,1,1,0.004911936885730114,0.8920574425381549,0.005555063802278184,0.0038338896441893833,0.014774981147642302,0.015457608812647123,0.052875401987253906,0.010533640573866137
pioneer woman ree drummond holding harvey fundraiser news9,7,4,0.027529425714955435,0.010027059593515983,0.005318014570129195,0.015067421356920782,0.6836353516095015,0.005896492549859931,0.055224491423790406,0.19730173429650946
les harveyables actors stage musical amid piles of debris in floodimpacted houston,1,1,0.012752501126782133,0.7724482973723528,0.003538179977276463,0.009768061461404446,0.08868997077967035,0.020706530257744812,0.06882063616641045,0.02327586062814564
bb i just been eating like crazy since irma had me home for two weeks,7,7,0.05580379968686297,0.030052797968392993,0.006147294449454266,0.013568403792947287,0.03021478021137353,0.007384906828874516,0.17922205557037857,0.677605977957499
eastside fire spent week helping california crews,4,4,0.007143915859342303,0.01619292301186784,0.004939550392393336,0.011455857264526352,0.8345187408272379,0.00712676752757207,0.06890092359370156,0.04972139026194967
after a flood inspect all medicines harvey,6,6,0.023410106199768212,0.22902452888388877,0.0057653650915457134,0.007488413088893844,0.1757702557967329,0.0158495469501428,0.3842880184053432,0.1584037894814218
look at harvey simply embracing it,7,6,0.025484011648924297,0.047048676504399076,0.0038124700609246465,0.008331725894009195,0.03125250553686787,0.005504661975732477,0.5525024675613707,0.3260634860750877
srilankas food gap widens in wake of regional floods and drought warn and,6,6,0.05226508636583268,0.16722509884809944,0.0043071014857122124,0.007971443769694744,0.12931795326436807,0.008423241661799037,0.5736325212731068,0.05685755845831785
hurricane irma orlando assesses the damage photos,1,1,0.005072337082496413,0.8674265307957602,0.004140835727127367,0.0033956496748251508,0.009180972850347378,0.010607949539771967,0.0812049632165593,0.018970799172773486
proud to work w to get fl lawyers amp their clients back on their feet nationwide access free,7,7,0.029441156587260525,0.011776973616500893,0.004253241678452868,0.011692957061842748,0.18458561030292625,0.004814564052858201,0.12097145638222102,0.6324640314555301
southern california prepares for potential wildfires,6,6,0.012770264598220171,0.09987031209041365,0.0050084097232727005,0.004978576237055787,0.02899174990419233,0.00644707789479626,0.7590071819186391,0.08292640206918739
claudia harvey of dig it apparel to be featured on cutv news radio,7,7,0.009685561240270767,0.023776937328499222,0.005924235647419669,0.01024563596517453,0.05670637596177189,0.006269929131071905,0.14014111641828347,0.7472501551615859
california wildfires kill 10 destroy 1500 buildings,2,2,0.006041445527165247,0.3185754534843526,0.6256473265203057,0.004813536383984442,0.009855468281207801,0.009971410566314662,0.011382076289676635,0.01371329443020018
the cone of uncertain continues to shift west putting atl on e side of irma meaning greater tornado threat gawx,6,6,0.007449998768260163,0.09051177862737227,0.004661168459340697,0.00617152675150715,0.019697065051145834,0.006519981405692432,0.7854526815321259,0.07953581531882116
do good today stop hogan street by from 11am6pm to donate supplies to help puerto rico after hurricane maria,4,4,0.0065049066861739635,0.012264672635406334,0.006045713217123352,0.01182276605631196,0.8315368714705164,0.006510459771336505,0.043434854353250625,0.08187977561401881
irma update from highlands county next on,6,6,0.007786248826027629,0.07743042714832749,0.004472596414735869,0.0057171193126770116,0.019517848444033682,0.006141311915278872,0.5879796156931707,0.29095484829942153
what is the future of puerto ricos energy grid techbuzz,7,7,0.007260184111054839,0.05237315666409966,0.004550189525988031,0.007049726368463987,0.02796512796960569,0.006317827068815642,0.18821418753455044,0.7062696047788435
thats indiana and thats how large hurricane irma is oh my,6,6,0.009169571482428151,0.1706260234352922,0.004115733973022775,0.004694480309664137,0.0162674108166063,0.00792834730954989,0.706803158910613,0.08039526960912494
call the texas immigrant rights hotline if you have experienced an instance of hate or discrimination sb4 harvey,7,7,0.03593744528674677,0.021860911538809844,0.007565034432958497,0.010734766676540481,0.04020759848418584,0.004701551905073728,0.14787014824240347,0.7311225441917272
harvey spins deeper inland full scope of damage is unknown from,6,1,0.004754744998258258,0.8688529774839522,0.00506269267790707,0.003703020201508108,0.008951149419965611,0.011322467888470543,0.07796032000951102,0.019392664117855174
been a rough 3 weeks in the antilles backtobacktoback major hurricanes irma jose maria,6,6,0.007794544422121419,0.1232790292420016,0.0047136948961651465,0.00550298061984954,0.025523352300103684,0.007401117363677989,0.7432284752222261,0.08255675995213065
i am alive he recalled thinking over and over again alive iran earthquake,0,7,0.027698046429438544,0.013477083633602878,0.01040627352286362,0.011151985820411048,0.029449797582276137,0.004953076552975797,0.13222141714057062,0.7706423344026677
student asks to bring dog to class before hurricane irma professor has the best response via rupliftingnews,6,7,0.049198024814509855,0.011137303277563949,0.006282310640927626,0.0224610021607612,0.08706686966188094,0.0047951153859426094,0.20889534220591222,0.6101640229601173
pray for all those families in californiawhy how did this fire startso very sada12b,7,7,0.2778134366723907,0.017570068465273214,0.007438715667284988,0.006980013731491374,0.03855630437763374,0.004618315794838579,0.21640901266891305,0.4306141410855682
reload miami conference irma update,6,6,0.010588006595245435,0.04433083338490629,0.0063210186404152715,0.008607825778836642,0.03405916851023741,0.005822732111862007,0.6499618407209865,0.24030858919592452
here are some explanations for the mysterious lights that follow earthquakes,6,7,0.008698940663507479,0.05443792285696529,0.00616714784369886,0.007902483976800479,0.03004228621330013,0.006736202005843609,0.2105027422104135,0.6755122807545495
thank you to those who purchased in support of hurricaneharvey enjoy your crunchi,4,7,0.007321298785825694,0.012199508110136082,0.005844628642040924,0.012318770846347997,0.3783840005306438,0.006200675343062331,0.1601059291728472,0.41762518168429386
harveys floodwaters flexed earths crust pushing it down as much as 2 centimeters,6,1,0.008536216292923643,0.5429463035751793,0.006793054586461679,0.004765864621392513,0.027124280472003846,0.02140324941556924,0.3086562899443249,0.0797747527150506
in key west stayed for irmathis is our tree in the back of our townhouse,1,1,0.009188320904243442,0.59517373281829,0.003869109638618226,0.005401238367325111,0.0967943768049998,0.008385349764968849,0.20060626912991147,0.08058158484158959
time lapse video shows rapid rise of water in houston bayou during hurricane harvey,6,1,0.005762114490297762,0.8435696293090474,0.0042543408710086425,0.0035899803899907185,0.016594380655228672,0.010015308562536693,0.09860100382428344,0.017613238114690753
houses damaged roofs blown off as hurricane maria batters usvi,1,1,0.006303526287358997,0.8825686907122179,0.008031139241390886,0.004683485533073879,0.014281316021207824,0.029652972624486164,0.045565324669417095,0.008913453463119522
tytlive situation in usvi just as dire as puertorico,6,6,0.2038732114179388,0.16925384968692572,0.006643008663691507,0.0071658933500382506,0.021797718327667765,0.0071728705235619365,0.32032468924225754,0.263768771267641
here is the new guyharvey aruba long sleeve guys tribute to that enchanting island,7,7,0.010435655642426699,0.021450284494016706,0.005580408145481637,0.009331356799132684,0.046088657460421206,0.004750665185603169,0.12795461127936716,0.7744083574137797
flooding from irma prompts a new look at marshfront surge,1,6,0.00815921499114803,0.3205927671835264,0.004827060037996564,0.00348905935869701,0.011770836424021162,0.008461990569739505,0.6147130212342298,0.02798604786709641
watch expert frank mora discuss uscuba policy on,7,7,0.008871700559637397,0.020034203198133416,0.004977250115505488,0.007997551228874194,0.04648203119085856,0.005363471030015673,0.15723564695316558,0.7490381854156136
if hurricane irmas eye was over phoenix thats scary azfamily,6,6,0.007002816382051725,0.10109920080139786,0.004007163812847491,0.0055896791074526025,0.0162385381780816,0.007123727278719706,0.7080740522665508,0.1508647662641488
releases statement on hurricane irma,6,6,0.008933642644572321,0.09086851167580354,0.0037598229610848275,0.0054579193020882245,0.0216351177691491,0.007137820372677568,0.684740089864889,0.17746709354258589
put your hands up if ur not workn the mora,7,7,0.01976633659619923,0.01527641082069552,0.011419276543177436,0.010448796836167873,0.042147432994629905,0.005715234830559509,0.12463490952191783,0.7705916006016955
rainbow right over the tornado hit homes lady next to me says mother nature saying shes sorry,6,6,0.020073154644844972,0.14436072525734853,0.0038150255879222544,0.00549411066550612,0.023392976399533368,0.007209452949270318,0.5153766778877077,0.28027788867780734
pray for all in the path of hurricane irma we are worried,6,6,0.0956491708653929,0.053175008613926406,0.005426748769100156,0.006301305926935047,0.019027658303467882,0.006972672938327359,0.7081591696632108,0.10528826805761454
john besh delivers hot bowls of gumbo and red beans to harvey evacuees,4,4,0.008346906118981869,0.011847923188222996,0.005038355246615492,0.011384860280599311,0.7732808553711423,0.006088630008563623,0.1103931820689755,0.07361933600481016
seismograms from yesterdays earthquake on the iran iraq border,6,7,0.006274396215129879,0.13157608044084548,0.004727788505710205,0.0054473387452235855,0.016872460517759973,0.0067879529963036376,0.2255281165243354,0.6027858878045664
24 and 48 hour rainfall amounts and most of this occurred in the last 12 hours harvey houstonflood,6,6,0.00610211090266677,0.14100104847785433,0.005396621823505959,0.005486319482123897,0.02375904251401016,0.007000626083282779,0.7291496735629388,0.08210454322830751
hurricane irma victims jesus saved us,0,0,0.41421120094040287,0.014864094631086802,0.00951256956241215,0.01926097479726681,0.3820040430522458,0.010786642027289427,0.07480987134341188,0.07455065855666326
tropical storm maria still making waves but will pick up speed over next few days and continue to move away,6,6,0.00867103556051501,0.05495982834720844,0.004343201592234423,0.006900299953108907,0.046381466059851786,0.0065404402231249254,0.790532871872538,0.08167085525971601
oh nice how about you send that money to puerto rico,4,7,0.00785940611295002,0.01470719225306163,0.004953896630388227,0.011811691127818949,0.19693470429918683,0.0066679480630636116,0.0782611544838737,0.6788039561421916
amommy donat crya a 4yearold girl surviving hurricane maria unicef connect,4,4,0.36947682672345633,0.024497166854402435,0.010436773920890988,0.024197560682413896,0.37612489221545004,0.031110209753910118,0.10049236944508934,0.06366424063752205
an earthquake just shook la after mexico now we get hit after irma now maria5 hitting the caribbean but argue w,6,1,0.00975436514339721,0.5259733194364671,0.0062353247115880086,0.005119709085979902,0.014874972323665196,0.00767372823309834,0.34765166364002187,0.08271690993794885
12 years ago my parents opened a museum a week ago it looked like this a127 harvey harveyflood,1,1,0.1696946708533828,0.3570986451705921,0.02573997448379504,0.02344228176834044,0.058964587505474925,0.02436882128448601,0.20024597534582148,0.14044509067577657
irma nfl right on the a0a0a0 top 5 throws of week 2 via twitter,7,7,0.008314132224304742,0.026421140243899504,0.0061952413397767855,0.00894075500295532,0.03586713796393564,0.006027766651863487,0.4228894033008102,0.4853444454030069
some in texas begrudge aide to puerto rico,4,7,0.008983648513530031,0.014595850691094715,0.00570387781470703,0.011790495842487876,0.15293997510683552,0.005651029447661224,0.11412785797070275,0.6862072779751315
theres still a lot of work to do heres how to help,4,4,0.019881037070091853,0.21416554353757378,0.00525034648021616,0.011459382441538608,0.31729335165252365,0.008572227945503616,0.2840165850520453,0.1393614850285782
mexico we are the crack they are the collapse mexicoearthquake sismosmexico2017,7,7,0.013788753071700306,0.13233287103107194,0.005229170049068364,0.008016917773664483,0.03902057784876504,0.008942853014647726,0.2823796268213789,0.5102892065199056
hurricane irma storm batters caribbean islands as florida emergency declared,6,6,0.01073658073294689,0.1917788716572031,0.004291355465066802,0.00443226871283713,0.02180749782054445,0.006928405173627889,0.7278028762955779,0.0322221487924059
irma deals an unprecedented blow to floridas citrus industry,6,6,0.009264309432616706,0.22592519914610176,0.005883366196474447,0.00440432110957532,0.015218693868637495,0.0077453512799513565,0.521886644105944,0.2096721309679228
joel osteen asks new yorkers for charity after harvey in spoof read more money,4,7,0.009787031847472276,0.012416530008963202,0.004990875925828322,0.012391535692778241,0.3252741471019012,0.0050772588440154715,0.08843158896067682,0.5416310970880132
sunny day landscape flooded area due to hurricane maria,1,1,0.006038213081084072,0.793325332174579,0.004539057406855516,0.003606710615481454,0.008904982468615456,0.012952075636449054,0.15132878898569108,0.019304816877869706
chef cooks barbecue for california wildfire victims,7,7,0.05263841277369267,0.010992741887210986,0.013807547865168385,0.02012481096334164,0.3576111822004891,0.00617608184373138,0.07050480001841873,0.4681444307925974
familiar weather pattern for fl although satellite shows hurricane maria in distant e amp upper low pressure in gulf,6,6,0.0076962887979241746,0.06375215604048846,0.004424395866977442,0.00620397494381744,0.026686600832755456,0.0058562527694976385,0.7684048790447633,0.11697545243370025
were on the road to jacksonville to coordinate our response to irma in florida see you soon,7,4,0.007209048053347024,0.03380002770943682,0.0040587907403042125,0.009588841646068633,0.6193590604259311,0.006595326895953348,0.2079791135662105,0.11140983345899744
after irma communities look at the long road ahead,6,6,0.031035065042286217,0.3566848350922241,0.003240431164576121,0.005598680669953186,0.02469964552327376,0.008520105708928817,0.5037960439200418,0.06642516673649128
pnnl scientists weigh the factors that power a hurricane like harvey or irma,6,6,0.009099810646951624,0.20635256527472642,0.004082559232612115,0.005775410422602407,0.021520431520324183,0.008369753502137584,0.6080508182655786,0.1367486499662572
photographer spotlight nick leggio owner ig mikemora photo by apin1k full feature,7,7,0.016514530851882786,0.023890255689970254,0.009036479447070894,0.012979255973097832,0.03729769436632762,0.007039386733988538,0.13115696673995214,0.7620854221883357
thousands of iranians homeless after strong iraqiran earthquake phnews,0,0,0.8972962343982631,0.007883608557020994,0.007052685264257868,0.006544921567440455,0.015952566001440665,0.005162858861649532,0.05098819308520749,0.009118962765534207
looting thugs take to streets during hurricane then get what they deserve video,6,7,0.07292414392934271,0.05663905756978428,0.011250855878540933,0.011474683190223637,0.0344731026711644,0.008129987125949761,0.30759822299604517,0.4975099409066587
forecast models indicated hurricane irma will turn north amp move over or near southflorida sunday cbs4,6,6,0.008160846161322389,0.06965340908099392,0.004838016874980513,0.006522771636199998,0.02003261173146071,0.0066232151725766665,0.7856756947063578,0.09849345216301682
would you be prepared if a disaster like harvey or irma struck greater cincinnati,6,6,0.009557790966333399,0.11909130002779039,0.004332882614847519,0.004498739420448548,0.02331061463840937,0.007389305022627426,0.5875308592745216,0.2442884935974845
researcher claims to have predicted the iraniraqearthquake through planetary alignments,6,6,0.00892287326096363,0.05009715027656761,0.005837838906982864,0.007592817083179928,0.034021943977826104,0.006536339837456063,0.6118327479136694,0.27515832680185137
high tide hurricanemaria,6,6,0.015680293806646293,0.06659467675147124,0.008064555181131972,0.009489315829189597,0.041067314129687754,0.009239805127647079,0.5972881623555425,0.2525758146808414
rescue work suspended at earthquake collapse site in mexico city ap,4,4,0.006905279166746388,0.21133983870617232,0.0062314860865438785,0.013167761569986319,0.6214401935004101,0.01173683797849196,0.07177613044187509,0.057402472633592966
dcsdfootball hurricane irma delayed them but week 4 stats are up online now,6,6,0.007139829599161291,0.053036343955685204,0.0046393408035914595,0.006662963384524675,0.024120088843933622,0.006727862398429987,0.7352012560514769,0.1624722732632286
a reminder of what happened as evacuated passengers ahead of irma earlier this month,6,6,0.2117910864342718,0.010550179152127004,0.00815935523354709,0.02204045964737895,0.12390428998750987,0.006292510568002446,0.5306761534312766,0.08658597003486097
harvey disaster food boxes available in impacted areas visit to learn more,4,4,0.008901991954526753,0.013232348975486872,0.004803056466960406,0.012148523333346218,0.855313855980115,0.007866963993559803,0.05720303427258981,0.040530144005190505
find out how you can join disaster relief efforts by clicking the link,4,4,0.007511943115063518,0.013459242728870384,0.006150590263772569,0.011255073441911054,0.8283794553707199,0.006228199058011447,0.0712033038049363,0.05581215936882213
president trump on tuesday raised the prospect of wiping out hurricaneravaged puerto ricos,7,7,0.005571233591736917,0.18347775441483027,0.0036478257480333843,0.004747999314521532,0.017706624942119675,0.006943195673834765,0.17899876090204603,0.5989065613461857
vw audi nissan production hit by mexico earthquake,5,7,0.011504108219220086,0.08906579333193511,0.00907106949389747,0.018107667653563694,0.03310098435822478,0.1354527334135493,0.19870263611887842,0.5049950510105974
teen suffering health crisis during hurricane harvey uses siri to call for her own rescue,0,0,0.439649220282771,0.005163096650576119,0.004595975709521914,0.010306072795562135,0.40792837543385324,0.003912859419670731,0.09119259438747812,0.03725179598871451
new 11pm advisory from the nhc no change irma still a very dangerous storm heading toward fl amp ga,6,6,0.008423254926026724,0.051659293894827846,0.004807759701167987,0.00700544855753451,0.02182214772556488,0.006259898881096956,0.7853053656312271,0.11471682354716788
univision news weekly brief a month after the mexico quake and hurricane maria,7,6,0.007969511112362064,0.0582350038311033,0.004224685634350831,0.0064087175559005395,0.023940190246578022,0.0059382041730650335,0.7464809836176818,0.14680267364479385
tubbsfire victim karen aycock 54 wouldnat leave the house without her animals,7,0,0.8235232777669697,0.007612694450468957,0.006671937395958993,0.017520651535994598,0.01758347452353096,0.004708649031785794,0.0370171150447862,0.08536224657448961
mexico earthquake leaves historical churches in countrya hit,7,1,0.007116341271271417,0.8265369672735239,0.015265024710622103,0.004329268358575799,0.00782340711787581,0.019993700439836323,0.10186405270316909,0.017071259769353322
it takes no compromise to give people their rights harvey milk,7,7,0.024531533467056887,0.014441755395053017,0.006179894295989902,0.009838351568707488,0.09816196718348225,0.004542332526445771,0.16154002465374653,0.6807641137265406
fsu students community send hurricane irma relief supplies to south florida,4,4,0.008430674477770425,0.01236305929872456,0.0060610228797564,0.011787682523654808,0.8554844747385305,0.006576137669963606,0.05963400069250859,0.03966295332216047
dog protects livestock from california wildfires,6,6,0.022398479471951248,0.0315877284417714,0.003947592915670903,0.01582817868268066,0.20391893775529651,0.00807640403512399,0.51832616820467,0.19591658180420485
i am alive survivors of iran earthquake mourn as government scrambles to help,0,4,0.38489091427399325,0.004396416840197166,0.005282783224300374,0.006473652640395542,0.563838293943761,0.0036189347004335942,0.021311636856400345,0.01018740003546365
afpphoto a14yaa14y8 thousands evacuate as california wildfires kill 10 a127 frederic jbrown joshedelson robynbeck afp,2,2,0.15566973196194805,0.005024592581104069,0.5292124598275671,0.03401832160122813,0.04991105615117983,0.007359450383967315,0.021984829533933593,0.19681952677839204
a list of what u can donate and where u can send your donations to for hurricane harvey victims,4,4,0.009417752701712937,0.010437096856823976,0.006111863800768016,0.011173574951386012,0.8406827561279872,0.006428507581039185,0.06329400266597941,0.05245441584878497
popular on 500px collection of classic bmws saved from california wildfires by karnadi39,6,7,0.012395757368841841,0.07113317061512224,0.00412353734737805,0.009362024314082331,0.0525399651589196,0.005962311132547589,0.3382697465349777,0.506213457229879
austins turnkey vacation rentals takes a hit from harvey on texas coast,1,6,0.012372877107866425,0.08896481859144507,0.003186841800951808,0.006298947792554159,0.04125229063806799,0.006553928214671498,0.6786946125057278,0.16267570382384194
get started tax help for small businesses hit by harvey and irma usa today,4,4,0.012710324695911624,0.07914875378360971,0.004375609493245687,0.010067754249647847,0.3655443022282784,0.007739801183020123,0.34878840867459626,0.1716250849865181
as expected one 12hr tornado watch expires another is issued hurricane irma jaxwx savwx flwx gawx,6,6,0.007892962963421719,0.041734069883746415,0.005514938243389967,0.0073478289821787696,0.02484348574054462,0.005900276494919921,0.7647288523696341,0.14203759032205707
chefs aiding puerto rico find redients difficult to come,4,7,0.016087828550116923,0.014007738582883249,0.004716125017398642,0.012993244008745146,0.36741032520533184,0.006115818661434008,0.09078012528358406,0.48788879470913254
td15 expected to become hurricanemaria next week threatening parts of caribbean hit by irma,6,6,0.008056074231274434,0.21554262448775208,0.005079820738221124,0.004547243073352316,0.0171693921750179,0.008556177395796545,0.6964125093308335,0.044636141819079656
hurricane harvey was no match for the boxing family fightnewsasia fightnews,7,7,0.019451838467497668,0.04716384884380716,0.0038080577461002295,0.006212571512357848,0.025749968019643257,0.005639363366662059,0.3073218471841371,0.5846525319921316
azerbaijan offers assistance to iran after earthquake iranian envoy,4,6,0.011781020056092486,0.016966474893999064,0.005463838453158807,0.011988776923453164,0.37277143097900534,0.005850189327441862,0.4730463219873216,0.10213197555669219
the same islands that took a direct hit from irma will not take a direct hit from maria however puertorico isa,6,6,0.00773676689543619,0.36286077330311073,0.004748890240214169,0.004727874381630911,0.02142483367435044,0.00841176728557202,0.530773865667727,0.0593152030372125
strong earthquake in iran had no effect on yesterdays earthquake in azerbaijan,6,6,0.008902432718015652,0.0873851628444306,0.009395623231770466,0.005976967249452241,0.014947062518309412,0.006680652273823171,0.5051509849187666,0.36156111952253844
yeah ive been ready to gojnj hurricaneharvey,7,6,0.018587808356260033,0.07590818648880819,0.003955545534498272,0.008070863655546259,0.036372000887315264,0.0060604313349500545,0.5646212355072701,0.2864239753602741
news on npr a week after irma florida families still living in the dark,0,0,0.8268863064149807,0.015123012441279459,0.005702090650567143,0.02004437930495074,0.007860651910393368,0.005035730074607326,0.08715685727654529,0.03219084160205144
sandy beach mora psaria at the northern coastline of rizokarpaso cyprus,7,7,0.00773003135529067,0.15311023009035765,0.0038368207474226753,0.007474028769269011,0.02861089441883406,0.008024326929742509,0.15653565283780796,0.6346780481920415
virginia beach woman chartered plane to rescue 300 animals as hurricane maria bore dow,4,4,0.009696867726333129,0.010781271308871795,0.006523312735953912,0.015816606928678773,0.8680299645685347,0.007838056309470647,0.0482190996542613,0.03309476279888626
how irma got her own wifi,7,7,0.016024580125954046,0.037857282268720316,0.005872909305855171,0.00916568215318107,0.041988843777014534,0.005702800909250245,0.20771051421008446,0.6756774068542803
see how we are moving forward together postirma fumccg news and happenings gablesstrong,6,6,0.00938718279594968,0.019495813284966034,0.004466317114187501,0.00920265582421086,0.08411643203475423,0.0054281811487325235,0.48403789737093184,0.38386553437515125
whatas happening in puerto rico after hurricane maria is environmental injustice,7,6,0.008667426525793337,0.14325871172350044,0.004765049914076348,0.00502550772345629,0.02342881336617113,0.006671309783043507,0.649033095564518,0.15915005691959663
this is the most adorable pic ive seen from visit a12 dai houston beygood hurricaneharvey,7,7,0.010384247697353756,0.07976082889591536,0.005210802799385092,0.010921628038503021,0.035040999728144895,0.006706085391447077,0.37049596050566835,0.481479432261282
workplace gratitude in action helping harvey amp irma hurricane victims beinspired,4,4,0.00791762825031763,0.013681360213943316,0.005251155995069452,0.010472201452093233,0.8325829830808914,0.005976548770614063,0.07500070523406388,0.04911739773510704
sine mora ex dev on the new coop mode,7,7,0.011004951515878996,0.017166328667997183,0.005720033386565239,0.010029624783791345,0.03994612269406657,0.0054282757209954445,0.14256721735180358,0.7681374329055781
hurricane harvey downgraded to category 1 will likely become a tropical storm d27,6,6,0.00961252800163121,0.049159234317931774,0.005230221186790348,0.007452492766249175,0.02753879292641515,0.0061216991129224105,0.7891812298591944,0.10570381812075333
tracking irma this morning as it passes north of dominican republic dangerous category 5 storm gt,6,6,0.007775274935134683,0.06700073256723325,0.004410478130363265,0.00641766117751846,0.019750334216840908,0.006386376349154328,0.7875244284309548,0.1007346994857616
copped tho right before my mom forced me to sit in the bathroom for tornado warning,7,7,0.07999191858639532,0.025217766731075623,0.005907610882683432,0.010937387173350166,0.025912829871049904,0.005993811292096828,0.268566349025639,0.5774723782937506
irma maria jose forestfires earthquakes s song so much trouble in the world so true wheres the,7,7,0.007008146656835111,0.04623805636743468,0.004904874514548954,0.006559468052560009,0.026636773721802273,0.006051902965521506,0.26725374787674894,0.6353470501793949
yes thats a cadillac stuck in water the driver had to be rescued harvey,5,4,0.023456632379473857,0.017529849658108047,0.01327736848529388,0.05775792235597271,0.47475588419516124,0.2917980741626358,0.028399036781222194,0.09302522658046135
hurricane maria left puerto rico absolutely devastated,1,1,0.01644886604439858,0.7927499235281006,0.004638554780339732,0.004871567408697614,0.015026108942200767,0.01755560127725532,0.12352034084456426,0.025189048396880204
weekend soccer games called off after mexicoa earthquake,6,7,0.009393015965841143,0.03804244066538866,0.011761172221835129,0.010710400266569227,0.038708112604930865,0.0074176176624727395,0.23219296073237117,0.6517742804591753
hurricane marias effect on us not ruled out forecasters say,6,6,0.009035813277113476,0.11767615367197908,0.004968556145101248,0.005192883566746216,0.016030017720473248,0.006773967845726106,0.7532981312460976,0.08702452396687985
in kingwood texas where many families are picking up the pieces after hurricaneharvey,0,4,0.36823191586411474,0.013946117114110944,0.004752075488574228,0.005819619944281913,0.5301909794954054,0.008798055690744544,0.04695541787119904,0.021305822051968494
family houston young professionals volunteered at the giving hub to help families in need after harvey,4,4,0.03514432140712364,0.00957197130429395,0.0054723267584989976,0.011628283657306438,0.854246652211558,0.005751932389410235,0.03871275196368758,0.039471732224962024
kenny chesney helps teen brothers reunite with mother after hurricane irma,4,4,0.0431795144259635,0.01026495617948126,0.011008832279994964,0.40510975746824424,0.41516496818168236,0.010651715315631298,0.053750896155290405,0.050869382289574466
20 of every order at squeezedonline goes towards hurricane harvey relief until sep 14th,4,6,0.006922439626400599,0.0157403903368108,0.006022098503652897,0.011293252097048932,0.34326426950552713,0.006769231090685635,0.5412936945699698,0.06869464563589926
relatives say children missing after a school collapsed in mexicos deadly earthquake have sent whatsapp messages,3,3,0.029041653175395088,0.04552418353141682,0.21909734452746,0.5827052620376909,0.02028520799533398,0.06256366189605758,0.021840893547409913,0.018941767640612093
nationaldayofprayer is bullshit you really wanna help those impacted by harvey donate timemoneysupplies,4,4,0.011085761601574649,0.01113967149830222,0.005424990057005466,0.011537543117683421,0.6836590742936939,0.005770115323558959,0.07363581826570077,0.19774699576541813
breaking tornado warning for adams and yorkcounties in pa until 445 pm edt,6,6,0.009838808839573897,0.06563747042766774,0.0059420791002268835,0.007373305066240375,0.025705466757980737,0.005921772208448797,0.7901084879102245,0.08947260327427972
fire crew shares video of what they faced battling californiaa blaze,6,7,0.3541214837412082,0.009766627950094354,0.005480336905412997,0.006032207180795298,0.022625351721948787,0.004132638780896614,0.07181403015516212,0.5260273128635853
linmanuel miranda talks helping puerto rico amp notching first top 40 hit exclusive,7,7,0.009617107064745485,0.01573474522325813,0.005768980079866884,0.013856423615932145,0.42405995152335296,0.008527649134799451,0.0805514556529216,0.4418836675326763
artists send thoughts amp prayers to mexico city following the devastating earthquake,6,6,0.037681917756940596,0.015456927040545226,0.006908514586130266,0.012924687762824644,0.2528313715664887,0.004335452089898624,0.5136370510014796,0.15622409309336113
northern california wildfire interactive map esri gis waze,6,6,0.012202210595601563,0.09955792739517398,0.004631708036661051,0.0056913973809607585,0.017287018987478853,0.005789176912079105,0.47328468675819996,0.3815558607090641
good tuesday morning we hope things are back to normal at your home following irmajoin us now until 7am,6,6,0.008543986039037194,0.03553899103157308,0.004920979588446596,0.006855284225967468,0.03341385432404672,0.005727537016018088,0.5790077862363101,0.3259915748680028
uns global emergency response fund enables humanitarians to provide urgent aid for victims of hurricane irma,4,4,0.008175865999967391,0.010588862798651573,0.006201842437305466,0.011578867120472005,0.8555849577513686,0.006119108579555888,0.06063229784150618,0.04111822181696376
click here finance politics business three storms raging in atlantic with one aimi,6,6,0.007213221221179315,0.05200294094643483,0.004926982899435986,0.006714506133428686,0.023168208860950557,0.005775125689747369,0.6134917481064401,0.28670732969001483
check out new 61 magnitude earthquake hits mexico again hoodnews,6,6,0.0065921806716889636,0.08152563422243561,0.015931735813754178,0.005601564997665551,0.01702223059910588,0.006261388609123534,0.7529159018726939,0.11414933551599916
baby born during hurricane harvey gets most apropos name,6,0,0.464505602456589,0.011095511143778698,0.006532126632109283,0.022677083273970278,0.0202301397980287,0.009175343969562686,0.1566233042497981,0.3091608331556024
state aid to puerto rico has also been delayed by a mix of slow requests and money woes,4,7,0.005883674286606699,0.021419864833505206,0.005215109395039254,0.011840481634584791,0.2431351945926252,0.0071632032436433095,0.07863013783136072,0.6267123483259323
fire storm california a geoterrorism a no justice aa justus,6,6,0.008083553191064966,0.05614014976496208,0.0058402917413354835,0.007727593988203302,0.02652181470792495,0.005888687792949363,0.6158481218520231,0.2739497901105713
everybody go give eagle alum a120mora a follow at,7,7,0.016220806180867766,0.01379720524393805,0.008815755144832352,0.012598663665893944,0.0596670598908542,0.006113219873755893,0.1025189607753298,0.7802683331254598
after earthquake mexico holds out hope for those trapped under rubble a not givinga upa,6,4,0.21822379816039375,0.01771198443793117,0.004638242999357061,0.021435712222527516,0.6236308386268592,0.007193333162736275,0.07462976971019315,0.03253630566242549
iran turns down offers of earthquake aid including from its archfoe israel,4,6,0.009312031829015441,0.02464677166404513,0.00545684020222999,0.011908662724234353,0.36502434830118785,0.006765896379260973,0.44575060554846846,0.13113482574024787
hurricanemaria relief just dropped off first baptist orlando,6,4,0.0176789106636655,0.029285010434529753,0.006173457793598635,0.011916178670593601,0.4187516392408952,0.009164794819921777,0.15921769339543546,0.3478123166204878
power slowly being restored after hurricane irma,6,1,0.007025494407355825,0.6943802179027903,0.008297274713265796,0.004639164942833797,0.028737424028358417,0.019484867668330984,0.21013529668052017,0.027300260122205974
california wildfires moment familys dog is found alive in ruins of home a video,4,3,0.22903842509888478,0.20050714502606293,0.046377077383061995,0.2794772843411317,0.03515308368714243,0.04553263283286713,0.04582470717232924,0.11808963283561402
enjoying the golden tornado band from home in erie,7,7,0.012403953621657084,0.03818350308386402,0.004911578097853654,0.007510022780147384,0.03293768943363554,0.004859187136356261,0.2880996812946722,0.6110943608950563
mexicans turn to church as earthquake death toll hits 320,2,2,0.004615704785541935,0.006767053383595881,0.9331907594545117,0.004389187655995396,0.003934354477122254,0.0038560822699105035,0.030164919139455737,0.013081995677139932
business expert president trump signs hurricane harvey relief bill creditrepair jobs,4,7,0.007018601561785435,0.02624696781730329,0.0045642705833767,0.00915844160126548,0.13322321057772282,0.0064757930796251325,0.25610614146587674,0.5572065478757144
democrat mocks trump with paper towels in congress after puerto rico fiasco,7,7,0.017138778825550312,0.01750101052700903,0.006376573456678551,0.01024757172562396,0.03661914805265024,0.004767141838398948,0.13690612320194157,0.770443647035669
get to mora and try the whole menu,7,7,0.013511167520610093,0.019683048729600857,0.006894997989004724,0.009762689064477536,0.0420761338150908,0.005232814180819365,0.12905899606443222,0.7737801947538636
rainierwildflower one of the first flowers of spring coltsfoot already gone to seed kl,7,7,0.008103690794781682,0.024877185817758992,0.006507961129017211,0.01139751735636485,0.04609544480289774,0.005383543727228345,0.20619941137692036,0.6914352616424219
hillary clinton links climate change to wildfires hurricanes in california speech,7,7,0.009177054431690012,0.03709638664731952,0.0048637493411700025,0.007112256342408402,0.030108258908836623,0.0054214318714915265,0.36437058199639255,0.5418502268042874
this drone footage shows the devastation caused by the 71 magnitude earthquake in mexico,1,1,0.005920044726018777,0.8355076486034307,0.006208142678777645,0.003711680611513489,0.007729464573170517,0.01208491036958515,0.1121397697228554,0.016698333094698658
bun b on hurricane harvey a itas worse than everyone music,7,7,0.009746183186367276,0.0261231935121934,0.005139646647884721,0.008127770223595763,0.031548232560554196,0.005929281623775338,0.2196942058402215,0.6936915306019027
latest update on hurricane irma with links to resources,6,6,0.009163368290578908,0.06562586998983515,0.0033840534570482627,0.0058725279110481655,0.0361291037465308,0.006416367938773273,0.7865828977102911,0.08682585670013085
ontiermexico will provide free legal advice to those affected by the earthquake,4,7,0.030668352864967215,0.012202238213019431,0.004303506077943485,0.010661479335685689,0.20643848549360588,0.005055311614063788,0.16718218474801916,0.5634884748834489
still havent taken down the plywood from irma im waiting to see what maria does f pray she heads north after,6,6,0.005729344176143511,0.19606801230158422,0.004228542735021484,0.005593791705942188,0.020438550567264162,0.008913757352354085,0.46675758292860997,0.2922703730569506
newsgraphic satellite view of hurricane irma traversing the caribbean on wednesday,6,6,0.007709157891760277,0.14805369595184506,0.0039043862975838978,0.0054288590879106886,0.01691972795554045,0.006738346547376071,0.7528205183651262,0.0584252952147515
orlando city wins friendly 61 helps puerto rico orlandocity,7,4,0.007787382239273611,0.014934454707678381,0.005512904722217106,0.011235145796404777,0.7554116179595829,0.005712227815904521,0.0667650428003352,0.13264116557515537
irmas twisted sister hurricanemaria maria2017 wx weather prayforpuertorico,6,6,0.02853102558248778,0.08382338172408714,0.010980390620173516,0.02409431114833728,0.038802136536495974,0.03396744123002354,0.43901758222197906,0.34078375850356396
frequentou one direction mora londres,7,7,0.010961003943950037,0.01757497305436862,0.007070361133006763,0.010621517745797806,0.035094745253857945,0.0060037985531303266,0.1293121045815635,0.7833615149381965
tornado watch continues for the tri county and the nearby atlantic ocean water until midnight chswx irma,6,6,0.009655151523240327,0.09043347905483365,0.005124561027876852,0.0068526148171020205,0.03218847847280529,0.005712608073643456,0.7568206397495849,0.09321244678366783
hurricane maria knocks out power across all of puerto rico nbc nightly news,1,1,0.006106574198703568,0.47855815875665386,0.00835767247388977,0.003699250837891012,0.015471541107418151,0.013069308263905633,0.45469589489104817,0.020041585807987657
welcome back titans finally back to school post irma bcpsfirst knownova backinbusiness,7,7,0.008222271349246147,0.015550568607987262,0.005839021156829651,0.009274716890909413,0.050065173078421975,0.005641267207377104,0.1531877106626583,0.7522192669563178
a damaged apartment is seen after the earthquake in the narrate neighborhood in mexico city,1,1,0.005465709652051013,0.8837061574482097,0.008204464793912724,0.0055877754859014325,0.008277160077357066,0.027536960424932456,0.044851421355069504,0.016370385922321675
californias notorious winds feed wildfires,6,4,0.023117149481176408,0.11037813572586688,0.005547927167186718,0.008444988086829742,0.3874017198634804,0.0078016005720672535,0.35944259181136295,0.09786591418862563
the dominican president expresses his amost sincere condolencesa to mexico fora,7,7,0.011027129352262511,0.015115010628692308,0.005650576578444957,0.011105521498603185,0.0919819308553706,0.004855415090596916,0.1297387552823846,0.7305256354619976
so trumps new nasa adm is also a climate skeptic see irma harvey,7,6,0.01049140885829218,0.024105564145104428,0.004822830453505872,0.007925459966639268,0.029718145010744396,0.005374712554362875,0.5732091698831874,0.34435272027493075
after 3 weeks of delay and one messy harvey my backpack was delivered at 1055 pm,7,7,0.009082431519114986,0.0599056416666513,0.01647143835994666,0.01936304297741766,0.059577200728621375,0.034116950631475615,0.12809280485130872,0.673390483303253
puerto rico se levanta med students unite to help those in need,4,4,0.010811809928240877,0.00942203282419522,0.005920782631290745,0.011700989289143534,0.5820061906927266,0.0058914163692516145,0.06768523349284424,0.3065615650728109
all my family is there boston restaurateur relieved after mexico earthquake,6,7,0.04660683738340965,0.013812436682741496,0.0038641763225353257,0.011170086710833983,0.1193423931726389,0.0049307574612238595,0.1210878745016898,0.6791854313533532
so proud of our kids who raised nearly 600 for puerto rico a14y5a14y7 hurricane relief with a bake sale today fwsu ai a14a,4,7,0.006567555771627041,0.011778441517411604,0.00582691870612458,0.011911005662840033,0.34679046523687834,0.006172230538481975,0.050417244930555674,0.5605361686422832
how hurricanemaria could affect mentalhealth edchat naturaldisaster,7,7,0.02591367824917006,0.08779916647005132,0.005885509816539421,0.006257195363481774,0.022589939636667274,0.006408690452742586,0.2623471518105397,0.5827986840752012
opening 19 locations postharvey kprc2,6,7,0.01268935959194106,0.04610471087488538,0.012421617555139807,0.01354032576835227,0.15331724855814116,0.010850433939221535,0.27704260769148203,0.4740337197136831
commanders of irgc irans army visit earthquake areas in western iran,7,6,0.013555968888857461,0.2150913412181485,0.0044635094509544344,0.010682647828682723,0.18537115579085778,0.006538094231946482,0.4639659769247,0.10033130232240464
30a tv update jazzfest star to play irma benefit friday 30atv 30a,6,7,0.0065075812033580736,0.015554114447746169,0.006053062956401694,0.010691243456912814,0.15798161250106565,0.005635825152637951,0.11640942759084846,0.6811671346095536
smoke from californias wildfires will harm people beyond the flames reach,0,0,0.5054578695436605,0.16274850552888917,0.024021629578571544,0.007180692374464829,0.012785588521624112,0.007880535288378215,0.2031473646042085,0.0767777298692206
hurricane harvey could create 1m salvage vehicles,4,4,0.014956926612614808,0.024012568990099865,0.011375252056972544,0.017941565322298438,0.5010367174743265,0.31109027712587756,0.0958751348636647,0.023711532766995256
ian harvey offers us a brief insight into the history of passwords in his latest blog post,7,6,0.014365211154387767,0.02139508630639204,0.006049396174741713,0.009549171612114089,0.03883334755103683,0.0057776229427426344,0.5165151982110647,0.38751497109063193
maria still roiling central florida beaches lee becomes hurricane,6,6,0.007551242405268834,0.25298356140825934,0.004194545349491453,0.0039085969549650995,0.010699226263350603,0.007940849938094234,0.6620850063256366,0.050636945525866374
hurricane irma recovery fund for our island neighbours,4,4,0.008506643705092045,0.03398305688664951,0.004524882568699593,0.010469734193472814,0.7648854155630473,0.007974431349121475,0.1314236990031249,0.038232151100517614
supplies to fight off my post irma cold stress longhours loweredimmunity,7,4,0.009981317328563985,0.022484038777598893,0.005226528890678797,0.011540643032859572,0.4337460397157059,0.007843288766888926,0.2647031672301843,0.24447502107276187
tech labs reach out to researchers hit by harvey,6,4,0.046883230081177445,0.013974820290104129,0.0052223491425352955,0.012540125621871843,0.6629100309843838,0.0062897838106142296,0.20948243674054653,0.04269718591753894
the ghost of jose being absorbed by hurricane maria as she slowly heads north,6,6,0.014817628045351604,0.08563842377159313,0.0032563202826808775,0.0073083743478299466,0.02018220223247862,0.00624964210620707,0.7309672741210973,0.13158014993862538
congress looking into how tiny company from zinkes hometown gets 300 million contract to,7,7,0.008325150938188676,0.018932542578479403,0.004867040773326467,0.009647155759421992,0.3295727468102468,0.0059407971707233324,0.1459155999815408,0.476798997591922
harvey rainfall so far houston,6,6,0.0075532135104610385,0.1434937086328894,0.004209585725517717,0.005156694319375051,0.019592321253601178,0.0073240908436765515,0.7234646169399587,0.08920579301626494
my harvey always knows when i aint well a121,7,7,0.017471887893000138,0.026338803978746057,0.006402554384927349,0.010887190646152357,0.034579225380743796,0.006356634488026395,0.137993200470092,0.7599705338384379
british troops help fix home wrecked by hurricane irma,4,4,0.015916017150251614,0.27891817668050867,0.007395211954196904,0.017707553707087896,0.5572151403032963,0.05230107544386424,0.05210762642185336,0.018439200369224182
tell that hurricane bitch irma to come this way i keep that mf thang on me,7,7,0.011197301991192002,0.022177179769450533,0.0052075035907931215,0.00888276225972384,0.03491129843757927,0.006094991478953653,0.1715224587999021,0.7400065122983442
thank youuuu d irma,6,7,0.009817541538200102,0.025429457675437032,0.006360963446146646,0.009469196888709518,0.10956813955797062,0.005911827855112624,0.1938116741127039,0.6396312181389043
pizza hut workers paddle through harvey floodwaters to deliver free pies,4,4,0.034630347395290764,0.042968154930794686,0.004770634965121321,0.013348059461773414,0.7201934229924347,0.0068444000395531755,0.14376738951259427,0.033477565584667766
blakpac member has not stopped assisting hurricane irma victims,4,4,0.011685576619383816,0.015132820905015313,0.03158730558094803,0.04990935349198172,0.7215802684233332,0.01781063329306446,0.09036977442347378,0.06192419819591744
irma resources for homeowners businesses amp workers,4,6,0.015502033945399446,0.14091399185710748,0.004547630156141083,0.009296652159490439,0.2488567129860123,0.007075315376511591,0.4482565558317821,0.12555107081649483
earthquake in kermanshah irans new genocide against religious and ethnic minorities,6,7,0.018145390217808022,0.03150611405806731,0.016055958242054132,0.008698723970802565,0.028808235070530038,0.005548655340468956,0.42932734891635527,0.4619095452803177
this photographer captured the devastation of hurricane maria from above,1,1,0.008159119675399984,0.7101183870428358,0.011954724406764154,0.0038842245334484247,0.016742170059705023,0.013564116572809374,0.2158632344912183,0.01971397776927723
houston office market sees slight increase in vacancy post harvey cre,6,7,0.0062736144734433855,0.10515988334332009,0.0059949073188601655,0.008476888375380343,0.039188918684624714,0.00878456769664585,0.3240569306384753,0.5020642868120704
a jesuits firsthand account of hurricane harvey via,6,6,0.04286710935017796,0.039851807243941745,0.0030834486101946907,0.00769516133548588,0.033513553965979014,0.005942793074533492,0.5548920276258887,0.3121540969590931
him amp his family lost a lot during harvey amp theyre just opening back up check them out,7,6,0.3975855339661136,0.01045644781670271,0.005141455587173054,0.006911246297666693,0.0186696629749505,0.004345064234515724,0.4342161300358034,0.12267445609287222
delivering aid to floodravaged sri lanka jewish sandiego,4,4,0.007002394795811911,0.013016285591646127,0.005563034341390372,0.011544895519780204,0.8468262059360703,0.0063694586827722196,0.04268470866157388,0.06699301849076078
how i watched hurricane maria terrorize my home from a distance,1,7,0.013369400158158391,0.3164032196739234,0.00426914738562065,0.003684957782766225,0.008163480935515595,0.009762366463165771,0.10777840330322351,0.5365690654422937
classicmsinthebiz awhy donat you try acting like a womana by gia mora,7,7,0.01212906068292147,0.02304367451838906,0.006348288439601407,0.009801374793994863,0.03147149814242707,0.005408621907762659,0.13256271799092864,0.7792347580803944
the stahl boys doing a little cleaning up after hurricane irma dadepba thinblueline maria,4,4,0.006895206362786106,0.032454903947954944,0.004564323560481744,0.011610918118020834,0.7630002908975887,0.008300678021924341,0.12202266629111944,0.051151046061727545
recent hurricane hunters flying through maria find flight level winds of 120mph maria could be cat 3 again soon,6,6,0.008037063590508374,0.07589435145983352,0.003966778581120992,0.006785666709126441,0.018756772880637713,0.006578341066610418,0.7798171744582987,0.10016383455525002
evidently somebody didnat want to risk putting orlando under a tornado warning,6,6,0.009697418719811793,0.059264685115571196,0.004969371077198688,0.006126377366420901,0.024309123773050893,0.006299876597925531,0.7165853328170352,0.17274786634013234
one of the first solar storage tesla energy projects in puerto rico has come online,7,7,0.005810925445709368,0.03150103694271997,0.005202960652616694,0.011748416248578607,0.15164021383350085,0.007045600821343746,0.11265512517404486,0.6743956829295089
puerto rican farm saved from hurricanemaria thanks to solarpower via,0,7,0.010521684572677147,0.08299769143690369,0.006150065643219419,0.013897868230585218,0.27835107203470383,0.017063212227160163,0.06161055142769725,0.5294078445107961
dogs rescued from puerto rico after hurricane maria are being adopted tech technology,4,4,0.01929708927656097,0.008183219658861417,0.005349528058952658,0.026780687631203316,0.7184000080099042,0.007827576226212598,0.1063377042513457,0.10782417003467706
behind the scenes with mora a124a12a,7,7,0.014627776517698225,0.025707903636285258,0.005385029602175549,0.010720958102666885,0.05641814614536677,0.009077732987819788,0.12936357298635892,0.7486989166598588
tornado low light,6,6,0.009515798148106464,0.23062086925436995,0.007086697907055568,0.0055534872212219715,0.016147429340480777,0.00906088265188255,0.63031343730205,0.09170142192355837
collapsed school in mexico earthquake is checked for a hidden defectsa,1,1,0.007953283950654439,0.5605184555449187,0.01383438351825066,0.004527820160452916,0.04459719612306085,0.02454712995633099,0.12445510875707078,0.2195666126946614
xmen gold 11 cover by dan mora omega red returns xmen marvel,7,7,0.009487390208258586,0.015419141557013523,0.006470617720453372,0.009854800752657062,0.04815008123826979,0.005400833456915862,0.1146757671463816,0.7905413651202617
lucky duck irma sits on eggs even during hurricaneforce winds,7,6,0.014820073564307212,0.03157264845928665,0.0037475631662374186,0.009425938401253293,0.04134981194576704,0.0056768504062902165,0.6413643504404356,0.25204274920420583
ashe members offer engineering support to puerto rico hospitals by,4,4,0.007834118200385662,0.013428305235673751,0.005369867301443241,0.010894276970788444,0.8427179522308474,0.006484422506347902,0.04450110602269261,0.06876995799403551
mexico further updates and advice to british nationals following the 19 sept earthquake,7,7,0.03363956902463177,0.01862118437943954,0.004774978522053308,0.009101875124040253,0.04610097842470481,0.0045503126484612395,0.3408645347607967,0.5423465232540716
skutchi wants to help businesses affected by hurricaneharvey and irma call us today 8889933757,6,4,0.011521025999088552,0.022145521125192615,0.0040360833962081915,0.009996190993374962,0.7698171690346945,0.0063880234741582964,0.1130739245579564,0.06302204637381026
auto abs issuers pull pools back from harvey irma impacted areas,6,1,0.08498382939999785,0.47511763767556325,0.004010529590641526,0.00482477722595133,0.03331027916918507,0.018556815517312045,0.2790868361835693,0.10010929838564993
hurricane maria latest winds 105 mph about 475 miles sse of cape hatteras nc,6,6,0.0081540544656613,0.06951909262417443,0.004709591120654829,0.007127151406420404,0.019346338031377558,0.006803455824957712,0.7850507412179119,0.09928960937662168
my beloved friend is doing godas work in puertorico right now hurricanemaria crytime keepgoing,7,7,0.007984380444010973,0.024596875177674917,0.004391150427857661,0.011118509209166356,0.119125509759918,0.005253486331976631,0.12789569719705016,0.6996343984815024
comparto con ustedes mi columna con ustedes en the hill congress must fund puerto ricos new electrical grid,1,7,0.005177696105291697,0.03400323581597649,0.005417205358206154,0.007863006282280717,0.0698985461214243,0.006604311148577873,0.15065351180945072,0.7203824810322014
lee has a massive eye maria now a tropical storm not looking as healthy as it once did,7,6,0.009210199768099309,0.09958880896272992,0.0049058550230819025,0.006758473267654319,0.014630600171120597,0.0068682225622662026,0.7415096309399958,0.116528245783793
many islands devastated by irma will get hit again by maria your forecast at 4 pm,6,1,0.012121629282133763,0.50325474750136,0.0047396003791456654,0.0035248640137625553,0.007804284249228554,0.013145239944578078,0.4330780015727358,0.02233160242585618
dominica hurricanemaria first cases of anarchy receiving whatsapp messages reports sos security,6,6,0.01954980243484642,0.05408881730727568,0.017407042649126264,0.010657870828479939,0.023726373883110042,0.005980015642827485,0.6404278577854986,0.22816220688666755
11 pm update on hurricane maria hurricane warnings discontinued for pr,6,6,0.008231182905620355,0.05282602032527486,0.005058585164820383,0.006367387836287641,0.02860871516569418,0.006217296240294932,0.7927010745707465,0.09998973306392603
f you ao atca ed ta is afl house soyluna2 vuelvemdt3 hurricane maria middendrenthe,7,6,0.007519621697195977,0.23293098105769197,0.005397577195907902,0.008248024013266355,0.03319279048228276,0.007749718855000531,0.36617560896731316,0.3387856840550216
great puerto rico project solar energy presents a great opportunity for puerto rico prstrong,7,7,0.005916891501356622,0.022196474996577148,0.00435512367416657,0.010775362346333325,0.18268278754529713,0.006650040294339933,0.09743021784217486,0.6699930795312495
puerto rico is so grateful thanks mr president,7,7,0.013720093691583762,0.017845508728477986,0.004643646563002087,0.009321125362694973,0.07573177225845995,0.004511631385741142,0.1371235680207565,0.7371026340182352
fuck all no wall no clinton arrest zero help for puerto rico,7,7,0.007224098105738823,0.024908864235021443,0.00552665897989712,0.009390503427903369,0.06816305113698903,0.006206624774105351,0.12542347706163948,0.7531567579489421
tofu section during harvey hit texas,6,1,0.016513387938521345,0.41635724174455674,0.003596133171865392,0.006177280149009581,0.05359267147894764,0.006819299955747499,0.4032073599043516,0.09373664094000364
tracking hurricane irma,6,6,0.015088330161423538,0.09231496292266789,0.006294182901591368,0.011963343331153072,0.03594598491846594,0.011067844266049447,0.5746438384256518,0.25268148513331967
exxonmobil us branded wholesale network teams up to provide harvey relief,4,4,0.007315674829785383,0.014503316514245706,0.004701227494722638,0.010548154297863325,0.8331681901084206,0.00671732513335965,0.05194845596021724,0.07109763929048088
statement attributable to the on the earthquake in iran humanrights,7,6,0.006812153835455604,0.026066802128842135,0.006582069491874999,0.00762549738584962,0.04640151624146571,0.00522997929946872,0.5782789122465808,0.3230030310308224
houston mayor pushes storm surge spine to protect city,6,6,0.00784976625910417,0.07571550099431083,0.004734114150871358,0.007862808216884959,0.09294080626922617,0.007342616815665322,0.6781071118413218,0.12544724109990915
storm harvey flood victims face displaced alligators,0,0,0.9186411674419801,0.005644270372551635,0.005505527487796701,0.0057319780466669745,0.033698402586460036,0.004623879080950101,0.018441725572214244,0.007713037215711099
yalls president has a networth of 35 billion dollars but could only donate 1 mill to harvey victims,4,4,0.00701189530920702,0.020215375047614524,0.005770095076580122,0.011247067405583601,0.7922730957252008,0.006042533286466297,0.07757584848992856,0.07986412975402012
harvey james was born on this day,7,7,0.015735379339170998,0.02431110802780814,0.014311159854866142,0.012980768243687359,0.028818672085962855,0.007100645208420455,0.11402222572547924,0.7827199927750019
just in tornado warnings spike across florida via,6,6,0.009482570298666166,0.06886809017997947,0.006135135527333499,0.006288042392037537,0.020499349725091414,0.005776719422552252,0.7814227876202084,0.10152731891048984
house washed away by river during hurricanemaria sadly 5 people were taken dominica dauki dausa,7,1,0.014489807882466663,0.6275604553594453,0.08702013379736694,0.019884507410393853,0.032867429409714564,0.10220434008844129,0.09145042731038214,0.024522926606960697
hurricane maria takes aim at battered caribbean florida could be next,6,6,0.007560205602925349,0.12472277362696205,0.0036389581221980888,0.004818192210159053,0.018069704924348652,0.007614369765822461,0.7584596334058404,0.07511620886800043
damn i forgot how much of a shitshow bernies puerto rico operation was,7,7,0.008027524598572746,0.033159452306864685,0.0055249141450363776,0.00887189273226826,0.04718813908239124,0.006313806433680787,0.18160252812790997,0.7093117238490356
wells fargo building in downtown jax flooded during irma forcing the doors to close for a while,1,1,0.004716234809695494,0.8821136523727077,0.006129683576039018,0.003940202552646519,0.009609024385096945,0.01949767072925698,0.054229292515286534,0.019764154418928974
harvey in any language volunteer translators for farsi arabic vietnamese answer thea call,4,7,0.009806005308039581,0.013293356301527327,0.004089370033595531,0.011949631833875875,0.2847723830901342,0.005543581886249715,0.08352406958399644,0.5870216134574302
hurricane irma millions fleeing storm could bring highways to halt,6,6,0.40367150388336914,0.037877408846316615,0.004986908108743456,0.00512724022879807,0.02113135284543411,0.008349878094501282,0.4837661350271296,0.035089588793534875
permitting fees for irmarelated repairs have been waived contact us to report hurricane damage to start the repa,1,4,0.006270935425030338,0.2757695413080431,0.0041362987936666646,0.006778738123189151,0.3753074683861568,0.014780365265642779,0.19346473512537388,0.12349193632042077
savannahaos undergoing repairs after irma damage,1,1,0.006762427032343843,0.7997589745225322,0.006726694121226588,0.005263867832620999,0.05488601594338331,0.028551659761553567,0.07925214859496849,0.018798333635834663
investigations on image search on mexico earthquakehave ss debating over a caption lies or not,7,7,0.006276568223276122,0.041072106771848284,0.004803939432314387,0.00862925348729803,0.03821192119368619,0.006061723717186791,0.22207681252359252,0.6728676822084804
just saw the duke unc score has hurricane maria made it to chapel hill already unc starts the season 13,6,6,0.0066076595724143495,0.056766726529705054,0.0047328232471927825,0.006990132258854092,0.02673271828331782,0.005596244988597403,0.7215053378045977,0.17106834722444067
15 stark videos expose reality of california wildfires,6,6,0.026411773769695432,0.2888721418597778,0.03048670837970317,0.005849455830427299,0.009477730010245792,0.00958778684322273,0.56903731025599,0.06027706129283791
buy a solar light amp spread the word lets light aguadilla puerto rico letslightaguadilla,7,6,0.007238868392561123,0.06409910575795483,0.005372908424126594,0.010351643350996788,0.17916466017795243,0.005944922220975576,0.5283158474544212,0.19951205901507066
first alert hurricane maria continues moving on northern track,6,6,0.008706337563466034,0.08131529214937824,0.004213890412618589,0.00663203088312153,0.02115308070494761,0.006501712242736191,0.7962587625059167,0.07521892072443076
lifeline animal project and atlanta humane society to hold postirma mega adoption event,4,4,0.009530874908348086,0.012853872549967652,0.004435437497748587,0.014476782168589601,0.6485640634525123,0.0061672759071908015,0.06567865132103953,0.23829307481883316
please support my gofundme campaign,7,7,0.02401965525955308,0.030007658090154786,0.0056518328070640726,0.016287635327035293,0.3269151603625728,0.009050183526419193,0.13518776936550847,0.45288012360874697
damage caused by hurricanemaria in roseau dominica strafpgetty images,1,1,0.004718219008554019,0.883950083738481,0.005464729030598993,0.0037802826376823182,0.03313262103431531,0.012369411802085142,0.04429861693426598,0.012285991800294457
because record floods just arent enough theres another couplet and tor warning harvey txwx,6,6,0.006721691004325423,0.1072783081652132,0.0044157726996206445,0.00512517064010337,0.016886332327156226,0.006924159390634021,0.5061989990367725,0.3464495250001176
arirang news wildfires ravage california,6,1,0.016138189918332355,0.6662490423653569,0.00926434797049065,0.0038126577066473653,0.011452969861702224,0.009973325326129209,0.25548862150173485,0.02762082083719633
help michael bailey amp his family recover from the california wildfires a signala boost,0,4,0.33209454281406386,0.009001967158214295,0.0061027416817192705,0.017141893962987695,0.5073681345487714,0.005089872503268455,0.08276562779246856,0.04043522878653964
when all the meat thawed after irma,7,7,0.009623732622393954,0.1185015404200927,0.006881202205465606,0.007645138744099831,0.025771750563025553,0.009289900160177307,0.23374525963108198,0.5885414303704312
so hurricane harvey left a lot of dogs without homesmax just found onea12 aa12 aa12 a,7,7,0.1792270739345079,0.03403891218644195,0.010717767213650973,0.10654088852538354,0.024369857604279854,0.03430537687221149,0.09231620822685958,0.5184838869603129
tornado watch cancelled for two counties,6,6,0.024308681635387873,0.07530107668627507,0.006051982147187257,0.007554576809404476,0.05866687430122561,0.007487623423429962,0.7098226137043955,0.1108065484752912
home from houston east texas needs a lot of help and time to recover you can help here,4,4,0.08218421417546667,0.011043867199362541,0.004105029573119696,0.024399913955067968,0.760013989101478,0.0066651452720605,0.06483067740069266,0.04675713804549313
video of cu collecting donations for hurricane harvey cuboulder cubuffs boulder,4,4,0.007019975410062428,0.013941733825496279,0.0051237839751720575,0.011080043386991253,0.8451919495555607,0.006634648314018355,0.06258442851876525,0.04842346527666348
navy marine corps providing aroundtheclock hurricane maria relief,4,4,0.00659455977424468,0.015000915572206473,0.005632515511645245,0.010737451758121684,0.8457364276786048,0.007259744990352043,0.0634993465613102,0.045538993579252375
langevin applauds passing of supplemental funding package for hurricane harvey relief,4,4,0.007225276935358825,0.023819510303808075,0.005351868354153851,0.010065618644373596,0.7439985838776905,0.00797466436021041,0.12984074383745958,0.07172370708604418
nofollowtwitter for iphonea,7,7,0.013461804364952595,0.031340283136297754,0.008458769455111202,0.010591946389671801,0.11693491932096747,0.008079505952418105,0.18934582083771007,0.6217869859331288
hurricane blame harvey amp irma punishment for trump amp gay mayor internet says,7,7,0.008419851165983799,0.033186069456201145,0.005427799752350521,0.007070243398299589,0.030411184822120702,0.005732226688673164,0.4296280480657403,0.48012451561989833
grand chandelier rocked by earthquake from the weather channel iphone app,7,7,0.004626511146984306,0.2717169146168898,0.00583753205899194,0.0039096242814605515,0.015221918758735414,0.009519969671227264,0.24055767497603353,0.44860989569604454
glen cove park kemah texas houstonflood kemah texas hurricaneharvey,7,1,0.007965517096274088,0.5910489305173424,0.004101486835686105,0.005359511047404122,0.040684690982738296,0.008002114181867614,0.2645818416843692,0.07825595219714858
the local seismograph detected the iraniraq earthquake making the detector ringing for more than 12 minutes,7,6,0.005421262519164355,0.1479780240325956,0.007844185952581788,0.006649849937474767,0.0901991632150792,0.008371809173943246,0.46432284210506947,0.2692128529406152
bankrupt puerto rico set for fresh hit from hurricane irma,6,6,0.010045104183202121,0.23252931007866948,0.004705048871836607,0.0039053035209837663,0.15230316466280652,0.009551508518001276,0.5327240219654169,0.05423652046204497
is serving victims of harvey emdayofservice might even help,0,4,0.03363807449942604,0.009061122206968189,0.00462158072874762,0.011118131433960966,0.7936163782055377,0.004570286129535882,0.08314822196652702,0.06022614919907102
hadley brown join forces to aid puerto rico,4,4,0.007620696104109044,0.01235056148997995,0.005855596786066634,0.011503461586176315,0.7923032520964166,0.006827583289560873,0.05978924593634471,0.10374958591494324
flooded cars could flood usedcar market irma harvey,7,5,0.016133909688227803,0.07733679417204468,0.01761376723666301,0.020136120306333417,0.011253791872361118,0.8065538633460183,0.03873998524344724,0.012231770072055392
congrates we are waiting of loon in india as well,7,7,0.01458632922598844,0.01720891175515382,0.009645193160893734,0.010469887939176244,0.035361472241133694,0.00548197012153742,0.12165512523381594,0.7855911274598002
flew through the very outer edge of hurricane mariaas cloud cover no desire to fly any closer,7,6,0.01003518946866686,0.07093598685025243,0.00310188627262532,0.006606355554833465,0.02052175776970624,0.007139857370263492,0.7475152381430057,0.13414378051050652
21 dead in catastrophic california wildfires,2,2,0.004859687564311926,0.030514836882011658,0.933894924396397,0.0046060603919617525,0.0030420251893252047,0.004398870040613223,0.01266149701509461,0.00602205392448523
students raise 1000 for puerto rico by dressing down one day,7,4,0.01373727861936757,0.012305586886493015,0.006219594512025722,0.01227572981537385,0.5539370245537273,0.006298576459062507,0.0752886600133723,0.31993755871457386
travel simulation reveals what its like inside a tornado in the new simulation from,6,7,0.036554149502688794,0.06048935461588375,0.003987243300862815,0.007597635571110307,0.020419835617016213,0.005862970525783592,0.2735441643885358,0.5915446325950096
miami football resumes practice following hurricane irma canes,6,7,0.01113272320215311,0.033461023099226925,0.004551651904453411,0.008055572006689072,0.036244242342932144,0.0054916280988231755,0.2664541817303995,0.6346089758225267
some new brunswickers are doing a really great job helping florida reconstruct from irma power restored to over 6a,4,4,0.005288791025354698,0.1698940197903899,0.00560852995570437,0.008938895340208045,0.6538068363654144,0.01679579385576815,0.09287706265100963,0.04679002355187789
tolls to be reinstated following irma,6,7,0.010145544897722264,0.06219295970826692,0.008241583411407412,0.007501283456236948,0.032186426789543254,0.010056435672814583,0.37640318045759485,0.49327262014916806
wet mora a12a uom,7,7,0.011752416730030059,0.02831849862687577,0.007313405063771393,0.01112734004929287,0.041226323357284794,0.007098303057878869,0.1771350040698176,0.7160286988005002
puerto ricos governor says island is on steady path to improvement after hurricane maria,6,6,0.006000697370495991,0.27609588486631675,0.003314743827395523,0.004436737973353451,0.024307088981201454,0.008582990718427103,0.5874925152434132,0.08976940015838007
linmanuel mirandas releases starstudded song for puerto rico,7,7,0.01201695028428043,0.014707319778174632,0.0061304602944564374,0.011239984017168334,0.11738768338011055,0.006014570679641374,0.10289914542025837,0.7296038653774164
please consider donating if you can hurricaneharvey houstonstrong chartwells,4,4,0.009844467453800932,0.022824821953710887,0.0050055258850718555,0.011459576593877691,0.5199498295417283,0.005991619400509274,0.25506250526029756,0.16986163601564022
as hurricane irma nears hospitals in floridas southernmost county are evacuating patients a,6,6,0.08070292128064478,0.06809537743677602,0.007224422620763948,0.016639527981384846,0.23301386710098823,0.011476363763047746,0.5581000698175551,0.024747448240968025
in addition to hurricane irma hurricanes katia and jose formed on wednesday,6,6,0.008467684609203491,0.07114162358030335,0.005013671700980147,0.006331982297632161,0.04135348201446912,0.006774712065347119,0.7647569033588013,0.09615995316497891
matches of the cup of mexico are postponed because of a powerful earthquake,7,7,0.00875532803846719,0.04258795457561958,0.01124739708815851,0.010309656390507129,0.028227082874753562,0.007874089982679938,0.4054593054543253,0.4855392022242534
if anyone can hear us help cry lost in the trump maelstrom,7,7,0.3534744684193849,0.0069463036486313275,0.004107771460426772,0.008683501920334085,0.02540465668809647,0.0034706615053583705,0.13819560166381037,0.4597170450438619
ilustradora joanna mora obtiene premio mundial en los gourmand word cookbook awards,7,7,0.00900032565484696,0.015947231014708116,0.006851634394180714,0.010688346591725973,0.06074650322929019,0.005462404109250816,0.12711198156373466,0.7641915423966246
a country torn to bits puerto rico,1,7,0.012682323803487933,0.19613993136011404,0.006943561497111924,0.006992069961499119,0.09133632550232863,0.01161018289436308,0.10806143823717351,0.5662341901387449
a painting of the hurricane irma chainsaw nun this acrylic pain painting,7,7,0.008128832800860679,0.06754243621888699,0.0037082049732394032,0.008043049616919321,0.029515742699408577,0.006626559297775109,0.2474206795831122,0.629014502105546
winstonsalem native back in nc from st thomas after irma,7,7,0.19052869258831193,0.025337892171623768,0.007942308236262694,0.013095060451425746,0.026923787724678346,0.006179136350576757,0.325519359339553,0.4044737452142648
please note that fiu is not a dropoff site for donations how to help irma,7,4,0.006541890740071041,0.012224829727961066,0.005169793821303917,0.011770481629333269,0.7950722412110728,0.006591344564869655,0.060738790913955266,0.10189060748383089
a121 soldes a14oe sine mora ex nintendo switch a bonplan,7,7,0.008413962981099274,0.017351967878975617,0.006655440647735481,0.009979197986581692,0.04127103881409191,0.005632647779510597,0.13010557201177597,0.7805901667709704
vegasnewsnow hurricane harvey hits texas hard vegas,1,6,0.02546602236164331,0.18610753650624184,0.004364994166785511,0.004212691193105976,0.026654421537100906,0.007249600418576569,0.6747677879005642,0.07117699111772277
winds from hurricane irma peeled away this stop sign at horizons elementary,1,6,0.005400495298365364,0.3433150457561567,0.004139853403847358,0.0037343977843019172,0.008750491243455274,0.017264540528123075,0.5845077662837603,0.03288739900953376
from cajun navy to houston midwives zello is goto app for harvey rescues,4,4,0.006582284780132826,0.013403908293780928,0.004809189942349893,0.011372111390461192,0.8066979561646538,0.006053244206679287,0.0778430208985907,0.0732382774903541
demand for just recovery battles shock doctrine in puerto rico,7,6,0.012782788086911285,0.06553047695813326,0.004038270561076785,0.007483463595412555,0.11920636305760829,0.00714866891509038,0.4538568993487919,0.32995306516960865
festival gives boost to puerto rico for hurricane maria relief wmc5 gtgt,6,4,0.006934976895436965,0.013875953683186377,0.006503329928475029,0.011127013510239763,0.7301746740409201,0.006782136977244931,0.1497143812469394,0.07488754943944657
congratulations to our new missnewmexicousa ashley moraa12 1,7,7,0.013352427260759844,0.014026949275749108,0.010027362880926215,0.014002682931365142,0.04156233666889246,0.005512386975158583,0.10516152152910954,0.7963543770878083
mariana velasquez mora proud alumni of rennes school of business a14z8a14y4 rsbgrad,7,7,0.023889129954457352,0.01489758001658655,0.0073573372758776795,0.01198070084962024,0.03706354192791627,0.004629214866168819,0.11107998584952088,0.7891025111259898
what a great organization is providing free propaganda tshirts and hats to the victims of hurricane maria,4,7,0.008133902344386754,0.010578557932799836,0.005231728850699576,0.011155863368939013,0.3604205319383562,0.005841250620572044,0.06963771650875446,0.5290005137046153
how the big tree got devastated and the small one untouched is beyond me luck of the draw or a tornado,1,1,0.006029353171126662,0.7480872049744138,0.005134583885615882,0.0038424474474393765,0.0102598083603574,0.01635839806674374,0.09219562745684425,0.11809270056389726
puerto ricoas coffee industry 6 weeks on,7,7,0.0075834213180306165,0.024049996289692132,0.005483419391305786,0.008701725891992237,0.04671908133934298,0.005516566272749471,0.20564581115001546,0.696299968118621
hurricaneharvey by the numbers according to houstonstrong wfaa more,7,6,0.009312321708210359,0.07142766868150406,0.0048978420768104785,0.006118657355786413,0.029429427805081284,0.00655063632333401,0.6898552777984431,0.18240818528006353
high confidence that hurricane maria wont affect south carolina,6,6,0.007417932000418442,0.13950014624990328,0.004726045949665786,0.004765920911536944,0.016291208628454217,0.007447562920063826,0.7291580561741453,0.0906931262967719
irans mullah regime imposes new measures to quell earthquake victims,0,4,0.030420195314229084,0.024541670813042083,0.019954567243874975,0.01856204270954686,0.3356428801375159,0.012541992043676679,0.22734331484876483,0.33099336244484107
icymi earthquake aftershocks shake iraqiran border,6,6,0.015426519953947431,0.3674457948806136,0.006192439555329066,0.004298778410265396,0.01976356139057741,0.00872012721822204,0.5281965042051351,0.049956310856501956
when she says shes going to puerto rico with her friends,7,7,0.03184546309633854,0.012778835247362196,0.0072003871033196705,0.012326644730699646,0.05946027132029554,0.005042727438498399,0.10637382513491356,0.7649718486116546
we just had a hurricane just hits florida big bad irma,6,6,0.011111842550878222,0.17922576106325358,0.004589680514701772,0.0043279435721982834,0.012694469295080715,0.008584840713045506,0.6991028741062348,0.08036253608176572
survivors of mexico citys earthquake land in las vegas with stories of horror and heroics,6,0,0.43317566109159844,0.007943266302979994,0.006400221285018847,0.008515894328315345,0.02529702004193471,0.006140033085523152,0.13305062370298443,0.3794772874445876
hero alert please share a1414da12s8a motorcycle,7,7,0.010770453357091569,0.012489214822022685,0.005459248234382186,0.012825720428262724,0.0763009672371974,0.005539310851460329,0.14684505842865866,0.729770039265002
view from bridge into orange from bridge city lots of neighborhoods still flooded out setxnews harvey,1,1,0.006119642277027062,0.8747347123129607,0.004401624729841819,0.0036835355895681768,0.008694288712984048,0.014305039995023153,0.06592987400715712,0.02213122906827996
ppr volunteers jill amp kimberly at parc pet suites are caring for hurricane irma dogs that continue to arrivea,4,4,0.006846048670284686,0.011503280941468214,0.00548048733530901,0.012217452495279611,0.8429664166560664,0.006220310565037057,0.060290009493568206,0.05447600771765579
saw so much of this before during and after irma amazing people,7,7,0.010823183888945995,0.018808713056484332,0.006021214777968954,0.009734466619450696,0.05585003389002869,0.0051393485670533316,0.30416656390373,0.5894565064351083
56 magnitude undersea earthquake off chiapas mexico,6,6,0.008278313078825391,0.08897116046961559,0.006819464328742458,0.007106260274650464,0.02511607665251848,0.0069209321862886836,0.695050859998072,0.16173695392879195
puerto rico has incomparable beautiful beaches do you agree prstrong isladelencanto islabendita,7,7,0.007929447421499364,0.03870588461590473,0.005609422396480077,0.008155199502659801,0.034663641177864093,0.005646504491865333,0.13857451635440027,0.7607154214121371
irma nfl 0 to wish tysonpedro a happy birthday ufcpittsburgh ufc september 17 2017,7,7,0.011091082380762445,0.01299096373502178,0.00907574147257516,0.01161140693059156,0.04786100773490026,0.004925507197427246,0.11048648052411435,0.7919577562221021
damn nature you scary 8 irma,7,7,0.008359169961536508,0.05289555871478127,0.004484789050415055,0.00625299328659931,0.025585544773283297,0.006311333396066182,0.22445456858256024,0.671656034985576
prayers for those who suffering the natural disaster in iran e7 and iraq e6 f earthquake,7,6,0.2997643842430294,0.015368552354184413,0.00809689555547844,0.005650091527929215,0.04945575792455628,0.004710221246868824,0.4174154591408554,0.19953861143879326
florida keys reopens for residents to assess damage after hurricane irma,1,1,0.007776194314885613,0.637266934305851,0.003962749356991341,0.00453908351798413,0.026240310499242938,0.01272744763004959,0.2947245601293104,0.012762648845839674
aerial view of a damaged road caused by a landslide in barranquitas puerto rico fema,1,1,0.00468846348691204,0.8872856603987573,0.006086052766511885,0.004118139335603464,0.008159764908533788,0.02037477954092443,0.05169004429056244,0.01759705119444338
lularoe irma and leggings lularoe jamie bigley lularoe lularoeleggings llr lulaaddict howiroe,7,7,0.011956959285406988,0.018029039119502658,0.006062080639335946,0.010047934969914794,0.04136245186100902,0.005537665868713602,0.12605962107229488,0.7809442363152876
328 die as massive earthquake hit kermanshah province of iran along iraq border iran,2,2,0.0692155417590972,0.1425973005051031,0.5281201317022348,0.0053601906104597166,0.009879947666147615,0.007396299425491285,0.22860407072678357,0.008826465562377189
frank lopez on puerto rico toxic water amp fema candy,6,7,0.010614348539795721,0.04154956077896525,0.004046233981246214,0.007668305329371666,0.04464040521275542,0.006376702989162896,0.2521705625372478,0.6329339080589048
a week after irma puerto rico faces far worse from maria ai miami herald,6,6,0.021565149824237573,0.1908368689242705,0.004942570132995727,0.0044542090873562114,0.01685696888536381,0.008708487795902806,0.6892312301557688,0.06340453433860431
people seek tents for temporary housing and breathing mask after mexicoearthquake,0,4,0.10066476027797433,0.014579663019433024,0.003964221696286734,0.014364708381016514,0.7294150214774149,0.005567341387210486,0.06654279015993499,0.06490150982436826
hurricane harvey unites a 083117 video,6,6,0.01962561521411392,0.09316341764010821,0.0036911966949085126,0.006268399979981168,0.17886881364255589,0.007871583246215922,0.5086204926835075,0.18189045716850966
sharapova puig to bring supplies to hurricanehit puerto rico,4,4,0.007165026952890323,0.014552799557919759,0.005982841387296069,0.011552396388834662,0.4816055215159041,0.007406595540700632,0.07822107955774409,0.3935137209379202
financiallystrapped puerto rico faces hurricane maria after 1 billion hit by irma,6,1,0.02834553188970257,0.6606005721800513,0.0046107511747733,0.004139885926217568,0.02303798618277969,0.013652494298613748,0.2434315311443212,0.022181214504805
oped philadelphians provide ten helping hands for relief work in puerto rico,4,4,0.0069719440218600605,0.011039810877934061,0.006283367863120093,0.012069196576600449,0.8495540809260314,0.006436780657419629,0.0396427747044917,0.06800203247431467
puerto rico sees scores of college students leave in hurricanes aftermath college,0,0,0.702981919430279,0.006455427270768795,0.008472308179681724,0.006615370568648869,0.013937902485752373,0.00457828862256189,0.10141877303345082,0.15554004866991622
a week after irma caribbean devastation is laid bare hurricaneirma environment,6,1,0.0074514206348154765,0.6213951567249307,0.005980846830760962,0.003590726242618004,0.009939598225127876,0.010156888031376644,0.319607333905978,0.021878046577980557
here are two ways to support mexicoearthquake survivors 1 prayformexico 2 donate,4,4,0.0121059403013374,0.008812528680113837,0.005033839555517505,0.011459777833593159,0.8263274976239916,0.004970686959775668,0.04847960350222599,0.08281013378914201
thehuffingtonposthurricane maria slams into puerto rico,7,7,0.00912053773829132,0.1835060059088464,0.005144461664187468,0.005370072985154278,0.023903882229311738,0.013305474787581505,0.2553356558271872,0.5043139257163787
the 2017 iraniraq earthquake from sentinel1 copenricus sentinel data esa snap,6,6,0.005988411254672804,0.06724746466835382,0.005567301829381566,0.006353858453352203,0.026155753516569194,0.005865636838049998,0.7413435913022399,0.14147798066589082
dog rescued from earthquake in mexico city xinhuaalamy,4,4,0.02633597309297811,0.009026618819185095,0.008986336466642385,0.04205522217009162,0.7102264927706028,0.00944891672419908,0.0624281905910161,0.1314922926810978
mastercard lends support 2 flood relief efforts in srilanka,4,4,0.006839417281378881,0.012469690604367483,0.006698189467744811,0.012192021866554267,0.8581166220118711,0.0068459221316083995,0.054263060995011936,0.04257509534097285
radar indicated tornado in nw osceola co over west lake toho moving west 35 mph take shelter if here or near by,6,1,0.009430213416902894,0.48027274293442174,0.0049074137799022125,0.007101600575162199,0.017694162241201752,0.00755141740862764,0.40106459126531174,0.07197790829735984
new artwork for sale fort san juan puerto rico,7,7,0.0077880549901907055,0.03212927507798874,0.006307291111760321,0.011483816186059523,0.05953823860621579,0.006068104439134823,0.13130891124023772,0.7453763256867283
san diegans helping california wildfire victims sandiego,4,4,0.030564896225602656,0.009286486228583302,0.00716015353695767,0.014611167505332154,0.8236484538090594,0.005848898137970906,0.05829353679324464,0.05058632671490218
harvey aid tax reform lead busy congressional todo list nbc news,7,6,0.00805958292098816,0.03490837924177932,0.00555339674978455,0.010549810982345168,0.3021467735201614,0.007545885433043249,0.4392182494957781,0.192017892836343
hurricane harvey airline flies plane of abandoned animals out of texas to safety,4,6,0.02523545425858345,0.014569899056729915,0.004049452796308545,0.032902605048842536,0.2784383531645491,0.011957757527340221,0.5738419269612385,0.059004561632354596
five of 32 first coast bank of america branches open postirma,6,7,0.009439614697451288,0.062062053596962506,0.016474903826658335,0.012109911884404924,0.2694143078211492,0.018593022043522037,0.18241453944100938,0.42949164888676356
harveys unlikely hero meteorologist jeff linder fakenews propaganda,7,7,0.02554101387620709,0.03178433156240606,0.007243724720250092,0.011448294192021317,0.04547034969844575,0.00685028998229645,0.34844454193608,0.5232174769800815
another successful trip to puerto rico to deliver much needed medical amp other aid bstrongglobalbetter wedobetter,4,4,0.005953403027636962,0.012578044133516899,0.005649801272392464,0.011467677035064188,0.8310403242642901,0.00673404551553886,0.047191380218063746,0.07938536936736558
harveyas canada coupons chicken wrap amp drink for just 749,7,7,0.011971228722801017,0.017036615418648735,0.009072813006734366,0.011446403176513723,0.06297504074180564,0.0061470796140384795,0.11767529222954759,0.7636755601239221
and arrived in puerto rico this morning to deliver life saving supplies wedobetter,4,4,0.006777815501467323,0.01183524033897927,0.005715851102054165,0.011785993622588696,0.8470378608774569,0.006428207461060615,0.04196283038985194,0.06845616794916115
help adlcrc make a difference in puerto rico,7,7,0.0076194873897126435,0.01326804909944116,0.005581845503340321,0.012256898547190809,0.32804551404869453,0.006936301807684191,0.056145881392920205,0.5701460321528846
iraniraq border earthquake death toll tops 200 officials say,2,2,0.003643677490044582,0.006355686968872969,0.9351093884030367,0.00433525083418578,0.0035094818338467673,0.004282779248785489,0.02975558295021349,0.013008098628580189
guys new article out nowa126a126a126link is in the bio a14 3a14 3a14da14ea14fa12yai a1412di a12s8 was harvey and irma really disasters foodforthought,6,7,0.007627512385774045,0.026787320501849534,0.005394588362051604,0.00869979891502592,0.0333015401379203,0.005825182253676491,0.17314518949217866,0.739218873950114
pm of israel more why did israel offer medical aid to victims of the earthquake on the,4,4,0.0081037057962847,0.01129603021741885,0.005486255238422453,0.011921781779437084,0.8255054020983544,0.005463997491760145,0.0728947516527325,0.059328054689050114
harvey destroyed dairy treet im officially pissed2,1,1,0.006415194670560311,0.4441273268850487,0.005168147314262215,0.004308976963182619,0.013649741902041261,0.0227571752841299,0.08258860432595871,0.420984871379209
countdown to hurricane irma from orlando florida the lancescurv show,6,6,0.009838805914833229,0.14401123899365328,0.0040358919752154524,0.006092709038592757,0.032312276184348926,0.006621271556476525,0.6511562063383387,0.14593160131636257
breaking tornado warning for lantana rd south to boca raton besafe,6,6,0.008354331303190415,0.19890163001452033,0.005281874378526667,0.006480794574704414,0.026962248416831727,0.006907614303728535,0.6505686226442562,0.09654283486910341
media confirmations about wildfires in california predicted by clairvoyant dimitrinkaa,7,6,0.010583245081367128,0.08154728188426257,0.005022698975654168,0.005697333566396,0.014914913625296265,0.005695586375004489,0.6984911960506621,0.1780477432434437
finally garnidelia speedstar mora hires,7,7,0.009344464552421664,0.016908948786707526,0.006011155934737573,0.010392036700519832,0.06651473106636879,0.005588316639061696,0.12947092898522677,0.7557693958167482
tree down in nw hillshurricaneharvey,1,1,0.006354407741834427,0.8231035226449231,0.007741243853459419,0.0038210961625072615,0.009688211930109209,0.014243046377013215,0.08420035692626013,0.05084814688567754
starting on on discussing irma and clean up after harvey congress and the debt ceiling,7,6,0.005988475975985984,0.03622297985434117,0.00453765047573787,0.007330156690679529,0.07451230396143622,0.006589418329389391,0.5826819281030924,0.28213708687127187
houston one week on relief religion recovery in pictures,7,6,0.008726760539079793,0.10178920290437218,0.003930064345489515,0.007489742728380982,0.26962851024710704,0.006680191470160264,0.4812311840976403,0.12052434671785138
emergencymanager resigns in puertorico army ends its mission head,7,7,0.011867636305394572,0.05372240869363604,0.010053195849191498,0.010453058345467375,0.13591062788471814,0.007641567260686673,0.2990808878519825,0.47127063121996826
f1 force india driver sergio perez donated three million pesos to victims of the earthquake in his native mexico,7,4,0.01115678738582287,0.009105427804526564,0.006348767451590205,0.015992746142083004,0.6128578464014786,0.007257388987924343,0.04003019917994598,0.2972508229189337
shes a tornado with pretty eyes and an invincible heartbeat a,7,7,0.028241768920358217,0.030699885060171107,0.008793101943701946,0.014595784086180992,0.026857592664898254,0.0070785592070751885,0.12749449913497876,0.7562387982235316
video shows flood waters from hurricane maria rush down street,6,1,0.006851908992352253,0.6597920570791342,0.0043981653172672905,0.0037142431125948626,0.01690024499542634,0.015842109692933697,0.28033647486672597,0.012164804826054334
linmanuel miranda is not throwing away his shot will reprise lead role in hamilton fora,7,7,0.013748658709940662,0.012979441081962265,0.00655646216881278,0.010898543090082497,0.04522374377658065,0.005537816248638146,0.12372402340127649,0.7813313305123739
hurricane irma a practically impossible storm,6,6,0.012013677480305436,0.0757153604833903,0.00413848380841396,0.006718025617867327,0.02171312315107641,0.006037154549270454,0.7454964332516443,0.12816780180517207
california couple hid in pool as deadly wildfires swallowed everything around themgtgt,0,1,0.3490138072816454,0.4574746522478475,0.09169118578821162,0.008969289691473257,0.0076642849220824386,0.010823084203984801,0.05073875139935339,0.023624963967296245
irma hits cotton in southeast especially in georgia,6,6,0.01584449817950742,0.3579418615783776,0.005666554113122014,0.004625345927430341,0.02099796602966594,0.00877326239517258,0.5296910615790155,0.05645947083116035
santa rosa pd nuns fire rapidly approaches oakmont residents must leave now,6,6,0.32787307850183706,0.022447948300559135,0.004178148246272677,0.006197875169771767,0.008266948204094899,0.004568620900011031,0.589539605409094,0.03692775169018231
hurricane maria eye nears turks and caicos islands news world media,6,6,0.008103057462855258,0.060426100452779324,0.00398202005706495,0.00619264643253429,0.027800474562026136,0.006030668354936853,0.7846900606941268,0.10277497116382142
kempa mens tornado xl handball shoes white wei weimarinefluo grn 02 size 48 eu 13,7,7,0.011596851080283788,0.02425868021823312,0.007221594161087071,0.010093919335902445,0.0390902253889587,0.005145131032686375,0.17959029769151522,0.723003276364719
pets orphaned by hurricane harvey headed to san diego the san diego uniontribune,4,6,0.07741067977442603,0.02071002565554257,0.0048762856890559045,0.03499546260453877,0.36872721006126047,0.008519378876642773,0.4285176045148943,0.0562433209607656
james harvey cameron sentenced to 11 years in jail,7,7,0.022184279841277247,0.01827303338783186,0.017027985978823386,0.015804790499582687,0.04485261463230906,0.006590401827688864,0.21687656601592767,0.6583903111854663
watching for some coastal storm surge but not as bad as matthew gusty amp tornado threat higher here,7,6,0.008491202211564717,0.11569619542541544,0.00494804011381735,0.00575212048452988,0.018735294295099545,0.006693627371633941,0.7737215645520132,0.06596198202168038
crews to return today after helping with irma recovery in georgia vt,4,4,0.007484657868529332,0.015655188737916294,0.005681199809428914,0.012577861980152033,0.860626277175118,0.007793925670682252,0.05554962894235306,0.034631283053482564
canadian cargo plane sent to texas to aid posthurricane harvey relief effort,4,4,0.006690543963001591,0.010685914179055993,0.006020501635736165,0.012788581299286091,0.8601676981920351,0.007955829779211766,0.053156921033294335,0.042534007680585455
raymond james supports its associates and communities impacted by hurricanes harvey and irmaa,4,4,0.013873261507230797,0.04067387061949305,0.004819686891897259,0.01066462368741268,0.45275272239784214,0.006389561284479595,0.33083245306153003,0.13999384889026037
covering the army corps of engineers efforts to save the gujataca dam in puerto rico,4,4,0.005467455218910235,0.06592385412480492,0.005247803875336661,0.011610683911299425,0.7509054516850114,0.01172379912750176,0.0734238806033279,0.07569709907450695
california fires how this picture of a cat sums up the horror of wildfires sweepinga usa,6,6,0.34354304568218297,0.08590780940208952,0.00551337082351528,0.011345573137581317,0.014178680645041249,0.0066696236080951345,0.38801319287209823,0.14482870953840365
wait wasnt mexico city suffered from an earthquake last week just asking,7,6,0.011607194979474838,0.18054483446530142,0.005658443527076343,0.0043615909066950335,0.012822635770713057,0.009420575001017287,0.4338006849821793,0.34178405504984316
jennifer lopez and alex rodriguez raise 26m for puerto rico relief efforts christian post,4,4,0.007676631493864673,0.010352173583557736,0.006640593183923398,0.01427375666076533,0.5601702151685328,0.0067643981279026785,0.041438024150751394,0.3526842369475724
follow me linmanuel miranda to return to a hamiltona role in puerto rico followforfollow,7,7,0.01697016783720747,0.013485349944827047,0.005235649157120298,0.00973545803269211,0.0479692457594297,0.004993240135800198,0.19043120924382806,0.7111796631997946
irmas devastating impact on caribbean islands nbc news,6,6,0.008970684322719146,0.4051302733085189,0.005607186383334429,0.003435754912065771,0.01426915344437528,0.00845060640310165,0.5301891133489213,0.023947169718197044
are irma and harvey godaos punishment for electing trump,7,6,0.011896966743175759,0.025591219440649043,0.006761947776310866,0.008042654466781415,0.03658629122362453,0.005310087210450922,0.54652428082055,0.3592865636875777
modular expandable office unit is a clean and modern environment i irma,7,7,0.0067562108902436396,0.056168820399790306,0.004998984184152186,0.00848471525207373,0.1818848866939251,0.010035961852882235,0.16607533108847455,0.5655951240228877
what will maria do after punishing puerto rico find out more in the latest tropical update,6,6,0.009688156124244573,0.02694458879691733,0.004480408259480672,0.008508622380651679,0.03967401009552455,0.005085844851417557,0.671902341392612,0.2337160390887581
magnitude 61 aftershock hits mexico as search for people and pets continues a a1a 2a,4,6,0.025570594376829566,0.016366979956686994,0.021086506367744035,0.20191407993088376,0.1698885962004399,0.02826764371254765,0.5046612042607966,0.032244404488670775
iraq strong earthquake hits iraqiran border area six killed in iran humanitarian newzealand auckland,2,2,0.006261779256126558,0.012430114491351072,0.7896809358319263,0.007661352483793597,0.006955261272280004,0.004921459241874896,0.09628801881080315,0.07580113488235432
my hubby is at today on the column of harvey schachter business influencers,7,7,0.009831874986485929,0.022870867257555084,0.006108004139512891,0.00903992403530785,0.034316730051185206,0.005190245044593515,0.19103374736579404,0.7216086678653715
the waters in irmas path are 88 degrees thats like a hot tub of fuel for a category 5 storm,6,6,0.0066668569362235905,0.14740172819743252,0.004526871927376242,0.004932490210306705,0.015216257577937566,0.007191756493412439,0.7222241413533939,0.09183996776778316
my administrators are the best 7 goodbye irma we are back in business 0dbd8,6,7,0.009160568528014572,0.015762252000246058,0.006009290391735704,0.009485582846333602,0.05532463466111041,0.004819469501861224,0.12849195288332216,0.7709462696302707
moore church dedicates new sanctuary 14 years after being destroyed in tornado,6,1,0.0069659460853006856,0.7340811416748352,0.00871220372691664,0.009809367382297653,0.08679320300598314,0.01506954862075089,0.0909335984208835,0.0476348940345634
words cant describe how grateful we are for the hard work amp generosity of those who responded to our plea for clea,4,6,0.010672787205878071,0.012303613869404427,0.005102463798698844,0.012440896821509964,0.30882319211866016,0.0057404304505287405,0.5524094803429029,0.09250716614934493
while most were worried about storm surge from hurricaneirma many actually witnessed waters recedinga,6,6,0.010728777648381977,0.23674969122378056,0.004095866657157899,0.003898307532469491,0.009987966998638652,0.008389272557402558,0.6544367189085833,0.07171338561172974
modular homes match the quality and appearance of traditional stickbuilt houses irmaa,7,1,0.009192758349267114,0.6678755957388172,0.004958089831273374,0.00863187311405863,0.04014825257496271,0.027780717860973754,0.10652372200782657,0.13488901544501286
icymi mississippi natl guard helps with hurricane harvey response,4,4,0.006885683568900205,0.013657157743397557,0.0051790478226575514,0.010656289248599137,0.8391720558608314,0.006685962074635156,0.049579684511056064,0.06818406143025155
dollar stabilises after selloff focus on north korea hurricane irma,7,6,0.007579561382216837,0.04435598417728667,0.005939852389239933,0.00837246426476162,0.032933219908085946,0.00688211282611223,0.6634032598343889,0.23053350311979914
time for me to visit saydrith mora home of the telvanni mages and their slaves,7,7,0.016553184584402705,0.023579682781578206,0.00643944015303539,0.010134569413899366,0.03119450212207369,0.004719222592383273,0.13187809411217802,0.7755012633359615
in puerto rico can you upgrade your taps to the ones that are in toronto more durable and strong,7,7,0.0066689868176448815,0.03964481251359628,0.005727890537782148,0.008377774548926471,0.04754360716908734,0.007265098363117723,0.1824486811936934,0.702323147125056
heres a close up look at the forecast track of maria thru friday staying a major hurricane,6,6,0.008117832775679002,0.0697494397686473,0.005332151871744369,0.006621172432551525,0.030529229624350895,0.0064710491242223386,0.7876041418945804,0.08557497673635255
labrador helping mexicoas earthquake efforts earns presidential thanks,7,4,0.006738515697390274,0.01334073758760527,0.0067338871286594035,0.012738475843011889,0.807105545603344,0.007268727960392072,0.049483565229931414,0.09659050728698083
high school football returns this week in broward after hurricane irma,7,6,0.022072400958827818,0.057494284850566846,0.0062888792926124835,0.007692991786179397,0.05808350864778353,0.0053268935293241315,0.6704043647040756,0.17263664212559748
california basically on fire internet 90s mc donalds saaauuuuuce,7,6,0.007690533227352756,0.04109756333582974,0.004398033048366162,0.007617998692095809,0.024683739679125502,0.006189343406802793,0.5138702233431296,0.3944525906982248
mora builds on its 126year heritage with a new drive in the uk outdoor industry news,7,7,0.007851196480824664,0.025498962039775117,0.00538595138234829,0.00953225553206155,0.07077797104571469,0.006233139983856308,0.1634604567144889,0.7112600780852769
feds team with texas to provide postharvey relief,4,4,0.007581575201284957,0.013669194963841365,0.004812162297822957,0.010814578288396786,0.8378604355628929,0.006703677620111182,0.04906023070196224,0.06949813249222754
north east india worst hit by cyclone mora,6,6,0.05567919429554923,0.32054036766696464,0.005887282818856697,0.0035820486014338637,0.01694443510765507,0.009380842589081275,0.5654622960845422,0.022523549657930995
how east coast dudes look making fun of hurricane harvey while irma is coming for them,6,7,0.03440594244860188,0.0366201221955541,0.004831666766710604,0.006425398563276778,0.02587332959401831,0.0059440132006570055,0.4351865530054212,0.4507130004227
networks join forces for hurricane harvey telethon featuring george clooney beyonce others,4,4,0.008697958324715871,0.014429551918050558,0.004338439432930703,0.010638035945618443,0.6517874834478845,0.005865734180796083,0.0921853236000593,0.21205746825584437
hes shaking peoples hands and then preparing food trump harvey houston,7,7,0.012177523396242286,0.016506675227092163,0.0050964349269910884,0.010001973643468168,0.08070642914333759,0.004712915747325333,0.1953126559384545,0.6754854147572391
mexico earthquake prophecy fulfilled official video,7,7,0.008105231389252733,0.045993051761352745,0.005289748334387202,0.007352815769150266,0.024436215834799088,0.006193137555099235,0.30493819655116383,0.5976916256641076
puerto rican menas volleyball championship canceled due to hurricane maria,6,7,0.008022143989262,0.04428068400748436,0.008956988537490083,0.00969190179796141,0.02978626390074404,0.007182873253448797,0.18013658355422923,0.7119425779769718
mexico revokes permits of schools that collapsed ina earthquake,6,1,0.00564736799111598,0.715855869981691,0.007805544269116244,0.004634525083078112,0.017397114779186207,0.017111699170753225,0.12095401805388642,0.11059389195196967
viequeslove raises nearly 900000 in hurricane maria assistance,4,4,0.020656616477097593,0.019496386390927323,0.00677213166403173,0.011842240508991127,0.4731582554459327,0.006847093261812319,0.38902866091490734,0.07219857205773979
a ray of hope tesla brings solarpower to childrens hospital in puerto rico solar,4,4,0.00706633190712255,0.017507747365941212,0.004302085092908291,0.01112028610257962,0.7967527214636179,0.006597247620651677,0.06834386726849172,0.08830971616066553
california wildfire by bachirbadaoui1 photography beautiful,7,7,0.011953185580188323,0.06519780839590965,0.004834965144299805,0.006791186235775601,0.02022160624198574,0.005691907391011843,0.2251551521800517,0.6601541538246901
new texas law amid harvey eases home insurer penalties on damage claims,1,6,0.008780427196226435,0.24286141933807823,0.003802266280223421,0.004933760312508737,0.027220759518707054,0.012701360481029739,0.6320925915247159,0.06760742853400092
red flag warnings today october 22 in california nebraska kansas and colorado wildfires,7,6,0.008157456487459455,0.048463318718206576,0.005910276080336802,0.0066872365470639905,0.03252874968292939,0.005666440181606691,0.7412544524529088,0.1513320992408647
irma gonna getchya is all smiles in fairbanks ak get the entire weeks geek in review here,7,7,0.007604360765230521,0.03152232866111197,0.004930901676685652,0.00798863870888133,0.030546036090312808,0.005639783568796617,0.18934601934555156,0.7224219472359382
all wet resist harvey presidential,7,7,0.011859478132953807,0.04195423906486757,0.003641373916882889,0.007214977474293144,0.03533696315229257,0.006410957861089289,0.37749504087130953,0.5160869730397256
together we are stronger strongertogether hurricanemaria here is how you can help,4,4,0.010035556886177166,0.015407024295405743,0.004383040210028975,0.011198460325103118,0.38743492960157877,0.0060006913940835,0.332812298896486,0.2327280896805396
beyonca and her mom eat at their favorite houston spot after serving meals to harveya,7,7,0.02017641355020523,0.012361762074337373,0.004919762200833642,0.012468295903179815,0.18892016116787688,0.004339814856285949,0.0877098959709682,0.66910389784095
dtmag secshulkin provides an update on harvey recovery efforts,6,6,0.008313158850373679,0.05275698488642286,0.0046797641512533955,0.010721362356292811,0.2797958110903418,0.009565233137725495,0.5339675711031463,0.1002001398635197
adventist review online adventist relief personnel mobilize to help earthquake victims,4,4,0.008882510031246299,0.010806711130198817,0.006185342274490066,0.01177262447207653,0.8304789508061559,0.006896759569593063,0.05100439071384101,0.07397264609387158
twitter erupts after iraniraq earthquake,7,7,0.0203582457022852,0.040930740830952765,0.01196264146836367,0.009524142626481207,0.027311356533017445,0.006266180527521145,0.213843288531328,0.6698034176381304
cyclone mora hits bangladesh destroys refugee homes news dw 30052017,1,1,0.009305424982069056,0.8822086792221518,0.007484739271899241,0.004147347081620911,0.008110730525014952,0.023520930383906888,0.05028279652997286,0.01493934780077114
what a great welcome back to work after hurricane irma by of course no notifications for the huge delay,6,7,0.008623057744512542,0.05112177092291239,0.00496673117343367,0.006200554611713938,0.029753491462092746,0.006377456567274951,0.27525855017424566,0.6176983538135821
president trump says he will travel to stormravaged puerto rico next tuesday,7,7,0.01520940254582305,0.036414276171013164,0.003459804609984985,0.0072821717156885,0.06487983055299841,0.005016991255584969,0.3406092178035157,0.5271282931689307
satellite images show harveys impact on texas towns,6,1,0.007171576200954927,0.5524651159150809,0.004145721949839473,0.003521317320981044,0.010883697023226406,0.0092751773833813,0.37034094457124045,0.04219640707618218
california fire crew gain control damage could reach a 3b,1,1,0.01119102740093629,0.5834113697356664,0.004315571514660181,0.005014995301009871,0.1619717955911679,0.013336094653494463,0.1995998040258885,0.021159358261585957
irma and harvey trump man nothing could save this ye,7,7,0.007885977172833299,0.06785679653650649,0.00417993752613833,0.006203143662853391,0.023859525999090306,0.007118783847280996,0.2586355781526508,0.6242602646184194
600 celebrities tweet your puberme for puerto rico relief lssc,4,7,0.007395112337842699,0.013455817261506074,0.005156593623469604,0.0112080195467687,0.2527535388800128,0.005884641539825544,0.06920194720400251,0.6349443221233952
irma nfl and its only halftime 1 gopats nevsno via twitter,7,7,0.009142430282830395,0.02425293889129478,0.008286455942708977,0.009610981019336643,0.03099197912247969,0.00556772023094362,0.13755437330423084,0.7745931242882707
mlb baseball melvin mora bobblehead baltimore orioles sga with box,7,7,0.009998270678526476,0.01528636216559738,0.006396519436911812,0.010577528727081795,0.045957057889764334,0.0059799208243634,0.12174206593403693,0.7840622887570989
mexico earthquake forces postponement of clasico nacional a soccer,7,7,0.0075147735670445075,0.03375906911804449,0.00811113252689335,0.009593678391358513,0.03391604832527467,0.0065259895802949166,0.18251926476130448,0.7180600041843734
breaking red cross to relaunch harvey assistance site on sept 21,7,4,0.007284102014267822,0.017003344510626097,0.004754719762427719,0.010737540449135271,0.7964500152713971,0.006454208330196367,0.09895364823905181,0.05836242203291397
no power from irma but this raised our spirits from lgm seeyounextspring,6,6,0.00913213888733604,0.3857327524703122,0.006640382812480209,0.004286058550060296,0.01763139615249327,0.010940474371367912,0.48274515712363797,0.08289162695701188
wildfires continue to burn across california oregon and utah,6,6,0.008701714496988746,0.2745269770341613,0.006266439881351821,0.003704058699761631,0.04427731206123812,0.006956505531268976,0.6208556163227548,0.03471136047817734
tornado damage canton fruitvale tx 43017 drone 000157,1,1,0.005113574843989679,0.8588143622562597,0.0064411095146937394,0.003967516036516915,0.008308104104153693,0.014043661351620542,0.0788667082141853,0.024444967757773276
sensational alex harvey band livepenthouse tapes a699 arrived in stock see,7,7,0.009424189955410648,0.016337694107512308,0.005704449636608231,0.009936488336028724,0.047534525111895945,0.00520391286432293,0.1330002400660974,0.772858504376174
puerto rico will rise again,7,7,0.010614177412872827,0.03497135010059774,0.004944331211297844,0.007511637152317108,0.03619699080359765,0.005556168591319443,0.3640783846406668,0.5361269699942744
reporting from houston on hurricaneharvey great job and please be safe,6,6,0.015590260370213445,0.023249941118905965,0.004247640967402669,0.007644671823665268,0.0576569351453771,0.004768013807583666,0.7002725324759592,0.1865700073368996
read more on how delivering good is helping harvey victims,4,4,0.009829880815108273,0.01061726856916881,0.005108058280729731,0.01104902530627375,0.8299180508192363,0.0060093060986266,0.07455149019163877,0.052916910664781706
10 benefit shows you can attend to stand with victims of the mexico earthquake,4,4,0.017184920545344925,0.008622127598278191,0.0060832264215417734,0.011201732965243271,0.766312855587453,0.004569821254347461,0.06532851802495322,0.12069681758669235
they are taking away early release days because of irma,7,6,0.00906232686608621,0.032445993062958,0.005949717596253638,0.007738407805355322,0.04332998963745976,0.0060894024395384775,0.6493940780428927,0.2459901088255429
we cant forget the victims of harvey amp irma their path was destructive staystrong,0,6,0.2704746030885883,0.03315183905057486,0.025701511633982127,0.006351735537674604,0.016784682310288665,0.00575694628321238,0.5720347938454279,0.06974394611739729
here are key messages for hurricane irma from flwx flkeys keywest,6,6,0.00890722957275878,0.04120519047942858,0.00403821125613572,0.006528885697790041,0.030747813270560906,0.006208658954425367,0.7715972506132492,0.13076673798668165
on hurricane irma aftermath news duty today for miami herald,6,6,0.011419422167173504,0.03853792339988231,0.0034501282400105438,0.006622829224380032,0.08345021948138584,0.005437535500022122,0.739114956201743,0.11196697693318156
were all feeling puerto ricos pain tweets and social posts from disasters change how we help breaking,6,7,0.30034603197706183,0.008340556375740917,0.004311173876689746,0.007708082867407041,0.05555946859711862,0.003588296760343572,0.03906733329066821,0.5810790429815861
deadly hurricane irma leaves hundreds of thousands without power in puerto rico,1,1,0.16424981516225473,0.4974981155323802,0.14484932920578747,0.013633898970905167,0.026214439355276856,0.11223815729093634,0.03319740555046804,0.008118868492169718
gary ferman column team needs to regain edge after hurricane irma,4,4,0.010136575684052547,0.026007366048867244,0.0034271967257750923,0.008572144434985603,0.6014179464969727,0.005635341338972286,0.19420597655047897,0.15059743627390307
the navy has been gearing up to help respond to hurricane irma,4,4,0.006760768028837864,0.015636955512423553,0.005008686466932722,0.010806604712036287,0.8292328104060991,0.006940524909435538,0.074566153105304,0.05104748130176931
photo of cop carrying woman baby through harvey floodwaters goes viral,4,3,0.21315970041277327,0.01932670099085678,0.03413872281455374,0.514321044792974,0.07628381084896718,0.020546107184970182,0.09760132170586715,0.024622591421332413
1 week after irma and walmart still cleared out,6,7,0.007615197328369478,0.2962177989782578,0.006666566858375944,0.005035262771968417,0.03550647492393748,0.012585993181667216,0.23360355206139988,0.40276919194055094
sunearthquake model matches m81 in mexico,6,7,0.00889406237504242,0.033601538495089685,0.006140530186965611,0.007941474414067715,0.035083410733234024,0.006382985905820807,0.2665279781961579,0.6354280089461593
aect president amp ceo julia rathgeber discussing hurricane harvey response with legislative staff txlege,6,7,0.00889418096598003,0.03181142339479193,0.0036625593753708513,0.00737912385650016,0.08056260091537444,0.005533012870438502,0.2377097957763819,0.6244472581719466
california wildfires wow what a crazy month in the states,7,7,0.007331409075789009,0.08686539591639848,0.006769001975403732,0.005690643092233626,0.01575118389768021,0.006239077034473616,0.3077616782030653,0.5635916001942815
man who killed ex before harvey knew exactly what he was doing,7,7,0.006965231045661797,0.007903983856958126,0.3403509143467856,0.010743643921738955,0.015410267853659253,0.0057953883770388475,0.0388227024182236,0.5740078612171334
help us support puerto rico 1116 you can win a shoveit snow sleeve among other cool prizes maria,7,7,0.007662674595521979,0.012762450966243056,0.005345247128082144,0.011585877780107171,0.3113590861894944,0.005704426611041636,0.09292548487534788,0.5526547628856776
puerto rico part ii national grid and tesla team up to solve nantucket islands energy woes,7,7,0.007254309175399477,0.039710710088864884,0.003684459294011634,0.00916468526462604,0.1808473161876015,0.007634010645375639,0.12251888261148611,0.6291855905615211
mexico city earthquake cristiano ronaldo and top clubs lead tributes to victims of disaster,7,7,0.016611059139332737,0.008882800742523483,0.009860683720823242,0.013198553209819365,0.2218810641094549,0.005039758318680164,0.0678844566586251,0.6566416697932455
mora companion get the point,7,7,0.010837378913954594,0.028076728032132823,0.006476390453861769,0.009366004632687662,0.032992382618379515,0.005705064575124089,0.1336174753145775,0.7729285418105974
does the us honestly expect puerto rico to reimburse them for whitefishas outrageous rates,7,7,0.008340886156757087,0.018083384492526416,0.004587033993459501,0.009690159029222326,0.12742744688050936,0.005446501952871869,0.10177197326851503,0.7246526322623643
one restaurant donated 3000 falafel sandwiches to the earthquake victims kermanshah iran,4,4,0.010173363460526729,0.013675681947921558,0.0065732844225441876,0.012259200442739702,0.8386919970940898,0.006989149207477167,0.05963242938937094,0.052004832060469124
a12c yasss its time for livemes show magaaa a1439a340a1439moraa12b,7,7,0.008335215455635168,0.01822765712084287,0.006411955175752331,0.009790830833188276,0.045576311442063734,0.005571754315807853,0.12906716870146867,0.7770191243942564
caughtoncamera amp write new song for hurricane harvey relief,7,7,0.007650215951331272,0.013509972134339736,0.004547053031819996,0.010686483741132666,0.3067488259951294,0.006127926115280923,0.1253190417439616,0.5254104705348852
kim kardashian showcases sexy looks in vogue mexico cover shoot and makes a plea to help earthquake victims,7,7,0.011366404815409169,0.009254826565872138,0.005942784186078463,0.01268795818649363,0.24249458113805378,0.00481491083599411,0.06636721669594489,0.6470713576736651
a horrific time in puerto rico and the caribbean generally,7,7,0.018452212510866973,0.033754334041314164,0.006685074733916224,0.007207925769909232,0.04764981387814723,0.0049704341101243655,0.18296876375200696,0.6983114034979563
underweight and overweight mainly overweight v high in central america data from alberto mora,7,7,0.03925355904765219,0.022671286329954566,0.006509718232694846,0.011214867980991496,0.031952231603764314,0.0053214478692722444,0.17239744455125147,0.7106794239302469
did i use the wrong hashtag ayto jeugdzorg bergen2017 hurricane maria paulo freire,7,7,0.007082004729005046,0.03528306026579677,0.004962563927509072,0.00739419014634147,0.028472028529501852,0.0059290583064999045,0.18165220296141843,0.7292248770697924
dozens of employees members lose home in california wildfires,1,0,0.774765087841992,0.11161668143617436,0.04445617387803974,0.012789460121344482,0.006547622740864279,0.017565825149451174,0.023472236966439946,0.008787005880379594
arescuers save dog trapped under rubble after mexicoas earthquakea a121a14y2a14yd,4,4,0.015387841473396604,0.026120257979612146,0.008171666279740262,0.054661426274798745,0.7870734521216676,0.014668483723834998,0.031961845798803006,0.06195503474401968
lebron and the cavs may be sounding like jim mora soon i just hope we can win a game nbafinals2017,7,7,0.009919982639663533,0.016586546122850005,0.006664025218867782,0.009954197663722948,0.03437903457579473,0.005516826741030652,0.12535644025175663,0.7916229584373047
harvey katia irma jose our planet is screaming for help 2e,6,4,0.16874998747920017,0.02425071211886982,0.00289470490056655,0.01749693212144492,0.5566565215618388,0.006582089123088676,0.16810581807925995,0.05526319733023185
aphrodite born on the waves antonio mora photography,7,7,0.022706096942637054,0.01596481820633396,0.007635414264841077,0.014615960400621776,0.03343909166318617,0.005227069422305719,0.12156752913293759,0.7788440486379021
because the mississippi delta was my home for 10 days while outrunning hurricane irma,7,6,0.0092164195988533,0.258976509727955,0.0035332600986198795,0.004071341572113407,0.013141591610225862,0.00865219483708436,0.5635825396435916,0.13882607797683633
chickfila manager organizes jet ski rescue for harvey victims,4,4,0.010301190096760568,0.009623858923772037,0.006008641060835008,0.012146273618873833,0.8595514650941041,0.006396838119598788,0.05364867746342533,0.04232307005987646
puerto rico was dope last nightstorm,7,7,0.007975316179858648,0.026517340708396904,0.006018390627939226,0.008464800789127523,0.03639878125504577,0.005753514298246568,0.15919436009931553,0.7496774696577013
hurricane irma might not have gotten us but we got a whole new storm thats about to destroy us,6,6,0.054034134766856125,0.1883469985950969,0.004122089287869395,0.005001437630563434,0.0382279730980708,0.008684263472761846,0.6264141730241943,0.07516894737500959
florida man dies in police custody after violating irma curfew,7,2,0.0046623501942755045,0.004349146944912004,0.8779943649408599,0.007882369750829048,0.006072486211262847,0.00445152860277501,0.0805673958446314,0.014020392946696221
hurricane irma gov deal expands state of emergency to all georgia,4,6,0.008256451912666286,0.04128870762840633,0.005688704440436773,0.0076278936840512715,0.0940656740315903,0.006006665813681675,0.7222474801563397,0.11481834805112123
quick someone find mike ross harvey needs the talk help him mike quickly darvey,7,7,0.043395250890033064,0.013214006304298044,0.015750631388508993,0.1628396189349333,0.14497141641548736,0.0185630111863335,0.04520486938642506,0.556061202243741
irma nfl frank gore is in for the colts touchdown colts azvsind via twittera,7,7,0.01036837739279509,0.01582559088214357,0.00840967789689732,0.010990768872760558,0.0435619452778218,0.005229782077858699,0.1282810526558602,0.7773327778551815
what i learned from hurricaneirma or rather what i didnt know before it tuesdaythoughts,7,7,0.009520883144310762,0.027708055960169564,0.006221321893051954,0.008621993351150301,0.030259626628339323,0.0061431549340918695,0.3490465422384842,0.56247847172389
last of the irma rations until next time,7,7,0.009876056846699831,0.022498991559455242,0.004740290433529998,0.008660420008733002,0.045381514473748795,0.004925744419581333,0.2505362102790044,0.653380798044638
their fault for not whipping out their own hurricane and kicking marias ass s puertorico lasvegas,6,7,0.0087437464445662,0.027361958044190653,0.004759820606167645,0.007157220486054119,0.04219273786918905,0.00569849846174903,0.16680805791095854,0.7372779763603097
small tornadoes unfortunately are part of tropical systems currently six tornado warnings are in effect in fl,6,6,0.009385108447693285,0.13076938481856737,0.0053548723043837015,0.00651288389686986,0.021843691500560224,0.006731999345920695,0.7098228584251713,0.10957918811405122
this man cares nothing about puerto rico,7,7,0.013044959166219937,0.0208282963389518,0.00823185035182829,0.010827060643624929,0.03494569784141215,0.0053850417092926785,0.12461077247157175,0.7821263060337329
mora impact port city sees heavy rain waterlogging tisnews click link,1,1,0.005937043032344126,0.5153631390879002,0.005014725287666865,0.0035390357799926237,0.009786676461253616,0.009921124019331273,0.30782424932943986,0.142613999833216
most mexico city museums have reopened,7,7,0.011962069053840889,0.2897760393390795,0.007121501753585339,0.009208351504475087,0.04515948604575837,0.00852445229639882,0.23498543407529973,0.3932626984067804
sentedcruz sbasouthcentral individual sba disaster loan assist now available harvey portaransas 8006,4,4,0.006815936470602375,0.014960811132347616,0.004701736696234373,0.01133539237772172,0.788255631009228,0.006883787479369571,0.08112919722987316,0.08591755136281434
hurricane irma would stretch from san francisco to los angeles 3,6,6,0.010469406750837499,0.09645000982807117,0.00398662882654684,0.005277295985630563,0.04719290526991531,0.006564401315381705,0.7392689857036772,0.09079034259973584
maria is now a category 2 hurricane as it approaches the leeward islands track has it taking a more northerly roua,6,6,0.008773352667588162,0.052176538644640794,0.00578890932985253,0.007480841816055703,0.023538856385456112,0.006136428087087383,0.7810991330132369,0.11500597126237358
watch cnn ignore hurricaneharvey to keep complaining about trump,7,6,0.009075102843900982,0.03048905361723845,0.004982290416745983,0.0069310034618852824,0.033428155032490456,0.006040568043363536,0.5754948855754118,0.3335589960361578
treasure coast family recounts vacation in the caribbean during irma,6,6,0.3962317138849756,0.07728324233671566,0.004192884179719714,0.0071886837032519215,0.02983979925277883,0.0053867847624910255,0.4368467663023802,0.04303012939610966
impressive thermal image of hurricanea maria,6,6,0.006125864513343926,0.17902034465755576,0.00429463458815894,0.005880779388893624,0.01868127828911915,0.008116942910229666,0.43984101950677124,0.33803916050932625
nana tornado at afia schwaras house celebrating her yawa of week lol animguaasea wakekeeping,7,7,0.03293184456268646,0.12351416357109234,0.005778204531563194,0.011258985365045967,0.029623635169188985,0.007285241134673996,0.20396276851764958,0.5856451303353225
hey your bio is redundant puerto ricous youare welcome,7,7,0.012469912513688126,0.016186563822694823,0.006184768041516207,0.009677670119190811,0.03684923589123792,0.00525699758872351,0.12145358218639962,0.7919212737738608
my fuji gotten to lean on everything in puerto rico lvpr16 lamblas,7,7,0.009345929704511119,0.018991054274865134,0.005304238330204722,0.009955324840816926,0.051147996016174244,0.00566673475681063,0.1408351426840093,0.7587535906651035
happy birthday to carlos moras biological son and brother chris gonzalez,7,7,0.016863876211787154,0.015492607435300829,0.011678405118574023,0.01448643687971611,0.035917784258958245,0.005262413651507854,0.10015220074473527,0.8001462682284672
military mission to help puerto rico contact me for details you are not alone,4,4,0.007463155363789109,0.010796307158609146,0.005615019962408731,0.01199539438441608,0.8282071977843335,0.006035691945596971,0.047605651236862626,0.0822816156752983
rutgers chabad helping puertoa rico,4,4,0.008642165171384645,0.01506434835376024,0.005479777087020909,0.011929385672607857,0.7886813297313207,0.006829480176727124,0.06118756736622486,0.10218603192705286
dropoff centers throughout valley collecting items for puerto rico,4,4,0.007994894945490437,0.01317299254938782,0.005579438777121706,0.01295815259325875,0.8528563997754706,0.008020095538262047,0.03791356787323141,0.06150443780792666
a huge crane just collapsed on top of building in down town miami irma,1,1,0.005521019552357984,0.8540581424164304,0.010188795316236746,0.005830611797331494,0.008870115278186909,0.04706268111614375,0.031172119428504886,0.037296530137704634
stormtech ii hurricane maria edition,7,6,0.011267318796797262,0.0974171080051833,0.006915827517218593,0.008276623991235726,0.037313954319970255,0.011449080314337674,0.49235358568008414,0.33500646628293845
hurricane irma dislocated worker program,6,6,0.010386563634768718,0.3514405384595516,0.005197278604863349,0.004677477778659138,0.05031046803813037,0.01257864475576022,0.4882680560954971,0.07714096507043017
i just liked this song the wind by pj harvey musicmedicine playlist,7,7,0.008706400268332517,0.023632461096198567,0.006374631805145878,0.00947011159980717,0.03695199604966558,0.0053173608857200695,0.12965728279905198,0.7798897752995615
crews fanned out across dekalb county today to assess damage to homes businesses left by irma has thea,1,1,0.005067480911855471,0.8069609284975017,0.005114999227735101,0.004742704986540461,0.044676719510201704,0.02111582494206827,0.10008357401230661,0.012237786654657513
irma update free roof help available,4,4,0.007003395812531978,0.059855323632765606,0.0041359785111091335,0.009975785040296115,0.7010355436590449,0.011086193867574076,0.13829984514525784,0.06860790128809548
there is a lot of good info in here hurricaneirma irma scwx,6,6,0.0066757635072306094,0.045369722099520046,0.004604736861639349,0.007111620297841272,0.027564543303766988,0.006364071921152519,0.7571522004460567,0.14515732736623504
watch 2 men film their narrow escape from raging california wildfire heatwave wildfires,7,0,0.8622121275593426,0.007777011375398522,0.005309099572358488,0.008475271876529113,0.006283848664538759,0.004292577974033524,0.08882515757604874,0.016824940094680284
minn women caught in california wildfires are home safe looking to help,0,0,0.7045116638814406,0.014731422533038536,0.0062439823862349185,0.020346789978676227,0.1450877136862344,0.004359454760612155,0.07393961463098012,0.030779326971416478
selena gomez tears up talking about hurricane harvey victims via instyle celebrity entertainment lifestyle,6,7,0.22798832200180538,0.007129319681319991,0.004973043156757127,0.011863588321985218,0.14587846161168438,0.004179772226191694,0.05922061025940814,0.5387668704753298
this is what hurricane harvey will mean for trucking,6,6,0.012938309964292384,0.08414730487479649,0.0032168518230937192,0.005402149863433993,0.026236677455540265,0.008530368307108164,0.7636065483230481,0.09592182277354533
on this day in 1991 a fire swept through oakland california burning thousands of homes tbt ccltbt,1,1,0.006031047807158343,0.8847988944013292,0.008400427919799518,0.003663920272421385,0.007919293640059624,0.015286096599582523,0.038138628778528104,0.035761653079089545
how the california wildfires will ravage the weed economy,6,1,0.013063799564155964,0.4441559925661386,0.006873092105992634,0.0048675110026797615,0.015568913957553766,0.007259231465031899,0.41235171041583996,0.09585973884627928
puerto rico got leveled by hurricane maria and all i got was this lousy tshirt from cnn,7,7,0.009182646161650123,0.14202993813965342,0.004250861475444511,0.004910118427600707,0.019323428732460235,0.008587224644295836,0.19946945393760088,0.6122463315051823
usatoday raw over 400 known dead in iran earthquake,2,2,0.005758281719712233,0.01418129338454474,0.8946635736360552,0.007738970353113574,0.004922705093924229,0.00836504016694423,0.03762195658027663,0.02674820424839159
couldnt be happier to help those who were impacted by hurricane harvey 7,4,4,0.04209105251903116,0.01009426949053756,0.004998006548989988,0.01116662318686442,0.8002370860325707,0.005464248003894741,0.07540338974356756,0.05054532519166218
ucla head coach jim mora and db coach demetrice martin watching at the bruin elite camp,7,7,0.01342801208683209,0.015253330694821534,0.005226178572231459,0.010093837886507457,0.04986275231564194,0.004601549196097609,0.13070878997234833,0.7708255296880596
and i wouldnt drink from this if it were the only water on puerto rico staples,7,7,0.01066540973053127,0.024438701370391724,0.009242656564045965,0.010776264236381495,0.03727946984437083,0.005954444666982202,0.11775522576173154,0.7838878600467795
from hurricane watches will likely be issued for parts of fl today irma,6,6,0.008768242455993537,0.05173798985041431,0.005067525168757646,0.006766530964370857,0.03025252806895731,0.005985930682596297,0.772431284410301,0.11898993638963432
hurricane maria downgraded to a category 2 storm here is the 5 pm advisory,6,6,0.00938168361120081,0.048729198809724504,0.005620161523172086,0.007492962804593467,0.02590392351869311,0.0061558087252712316,0.7892112516709129,0.10750497462429326
puerto ricos massive blackout underscores islands fragile electrical system,6,1,0.005284917804300106,0.8821958695866062,0.006301801429652719,0.003361996890229464,0.007932980997310131,0.012129270301322853,0.04435490840515321,0.03843834971682486
interesting day volunteering for the red cross houstonstrong harvey logistics irmahurricane a121a121a121a121,4,4,0.007097757632438202,0.014156062532331664,0.004602788748250455,0.01057846381754361,0.8007927184690778,0.005799744778040778,0.06090743620727517,0.09606511394026149
3 jawdropping videos from the california wildfires,6,6,0.022004253385927496,0.06492453722036301,0.00664615269310145,0.00721213515521123,0.025037441712522722,0.0057602155380941465,0.5128461013877175,0.35556913097666804
california woman stole from fire evacuees in santaa rosa,7,0,0.6104514562939622,0.011292143745921867,0.005410113185688176,0.029505363254321473,0.23028061017454227,0.007554200818550722,0.05847592360614484,0.04703016945622655
irs disaster relief info for hurricane maria available,6,6,0.00917179372109466,0.03167586434537538,0.004875915904373959,0.009796894250987337,0.41037522001674165,0.007101062494040503,0.45610545335656694,0.07089779840909238
pay con mora 3,7,7,0.00960670689531213,0.018520181705642725,0.007245344451051728,0.009824623634754946,0.03770466639252315,0.005549517594713282,0.12824411570060457,0.7833048271083916
earthquake swarming continues near yellowstone popocatapetl volcano erupts in mexico,6,6,0.008779819115372671,0.16571336240757975,0.006476632846682567,0.005136162141837726,0.03825189901536544,0.00650347803987584,0.6946995849683335,0.07443909353620953
nancy pelosi demands probe into montana firmas a highly suspecta contract to repaira,7,7,0.007560840525206568,0.021549174432201033,0.00508050735453837,0.009560709476061698,0.046894292169911964,0.005095667753578492,0.14015947458411368,0.7640993109556702
news lata reassures visitors to mexico following huge earthquake,6,7,0.175901987521858,0.016323367242214403,0.0047477407288059725,0.010384492246970328,0.041899204177329355,0.004579332754884516,0.22105103315921074,0.52511284520251
when i say sko you say mora sko,7,7,0.013145920984710038,0.025938139128160925,0.00841053244853422,0.01089108275886001,0.02807985510023088,0.00582329179014544,0.12482977379339419,0.782881452062832
thehill fema chief harvey should be a wake up call to states to fully fund emergency management a,6,6,0.00787563646142451,0.041600968265241456,0.004319108570500408,0.007458058894216234,0.14269311843059776,0.0061572734825755026,0.526078057846091,0.26381779888769574
puerto rico is still in emergency mode hope of improvement is fading,1,6,0.00653368320678495,0.05775744600522414,0.003600897602045493,0.007034081997435227,0.04356815077961663,0.006235096924823128,0.7058708685548638,0.16939976800715156
diehard cyclist rides bike through hurricane irma,6,0,0.34892721167359425,0.2155294338935364,0.0070742219232839566,0.008323054645369246,0.023496333083958567,0.009366460334822625,0.33086095958902856,0.056422260185366856
money irma business bull market loses this particular wind at its back via gadfly ai ba,7,7,0.006325458421812762,0.042140199123759284,0.005240976044018324,0.007346505504597109,0.023571440157605126,0.00661879555631694,0.2245947328296898,0.6841619447796545
marcus luttrell texas residents helping world war ii vet rebuild home hit by harvey for 100th birthday,1,4,0.049755470178732684,0.024049868826944383,0.004734450264761471,0.01266106379259319,0.8365088583937486,0.008564510992043119,0.038587378550306625,0.02513852983539359
did i fail in helping a harvey evacuee hcldr pinksocks a122,7,7,0.007774294970795665,0.01263974090824401,0.0047945935971052235,0.011687341901910389,0.34216029350999966,0.005628334153870828,0.05556123032488733,0.5597541525026647
byeharvey i do feel for anyone named harvey right now though,7,7,0.10849755920421948,0.01663258645724638,0.007454613779142926,0.010360037810166388,0.03039485538919378,0.005425939613560558,0.17514198563657055,0.6460924169224331
apuerto ricos posthurricane recovery efforts have been largely a grassroots impulsea,6,7,0.008288385920876214,0.044561331307849006,0.005763042866333149,0.012706876322478702,0.2835695499546492,0.01017110221205285,0.16116386876257954,0.4737758376054129
centralfinance provided medicine for the flood affected communities floodsl,4,4,0.009344187638818243,0.01477814998225188,0.005191872000218753,0.010366690544165514,0.7988518567811875,0.006453853031585359,0.11010662247794359,0.04490676081676981
firefighters gain ground on california wildfires theresistance will maga follow,4,4,0.013028061781558178,0.01864385723875331,0.0054409361062660415,0.012096871427626844,0.595779429272687,0.006032658627430444,0.22430868650979754,0.12466951142247096
rescue workers continue to search through rubble following earthquake in iran and iraq,4,4,0.010802825734380302,0.030189043627132133,0.006155776004799499,0.02961340554363075,0.8324336491112163,0.013409656641115587,0.05435024346207327,0.023045424486433166
a modular home is not a mobile home it is simply a home that is built offsite as opposed to onsite irmaa,7,1,0.007789082841053952,0.6036547793483372,0.005111441081245372,0.010045342356626722,0.03150957141022141,0.01782953539106493,0.11017013728336685,0.2138900850492418
just liked sangre gitana y mora by lole y manuel,7,7,0.00935562205635747,0.023947168051328682,0.006118394728723011,0.009572300249805071,0.0332396069757109,0.005192663818721995,0.12479964294968464,0.7877745871902253
world leaders offer condolences to iran and earthquake survivors,6,4,0.04946462733157634,0.009491390611211105,0.007020277265445014,0.015219395310363475,0.3687604279251655,0.004478040367410115,0.28574454126664367,0.25982126933289484
blackedout puerto rico makes a longshot pitch for amazons hq2,7,7,0.01005799953826931,0.014355116457487155,0.005163897189167797,0.010632572988676023,0.055814153993282566,0.004916688091594479,0.13302768293853637,0.7660319020568707
a12c yasss its time for a great show a12bgabmaleno a12bhelping harvey amp i,7,7,0.00815273080711056,0.01566472077362833,0.005903091465779614,0.010024527163240343,0.05553134261254981,0.005305499736476951,0.12865231188911738,0.7707657893671033
while he insults them from a golf resort his second golf vacation since hurricane maria hit,7,7,0.0125482887732753,0.06904877244334068,0.007898252130811481,0.00854849568430063,0.063451970680206,0.006289201861668567,0.4130940406062134,0.41912100069812297
steve harveys 6th grade teacher doubted him and he didnt forget it,7,7,0.016675594696060312,0.020706004751420343,0.00816005865648004,0.011812987915609013,0.043867394911446485,0.006540280960260175,0.2846347557966556,0.6076028905446549
this is why its so difficult to get supplies across puerto rico all major highways are blocked by utility poles,1,1,0.006658485112175966,0.456663452527985,0.005104339995344654,0.005760590733172447,0.045378381409838554,0.022025430367964578,0.34525174804450864,0.11315750423922906
get your irma relief blowjob tshirt to help us rebuild in the spirit of george carlin at,4,4,0.006486148374174821,0.01488254017547009,0.005138226479193292,0.010603879276366501,0.8100587853540809,0.006111425435206682,0.05668183931563537,0.09003717548292252
wildfires in californiaas winelands economy finnacial,6,6,0.010790478180442716,0.10096178984618848,0.006180111422562114,0.006185862888567512,0.02124649346980228,0.0068520410501069955,0.6765749296462152,0.17120834544063124
all clear issued for the turksandcaicos islands by hurricane maria recovery underway cometogether a14y9a14z8,6,6,0.006355941136553505,0.14464598409980006,0.0032808814757436704,0.0054482206598118746,0.05441392739918899,0.007275019152441637,0.7080318368104688,0.07054816682460999
whats happening harvey damage testing texas infrastructure,1,1,0.005479648690087693,0.8770588020958536,0.005207660151293443,0.003545029711139809,0.008029756205178058,0.014364601026704112,0.06670099600868734,0.019613603487233903
a why morataas move to manchester united is not done yetaa agent,7,7,0.008976843503396361,0.01858214912922831,0.006004879024547934,0.011333359574631148,0.042209869203578,0.005849975868136747,0.12639677334885524,0.7806461616576659
the mets 6179 nimmo goes deep twice as harvey beats the reds 6180 72 this evening at citi field,7,7,0.011024288640137917,0.02461993216759925,0.008146166811766211,0.010095456150368855,0.03519028334838767,0.0055167670161708595,0.12693758220696147,0.7784695492028942
just in readout of briefing on hurricanes harvey and irma,6,6,0.007178660862156429,0.06563870340138589,0.004014723022206981,0.005872474768395189,0.02818457475195245,0.006485849323158407,0.7229325284975019,0.15969249141286973
news boris johnson calls for greater cooperation in wake of hurricane irma,6,6,0.008569206105546562,0.026498284483529193,0.004949621141959826,0.009402781821421981,0.13088325252014738,0.005763777760065274,0.6658448326670643,0.1480882207084738
hurricane harveys impact on the us oil industry,1,6,0.007923894088533678,0.21501529409769993,0.004522327015537472,0.00440732770124568,0.014280911588685122,0.008000816266316076,0.677211892026153,0.06863756876961993
lessons from hurricane irma we need to embrace science and address outdated infrastructure irma study science,6,6,0.006123183852914492,0.19802280358780233,0.003050676204489655,0.004626779837722411,0.01966787662728576,0.008833536497145033,0.597700762236677,0.16197436636074009
our furry friend safely returned home after boarding with us during hurricane irma chestercounty vetlife,6,0,0.38498195366192056,0.04016291222701146,0.005334423539733001,0.07253703691558479,0.2688155304047572,0.013002045263528134,0.14188385395887573,0.07328231518163385
flood damage 8 problems to watch out for harvey propertydamage,1,1,0.010223448232849689,0.6388750494375877,0.005027153273855327,0.0038854143172404924,0.04234001281772438,0.015823350859426773,0.24769439670716978,0.036131210014487304
lpd officers return from harvey disaster relief,4,4,0.014486344976289752,0.011779397593731623,0.004823615601933854,0.011651800006361847,0.8240080866501354,0.007056288082083166,0.07431360966401011,0.051880952206152714
storm clouds near the area under a tornado warning in st lucie county,6,6,0.008734791532872214,0.1810713450578883,0.004184406129236543,0.00608865383908978,0.020461203611807716,0.006054881031125694,0.6968054150887948,0.07659931830300974
hurricane maria crushed puerto rico farms this activist wants to grow resilience through,1,1,0.007705967286509782,0.7830464183076846,0.0032545911368289304,0.0034324468669319095,0.012353297863445686,0.010721522952575283,0.15702668817447574,0.02245903717616074
texasstrong harvey aid debt on todo list as congress gets back to work houstonproud,4,4,0.006807966975941979,0.022967235093501653,0.005605735233944658,0.010973522948204001,0.5768205771219455,0.00741446202214496,0.24838991123396983,0.12102060669294733
amazing dogs help rescuers in mexico earthquake,4,4,0.010184459626076633,0.008944966554161236,0.006119292077831809,0.013122762319092282,0.8528538709283473,0.0063061599294118,0.03708758141186038,0.06538084325983334
abbreviated pundit roundup puerto rico is still there,7,7,0.008971499695122285,0.025683521086180435,0.005366201604931337,0.009079170184709367,0.03548251177073438,0.005556251257930828,0.18348315116492764,0.7263776770956435
icymi asks for 2nd collection for irma needs in us parishes this weekend,6,4,0.006677480130995868,0.014926687243294287,0.004994195211731914,0.011220973913111445,0.8167245729585335,0.006621277277852865,0.0793960223947553,0.059438796895381785
dear harvey specter wake the hell up now seriouslynow darvey suits,7,7,0.009505941524115312,0.022370203538367345,0.005230439329333001,0.008684889566874892,0.036624305906910196,0.005073989044185294,0.1444151015297727,0.7680950986399497
from space hurricane irma looks like a superstorm from another planet,6,6,0.007148202669926748,0.07047590140661501,0.004253522266171504,0.006236747649108608,0.020223708432825095,0.0066075530503044155,0.7561420230028466,0.12891231595244976
made it clear that there isnt a policy dictating leave from natural disaster like irma,6,6,0.009023990938953919,0.03761999756010023,0.005025181456136314,0.007100413917604658,0.03440227127078092,0.005980561485818799,0.7092782970003182,0.19156928436707038
the latest irma news usa headline 0 by,6,6,0.00863148072411791,0.03293468608741671,0.006036589303781314,0.007933855181052397,0.0321722455331434,0.005458163583138889,0.7084834800697398,0.19834948150379364
lee harvey leyton orient lofc great player,7,7,0.011314279087987928,0.017370080815288538,0.007135752653118382,0.01030893881161799,0.03765239485846025,0.005399598761218892,0.11993246302738537,0.7908864728619598
im done being politically correct,7,7,0.01924956507140274,0.02516983373808323,0.009741900569907824,0.010110624428235248,0.05430532181652235,0.006486255706800934,0.11559776839285714,0.7593386969301857
scotx issues emerg order suspending dismissal deadline in cps cases where judge finds harvey precluded compliance,7,7,0.009368381987770978,0.024934889427695558,0.006893749794193384,0.010007009432570817,0.048080038763463694,0.006045267275887902,0.16124763658673036,0.7334230603460294
smoke smolders from a wildfireravaged home in sonoma california marcio jose sanchezap photo,1,7,0.006091139299803631,0.3126438604181538,0.0057196697587584815,0.005140595642715817,0.010396041595351692,0.01004924118683106,0.0839905695168141,0.5659688431284188
cleanup begins in puerto rico where landfills are already filled to capacity,7,6,0.008381398703171757,0.1840135844172273,0.00564519470339525,0.011373983158590568,0.18781152803217965,0.019159412562701754,0.46445425485330794,0.11916061445395378
51617 mclean tx to elk city ok tornadohail,6,7,0.007908803402860454,0.12053373990759907,0.004286009554514753,0.006373929720157779,0.029998334736103485,0.00870492144429694,0.37327281687886005,0.44892145426487967
iraniraq earthquake 450 dead 7000 injured as iranian rescue missions wind down,2,2,0.0033727955062146497,0.004246372715971044,0.932522953557424,0.005285181706213976,0.013992541911946847,0.004398197116081952,0.006033665016261538,0.03014825699289884
israelis report feeling iran earthquake no local injuries or damage,6,1,0.018772612491860186,0.606944293058835,0.023664722117210834,0.006065881197663773,0.01195572186279413,0.02369330420247522,0.26614115405555133,0.042762218523964696
navy delivers supplies to mexico hours after deadly earthquake,4,4,0.008730199516427591,0.011437511217628007,0.006567392125375184,0.013725894755523067,0.8507409842932315,0.006700748004523697,0.04229364590089317,0.05980364591415347
florida irma evacuee wins 10k in nc lottery,7,7,0.060684560392054165,0.010468544175035805,0.00588480281705255,0.02139703239750006,0.23959781906460192,0.0053606127924269555,0.14080807174059595,0.5157985678850792
power lines and electrical equipment are a leading cause of california wildfires,6,1,0.006306483980583131,0.8406685092372396,0.00972516313919499,0.004387715359552455,0.01021371730540164,0.02182925851324691,0.07980789715603048,0.02706118907541766
clouds from tropical storm maria lucky its not coming any closer 9,6,6,0.00814383538395047,0.07909355683040149,0.003917453890846259,0.005625207338272537,0.01864595210334282,0.006505038795938041,0.7758411557420233,0.10222776715478928
hosa members collecting blood for hurricane harvey and irma victims,4,4,0.012425652545577728,0.0090793300266997,0.006194228633334581,0.013008820528497406,0.8595668405428849,0.006057181272816835,0.054641674643984596,0.03902625075365751
tropical storm harvey set to hit us motorists at the pumpa a financial times tropicala via,6,6,0.20895135254357794,0.07849438114547241,0.00552759193992229,0.006922695526453008,0.03921980199919126,0.02529013697527384,0.6028342160914832,0.03275986126115818
these women dressed up and were among dozens of volunteers running kids activities in a park mexicoearthquake,7,4,0.011812585758060231,0.011490310458895026,0.005251239853202383,0.012145640520414346,0.8183680792817495,0.005200339116417832,0.047477226104999104,0.08825453546355597
my ideal holiday sunny floridafortunately this area suffered very little damage from irma,7,1,0.0054012126845006374,0.8502696466543755,0.004226202359468844,0.0034805298441092226,0.008617561033636256,0.013634803052995617,0.07005081797516974,0.044319212429397944
remarks by vice president mike pence after briefing on california wildfires,6,7,0.008160852702019127,0.05220821102658962,0.005546777431333328,0.007833948297955872,0.035443485227430536,0.005288485660048247,0.2852915196660091,0.6002267102330102
devastating earthquake in iran has civilians begging for help ciaravinoecon,0,6,0.3558055874837647,0.029252302971612673,0.006635661512179312,0.0072713577230834455,0.05841211846897469,0.003914046560595439,0.4250076495210464,0.11370132926322529
scdoc director bryan sterling says will recruit corrections officers in puerto rico,7,7,0.007977916913463794,0.013687856258106968,0.00480193533110686,0.011898272483736006,0.23897465208125057,0.005953286318461716,0.07774923939554769,0.6389568562935285
sat fam 20 homes cleared amp 60k meals prepd 4 harvey affected ppl texasstrong jesusstrong,4,4,0.0149067151861435,0.03290073227102421,0.006082685974464928,0.01291957062800323,0.8042581920415213,0.011982534722070158,0.05126881987348678,0.06568072862792466
clive smith no sympathy for those tax exiles hit by hurricane irmaa columnistsa,6,6,0.1630401120314171,0.03369173387368239,0.008218417115140566,0.007592368726026802,0.053720667928919504,0.005825482376002748,0.523832409530059,0.20407888168589877
rihanna educates donaldtrump on the puertorico hurricanemaria crisis,7,6,0.016233709032092272,0.045386359630286095,0.004601862733287136,0.009805234156355938,0.059462603412442645,0.005344459129529912,0.5642951281689357,0.29487062366706895
watch houston caught in crosshairs of harvey read more abc rain storm,7,6,0.013241291295658379,0.17038551555747328,0.0035078610028866164,0.004735880270301634,0.013944172427290858,0.008815078069584655,0.7307533572351486,0.05461684202056881
its so sad to hear about the families in iran iraq has lost so many people doing a earthquake f,2,0,0.542456983925599,0.03255023285526602,0.02114949455240198,0.008833690633164835,0.04424393817506547,0.006639096725304445,0.23612194018715488,0.10800465535606896
tornado watch now in effect through noon sunday,6,6,0.010078800370950793,0.21890765831192271,0.006086781715992181,0.007085385088542412,0.02418019969427848,0.00621490551393115,0.6397827892597623,0.08766349730435555
yes tasted new tequila but this is more important theyre taking hurricaneharvey,7,7,0.007846698882596212,0.028362709803714435,0.005209499815456765,0.008429714793391305,0.03471557275158957,0.005314032630635555,0.19362043873582235,0.7165013448948037
bumper to bumper traffic in to beaumontnormally not backed up here in lumberton harvey,7,7,0.011833043719468533,0.15859463227436965,0.008922307460272599,0.009402981589496123,0.023319447201764622,0.06908834705130437,0.2897032491848075,0.42913600853843664
hurricane maria live updates catastrophic flooding in puerto rico,1,6,0.008046503786634766,0.42614566821333355,0.004451280137399361,0.0034601036450880454,0.009996444498210504,0.008979674331918437,0.5182765119529189,0.020643825580106977
st augustine bed amp breakfast picking up the pieces after hurricane irma,7,4,0.007368427310853874,0.09398710164806691,0.004391690419403578,0.010410753581192232,0.5641539528222035,0.0110457242540055,0.17518047324186825,0.13346186703199475
tx gop delegation on harvey relief,6,4,0.01161600480130225,0.035119912726508544,0.004560344780143793,0.009393659796552201,0.3953218473348432,0.007103551115772795,0.22825133080628457,0.3086333800241634
firefighters gain edge in battle with deadly california blazes usnews usrc,4,4,0.0459314139347692,0.014761753069615743,0.18564274460716917,0.03808205617601329,0.5838484376915933,0.0062785916493420055,0.05627064190189555,0.06918436920249324
hurricane harvey update from klein isd superintendent bret champion,6,7,0.011898317612529862,0.05301103886228259,0.0030253690192721017,0.006015294335985081,0.02995858035652709,0.0056877147413634446,0.4319995867451779,0.45840410662843845
amazing photo of neighborhood postwildfire from,1,1,0.007686803548008323,0.577590938706845,0.0041066315750749515,0.004566478286681195,0.013480331379265815,0.012929325463451248,0.2204357969681873,0.15920376748864468
looking into joses eye in awe of natures power stay safe everyone irma katia vitamission,6,6,0.008114561075255922,0.032405187425781294,0.005624638776248499,0.007612285189592304,0.03222539875182434,0.005257594573336702,0.669926829838985,0.23883356316278803
thousands still without power this morning 1 week after irmalatest were hearing from the power companies livea,1,0,0.3729559400684893,0.30554814503356,0.018457237493630232,0.014635487878821189,0.03289571730044328,0.04966871592145288,0.08189901153281251,0.12393975460555703
hurricane harvey rescue dogs looking for new homes in connecticut,4,4,0.024357901646322684,0.011343953325624245,0.00559697297580209,0.045252915357170805,0.7895748630888075,0.009613184714257936,0.042458965711415726,0.07180118216143525
just another tornado flooding kinda day,1,6,0.008531137376899707,0.2950787591505237,0.005907024423723593,0.003904787397771644,0.012841839849801261,0.00885098649671608,0.5958335431984623,0.06905183002391062
in harveyas wake will abbott still deny climatea change,6,7,0.008706492412208782,0.029543617797911752,0.004994965238263713,0.0076091488433409045,0.03281988261642114,0.005356108008469134,0.2503744487988515,0.6605953472694828
hurricane mariaabout 400 miles se of ncis weakening some tonight no direct landfall expected for us coast,6,6,0.008115681661477607,0.1152015807501878,0.0052110739833634255,0.006441014536364041,0.026343618441841417,0.007232555684693219,0.7590412824811115,0.0724132348669882
metallica has lined up a benefit gig for the california wildfires awe hope youall join us on november 9 a348,4,7,0.007474959101547806,0.013036242445330382,0.0054751645130659285,0.0112665388296465,0.24063638313666033,0.005924720226179098,0.1690410607416553,0.5471449620399111
hurricane maria has redeveloped an eye it is now getting better organized,6,6,0.006470157398241521,0.0757493269275392,0.0038164700066717298,0.005930850690693808,0.020636011919354953,0.006504755061085022,0.6308915233821342,0.2500009161242624
asking austinites to donate toys for harvey evacuees,4,4,0.010727822029152597,0.008975923751160249,0.006009795942548348,0.012911279041460225,0.8502474670221007,0.006413510580765556,0.03670603946616503,0.06800821723516902
cyclone mora hits mizoram damages houses triggers landslides,1,1,0.005146138710468235,0.8391423667514863,0.008903661733385637,0.0038540427189396615,0.007824614681124133,0.016951385739398406,0.10227706617565985,0.01590081358626573
together for mexico fundraising event for mexicos earthquake victims join us october 1 vancouver bc,7,4,0.009263586685712687,0.00962129975873787,0.0053808639070398795,0.011075175043185326,0.8390994301045995,0.005606299245222418,0.04524623682167983,0.07470709430107508
hands of hope foundation extends irmaharvey relief aid project,4,4,0.006703561162906326,0.013250459148375485,0.005854853267241299,0.011406892026793545,0.8493053855924774,0.006738053856021946,0.042352724583735304,0.0643881320241522
52013 moore ok ef5 tornado,6,7,0.016634180338100008,0.07086736775980021,0.0070519656310708626,0.010070249461837126,0.0298931439217518,0.008165351949295548,0.3753778493175447,0.4819399206033582
hushed crews listen for survivors after mexico earthquake toll tops 200,6,2,0.03942324135369665,0.010099178142359461,0.5725105978717702,0.06079274479414987,0.23067650110953153,0.011545230659878076,0.04562194581843959,0.02933058282543388
rescuers search rubble as dawn breaks in mexico city earthquake toll hits 217,1,4,0.03511279210799989,0.032740717761943386,0.10112693828529327,0.2296265856275634,0.48992665246305866,0.03458121180372044,0.0554664057449127,0.02141867281068521
a benefit concert in savannah ga to help those effected by hurricane irma on september 24th starting at 6pm,4,4,0.007597590624107081,0.012581485949273082,0.005705054309417607,0.010898390992776829,0.839515892481106,0.005722894314517111,0.06488254398609576,0.05309616662690456
hellacious hurricane maria earthcastsos,6,6,0.027785283883191177,0.1650126119815213,0.006870445816180127,0.010240136616657597,0.03491611466424391,0.013691361659316004,0.5318562668221929,0.20962780023788657
bay area residents rallied in oakland to demand aid for puerto rico,7,4,0.02377075733014381,0.01111788450611087,0.005417175997012885,0.013853483803960637,0.7793639128843426,0.004876913766189082,0.06698367344701102,0.09461619379488076
harveyrelated scams on the rise guns 2a,7,6,0.01108054776848415,0.043965038794626335,0.007060365097065517,0.008634185614917644,0.03641015974378978,0.006444818656026327,0.5619805837874223,0.3244243284494056
a doctor who survived katrina now tends victims of harvey,4,0,0.6437313069187964,0.007162956223813611,0.008636508553953731,0.022532800295138457,0.15043054253440455,0.005228662935920036,0.11609268412783437,0.04618451111773082
mainline establishes fund with feeding florida to aid hurricane irma victims,4,4,0.007527381454802761,0.011121607813303194,0.0062875186689083365,0.011411571111804748,0.8588619445796837,0.00635802260615456,0.05602559894719239,0.04240631693893287
subsistence helps send aid to mexico earthquake victims,4,4,0.010128032927171855,0.008393496040950268,0.007049470011739432,0.01212848790094267,0.8598679011174017,0.0062138019288801504,0.03457303347093369,0.06164581721288314
puerto rico knows whats what ht fipi lele,7,7,0.009589519142404638,0.017674631250909994,0.005154532357185692,0.008914032921499677,0.04069888538584415,0.005308917817624013,0.13359386952285715,0.7790656104142384
cut puerto rico loose wallow in your deliberate fiscal hell,7,7,0.00816530176476819,0.029103496252772483,0.004971054792693048,0.007560582594265116,0.05545078731997542,0.005440884224817115,0.13889784342358852,0.7504100644293283
money irma business an 18500 home bar for the most aspirational of cocktail makers,6,7,0.008224329404306716,0.018468110533921202,0.005719796236767846,0.00932801587602787,0.048514891245302484,0.004951040042134213,0.1329805630183608,0.7718132376541165
nh donation drive for puerto rico exceeds expectations,4,4,0.011297755534838395,0.014533353868170366,0.006586778405282564,0.013535296074851134,0.7110869198395485,0.007933319809570447,0.06461391506226112,0.1704126230349874
1 messages of solidarity from mexico to irans earthquake victims in seeyouiniran,7,6,0.07264268726466691,0.009512376384264293,0.013184337552720193,0.01579366569445784,0.26045846764530667,0.004528341264763323,0.42803417365128044,0.19584598159283495
lessons learned from irma via psychology hurricaneirma goodreads,6,7,0.010421353862010863,0.031158412699407823,0.0051583644072900215,0.008416783894733756,0.03366807041693844,0.006151466846099561,0.3358851773253615,0.569140363260559
two confirmed drowning deaths from harvey in fort bend county deputies say,2,2,0.003632766427141498,0.004554745104211231,0.9307142524303775,0.005320816989745084,0.006351518874291463,0.004462853694104864,0.03129988485262281,0.013663105386099305
thank you to roxburyct for collecting donations to help danburyct help danburytx harveyrelief hurricaneharvey,4,4,0.006403778179665693,0.012437503175706079,0.005077858321357994,0.011231499325720202,0.8390759113193516,0.006502681858964198,0.04435992017188883,0.07491084546201152
moron trump will do this when he visits fire ravaged california,7,7,0.012687961725267833,0.05356999900013295,0.004943669355749316,0.006701895023143098,0.02635895309012303,0.005282404968316529,0.2721192669633389,0.6183358421579209
aoe tala hunter renfroe wildplassen dna20m hurricane maria sean spicer,7,7,0.012814635152993702,0.03231771739986162,0.0069289075514759905,0.009783025155514463,0.031084128950551314,0.005597022019966681,0.34056365653075094,0.5609109242448356
style nike air 323085164 puerto rico jordan size 9,7,7,0.01087458537233715,0.015442950466386962,0.006485937474400036,0.010649696663972322,0.04665619930760291,0.005162482589865189,0.12985929405484184,0.7748688670864086
teaching saturday nov 11 at 4pm in bmore 10 all proceeds go to those impacted by the hurricane in puerto rico,4,4,0.00788859782189752,0.01282285528576608,0.005576009888448525,0.010773817213398302,0.8109562413812121,0.005352185156844147,0.05760013574796893,0.08903013899209983
6th grade maryland student collects 3000 cases of drinking water for puerto rico,4,4,0.008752783302360201,0.012140057389913372,0.005198719078445053,0.0131971056486451,0.8469845029600597,0.006300401628577615,0.04048255377176059,0.0669438539662855
we did it home in ct roadwarriors texasaftproud hurricaneharvey,7,7,0.014777087210144386,0.07830428374018772,0.004326811500246449,0.010526332136357956,0.13421357694376101,0.005161997335210669,0.33840977574656983,0.41428015854020117
florida had its flag with irma texas had its flag with harvey,6,7,0.009727022178231097,0.024274280283212376,0.006753586527177406,0.008176106155035012,0.03977961675022207,0.006263327143131806,0.36574961746859314,0.5392764631755713
the effects of harvey,1,6,0.014917408353473629,0.24398268617439325,0.004823857768761528,0.004814668726038985,0.0225281192863733,0.011224296122659329,0.5113714568652226,0.18633755792581896
mora 740 mg fixed blade bushcraft knife review,7,7,0.010325575422169924,0.020346630223109525,0.005942477345499557,0.00919904638363637,0.04775182645396912,0.004997624645998455,0.13558369531118017,0.7658531418024637
surprised by this preirma only 8 cat 3 hurricanes had tracked win 75 mi of ctrl puerto rico in noaa databasea,6,7,0.006103732808308865,0.0697328733197014,0.005097291848159005,0.0065752019512616425,0.019837128113808743,0.0066732817126638685,0.2577489687231064,0.6282315057132073
business a puerto rico is one of the worldas biggest centers for pharmaceutical manufacturing,7,7,0.0075948735090314735,0.028688040274981848,0.006846429617543028,0.010237301389344386,0.08863821208104873,0.006339308854075826,0.12956571943232958,0.7220900860912807
irma displaces worlds best quant now hes on a climate mission,7,7,0.011480659564110887,0.017618878291170162,0.0064656667204927645,0.010466178441912602,0.038538175340139764,0.005228925360423171,0.15091577171217957,0.7592857338686747
category 3 major hurricane maria continues to track nnw some uncertainty in track beyond tuesday,6,6,0.008070558883928547,0.07232949250187486,0.004862273879952039,0.00681906745847116,0.028686100770933674,0.0064373040048965905,0.7941087983727828,0.07868640168825933
a serene environment and a fierce ride photo by adrian mora maroto ds5 dsperformanceline,7,7,0.011343283694514195,0.02785056009183819,0.004837694888718831,0.009023206512646886,0.033172714195937224,0.0050724408242806395,0.13923950019656006,0.7694606134416513
scattered covered and irmad,7,7,0.014543782229121283,0.12681953401465706,0.0065593746716869844,0.008684439397656556,0.07106694562127949,0.014048854964896815,0.2898020569103307,0.4684750386771851
dark goddess antonio mora,7,7,0.017301675716009192,0.02736271817901903,0.007655117096225374,0.012360143685938577,0.032192472239143094,0.006959098800062579,0.13051554913267435,0.7656532392697781
news wrap trump signs 15 billion hurricane harvey relief bill uspolitics via,4,7,0.0071788053681318175,0.026735497544007326,0.005366176202136376,0.009983873585606895,0.19536788883518139,0.007273221832276379,0.18362749207143392,0.5644670419954323
hey puerto rico here are some paper towels oh by the way you screwed up our budget,7,7,0.0091277292892253,0.02067810739176292,0.005481786658079859,0.008986783078634653,0.04769474113710658,0.005940343376594458,0.1321998996792158,0.7698906198994284
aau news hurrican harvey amp irma updates aau sports youthsports weareaau,6,6,0.008607156314374337,0.03304237295338166,0.005618727024919789,0.008209122703835106,0.04383519542828064,0.005733331337920396,0.6650471831341199,0.22990693687752045
frustration mounts over puerto ricos new normal as federal troops leave the island,6,7,0.013699707359496046,0.026730122899935517,0.005525544630437951,0.010014362671764263,0.07673834994902007,0.005821377825737538,0.2657173920810762,0.5957531349480156
donates 100k to mexico earthquake relief gtgtgt etalk,4,4,0.0068472203221807875,0.01138772031742211,0.006264867749225338,0.011928687369454636,0.8427140454863761,0.006404877934249364,0.042620205095892205,0.07183239724689999
pr ham radio update hamradio huracanmaria hurricanemaria,6,6,0.00827033428923161,0.0647888035786178,0.005847923434704727,0.008951664323789275,0.038461936142119416,0.00681881218753849,0.4659031816975334,0.4009573059946016
weird during irma an earthquake hit mexico and now during maria it happens again coincedense does this maka,6,6,0.006472676661431144,0.10432297324091393,0.006978061198547832,0.005493420046142177,0.015938096744269676,0.007127600014627247,0.7054215590955042,0.1482456047004796
sorry to see the round barn in santa rosa destroyed by fire,1,1,0.0057755004898842385,0.7847456649024668,0.006485889718681993,0.004407358987069933,0.014562944121235166,0.0199679190385212,0.13538877982841,0.028665953307290624
what katrina can teach us about disrupted cardiac care after hurricane harvey ahanews,6,6,0.033276629445635066,0.06797064092451394,0.0035387923497671465,0.008380684665406453,0.23567443435807683,0.005669029268255296,0.5255849048105404,0.11990491548421316
death toll from harvey surpasses 60,2,2,0.005453800651906741,0.004812741771220074,0.9320744791395565,0.004608625426359305,0.005599955356206908,0.004579199505461436,0.01279459463670003,0.030076602921199173
hurricane harvey 5 die in floodwaters while hundreds rescued from flood areas,2,2,0.016433229681453648,0.022525016420724697,0.48127521941902784,0.00788523431833629,0.41858205820675953,0.008726134998771732,0.04021975761399692,0.004353382030351648
nfl star goes above and beyond for victims of harvey in amazing gesture,4,7,0.012515136838967354,0.008478750281012463,0.006334089333732224,0.01181432884366397,0.2977721298388192,0.005146379992482787,0.10078221622109036,0.5571569802888535
hundreds leave homes near dangerously crumbling puerto rico dam,1,1,0.28960860589745396,0.5577455141358584,0.014803227129360327,0.013378286721311769,0.01453633639301555,0.06065114467265484,0.031482375953820356,0.017794554358801982
steve harvey cant come to the phone right now why oh cause hes dead,7,7,0.009118589914392128,0.023665734854192863,0.01039484968329736,0.011257073708664665,0.034843024106598605,0.0062883745281965935,0.13905104405939442,0.7653813309047423
my whole worlda12fa12fa12fa12f you are best actor in whole the world mora saiyaaa superstar,7,7,0.009816846847026463,0.018478471753024424,0.009041560322764087,0.01151819208137326,0.03942001432997144,0.005687916217073795,0.10380819325577861,0.8022288102692781
day 4 clearing the backyard part 2 taking the deck to the pile hurricaneharvey cleanup aftermath,1,1,0.005176014204478483,0.6434872510800476,0.003866748062539033,0.0052649615437171515,0.06409705716860058,0.011225776154724008,0.22522130623562645,0.0416608958087849
money irma business lawmakers subpoena new jersey transit over railsafety project,7,7,0.007276352004684164,0.028574920771127006,0.004309405105623459,0.007920557047030726,0.07594502715718872,0.005524137249146881,0.16164193048776843,0.7088076918673514
toxic plant may have sprung undisclosed leak during hurricane harvey,1,1,0.007779670586784729,0.5317924222663412,0.0072495080499752436,0.004421479951930985,0.012486934516461653,0.01455472900120938,0.3883673172114326,0.03334793162652269
mountains of aid are languishing on the docks in puerto rico,4,7,0.007832092189609306,0.016243328407043407,0.004675806763214403,0.011908309001433668,0.3669255931200752,0.007364759991215878,0.10272450799949173,0.48232557562899214
volunteers filling semi trailer for mexico earthquake relief,7,4,0.009573136705076576,0.014507963797952198,0.005806326707052204,0.012947482101775225,0.8493697702442808,0.00994738915142289,0.03860351232345766,0.05924440064288251
mexico still open for tourists travelnews mexico earthquake tourism,7,7,0.01351995784977253,0.013989179108314341,0.005347951636815401,0.011432777749076441,0.08190052482721838,0.004450103590878098,0.1535131338787105,0.7158463829116888
hurricane irma forces cancelation of miami at arkansas state with no makeup date,6,6,0.007931218302236556,0.04600232918802615,0.006316371189123763,0.008650967264655429,0.03443708102997854,0.007091442487190316,0.4715603149253097,0.4180102902492138
information for canadian and us citizens affected by mexicoa earthquake,6,4,0.33855636573544456,0.0075752436077079904,0.00499112765491592,0.005519424922907778,0.5177611607497137,0.0036899943267702812,0.04893681795439849,0.07296990817186896
nasa satellites capture breadth of northern california wildfires,6,6,0.010290949052524803,0.2877515051535099,0.004819334285993779,0.004611546912608241,0.011956587939720409,0.007476226657448646,0.5351656705093857,0.1379281502685628
economic impact from harvey irma likely to be shortlived,6,6,0.007359343026932355,0.21324055249661678,0.0043935133416180315,0.004389366327866756,0.012963744885262612,0.008619512199799065,0.6802196996588532,0.06881429277918823
praying for the devastated rain forest 3 of puerto rico 57 f the only rain forest in america a,6,1,0.009263281580398483,0.538373486786226,0.004270147442930287,0.0043127761489544485,0.04141714326888627,0.007430107322278216,0.28495136611726646,0.10998165008943973
unitednations appeals for more resources for floodhit srilanka,4,4,0.009237122964180845,0.024569273874460843,0.005907167433026196,0.011225519828691645,0.5393769735352214,0.007176571383556073,0.2936533769763713,0.10885398990201574
can puerto rico be the model for a renewablespowered energy system business,7,7,0.006387082029657149,0.036078753954966264,0.004398760605198922,0.00770045526186617,0.060857950185002785,0.006239788703608311,0.31857442001316205,0.5597627105323185
follow this list of trusted accounts for uptodate information as irma unfolds,6,7,0.0072531628676583805,0.03798345571499629,0.004664487495736587,0.006780107625586007,0.036230130500696116,0.005834780365354125,0.34277011981223293,0.5584837396001554
playa team joined red cross mexico to help sort amp package donations for the earthquake victims gvitravel gviplaya,4,4,0.008443770006604099,0.00992266366537416,0.005667237785012368,0.011649852044478657,0.8579520513997929,0.0065128915504081885,0.03724363724817594,0.06260787627613627
worcester state sga joins in puerto rico disaster relief effort woostate news,4,4,0.00646461074813738,0.014028987488816229,0.005555633286857808,0.010864141783569871,0.8340949185685964,0.006492892190589993,0.06899611841884488,0.05350265279189528
this is quite frankly the only reason i watch instagram stories rn i live for harvey the calf updates,7,7,0.010576938773802759,0.01853046915501283,0.005990696938151373,0.00934616962651601,0.039190435270766995,0.005483214162297156,0.13933166373898184,0.7715504122740078
swimming not advised at collier co beaches today there is possible bacterial contamination flwx swfl yuck irma,6,6,0.008619654398030495,0.13986655623239755,0.009279938323855355,0.008020444242636293,0.031793897477120206,0.008691286638554625,0.6552048678399653,0.13852340121566276
new fire danger threatens to worsen most disastrous wildfire season in california historya,6,6,0.009150483081486019,0.2422562738507375,0.008063561522046165,0.004233624823685892,0.011356848025137884,0.007164754998324374,0.660275700308224,0.057498739037804183
donald porter as larry mason looks like lee harvey oswald 711oceandrive noiralley darknessatnoon,7,7,0.01122171493439993,0.02408934349725685,0.006387771289127766,0.010676393757461418,0.026193641551692945,0.0052843947312238085,0.11837790590381353,0.7977688535953567
so this song just reminds me of hurricane irma that just happened,7,7,0.008804626864944147,0.08306590250956437,0.004205519890124428,0.005756664152432162,0.018640781707582963,0.007148007860728024,0.2871555973804476,0.5852229152657709
seawalls across swfl crumbling in wake of irma,1,6,0.00954850336021787,0.3448778430626539,0.005377796756321749,0.003459090265602974,0.015995718441998045,0.01027916497053671,0.4729671348480594,0.13749473627589148
fuente de las nereidas fountain of the nymphs1903 by argentine pioneering sculptor lola mora womensart,7,7,0.008753541831152678,0.031592283264780224,0.006784957848379431,0.009274512843264098,0.03606714028882185,0.005208409008979389,0.12226464220610919,0.7800544936280418
california is obviously shaking the ring of fire is restless,6,7,0.007487294373437083,0.07649200496578737,0.004845933796849651,0.006050795797520356,0.017998360224117802,0.006496362049129201,0.35928868973547623,0.521340531930002
program to issue id cards to flood victims read more lka srilanka,3,6,0.010531476043288687,0.011656932211632713,0.005471822221301674,0.011691857406790384,0.392514428528275,0.005420584196664324,0.40129355054553095,0.16141939546852435
miami florida right now irma,6,6,0.01125542508726116,0.0484142090883876,0.00547724423185522,0.006795223588397019,0.027471057197122613,0.005867022055209892,0.6420499646067086,0.25266983891793393
as california burns trump displays little interest,6,7,0.009899924200614163,0.047493501339591716,0.008552402613998172,0.007969424196032188,0.021897726080972735,0.005627242763041413,0.18825138498094462,0.7103084456075044
cash donations can be made at mampt banks hurricanemariarelieffund,4,4,0.007336119979181941,0.012786125373209759,0.005420274070371337,0.012120597245210836,0.8070322548286664,0.007016859919169897,0.059074455400705446,0.08921332637799695
on fire just like california gayfever,7,7,0.011201130597192303,0.03076193002091838,0.006576527962904817,0.008387325748155745,0.02707776056045495,0.00518814768152933,0.31157094012088493,0.599236244720123
hurricane harvey texas electricity update ercot,6,1,0.0056646671481517434,0.7810343648477813,0.005182955498051881,0.0036083855105655425,0.01563017268622129,0.01105468751139565,0.16020635833569086,0.0176184119551835
hurricane marias aftermath photos reveal devastation on caribbean islands science,1,1,0.007012702689092247,0.7900877656161053,0.004849500471525558,0.003595438587436835,0.008583237407376657,0.011740034126409117,0.15866061476036136,0.015470696252559098
toxic sites hit by harvey threaten texans,1,1,0.031038218541313035,0.7272077614527948,0.00543359163093608,0.003561365729692261,0.011416595244885851,0.01919988421906768,0.1877134259019917,0.014429133083558109
we have your back john velazquez help as much as you can with hurricane maria relief ai,7,4,0.007756986055094874,0.014467519640750057,0.004799258073828148,0.011112582234320363,0.6288681355814238,0.006174908164032914,0.1774474234592866,0.14937320013827982
puerto rico gets aid from waterstep future efforts in the works,4,4,0.0068936220238672045,0.015360233170640773,0.0049394987213366845,0.011140374506280038,0.8199354147986839,0.00665490906196293,0.05586146882007399,0.07921446592310341
returning savannah evacuee gives birth in hardeeville irma,7,7,0.33639156890422445,0.012927561250679297,0.008136109996998377,0.027136326725776462,0.04415968465268741,0.0072211565834908766,0.15807723531523682,0.4059503667036959
disaster management officials visit cyclone mora affected areas,4,6,0.028154643083456415,0.09264260551942949,0.0037407614263687636,0.010389470958330094,0.2637832302636976,0.009539649510558725,0.5308425793235334,0.06090704146512535
iraniraq earthquake rouhani vows action over collapsed buildings,7,1,0.005508698191720157,0.6971406313848889,0.01128993277846753,0.004767119526822073,0.01937174706764826,0.011675099214890782,0.18162417635112177,0.06862256521180027
fhsaa launches web portal to coordinate sports aid to schools after irma,4,4,0.007275463187296174,0.014554926757402557,0.0051328952952688295,0.010824170221354804,0.8320174426897022,0.006563446625502799,0.07123892701281091,0.05239271784678774
great coverage on the struggles still going on in puerto rico,6,7,0.187899955508065,0.020772973398274615,0.004787252962106894,0.009236008899065359,0.035321136652787924,0.005920198353555396,0.33871663746611586,0.3973458476594134
irma nfl texans release wr jaelen strong via jamespalmertv,7,7,0.026400017709117016,0.01576216908909926,0.006994722641498946,0.016767146614983082,0.039603426425305926,0.006189250836724474,0.3452020201071158,0.5430812332675559
the aftermath of the moral and social bankruptcy orchestrated in the bbnaijaa show,7,7,0.006900715434657369,0.05012737705097027,0.004692126466990569,0.006693582302156446,0.03272675527644117,0.006181156397971581,0.25702200842020895,0.6356562252957154
map of 2017pueblamexicoearthquake,7,6,0.008768307012578507,0.06333789253365237,0.006311821009335919,0.008011508153933845,0.028055179306815798,0.007940778323545976,0.4929278104721246,0.38464674910221597
recovery timing from irma and harvey will differ for business homeowners,6,6,0.012082417299165236,0.10475497800520067,0.0033962777022814596,0.004849524460565625,0.029104225220827572,0.007236466833436275,0.5954381094062418,0.2431380336639149
irma pummels cuban economy cuba standard your best source for cuban business news,6,7,0.006635986394014038,0.09649387650559595,0.0056537823446508335,0.005738018838207648,0.02690900641839398,0.007508885506757468,0.3377050907506294,0.5133553809905068
earthquake gfz m 39 gulf of mexico forecast,7,6,0.007826816663262905,0.04304277822031943,0.005998132807736926,0.0070234255927072,0.028955510648357195,0.005420866176562016,0.676605701043608,0.22512682335775658
palm trees have very little left on them sanjuan puertorico hurricanemaria cnn,6,1,0.005516829399156388,0.7905334424231248,0.0038129354499153107,0.00497397305990364,0.01256658323883299,0.014212641995322607,0.11851811082016568,0.04986539415538867
prayers for the millions people affected by the powerful earthquake in mexico a12aa14y2a14ydai mexicofuerte mexicocity,7,4,0.26816286784633847,0.01567486364625392,0.0064414189074992355,0.007849782258834809,0.3978162424522418,0.00424403202187601,0.21212875621211963,0.08768205074574668
no aessential oilsa will not clear the california fire smoke out of your air mother jones,7,7,0.0060842634661654234,0.0493489582747586,0.004607153726597053,0.007552670844192713,0.03926916481454278,0.006281987090332443,0.23683759982096977,0.6500181927519519
a massive earthquake struck mexico yesterday if youre interested to help please contact me,4,6,0.02662289613290654,0.03418638203118933,0.0038901690078527113,0.010141693995779728,0.2805838358509256,0.005451606107384859,0.5587500996722832,0.08037329752050372
hurricane maria two naval mines wash up on north carolina beaches,6,6,0.005404355585007741,0.33109532738889996,0.004040533217288862,0.0040913444338665644,0.15901870689456926,0.011486868754397537,0.4429737848181249,0.041889082418931294
hurricane harvey diss freestyle by michael white underground texas hip hop,7,7,0.014355309714287421,0.022379032857783362,0.005755056312599234,0.008894319205650206,0.032780734110801624,0.006106342018776492,0.2874526240693726,0.6222765266823707
after over two weeks in darkness after harvey light is finally returning to port aransas,6,4,0.011575718040915294,0.31638435350645233,0.005321612521156302,0.004751420829278817,0.339162585169678,0.009715065985059433,0.2791455879347437,0.03394363405212981
texans are unstoppable houstonstrong texasstrong harvey harveyrecovery sundaymorning americans a14yaa14y8a,7,7,0.0867146105064932,0.035436331373033716,0.007411562939877011,0.014047316423733929,0.05180588919228369,0.015757499463809298,0.2733454800587728,0.5154813301585639
suzana peric fashion show the mora smoothie,7,7,0.008906014364722874,0.02360297392927794,0.005597906757802102,0.009774368158023055,0.0429973013765638,0.004923329639820223,0.13283438842813416,0.7713637582865962
local residentas a hurricane magneta family impacted by harvey irma arlingtonva,6,0,0.910433363836205,0.009653696927351,0.0048397968302415564,0.006994568204858916,0.03384293335311564,0.006190572275850159,0.020745378940662397,0.0072996338641195925
animals colorado rescue groups to open doors for harvey animals fox31 denver,4,4,0.007595677451557614,0.010453417120360122,0.005647577366804978,0.013111572036878915,0.8545902393495439,0.006050022779472609,0.03826266618628675,0.06428880322171432
irmas winds ripped down many of our millennium signs and damaged a few locations please pardon our appearance as,1,1,0.005404931885021962,0.8806997458986632,0.005683751124082604,0.0038162885410026087,0.032316524661505495,0.019587521715657783,0.03974329981848579,0.012748011934735917
vegetation fire burns at least 30 acres ina dublin,1,1,0.0055430282749164604,0.8258723155578314,0.013971774986299966,0.0036688662352989065,0.007179331867768063,0.012246809654146575,0.0434008427093918,0.0881170431661298
i like to wake up to good news this is not it irma stcroix,6,6,0.009088900063594913,0.01749035736853642,0.007199943631367764,0.010173303797587643,0.045495513657746435,0.005563351781853452,0.4686648522222267,0.43632377773087205
oregon strike teams return home from battling wildfires in california liveonk2,4,4,0.04252592096909521,0.02194296773370884,0.0064757579245584085,0.01327149411484875,0.6655436696538604,0.00624192352540586,0.17105907837549933,0.0729392300735438
firefighters quickly contain clifftop brush fire sf,4,4,0.013789077364963064,0.03678726875100785,0.006028024249397695,0.01651454762483479,0.5678726134192402,0.00909632495519918,0.18198202597153423,0.16793008905359344
puerto rico utility regulators push back on feds in new court filing,6,7,0.009544932879027895,0.029702209981445814,0.005061101734633308,0.007759439582189872,0.05361816204245398,0.005443539525372111,0.16867449116889047,0.720196114062635
had a blast djing larisalove salon in benefit of hurricaneharvey a12s4ai,7,7,0.008190693722638927,0.02079786657388158,0.00885198663445377,0.010521140425006287,0.14939880486273646,0.0065913813317576685,0.18208835488257893,0.6135597727962923
maria wind whipping up in anguilla living on hope irma,6,6,0.014504630794809435,0.031564364180701944,0.0037491394797971147,0.008148863117212824,0.051075075517661175,0.004765941914787501,0.7099787769698281,0.1762132233506969
talks to our exec committee about state rebuild from harvey amp prep for future storms,6,6,0.006575340712719382,0.18842407877571019,0.0031727294518810165,0.005113353302101861,0.07851732862480651,0.009579922117736976,0.4781880744818312,0.23042919094546016
us economy hit by harvey sky news australia econ,6,6,0.011877179463415766,0.2755064019583377,0.004974073774853459,0.004518261773305891,0.01598440767340347,0.009511635325986787,0.6239526885090614,0.05367529635532495
aflac and tsys give to hurricane harvey relief others urged to help,4,4,0.008671381713772852,0.009654853461915879,0.00635891879668194,0.01153142692178927,0.8446212894868939,0.006513155912063184,0.061950926452548426,0.05069805672675822
after mexico earthquake bike brigade delivers muchnee muchnee news,7,4,0.017832940882101855,0.02287540807564125,0.0074467477793325135,0.013033495813194506,0.3376429978818482,0.007752495072447742,0.30543648471399615,0.28797943089902484
the 500year storm quantifying marias destruction smart cities dive,1,1,0.007735813081060129,0.4862283840991594,0.004815718380110466,0.00339227038273326,0.008697552670175428,0.01082904591499776,0.3809867427331597,0.09731449788198504
central california sunset tonight lots of wildfire smoke to punch up the color pallet,7,7,0.0066722853790753146,0.10610838796845821,0.004172746567868934,0.005475360858305982,0.024556322007528785,0.006295695667597605,0.26996224242920175,0.5767569755408893
follow me donald trump iran earthquake nfl your monday briefing followforfollow,6,7,0.008567573096622353,0.018652372576443265,0.006361397688927028,0.008732533658792415,0.03811189521100175,0.0055731804458756945,0.20847720431332797,0.7055238151950608
michigan state volleyball to only play one match in florida due to hurricane irma,6,7,0.009357680336864693,0.03376588373505756,0.007412418572118469,0.009491454853848558,0.033734044060584424,0.006227154777745951,0.2301563845059273,0.6698550108193281
maria has been a hurricane for six days now could be around 6 more,6,6,0.008963701526278197,0.07566543472106435,0.005379816259746494,0.006536053264546869,0.020221738662951315,0.006739383848831455,0.7574144056545851,0.11907947497591748
arkansas national guard assists in response of hurricane harvey watch now a129,4,4,0.00668791144929693,0.01461991120693204,0.0052016478671255,0.010898003783874018,0.8360872335964739,0.00671805996906374,0.06940799579804617,0.05037928464736712
civil air patrol illinois wing to help survey damage from hurricane harvey,1,4,0.006162099973187261,0.18631151603471446,0.004627687243716557,0.0111192254263149,0.5898881090127386,0.016140783324962205,0.14287633855103501,0.04287419158546198
fema actually can stay in puerto rico indefinitely,7,7,0.015431976819953955,0.018343591977972425,0.005469846113320062,0.010823041445313613,0.041211800322088245,0.005176735132277687,0.3737590089305058,0.5297840526117101
after harvey amp irma using recovery to build stronger and safer communities by,6,6,0.008438575949003616,0.08599939209012794,0.0040237203118625615,0.009363815422032967,0.1975416366124224,0.009939312186010116,0.586738596049998,0.09795498497600422
pro football club raises funds for california fire,7,4,0.008306223291648169,0.014052770686582974,0.006686085594801729,0.011330753475842427,0.5205390868351161,0.006810457837649666,0.2091230264329,0.2231516350075733
deadly earthquake hits iran and iraq nbc nightly news,6,6,0.029309982473283938,0.22122136554960026,0.036551667850324286,0.005128442789259868,0.012347099844368527,0.008052601172111254,0.6291070147857072,0.0582817993418973
purchased buymigenteremix hurricane earthquake houston mexico puertorico,7,6,0.015035118301253321,0.12600016919603585,0.005624365866460949,0.009437915127739976,0.05732181564711655,0.00651008364441391,0.4929026761134507,0.2871678904693318
remember our brethren throughout the world tonight mexicoearthquake,7,7,0.021217766217009826,0.01902133363372746,0.007034090105428213,0.009431841602248407,0.06530369202935543,0.004469207288545529,0.3535421986625661,0.5199798678836838
hoping everyone is able to get back on track post hurricane irma wishing everyone well,7,7,0.06848759845552183,0.029787967331804367,0.003917865391455779,0.007062490150895844,0.035688499583054985,0.005639022140525256,0.20920569342975395,0.6402108524359956
port canaveral provides pipeline of fuel for postirma relief,4,4,0.007191421042340748,0.021689104433634785,0.005658196838735298,0.011703249742475217,0.4031030404602737,0.008501117826108276,0.2898955063686328,0.25225839278278517
after 200000 initial goal jj wattas harvey fund hits 20 million,4,4,0.006637691880136359,0.016056397440814826,0.005129494845787779,0.012105269604213011,0.8140671539896106,0.0071483985147885315,0.07323406803343813,0.06562151748160226
hurricane harvey irma jose and now maria americans brace for new danger,6,6,0.013515939287429758,0.06371721151322048,0.0038862842186359065,0.006064357952794626,0.05180001459433037,0.006565891141398009,0.7834649788567571,0.07098531835973328
san juan flights still on hold in wake of hurricane maria,6,6,0.02990349675885449,0.03038466536898982,0.010119965777843482,0.012015807854501046,0.027920603610970172,0.009968773241009749,0.6951902643791507,0.18449641261744895
trend alert hurricane irma more trends at trndnl,6,6,0.009033061692761524,0.05463571147261066,0.004970613980142138,0.00678244353369618,0.021767389743469156,0.006247432328451594,0.7350795677029196,0.16148376789859623
please irma evacuee from fl still in nc looking for her missing dog my friend is desperatea,4,7,0.03384882538132018,0.014190273761265124,0.014827537785749915,0.2283565176276011,0.04910543926869626,0.02612986918519132,0.07316533939818368,0.5603761532598737
harvey levinas objectified gives glimpse of celebsa prized possessions,7,7,0.010695675468080793,0.022056350242133368,0.005310641438827374,0.00992602394277674,0.03748497859725452,0.006203501872562349,0.1485399207156432,0.7597828672323086
hurricane irma cat5 165mph will be near stcroix midnight tonight and eastern puerto rico around 8am tomorrow,6,6,0.008379765114692942,0.05374950483568705,0.004616603495325622,0.00710674569190687,0.023981842646934225,0.006083486068749209,0.786569409538333,0.10951265417685264
us govat pesticide spraying in wake of harvey a toxic boon to agrochemicala giants,6,6,0.015073021315939893,0.31988027529032453,0.004857302720755907,0.007139039420738832,0.0816157871563245,0.006542320461809092,0.42217814932783987,0.14271417873291095
help puerto rico get free rare beer at dock street cannery,7,7,0.007669304688117084,0.015389600199620377,0.005107269901634901,0.011158020600829693,0.2670562223028102,0.005707409650695206,0.07707621086765284,0.6108359614615126
helping harvey move into uwe today doing my bit by watching the game,7,4,0.011277949867023452,0.01902154944727103,0.004082344761360487,0.011368302108311095,0.6286213370486754,0.0074835546273872375,0.12273200747426666,0.195412920211426
briefshell midstream partners hurricane harvey operational update,6,6,0.009754419655909357,0.03046664138256637,0.003991951885575631,0.008618686280796362,0.11427519919186979,0.006319090055488653,0.6158592907419866,0.21071477121364152
issued directive on hurricane irma response,6,6,0.007882233342731006,0.07287024488321538,0.003540773437426418,0.005808874192664083,0.032412155675754194,0.00698065492925695,0.7582155513247781,0.11228953219453552
tailgating in a different lot thanks to irmabut the hardcore tailgaters will not be denied,6,7,0.018166836612584964,0.018802214726411904,0.005507973846818752,0.008930423607990593,0.03811159248803178,0.004851446771326751,0.16091238948868317,0.7447170974079032
cyclonemora as usual buddhist monks are door to door to their peoples,7,7,0.017414074093773775,0.01486540288744502,0.00569644957294787,0.011411524211554568,0.0976061371355305,0.0048848454783973275,0.269359411057076,0.57876216579851
stay strong puertorico and mexico hurricanemaria earthquake,7,6,0.00973050695286259,0.040060946199479766,0.00424645504133397,0.006569994356485246,0.03459986332773216,0.006071853626816908,0.5609902974659136,0.33773006756476437
harvey and irma are causing some people to have hurricane anxiety in robeson county,6,6,0.3144794276322935,0.04661026096083228,0.005088908570225589,0.005399303993028755,0.011685730977872334,0.007988027753914282,0.5615928075314773,0.04715548288149084
cmu student raises more than 100000 for puerto rico charters third rescue plane,4,4,0.007069475288856388,0.011063979238439083,0.0064290405709850435,0.012869945155541468,0.8494823614462361,0.006612393121342853,0.03684316180911116,0.06962958527125743
we are still in need of donations to repair damage from irma donations are taxdeductible,4,4,0.006584179068268996,0.034339131149010355,0.005825774601934374,0.012353018973260592,0.8390763592152095,0.01164909674397593,0.05913813805141293,0.031034252405948516
trumps fix for puerto rico communications issues,6,7,0.007654228837771275,0.038330815834488705,0.005491467834164065,0.007543074850795997,0.03849615920302854,0.006065812628785676,0.26976440331843304,0.6266540576091003
update every county in yellow is under a tornado watch until 10 pm irmacsra,6,6,0.00837307254301894,0.14193291615625442,0.004568573206084939,0.005348729450576201,0.01513236404955395,0.007362533440497579,0.7356196809647315,0.08166211483002697
is california the deep state,7,7,0.01328314220586929,0.052103406268721175,0.007032297345837672,0.007853494310377414,0.029553220302231512,0.006098920955039805,0.38139715391535206,0.5026783668875074
liam anderson talks about impact of california wildfires after big race at mt sac,7,6,0.009357221821774783,0.18415283234561636,0.004995820730738426,0.004447665563900879,0.017309543769194857,0.00642561442378339,0.6556758624488814,0.1176354072823651
earthquake relief in iran and iraq a difficult task,6,6,0.01335460389894173,0.04382426040375188,0.004552172479971339,0.010611243945362992,0.3188227467041741,0.0063706720541919165,0.4339165779042336,0.16854772691673936
third day in a row of recordbreaking temperatures brings critical fire conditions across southern california,7,6,0.007166928286041347,0.25232505675381106,0.007096771631304804,0.0043129584086891,0.011256811166998469,0.008126820236735988,0.6615378375682811,0.04817688327519336
at times he felt that he had almost rather not be in love with her for it brought him no peace antonio mora,7,7,0.018686969312272397,0.017879203543051482,0.007814106250380499,0.012823833933102703,0.030179778165054336,0.006017788319994335,0.12063519489296869,0.78596312839024
harvey boyer arlington tx,7,7,0.013126997003772345,0.20828696456105042,0.00555158564958766,0.008481256786747646,0.044932797771708256,0.01456062661128,0.33216507567797826,0.372894679211322
iran criticised for earthquake response details,7,6,0.010637121410269464,0.04832529953872751,0.005465516368447517,0.00723685697810269,0.0515212989180979,0.006378314204460151,0.6139475530200965,0.25648803944072635
harvey all over industrial production gt read more,7,7,0.005479779569586466,0.3096289646817078,0.0046018800338060335,0.00355750900215171,0.010754004840930342,0.01135093292552077,0.17088978508602798,0.4837371187029179
hurricane irma 10 challenges for employers,6,6,0.019507721784570428,0.03975634211020254,0.0037692400280196266,0.006092402145840954,0.034720624500589915,0.005512051741632183,0.7581162268757811,0.13252537643490686
fire at kuna mora cole roads stretches 280 acres,6,1,0.005986384175121444,0.7547454887111987,0.005367196344097589,0.003823665806565306,0.00891513339499243,0.015573954238294701,0.05973050187334359,0.1458576484387183
moras midnight bakery a moon sea jellya149,7,7,0.011639197378749227,0.025109121109720793,0.009372151748390407,0.010790560846469994,0.05322028211875785,0.006253046935201592,0.24920060815825934,0.6344150176228536
mr richmond hates mr mora doesnt stop talking about soccer has never spoken to a female student,7,7,0.0120531644361178,0.018497012663562816,0.008165017783310484,0.010827593128412446,0.029387137834722094,0.005685062148773248,0.12246306354655803,0.7929219496424869
a budding masterchef maybe wilf in the kitchen by matt harvey oilpainting,7,7,0.026689993262238303,0.016422387106733254,0.005507171386031268,0.011366432168018767,0.037683156494437875,0.004715889141297817,0.1216088105387478,0.7760061550124693
irmas aftermath with seigonie mohammed cnc3,6,6,0.02612493850948376,0.0748810034412748,0.006328673141049271,0.009316974281753852,0.07212660216513148,0.010790537512498113,0.4533089958813665,0.34712232528435544
thanks for donating to irma bvi appeal,4,4,0.00808479822914912,0.01890307304610147,0.005179233415681648,0.011115862671101033,0.5263668992912895,0.0065529164919863455,0.22210973641120288,0.20168749186615928
the situation in puerto rico is dire please help your fellow clinicians and donate today,4,4,0.026323579031549485,0.012882589941786104,0.004001445545111498,0.011252394451825833,0.7839208603295831,0.0048242440720348235,0.06936832785523814,0.08742668003427163
believe the meteorologists harvey is incredibly dangerous,6,6,0.008362154646273127,0.10262885273883329,0.004546367669473193,0.005087117348019789,0.015784893934497297,0.006762227294241817,0.695447130085334,0.16138123155845932
37 days after hurricanemaria pure ineptitude or lack of any sense of urgency,7,6,0.006768579827640253,0.08449331034043592,0.005845853822319731,0.007402713407067398,0.026834803807673408,0.007392424978091445,0.6561026343194504,0.20515965188360713
as wildfires blazed on in santa rosa california help was needed from all over fire,6,6,0.022011939564286348,0.09695943300554608,0.004118395647006497,0.009936294275974209,0.2665187868854641,0.006789124294830852,0.5076449075036105,0.08602111585934746
aa pope francis offers prayer for victims of california wildfires news online,6,6,0.03947422597981523,0.01279086002926261,0.009997528271881363,0.013104536202773642,0.17467294431927377,0.004150452226793633,0.5572772919066766,0.18853210804332898
harvey wonat help flagging housing market,7,1,0.02196613064415609,0.5394310107511336,0.0035846024763683763,0.005222319505751188,0.21353554756498905,0.021102783518434837,0.13337432645073174,0.06178328769385569
turn any keyword into article article makemoney former steve harvey writer a,7,7,0.009590150239446205,0.017472381645050765,0.006272691587748639,0.010617378477814049,0.04917802141333152,0.005660370362661486,0.18076376244565825,0.7204452559354826
so the state of california is pretty much on fire your move pres trump,7,6,0.007807012642040533,0.06584898766781881,0.00552942825808564,0.006425902557805813,0.01994265253442238,0.006358175260987328,0.5237069092172909,0.3643809234895407
congratulations on a beautiful wedding coach mora,7,7,0.013727093615552848,0.020814355069039083,0.009759029990962396,0.012439334021924207,0.03665566621803675,0.006819756555630224,0.10793706041478533,0.7918476887408439
a new fire threatens dozens of homes in california prompting more evacuations,6,1,0.008435079303357622,0.8849788300037678,0.014229461576944293,0.004289388961296287,0.005898342562691757,0.013847640983781443,0.052491103593751844,0.015830165700041147
satellite images show just how bad californiaas wildfires really are,6,6,0.0080149864367062,0.2804117226673863,0.00518466494550489,0.0037921137534512287,0.009877292452345468,0.007934589845426323,0.631622029136255,0.0531626454378864
maria grows to a cat 3 nears already battered caribbean 0 by,6,6,0.007812760468878568,0.05505464528160206,0.004210688586299799,0.00731567022604461,0.0252279527934636,0.005964254886950619,0.7727259448629717,0.1216880542454335
final day skinnycocares irmarecovery irmarelief hurricaneirmaaftermath irma,7,7,0.008105654111517363,0.02271887085041545,0.0050879434701256235,0.008398279684684984,0.04548016677056629,0.005808154955437897,0.179379308390109,0.7250216313038866
california fire survivors respond unexpectedly to loss of homes,1,0,0.6752983626160056,0.1658509739605225,0.009972451102578264,0.009601499041073547,0.06357257544809655,0.01641598355219715,0.04362696888576459,0.015661209421884172
usarmy soldiers from texas prepare to convoy south in support of harvey relief efforts,4,4,0.00783887821819995,0.01160559899046293,0.005591273476479329,0.012018414944919622,0.8508173295479016,0.006347819074583578,0.05959381828504799,0.046186842573100205
irma nfl browns fear wr corey coleman broke his hand via tw,2,7,0.031706562376534124,0.02738542983617806,0.013693968599662293,0.013910299243558548,0.02673604552523865,0.00722497139738393,0.1362661047731546,0.7430765931933843
prolife attorney puts his life at risk to save victims of hurricane harvey,4,6,0.04048832127635699,0.008013818748068186,0.04233895756537664,0.024341127850108234,0.3449841518510334,0.006705777319672215,0.473744901431526,0.05938296602787503
i swear harvey and irma both boutta catch these hands 4,6,7,0.01781189586581948,0.020518006408128498,0.012490795463093108,0.011848383290364702,0.03005623883048611,0.006155504928678189,0.18160782002856804,0.7195113699909991
so proud of our kindergarten eagles taking pride in helping keep our campus beautiful following irma,4,4,0.006484897878328556,0.01919396505493746,0.005292682878839271,0.011078767666260378,0.7150036646651924,0.006438801478767263,0.09277249759765376,0.1437347023066404
puerto rico power grid deal under scrutiny nbc nightly news,6,6,0.007145850993080081,0.2628047280073314,0.0049414671914435725,0.0061454179466384215,0.03662348433646691,0.008963520512234214,0.49467174851856166,0.17870380194724403
maria to batter after irma second hurricane to strike eastern caribbean,6,6,0.00801516526131258,0.09193048890743574,0.005033719235005825,0.0054848376939864215,0.043134054318089185,0.006455605727590526,0.7748175680857278,0.06512852916816655
night before puerto rico trip,7,7,0.016489092695294784,0.019716252504405212,0.005017448068255362,0.00998849328356456,0.04048947506974853,0.004933709052364758,0.14716585659545378,0.7561996837112062
puerto rico this seems like the kind of thing one would remembera121,7,7,0.0110220425870001,0.022133517377808668,0.005889629638722627,0.009700706159990656,0.03160100787943366,0.005400616579735548,0.1273111184246883,0.7869413492949036
colonialismas legacy neglect in puerto rico suffocation in dc,7,7,0.007294296123618903,0.22112135991926793,0.004533479783532763,0.00492849740427702,0.038162441672628826,0.007609736034599105,0.11175099852588011,0.604599189234672
carmen mcreynolds victim of tubbsfire was a doctor and a western gala,7,7,0.26997771039614804,0.01440478259443367,0.07524047565962874,0.015631402905672213,0.010381261227377162,0.006546069637824094,0.039294998353068676,0.5685233276474841
fox news harvey fallout 53 of houstonas schools have a majora damage at least 22 will bea,1,1,0.006045542646744605,0.8844973031687122,0.010709313735178106,0.004349234183511141,0.007304500896141018,0.018892115976092513,0.051578397471669535,0.016623635926942465
via rand paul wants harvey relief to come from spending cuts p2 tcot,6,7,0.006727498622508595,0.032497309019567766,0.00485484263037726,0.007585843208980133,0.08982330372235359,0.0062853476611708856,0.15321105047152142,0.6990147764770427
medtronic evacuates california facilities because of wildfires via startribune,6,6,0.014345536860049374,0.1522002334003364,0.006844427794582635,0.011766286895845269,0.2841851337878172,0.00922244655340806,0.4510893058158657,0.07034665229623173
new questions about areciboas future swirl in the wake of hurricane maria,7,7,0.007841646006686553,0.08062738432074053,0.003121653856682152,0.005999599019291583,0.025626796496931427,0.006862890098111806,0.33705371480334106,0.5328663398308806
20 of gbp 25 and free shipping harvey striped cotton cutout shoulder d gbp 1099,4,7,0.010510363803684983,0.01711879079323763,0.005974240929446693,0.009944920638816081,0.052487449028720136,0.005229151185895862,0.1306552534536178,0.7680798281651104
we could feel some effects from hurricane maria this week,6,6,0.012525898191149128,0.1682398603889239,0.004475822448899386,0.004662735965744191,0.017145870582802973,0.008089070129847473,0.6590208468031882,0.1258399203883538
this book arrived back in my hands after surviving hurricane maria in puerto rico itsasign thankiu nextread a12fa,7,7,0.023206277406885835,0.017321375260718756,0.0040786698386778624,0.01388242670172688,0.07537223670866963,0.008769370042712728,0.14400662517461896,0.7133630048880016
tubb fire victims visit the remains of their home,1,0,0.38055425551993877,0.3483549351581265,0.006829595348917463,0.0072971827330164185,0.07759717166172331,0.007532712951274627,0.14764723727562454,0.024186967130630968
how climate change hurricanes are rapidly accelerating the militarization of america,6,6,0.00746770657003589,0.09360031642783863,0.004140910685265359,0.005281942254227247,0.021752488678558106,0.00623961000802407,0.7307383238902821,0.1307786705792468
hurricane tracker carolinas midatlantic should watch maria forecasters say,6,6,0.007718055988374062,0.052082868193585645,0.004324633043334249,0.006616272066651184,0.02408927519852311,0.00600850889069098,0.7724339780236744,0.12672640476160982
news via foxnews the latest fires smoke reaches california beach town,6,7,0.00870360580626629,0.13997498172022518,0.005584766908413412,0.005284523397524091,0.015144660403946826,0.00558361296521326,0.28834226768699034,0.5313815390808327
children unable to attend school in devastated puerto rico,0,0,0.641864655829306,0.01918204291409628,0.006486248311304575,0.012858497033147044,0.14378188361995556,0.009070757071181424,0.0509586464187652,0.11579726008506458
see hurricane irmas massive eye engulf an island,6,6,0.0058645083921982635,0.290305076586234,0.0036467550372354237,0.0037505783821606175,0.009422977130518751,0.008502918658095798,0.6253516039466592,0.05315559545722254
a selection of sunday front pages focusing on the california wildfires,7,6,0.009051392622839355,0.07558322961185852,0.00710048672625877,0.007350260489464663,0.031831729313925944,0.005371734170591942,0.6486923893132779,0.21501876163058914
we called they answered showing up outside section 8 housing closed after irma residents wait to get b,4,7,0.08618227472728102,0.19625488101888267,0.0033466187497004306,0.006572913430189654,0.020774876725166286,0.015370142026263394,0.15575342938800352,0.5157448488759002
irma blues latest speed test on verizon unlimited plan i hope spectrum services return soon,7,6,0.007310278461449164,0.05293480731403905,0.005138016820090417,0.007217359115134244,0.03153748352722944,0.006368422169190264,0.6143379562891693,0.2751556982223749
i wanted to get mora i didnt get her but at least i got lyonesse,7,7,0.012314795613908093,0.015345670642942098,0.008331700425313773,0.014129893876803546,0.038766207497862755,0.006550584151511977,0.11634558629999582,0.7882155578597949
beyond harvey and irma,6,7,0.01041911208202878,0.14573960583596698,0.004060139889395747,0.005126686785840153,0.026148677053793815,0.008177566506313601,0.3584964775807696,0.44183173437765005
please donate generously for the flood victims of sri lanka,4,4,0.008499674745086692,0.018358621244639117,0.005889474033756402,0.011381022751869304,0.8564349944368498,0.006064148423451494,0.057016816161247895,0.03635529923084528
everything dog lovers need to know about hurricane harvey,6,7,0.07162395766534188,0.022471785587585006,0.004255256897345618,0.01294694629420669,0.055138771858381994,0.006989989815450147,0.3727217264417889,0.45385160717246426
tesla is helping puerto rico get its power back via fastcompany,4,4,0.009591264936298475,0.041262947730855364,0.004965411875743242,0.011593061209133068,0.630263409146838,0.011463793788113876,0.11329340986809175,0.17756672505395343
harvey victims nerves fray as days drag in houston shelter,4,0,0.8200031193770398,0.01215051535961123,0.006283661255714368,0.0060193021891119525,0.11434124038964436,0.0048027779479082626,0.029331407736147792,0.007067971069582869
this is a disaster money is running out in hurricaneravaged puerto rico,6,7,0.006637989829989897,0.06494640385008606,0.004048055600888747,0.006810135323150227,0.032790771775316856,0.0066947046066937925,0.1676080266334523,0.7104639214858465
the national academy jury of 1907 francis luis mora,7,7,0.008848266094337474,0.017634516578445312,0.006983325443524336,0.010148673281315636,0.045825694337724265,0.00585106782366752,0.12522209211436414,0.7794863551204977
a pic of the mexican government helping mexicos earthquake recovery,7,4,0.006149025426575594,0.015300288211324117,0.005299478993636704,0.011139147052028698,0.8312118117565795,0.006687427406969339,0.06858671417362237,0.055626085867345056
lloyds of london estimates net claims for hurricane maria of 900 mln,4,6,0.15912735452502907,0.1469534572319833,0.005147202097911057,0.008298304789088577,0.035865652996763135,0.01718419493527504,0.5962919182737892,0.031131901703608807
domenica se atlantic coast hamlets devastated by hurricanemaria says,1,1,0.013602911423267168,0.486354627903813,0.005136211971597581,0.004053193601274199,0.008750847588402307,0.01343250922818297,0.44685140590113165,0.021818311735214285
more than 400 killed in iraniraq quake state media says,2,2,0.0037383949739265335,0.006781355881908884,0.9338862547431122,0.0041575060379522135,0.00388593241494017,0.004395955656396198,0.030133263274041335,0.013021297871906427
bravo helping in puertorico,4,4,0.008385360084014947,0.01684789689195923,0.004693592950772955,0.012658382425387676,0.8002798263751749,0.0071053801506021155,0.059259644515635986,0.09076994897922484
3 weeks the mora until cancun a12 1a12 1,7,7,0.009790085825944055,0.016089933332634143,0.005789992167972282,0.010338487320802434,0.04642988010709863,0.005075979313276001,0.12944839676968142,0.7770372390574806
the sarasota heraldtribune from wednesday 96 friday 915 irma sarasota,7,7,0.008109316481973303,0.03353735944704135,0.007121618081821887,0.009112584624601076,0.04409738868247824,0.00599591099576367,0.3784901836802308,0.513535619341221
trump blames delayed message to mexican quake victims on bad phone reception,7,6,0.21370437436077336,0.02125465485332402,0.005512474091765866,0.009481854968173076,0.036136408338596666,0.00476317437041966,0.5377145011430948,0.17143253057213126
this newborn photo shoot celebrates hurricane harvey rescue,4,4,0.011048128253129626,0.013887921853034576,0.004703405572475601,0.012356061622114858,0.6611464133639828,0.005581805190843588,0.207850477602911,0.08342577117934195
week review beat mtsu harvey relief drive practice hard rti we noticed anchor down,6,7,0.006941259676602701,0.02550749773509862,0.004481824124640066,0.00827910240457658,0.1137382006194733,0.006107541551976005,0.2043621243553507,0.6305824807519609
mortgage rates rise monday as irmaaos impact becomes clearer,6,6,0.008165549657776503,0.06892012631067686,0.004923378909907272,0.006392504473541164,0.02422432378315954,0.0062663163499940625,0.7387423193082614,0.14236545260343858
ancient artifacts saved from deadly earthquake hold clues to mysteries of iraqs past,7,6,0.014984454355805449,0.18605550894427375,0.012909919870172943,0.026531842518140517,0.055266995526920513,0.021787537594777702,0.5574437878041256,0.12501996375140378
billboard is streaming the drag race queens puerto rico benefit show,7,7,0.008938980705203933,0.015633089830100793,0.005153721494460178,0.011174927464511038,0.1744981860095711,0.005409914090330844,0.09334865972431679,0.6858424984065976
broward county public schools to reopen on monday september 18 following hurricane irma,6,6,0.009008257617005478,0.27125018739977236,0.007479187476438281,0.006276526074540309,0.026217642880176945,0.008731436263724149,0.586638648541605,0.08439821084177256
hurricane jose ambles off us coast as new tropical storm maria tracks irmas early path,6,6,0.008766600060594354,0.07978353879304881,0.004051028005105579,0.005993623500306816,0.01935818311786902,0.0064088105656419266,0.7908984794707665,0.08473970837498607
cute totes proceeds to united ways mexico earthquake relief fund,7,4,0.006457711875580863,0.011662577445418537,0.006182606923397605,0.011840362693391086,0.8183640339376653,0.0067570318114955645,0.04701018263876976,0.09172558244097181
usa today sees a template in its hurricane irma email newsletter,6,6,0.007823056958971637,0.059352602386477986,0.004152406718086401,0.006498308663463206,0.029012214249422453,0.0059458542429558685,0.6754189236935363,0.21179667499252744
dont forget about puerto rico,7,7,0.011880666256613704,0.02226380002288531,0.006716383917351087,0.008669490558099392,0.043726165929717155,0.006127714538294844,0.16369366734535268,0.7369221208473571
breaking tornado watch in orlando area hurricaneirma,6,1,0.009107578199968743,0.5203364541671389,0.00463070400610064,0.0063832715610702565,0.019927982438493353,0.006472127226013301,0.3609760726889126,0.07216577863523202
is postponing the floridapeppi due to the impact of hurricane irma on florida new date and venue wil,6,6,0.007487476669007133,0.052218969983356546,0.004974472663345706,0.007010569223269006,0.027783100448376546,0.005757140602871626,0.5770896956680172,0.3176785523585824
popular on 500px before hurricane irma by lindahammad streetphotography,7,6,0.009758371812402434,0.06787476391561181,0.00392774664947248,0.006912002274631835,0.024639725391164942,0.0056710892525982225,0.4546659874118264,0.4265502989534168
sarasota group escapes ca wildfire usa vacation travel,7,7,0.3645705938134379,0.008796426463737465,0.004194914807072985,0.00668997360875225,0.018498640550264126,0.003513873746706375,0.06522812078771441,0.5285074674400949
donald drumpf puerto rico wants everything to be done for them,7,7,0.00949193666121192,0.01827993884859272,0.0050592485309925135,0.010107913909204168,0.3041970342680432,0.0054218534884038026,0.11321257483934272,0.5342294451557745
electricity is something you dont notice until its gone report from puerto rico,1,7,0.006878299269207575,0.2054680213105009,0.007515121362155333,0.0068200661263077035,0.021872214889196308,0.015460795862060098,0.25248673965975,0.48349877376320965
raradio israel sends aid to mexico after devastating earthquake claims 248 lives,4,4,0.029437078953056143,0.005782293725084713,0.27229264296420985,0.02966178904446945,0.5726963439941971,0.008254868686839686,0.05009167390235226,0.03178331293005551
my tattoo so so so in love credit simon mora at hollow crown tattoo liverpool anime tattoo,7,7,0.007350213974508188,0.019928851427543096,0.006745038023580499,0.01047118190069294,0.047514497921013255,0.006076912405773301,0.11086136583107618,0.7910519490240415
postkatrina lessons for harveys returning students,7,6,0.03600083524742857,0.022413368896983768,0.004784034796350089,0.01287937048592445,0.2770100361486629,0.005666500526582843,0.3621945749497587,0.27905128246870803
if you dont like our president then dont accept federal fund relief help for hurricane maria dont be a hipocrite,7,4,0.006816840952286216,0.016617568752692616,0.005925264508977527,0.010754521307610834,0.6784806137424388,0.006324026501062068,0.12078159767705228,0.15429953830591828
one california doctoras dangerous mission to save his newborn patients from fire,4,4,0.013237379201442493,0.012143508410462744,0.006340619633909763,0.017360275128434337,0.5721913290525027,0.005166656534021957,0.302764487712225,0.07079574671118675
trending this week operators prepare for irma restaurant serves as shelter,4,6,0.018713378762225008,0.020479668824592658,0.004257149862090655,0.010676003025279634,0.2747521348504398,0.005918496240861191,0.5827146818522349,0.08248853210299534
charter communications commits 135 million to hurricane irma relief efforts,4,4,0.007659829887008349,0.035610031279184766,0.00700927382990722,0.011882043910674676,0.7655540067071717,0.009402019415371608,0.11078595802565364,0.05209689024461899
tonight is dedicated to you puerto rico make sure to tune in on nbc at 10 et 9 ct a12ca12c,7,7,0.009375793291011616,0.014040500865068696,0.006388905306075136,0.009699569464859538,0.057450116746247976,0.0049628923710446715,0.13906656082491553,0.7590156782688584
i live in puerto rico and its hella hot but who cares imma be rocking this shit for days,7,7,0.03320082030959347,0.017837518195245396,0.007502846921485143,0.010499407487089317,0.03204747276938934,0.006037256196898981,0.17774636260885499,0.7151283148807633
roundup bitcoin blowing up california fire survival story amp college basketball player,7,7,0.011364688361856107,0.05806436143744337,0.00396138973692867,0.006718319543277459,0.027816749494464155,0.005677497459589182,0.202837125612437,0.6835598863564695
i had a great time packing meal for puerto rico yesterday a14y5a14y7a14y5a14y7a14y5a14y7,7,7,0.00930060578610634,0.013580960094118555,0.005079673106366312,0.010529160237807915,0.23080772289133722,0.005166027364011714,0.10359934317673662,0.6219365505906431
junk food dirty water and disease a month later puerto rico is still suffering,6,4,0.031257846090018845,0.1656177766847058,0.005344476935808414,0.007571567498986204,0.349621531902178,0.015026295940474083,0.16282021416084477,0.2627402710615718
flesheating bacteria cancercausing chemicals and mold harvey and irmas lingering health threats,6,6,0.010873227868205267,0.23611673592988244,0.006011386243625105,0.004648889257604786,0.022090712526750628,0.007343450475153839,0.5873894716074963,0.12552618485307943
he collected donations for tx after hurricaneharvey now lorain councilman sends supplies to fl for hurricaneirma,4,4,0.006845138673277541,0.012693961919789266,0.0055944385113095236,0.011415944201401813,0.8530604112123827,0.006519912176333444,0.05810815071700816,0.045762014119203276
california native loses everything in fire just two wee topstories,6,7,0.2636875561364724,0.11772475032028319,0.010749663484943437,0.008264396730287341,0.011368882196174313,0.017568883363548348,0.13691454553963475,0.4337213228247026
fema to rush recovery money for insurance claims related to harvey algeria,6,4,0.009632890247538023,0.03375772142455338,0.003525553809633478,0.010379004370715867,0.7289599471267749,0.010356780555042399,0.12497030035175831,0.0784177917198416
new death toll in californias wildfires has jumped to 21 details,2,2,0.00386998282883003,0.006230668707742788,0.9343129662437137,0.004085631658783441,0.003737756689444489,0.004155736950606471,0.030258881893056932,0.01334842815162588
league city tx this morning harvey,7,6,0.008668335058727897,0.07585127135308875,0.003831015693494676,0.006100654621341609,0.026641094746364256,0.006449082048181821,0.5280976682721126,0.34436085069541955
midnight circus is so cool for the whole family link for tix,7,6,0.016364089783809058,0.1607535155102713,0.007246348128718494,0.010642765693980752,0.0666443313401027,0.006084755577265173,0.48737065983750516,0.24489352394433497
beyoncas list of climate change disasters seem to include the mexico 81 earthquake,6,6,0.0068529655745662695,0.08246141311544906,0.006031772569831158,0.005589553305839035,0.017698567932663528,0.0064968797435369955,0.7562827298601629,0.11858612153127329
fire jumps southern california highway in rancho cucamonga a nbc 7 sana diego,1,1,0.005939634761746902,0.7283503218251419,0.01280371392647751,0.004002379015571497,0.011359223006362764,0.012844741916644871,0.19374444030405133,0.030955488181869134
tropical update tropical storm maria is bigger hurricane lee is stronger no issue for fl moving away swfl,6,6,0.008528469553309161,0.05220076577805334,0.004674786975842844,0.00692213411035678,0.02335707832128649,0.006438774802496799,0.7888720120052322,0.10900601606764941
harvey houstonstrong watch gulf 20 chance tropical development next 5 days would likely move toward tx,6,6,0.008438639501974128,0.053896798270919775,0.004945917637808483,0.007229657868387502,0.023928810823963306,0.0062789818869592355,0.7835911741127941,0.111690001529184
dont get sick helping w harvey,6,4,0.01533631785366858,0.015108838250987522,0.004354984039632521,0.010936953533780451,0.742614140897575,0.005599263706093667,0.08762135586017544,0.11842816826803611
early morning reminder to do your part californiawildfires california,6,7,0.006962366867008348,0.019134099058840802,0.0062161241223261205,0.010168089147399459,0.10700854387737206,0.005456402696222281,0.1446058912737874,0.7004484457437218
homes and lives in ruins in california wildfires nbc nightly news,1,1,0.010553332479785382,0.8831072330969687,0.010753271230000782,0.005107079852228254,0.032557963105510124,0.018949150992558544,0.029320947938007852,0.009651038955831413
jose andres wants to use school kitchens in puerto rico to feed more people,4,4,0.006678039933740552,0.014460925323528375,0.005074577595490301,0.010985301720090481,0.8187063538792013,0.006116526637213436,0.05226945171124746,0.08570884470649118
meet harvey and irma a love thatas weathered 75 years fitnessworldabs,7,7,0.1007602788775439,0.014574199774763808,0.006125598505761524,0.013940407477535832,0.03143614655938838,0.005501303799035587,0.2334962891877187,0.5941657664386697
icymi trump pushes to run for senate during irma recovery visit,7,6,0.011373974794903163,0.024750885090792,0.006856281870454497,0.009589396695591616,0.1575242517394964,0.005295570919695683,0.5424051215230818,0.24220451048816755
why couldnt and have come to puerto rico instead of,7,7,0.008960739965791888,0.02364441812405411,0.008273228879351741,0.010698282405062688,0.047278963872784345,0.006072172160058682,0.1309043712579295,0.7641678654633437
the gym above subway got destroyed the cement wall got blown out hurricanemaria,1,7,0.004979001388694391,0.38682585729040403,0.00611158494221819,0.004037221007311307,0.009187438314819938,0.017133595151236674,0.08757223364428018,0.48415301648415676
5am irma update national hurricane center still has irma making landfall near miami sunday as cat 4 storm,6,6,0.008539014840336367,0.07770769306206203,0.004941854274437205,0.007455688887346823,0.022601422610438588,0.006095114338946104,0.7809497258788981,0.09170952258744006
waiting for answers in corpus christi,7,6,0.11349462838183358,0.02754056139056653,0.007484485836062587,0.01605332030616745,0.05356889882181341,0.006208470624144019,0.5540950159330709,0.22155463044100596
gospel singer performs for harvey evacuees in conroe,7,4,0.04741893220973579,0.017647549224230702,0.005484234631700691,0.012223362086927179,0.6398629705264375,0.00615160201495105,0.11998549876488365,0.1512258525621034
tampa news polk county flower shop struggling with business after damage from hurricane irma,6,1,0.016951078005111423,0.7740391041863397,0.006815438017588163,0.005563599909423908,0.026744632187349838,0.03914252929132644,0.11658241290377418,0.014161236703049177
proposed rewiring for puerto rico,7,7,0.008315181358025277,0.06351697228943336,0.004319885668730655,0.007806516326809571,0.07431926872408567,0.007321387074521518,0.16386540006413008,0.6705353922102409
from the ap archives old san juan mainly untouched by hurricane maria,6,1,0.006394257171365492,0.7433309821373093,0.003709814521345398,0.0038807370917075174,0.010037474881216655,0.01188414398317246,0.17044936457338206,0.050313229579995566
whats left of the mighty hurricane maria is now passing harmlessly to the south of us,6,1,0.011241341749330763,0.4472766276315846,0.004175149608524522,0.004676008093054007,0.021909806568907956,0.00959368416951995,0.44315352761781024,0.0579738884800361
the caribbean has been hit by a lot of storms this year but we still have 72 days until hurricane season ends,6,6,0.009057459158498798,0.3019241248692912,0.004523697289172546,0.004035198307490241,0.012629858581551086,0.009031021497674652,0.6116746995585947,0.04712389415180751
nature at its fiercest and humanity at its best,7,7,0.014833264084918614,0.020278200087329206,0.006162370540688537,0.010461291442776514,0.04448521425011337,0.0057318730126921895,0.1644152983348373,0.7336325502456611
rescue workers in iran search for survivors after blocks in town of 30000 people collapsed,4,4,0.05013704815480298,0.021058899210375216,0.032003713750666594,0.11682177042453476,0.7220873148019358,0.019528280333696503,0.01933615718617154,0.019026775547286445
help raise money for harvey amp irma victims at on 920 ticket link,4,4,0.009715130324674734,0.01062136509172188,0.005837405574867678,0.01183763644691687,0.8492777511174004,0.005540475264608411,0.04102004360532936,0.06615012404514621
a message from the queen to the president of mexico following the recent earthquake,7,6,0.01281014523693575,0.02437825689702993,0.00490586118339393,0.008485289558294348,0.050992685032313925,0.004586714428536805,0.6332488006856809,0.2605922754914192
same region different islands distinct difference between irma and maria tracks in the caribbean,6,6,0.006378852748150903,0.076338205829159,0.004041924695188141,0.0057277115701152214,0.02019180784252743,0.0064759744923728905,0.7399642913613746,0.14088123502400274
now i know why trump is spoiled he switch to imported milk please share i am hungry in puerto rico,7,7,0.01837139208336396,0.015551090085576579,0.004813173595355561,0.010318243746636566,0.04056238226790727,0.0049677469994554415,0.12398392662318783,0.781432036514746
sabine pass lng terminal receives first tanker since disruption from hurricane harvey,6,7,0.00556254989676637,0.26834526894926264,0.004078621615998316,0.005189069653290061,0.025441119138510174,0.023179341358992536,0.20473255983646133,0.46347151886657717
help is urgently needed in cuba through friday 922 cda will collect donations for irma,4,4,0.0071024152999186,0.01146453120079051,0.0054101505892266664,0.01191012902988141,0.8471074209045888,0.006259113853318316,0.05884346127866523,0.051902764398150156
austin stands with houston scenes from weekend hurricane harvey benefits,4,7,0.008612087394255022,0.04155187846115785,0.0034903929259821314,0.006186671680310516,0.03646487552355573,0.005929266249141937,0.2797319025096009,0.6180329236389872
forget about can you hear me now under this cell phone coverage scenario 13th day mariapr hurricanemaria,7,7,0.007323999215318659,0.024041208833884425,0.005014139263495274,0.008489498920169791,0.03625885500020408,0.0054222467695523285,0.17769895301104766,0.7357511355180377
good gear morakniv garberg fixedblade knife,7,7,0.009756568373412345,0.019415423852942277,0.005635873564279088,0.008880269073108668,0.04469496644053345,0.005236311280948939,0.13672099952416156,0.7696595459461733
us to provide rs350mn flood relief to srilanka,4,4,0.00743580236433687,0.015325104197695996,0.0061262714650035495,0.01110541930300176,0.8407345884594795,0.007081992342916122,0.04927344600127768,0.062917419838684
hurricane harvey victims take shelter in san angelo,0,0,0.9087383149013353,0.0063971555833429086,0.0050201643634379435,0.0057952601210492435,0.04115871858801234,0.004540309002232093,0.02142650877269445,0.0069235298457143105
days of national mourning over life and traffic getting back to normal mexicoearthquake mexicocity,7,6,0.0080815641152586,0.12551501965600104,0.006824374352199533,0.005948659729071599,0.013947640177123813,0.01001843455963266,0.7010116643232503,0.1286526307855643
if you havent seen the destruction from harvey heres what our rv park looks like im standing at the front door,1,7,0.005669802291946572,0.3658523272722784,0.0054450540537822716,0.0037118110491884807,0.008432637658590965,0.012502130426914015,0.044389118911171296,0.5539971169894937
hurricane maria wont impact directly but indirectly bring high surf to our coastline the next two days,6,6,0.00797067698951844,0.16263001652877257,0.004538855548885066,0.004723979868608559,0.015440052254014545,0.007425869391398317,0.7349873853203941,0.062283180430313806
letters hard to know if trump will learn anything from hurricane harvey,6,7,0.012549301149454918,0.02561378055236152,0.006327391876404095,0.008314076952167624,0.03150812937189431,0.005673742700719565,0.24985256017248092,0.6601610286204129
new 00z gfs shows irma as intense hurricane just offshore of miami sunday am tropics,6,6,0.007166384494831425,0.06460372372990732,0.004643459921948014,0.006616279854190202,0.02086464200650109,0.006104051764851214,0.7817038593873107,0.10829759929535297
oliveharvey collegehonoring the us powmia war veterans on today,7,4,0.01162684980683267,0.02030472651550186,0.006842368464569967,0.011442918262303009,0.5604980864426591,0.007273606415502264,0.11850402251781565,0.263507461528554
hmmmm todays weather map vs the one from the day after tomorrow irma doomsday,6,7,0.0066920083578358115,0.044453563863712756,0.0051216131033464075,0.0067722128066431235,0.02906745508076118,0.006230867280669544,0.39363907709752466,0.5080231702695646
sislovesme moka mora hush hush big brother full video porn sexy hot,7,7,0.010634159359629842,0.021681666759801314,0.006203915356379073,0.010593142583270864,0.03535658797604113,0.0050081268697190155,0.13080102987549394,0.7797214053200409
father dies of asthma attack from californiaa wildfires,2,2,0.057265593908461525,0.0075747455896617525,0.7812529686816139,0.019204337365048698,0.032507129728896966,0.00588081184665755,0.0812504876109614,0.015063932998675655
iom plans more help for floodhit srilanka top news,4,4,0.007596267809769804,0.016804028424840765,0.006199378783134104,0.011199499509871445,0.7995231988346371,0.006937610561525819,0.06835118881941757,0.08338875232724566
harvey still causing damage and flooding,1,1,0.005813377451196764,0.8821150209069517,0.004695709544775122,0.003529716947111361,0.008766538183554719,0.01235058638691122,0.0647318558645426,0.01799717349040601
still doesnt have the majority of menu items a whole week after irma hit 2,7,6,0.01378750681204615,0.24693865708468077,0.00653932563413788,0.009845504245076,0.0462911910867748,0.0066842033018863715,0.4500475762442305,0.21986602019174883
watch now 330 killed earthquake 75 magnitude in iraq and kuwait,2,2,0.003955589469352226,0.004403506882978102,0.9332342379116565,0.004319233338219033,0.005343249344876373,0.004224232125982725,0.031053291408535508,0.01346655559444172
leepride red raiders helping with hurricane harvey disaster relief a12ea128pts,4,4,0.008626721619309077,0.011782619511934591,0.0055440754300012975,0.010761383854422614,0.8496420578642482,0.006745255158569001,0.0610424196951086,0.0458554360585469
found with an injured wing this little owl is now receiving the care he deserves at our affiliate swfc irma,4,3,0.12237128224641355,0.0629514048717369,0.15030788682046164,0.29175658444365055,0.1199733312909787,0.05740913715597354,0.03763634145898296,0.1575940165126177
losangelestimes another fire has broken out in southerncalifornia,6,1,0.006429779353873543,0.6521277674838879,0.023298949313698504,0.006007604861732926,0.015520678618625444,0.015315301019883282,0.1853594237732052,0.09594053530065763
money irma business what us decline the world still watches the fed via bv ai blooma,7,7,0.007085922844080281,0.024922714671383996,0.005275253772279475,0.007906416426690294,0.03525577814812676,0.005598617774470262,0.1968478952602974,0.717107388098789
2017 joins a list of elite years with multiple category 5s in the atlantic maria irma,6,6,0.009010423013882623,0.0372129971689499,0.014624429547607292,0.008446027501606085,0.03693158048323472,0.006540099468706475,0.6527882742406128,0.23444615341346856
wsbtv reports bmonahanwsb maria is actually a hurricane again barely wind at 75 mph but its headed ou,6,6,0.009373062292281235,0.15578494132367,0.004920940424242334,0.006668622584226049,0.019147604787279716,0.00740140812334936,0.7036015923034082,0.09310184738404105
new bbe blog post telemedicine provides care for hurricane harvey victims,4,4,0.010677382824156563,0.00989235268274939,0.005328640979585466,0.010960403583414451,0.7911854663893662,0.006146223567190832,0.11698357535222614,0.048825942423895596
live at this am awaiting arrival of on his way to puerto rico abc7ny,7,7,0.01604648078864434,0.013494639451753403,0.005692109844626954,0.012163331195315099,0.03643663881476246,0.0059773035156974645,0.13739454772206824,0.7727949290892764
extension granted due to hurricane irma amp harvey,6,6,0.008943655948725867,0.12696062227354313,0.00423232407940759,0.006729841402133171,0.06909935644421357,0.008368172839505066,0.6855589765065687,0.09010709025009377
meet carmen yulan cruz the woman taking on donald trump after hurricane maria a newsweea,7,7,0.04910379846476592,0.013861998886009691,0.004588044249108349,0.012665302035621018,0.04499386034410181,0.004700139119516313,0.12982183453175114,0.7402650312975989
cnn when hurricane maria knocked out power and phone phoneservices puertorico,1,1,0.005279459335888946,0.8578052962461042,0.007609379481181385,0.003823973116183518,0.007803310913816429,0.01939396362059735,0.07651263572103112,0.02177204184505062
puerto rico board asks congress for backing in fight with governor,7,7,0.008019012262787827,0.02107705767182325,0.00465039059611639,0.009770866883391726,0.15229523469554812,0.005830790734601118,0.12610077113396695,0.6722558653365843
photos show destruction and scramble for survivors after deadly mexico earthquake,1,3,0.0684447741646457,0.1316472454332307,0.029944811358036477,0.40603926633550924,0.21198267338664117,0.07331930148383653,0.061901846756219694,0.01672008450914756
homes of the rich and famous in the path of hurricane irma,6,1,0.012721250518407981,0.46193635318369636,0.006029389609922852,0.005096702055083722,0.011618366572852534,0.03208515287559652,0.37015707923893315,0.10035570656949297
visit our infrastructure map at the hurricane maria portal,7,1,0.007619275849868751,0.6320738579331863,0.0036838793134413477,0.0049086898130280545,0.021709022099870502,0.01110077942671644,0.2628755887757176,0.05602895988519939
latest update on maria slow movement of storm could enhance impacts especially over the outer banks,6,6,0.0061574438305154215,0.16833904558524557,0.0044480412238332755,0.004796912224344615,0.013869372187805476,0.007341757696847949,0.7268587219996347,0.06818867452249365
1994a1 aministry of soundadj harveya12 6a a a,7,7,0.00798197517962635,0.027826554584448025,0.006105039014023898,0.009695049621128497,0.04203494204048659,0.005616198287918218,0.19978682443631088,0.7009534093435674
harvey was not a product of climate caused by change,6,6,0.006577988615416872,0.15395426874207177,0.00482793492221925,0.005044369172257659,0.014257547142879818,0.008106211022891196,0.661502762042568,0.14572893685147792
over 15 million people exposed to strong shaking after mexicoearthquake report,6,6,0.23962247815055276,0.1329505468088441,0.030134015042376092,0.0065040537157649205,0.05613540898439493,0.01370638099414817,0.36519216606502564,0.15575492498142518
is mentoring a moral obligation,7,7,0.009687208058458577,0.02020541136909762,0.006287415335923963,0.010176048618546029,0.06921651322564937,0.0056155416919279446,0.1354204970693018,0.7433914044032253
hope was just 10 days old when her family was rescued following harvey photo by noelle mills,0,3,0.07081576255269856,0.012445981452002083,0.011575709393508386,0.6207178338183511,0.08244047031866315,0.019388922725451063,0.058420327807603915,0.12419496980582573
everyone is welcome zumba for puerto rico,7,7,0.010695150163346634,0.015311992003075021,0.006414087881031362,0.009610078311400332,0.0737544194920187,0.004529995986953167,0.11350369855963334,0.7661805577560574
tumi morake and martin bester join forces on jacaranda fmas new breakfast show,7,7,0.009286357608695093,0.01593021655635136,0.005942873408418508,0.009463618272572936,0.06446812890328531,0.0049574239901173526,0.1303069118790521,0.7596444661940558
storm heads north off u s coast as irma like system eyes florida keys usnews,6,6,0.009043884347204965,0.0888951057528881,0.004358232153767785,0.005752439331056273,0.01887100027818053,0.006183717303353968,0.7492627852141432,0.1176327990766356
sundayas paper has zero mention of the california wildfires unbelievable not even a teaser at the bottom,7,7,0.0071148014166013095,0.09195359005512536,0.007719126744516412,0.007600042458113791,0.023160362717318923,0.007621180636522682,0.39805720868803746,0.4567737213515438
what hurricane irma taught me by rebecca sherry eshraghi bahai,6,7,0.01420179644601843,0.03120832890247779,0.0038408595454601127,0.007847668240261592,0.029091819091885678,0.005287208478967172,0.2579639311262161,0.6505583835895165
hurricane harvey drenches texas one stormrelated death reported,2,2,0.00402357948246248,0.0072687405120201495,0.9306280055257063,0.004721667407775339,0.003916352738467344,0.004618771282366825,0.03155095406824591,0.013271978455974906
a we lost everything but we will rebuilda,1,1,0.030509137516932374,0.3711822827554013,0.007408148259711179,0.00882040327218091,0.03817574192339479,0.02699125751276227,0.2001615971120327,0.3167515135294652
condor survival craft amp mora clipper knifea comparison,7,7,0.012338769731702883,0.017121225515618513,0.004492721656205824,0.010764895565787143,0.0747099860756412,0.0049684774019638925,0.2045365798592336,0.6710674008555124
hi douglas wilbur here had a scary time last plane from orlando b4 irma hope all in florida r ok,7,7,0.07821021975121831,0.024833100461941277,0.006939359838631522,0.00873052783675143,0.02195013944570014,0.0075774789075008205,0.15653972804928765,0.6952194583200951
oucou7 release on the arrival of hurricane irma in the dominican republic,6,6,0.007234169803180753,0.11313313023224142,0.004140728353359044,0.006089118940956126,0.0321766646151973,0.005963521735335828,0.7475211014577838,0.0837415400747953
student saves dozens of birds injured by hurricanemaria in puerto rico,4,4,0.021302613327487223,0.018544548858483088,0.16775647157117962,0.13029080218701586,0.5555466940181697,0.02423772069122303,0.030495747099421402,0.05182542100385667
first day back in class after hurricane irma todays word goal set goals today to become a better you tomorrow,6,7,0.013765570172979462,0.015798086277252692,0.005600602293441379,0.010522101378253277,0.05927530164256379,0.004896583358695171,0.15530139897216427,0.7348403603244305
me and my cousins waiting on the power to come back on hurricaneharvey,6,7,0.08327864588800617,0.22622788466981678,0.006887577190591123,0.006482787179136926,0.016403958624768903,0.018159576203683248,0.10768842237831142,0.5348711099119622
mexico tallying economic cost of big earthquake,6,6,0.010424843096626928,0.3718144103734853,0.0045807881098806555,0.0043517289642728205,0.020131205310228405,0.009711258511211783,0.4246407554488918,0.1543449679522518
federal loans approved to help cities in hurricane harveys wake independentie,4,4,0.010259154337978325,0.018377651955370798,0.004767933739169947,0.010527363461502324,0.6936739346192182,0.006824355518281717,0.17056251766804845,0.08500710877974495
only 2 more days to apply for this years mora award at,7,7,0.011061202625891088,0.01316623072715586,0.006253733623285972,0.012471687175332044,0.10604945893541598,0.005962596940047256,0.12631579873848855,0.7187192724493159
uk weather warning met office issues rain warnings for uk as maria arrives,6,6,0.008294458792230255,0.05318107654738933,0.0049675069599367915,0.006976106496990808,0.030039482151424053,0.006053032935902114,0.7859152391705309,0.1045730973382064
remarkable growth of solar industry in maryland climateaction podcast,7,7,0.005898374825670378,0.06014394003569351,0.005302038218951206,0.007448549261198382,0.04456530138441535,0.006262119853059182,0.23213531694564377,0.6382443529584385
lots of backyard work can be time consuming but linemen do whateverittakes to get the lights back on irma,4,7,0.006226745262036359,0.13671242178530787,0.004607084213683654,0.007407678882121412,0.07334689123780962,0.010899060703036988,0.13576813947604402,0.6250319972490381
chp sends stern message to drone operators near californiaa wildfires,6,6,0.014143749310339872,0.02527089744575597,0.0067362087587362895,0.010252189610094225,0.11402127927450333,0.005563298485255571,0.6556026231133293,0.1684097550171271
us brigade working hard to reestablish power in puerto rico,4,4,0.008243310612604604,0.04155430451729743,0.004774606532240086,0.011008121504635046,0.7002385952988281,0.008658584462495006,0.07704597111467629,0.14847652839278422
hurricane maria path update shock spaghetti model warning a usa must watch out,6,6,0.008272450351119955,0.053011580829523224,0.0043647576487400724,0.006585693315813571,0.021398865211842016,0.005901647518966787,0.7883845815841748,0.11208040226870301
edaccessiblert jugosocial amorality is simply an attitude we adopt toward people we dislikea oscarwilde moraa,7,7,0.012495701513816706,0.020329882750167613,0.005968231896549092,0.00966800435827138,0.033865240484792024,0.005115926663392751,0.1345716605845959,0.7779853131258853
mexico withdrew its offer of harvey aid to texas after last weeks powerful earthquake,4,4,0.006831138094143589,0.015351766689044692,0.005141839039505544,0.011819008033704854,0.7160166094519367,0.006472020739765218,0.17379069073296347,0.0645769737897213
mike grabow 40 identified as among those killed in tubbs fire,0,2,0.004238962212822615,0.004202584399610919,0.9159325376915434,0.007888117436438295,0.010975127790400876,0.00521837540738657,0.030457856336851854,0.021086514073598427
news artists grapple with devastation caused by california wildfires,6,1,0.37660442295328106,0.42813861483625826,0.007576687232268915,0.006777062609994404,0.010949989369020582,0.014007081345219847,0.10420049833756545,0.051745644936892744
a shrinking shrinking shrinkinga puerto rico faces a demographica disaster,1,7,0.009952672977630162,0.14409175392010223,0.004468132451014341,0.005568589810525511,0.02376858861622397,0.007849550317881841,0.18172441088766197,0.6225763285116024
early expert opinion is that hurricane irma will have little if any lasting effect on reala,6,6,0.007283110390335698,0.10084463162729557,0.004347421395145269,0.0055840587120313855,0.0176768851202032,0.006804773344497293,0.7339271752238961,0.12353195205859957
deadly wildfires threaten thousands of acres of pot farms in california,1,1,0.011584920660230614,0.8835127885996168,0.007909880483681278,0.003876874106694926,0.006354759522671257,0.012891494544306359,0.05665908087181737,0.017210143688424714
iran pledges swift aid after major quake kills 400,4,2,0.009576517363929232,0.008583467775217977,0.8528108953729985,0.013665978496241153,0.07441535975429422,0.006337078763113882,0.021449292864922365,0.013161295317376396
icymi tandberg joined at the hip climatesilence climatechange renewables harvey irma maria auspol,7,6,0.008273185122848062,0.04142250359827553,0.005190767643868539,0.008211730725209077,0.04610260471672742,0.006551105515939295,0.5546063173313468,0.32964179797451937
puerto rico aid bill named for slang that means cool,7,7,0.0062536858095313804,0.017231671725848982,0.005483168055125884,0.010533630523344618,0.18720962441979455,0.006337162326853632,0.19713612375834966,0.5698149018488972
my heart goes with iran and iraq 73 earthquake pray for sarpole zahab and kurdistan fff444,7,7,0.018637426482530032,0.017909450974922185,0.007647530999571374,0.008982628288926622,0.04416157867316651,0.00541280673906737,0.33684577414746947,0.5604027907850514
letter to the editor who will pay for houston work hurricaneharvey,6,6,0.00742242039334344,0.020071861139728142,0.004185272367419676,0.009291749709773816,0.137066904889688,0.005795766490532546,0.5562356276948094,0.25993039596195894
furry responder brings hope to mexico earthquakea victims,4,7,0.01300469270366821,0.008268963318599266,0.005575852663527977,0.013201840483652475,0.3217642675598441,0.005039132890124438,0.05522139002379986,0.5779238627176864
powerful earthquake slams into mexico city,6,6,0.011111464831823577,0.22436144768157576,0.007112416866773823,0.004192188039365274,0.012155948120797198,0.008611468523385395,0.6145459797105706,0.11790910426542665
silverado lending help to hurricane irma victims,4,4,0.012679178419999534,0.010180047154894793,0.0058443993401656475,0.0117795876715074,0.8524251748445286,0.006150478395560679,0.06157513879140588,0.03936596213139313
a join us oct 1st 1000am 6pm show your support and love for victims of mexicos earthquake,4,4,0.01031167127362391,0.009284136831715872,0.0058975833566511865,0.012025450171466695,0.7698199673801803,0.004990438208304046,0.09385591570586092,0.09381484314383821
a picture worth a thousand words hurricaneharvey,7,7,0.01676253186259852,0.03510345048055668,0.005602404739692806,0.008616482485745192,0.03469975993355902,0.0060816014877397295,0.342991205341977,0.5501425773492596
us carriers offer free calls texts and data after hurricane maria and mexicoa,4,6,0.00997126340734816,0.025933218657406557,0.004179504721377862,0.009257595593654043,0.11732721284957115,0.005819212804390458,0.5468992360766578,0.28061273528873854
hurricane maria has flooded multiple roads on ocracoke island again today,1,1,0.0053212750945098196,0.8826540600468809,0.005335581902074145,0.0035387025801027006,0.007628627837764101,0.017645373180552607,0.060090191800819766,0.017786263375684824
hurricanes irma harvey apply brakes to us economy marketwatch econ,6,6,0.009106952865788335,0.06389388441460306,0.004048332840232568,0.0058078393044746,0.03249022294795226,0.006590701130293896,0.7491346349347486,0.12892742236742452
hij de la bernarda directly from puerto ricoajust 3 weeks away tkts going fast click,7,7,0.012775085883943884,0.013853409943029069,0.005937105407414486,0.009835809506082007,0.05014008889461956,0.005095396156506428,0.14205164464652376,0.7603114790567906
airmen from the kentucky ang deployed to caribbean for hurricanemaria relief operations,4,4,0.006603485760576315,0.011207032157759228,0.0059335792572911316,0.012166532694414861,0.8542997148878728,0.006887173293011913,0.05649986855089526,0.04640263935704904
san juan puerto rico cant wait to go back later this year livingthedream,7,7,0.012259504999120832,0.016646765380081995,0.005640242888839486,0.009398325181938429,0.04151747594008164,0.004697149106670561,0.13508579192650022,0.7747547537390892
fake irma video explodes online irma stjohn barbuda from the weather channel iphone app,7,7,0.004310551325809569,0.2537651959155494,0.005955573887558828,0.00462642817491806,0.01019912314131304,0.008982808077357648,0.1924460670292386,0.5197142538429104
houston corpus christi beaumont amp se texas seeing mosquitoes w zika virus harvey texas,7,6,0.012049410617238524,0.055651870649024784,0.004583003733294746,0.008631944444825094,0.0321603898457485,0.00526343936845538,0.6802030215444891,0.20145692219507952
its been done hurricane irma in lewd anime form we have reached peak horny,6,7,0.007753506693861014,0.041950287311350386,0.004137118063673936,0.0075381023257412565,0.02540462359205738,0.005806433341068943,0.3641126210747647,0.54329732891371
yes there were 4,7,7,0.015536162547426744,0.027422343963411262,0.011850056552913078,0.010391217843303975,0.03318300075332239,0.00705769689881726,0.17159270952455696,0.7229667814666567
from linkedin donts to trump in puerto rico this weeks top leadership stories,7,7,0.00933992835047632,0.015453514730292562,0.005936106934815968,0.009715078780475339,0.04754651141142237,0.005170977589781999,0.16148682428479727,0.745351076183502
gov scotts tour of irma s impact on swfl today travels around collier county hear what he had to say in marcoa,6,7,0.007244006661320968,0.06454203618078744,0.0039399506942413235,0.00579352808170796,0.031110272249456245,0.00564144067607379,0.3063390897049592,0.5753896585254779
kris jenner poses showing off her wealth meanwhile in puerto rico,7,7,0.03926009332740743,0.019321824893222154,0.006293171262070278,0.012451078474581765,0.037667272039441965,0.0059085966392846126,0.1290191267774425,0.7500788427821727
busy weekend new ropes from robinson cano billy hamilton and puerto ricos debut wbc game in 2006 sodomofo,7,7,0.008668267382272854,0.016353514448721695,0.006860280091479287,0.009794292316077523,0.041955085446583704,0.0052226065402164665,0.12549573780078582,0.7856502184028684
icymi mexicos second earthquake in two weeks leaves over 200 dead,2,2,0.0034833150391027287,0.006859230601486742,0.9331086102285222,0.004685336717373513,0.0037390573883802135,0.004527399954057003,0.030092196577570667,0.013504944751477649
call antinori construction to rebuild after irma 3867612805 eastcoastdockandseawall irma,1,1,0.006723081095176053,0.6141222427440316,0.003954077261845985,0.0062833264424992236,0.0893466383371335,0.01589795952923003,0.21281250699695475,0.050860149325236484
puerto rico mayor and montana firm feud on twitter over restoring power,7,7,0.00808905669469835,0.05849526333026263,0.00604556948121505,0.006861114950911025,0.03438858669636187,0.00639017281051883,0.1947024675347597,0.6850277496064837
the second disaster facing the victims of harvey and irma climatechange tfb f4f,0,0,0.46782464140433483,0.029208596912354917,0.008961085844665876,0.005156509553400668,0.07872408611643442,0.007536264685607647,0.3848489794600286,0.017739793135768494
happeningtoday tracking irma hurricane harvey relief efforts eat fit br campaign,6,4,0.009840710913970124,0.018898122408648178,0.005147922908618274,0.011532082218449192,0.5919793222912137,0.007879679465039122,0.12161875714746434,0.2331034411009061
update hurricane maria winds remain at 110 mph may increase in days,6,6,0.008035888375575107,0.13419357974652005,0.005462671515478099,0.005487317459178532,0.015588501354964304,0.006606581773647912,0.7628141529918432,0.061811343483014036
newsletter endangered earth harveys toxic toll,6,6,0.0064056960274731555,0.38727206658461166,0.00874429400299814,0.0048072751861379,0.013922870047301307,0.010781009405474747,0.4953989475801849,0.07266785446510451
asian traders look to snap up us crude in wake of hurricane harvey,6,6,0.015567000038139019,0.026099927805051513,0.004374977721710197,0.009574568969004087,0.12006861238500545,0.006259094662171289,0.6287089435362447,0.18934684377882807
yaall look at my presidenta12 c puertoricorelief mexicoearthquake,7,7,0.006518488685179486,0.03496591276792516,0.006388946155045159,0.007679895067955102,0.03234049353099795,0.006282155083051358,0.17986982186593778,0.7259542507970678
update northern california wildfires water tender operator killed in vehicle accident,2,2,0.0034550231571303684,0.014303979206235922,0.9308301498346794,0.005126864500985848,0.0037750532750568592,0.005364720273833398,0.030868723027865894,0.006275475172319908
this song starts a fire in me losangeles blink182 california a12s4,7,7,0.01273677710648822,0.02410961188699662,0.008244240866633555,0.011351622127765457,0.029579152991438706,0.005197746145457778,0.12182759204503944,0.7869532726433099
mexico city earthquake triggers migration wave toa cancun,6,7,0.02044705755382746,0.15183203514535015,0.005280069130153468,0.0051598016956330576,0.02119270359675759,0.006522569501823581,0.3891307960286424,0.40043496410913804
hurricane irma aftermath schools seek to regain normalcy,6,6,0.009364743097911602,0.406603503076373,0.005417248493764109,0.004260891154738901,0.042108003173093704,0.011898303594071735,0.5002078166223212,0.02013951531294169
opinion column harvey irma and 911 we can replace the stuff,6,6,0.03129361670745674,0.12635948989935641,0.0046720685144881965,0.010787864925388949,0.16855260945115935,0.024249326356576735,0.4849074031761367,0.14917763184728458
donate today a12fa14da12fa14da12fa14da12fa14da14y5a14y7a14y5a14y7a14y5a14y7a14y5a14y7,4,4,0.014951622236387137,0.021896034457393233,0.008013560329662855,0.015381155803824625,0.5365731535867699,0.008202216556216274,0.10031645131740366,0.2946657804176211
harris feinstein raise concerns about wireless emergency alert system deficiencies duringa,7,6,0.0057249663937372075,0.1363765286672084,0.005544729220847516,0.006320731244737826,0.03238057109363842,0.008413238087552406,0.5627970905731476,0.24244213796354946
bill murray is the man 20 donation to puertoricorelief for an autograph,4,4,0.006734586117816548,0.01302642529741902,0.005659037732714518,0.011923944904827045,0.6611381186568365,0.005986567269751971,0.06460005483936927,0.23093128160746706
hurricane irma symphony of compensation,0,6,0.00998973041371818,0.10005422292859131,0.004310952455052805,0.006411945058343893,0.029012049299093276,0.007071902197236052,0.6887645472888032,0.15438462009117762
85 of puerto rico remains without power 40 of people still dont have access to drinking water,0,1,0.33655938158859733,0.408421162903318,0.11761395123482124,0.01172372872190621,0.022381251251520053,0.028668242571117913,0.03880283793244975,0.03582943444579084
house approves harvey relief bill among debt ceiling controversy,7,7,0.009308032552280738,0.04342401031373472,0.004738095203218487,0.008201542066184543,0.10662750897354269,0.007793521898281992,0.18464627466234396,0.6352609845560302
friend sent me this picture of a building on her street mexicoearthquake,1,7,0.03901626563409572,0.371726397432377,0.006176276909603483,0.01001128500455651,0.03965479238869614,0.02372335354695141,0.10465301986567146,0.40503853955511976
tracking this area of heavy rain that produced a tornado warning tracking now on cbs47,6,6,0.0062306602802851534,0.1350572130429293,0.004261031982119596,0.0057237706518786366,0.017068404231412128,0.007000113269792575,0.7396575827134977,0.08500120005258371
our power just came back on we lost it for about 3 hours i thought about puerto rico the whole time,7,1,0.006280987619520995,0.4228402944571181,0.01319789318222967,0.005937017916540508,0.029177665396102115,0.02326669737722337,0.11899235137549793,0.38030704440531826
combined harvey amp irma losses could strain some reinsurers fitch,6,1,0.006753299592437725,0.6674404717101495,0.004908293021946322,0.0034651238053796077,0.0134914844278341,0.011005539624137705,0.26738218133308866,0.0255536081334673
seth troxler donates 10k to earthquake relief efforts challenges fellow umf mexico,4,4,0.006719691975164186,0.01067056415379532,0.00688178390685854,0.012544283380626393,0.8291869958838256,0.006394609133940403,0.04128135912099252,0.08632070126892617
come out and donate or volunteer to support those impacted by hurricane irma sat 923 pgcacirmadrive,4,4,0.008208561260994509,0.011863210897144108,0.005654546273098318,0.010889251612212703,0.8491026881041095,0.005767136446921119,0.041582683447951664,0.0669319504194408
our staffroom cake sale to help with irma,4,4,0.007302101603521287,0.015572486392827687,0.005684478638137434,0.01169911543303213,0.4580811194967537,0.007656495197213878,0.07384414496785438,0.4201600480400811
benjamin mora reveals his thoughts on the penalty for ceres read,7,7,0.010716171154574138,0.019074644222379554,0.0063484550300330995,0.009291037092198983,0.03889513349758266,0.005288878578097933,0.18594379576398468,0.7244418786634316
walt disney world in hurricane irma,6,6,0.013404196688360022,0.17943288002217833,0.003574354410554932,0.005287252345581698,0.028816818092513668,0.008559086035403013,0.43579877967205083,0.3251265978460139
hurricane maria important stuff for nc pm monday sept 25a 2017,6,6,0.00797557287628408,0.03842178664979961,0.004531850632413878,0.00711268338338533,0.050710249447284445,0.0058237258439582835,0.7647891024658375,0.120635023398028
watch multiple buildings collapse during earthquake in mexico city,1,1,0.004963901782599725,0.876429387661777,0.011811638985083653,0.004205037621569107,0.008102776525733676,0.027058276229334044,0.050669837975908696,0.0167590481509139
you can hurt me and try to break me but ill always rise and ill tear you the fuck up like a tornado,7,7,0.017108920262849187,0.031291763327451434,0.010963487155075434,0.009844680983281803,0.2668722823079872,0.006522127365853654,0.17308144492617147,0.4843153256878716
when an earthquake struck this rural corner of mexico city the flimsy shacks,7,7,0.007323963486098476,0.2684622180578595,0.005453614609846781,0.003904894813536452,0.01567992563068713,0.007462315293672257,0.18059476826555712,0.5111182999958285
more evidence of high winds from irma in south florida head south,6,6,0.006569130375336338,0.15331399076028626,0.004018150808028651,0.00529484604876386,0.023305134123078063,0.006725080628944163,0.7450399528736833,0.05573367218219828
harrowing footage shows plane flying through hurricane irma,7,5,0.05414478873082133,0.17771348347159222,0.02099329463697031,0.04839009829911792,0.037960510200959086,0.4215258547043667,0.20911601074489827,0.030155942372961972
things still bad in puerto rico while more weather misery on the way,6,7,0.007310204972563547,0.11159963069238354,0.005301209224739501,0.005149364542037741,0.020830818862059203,0.007287091872413782,0.2208759060211489,0.6216457674816975
bill quigley warning letter to harvey and irma survivors from katrina survivor,6,0,0.49481562148592506,0.00821994431824738,0.006424322267361089,0.010213907982796446,0.04030972879634363,0.004018021381392977,0.3772003520519671,0.058798138447328556
deals todaysdeals nwt lularoe irmamystery sale extra large deals todaysdeals,7,7,0.009766219840254272,0.017946299413415648,0.007633687877917979,0.010156579695434494,0.048528810538167474,0.0053931824998500015,0.13054226706314323,0.7700329883153914
wildfires raging through northern california are terrifying,6,6,0.11623455594523596,0.29805088561211696,0.008076026728903306,0.004000529499721253,0.010021582553323053,0.007650941127225967,0.5190919183019609,0.036873512119388344
watching maria tropical storm watch issued for nc coast,6,6,0.009885541157215435,0.04635048020698491,0.0044457057262245496,0.007049440224291903,0.03082384151474842,0.005735777399831425,0.7931803625441007,0.10252881539047405
keep sharing the mexicoquake everyday,6,7,0.01096349749600475,0.02070385272113781,0.005968307043610382,0.009626391976161554,0.12721601924770898,0.005397788105867102,0.20544857140610243,0.6146755202777512
dynamo and dash players recount harvey experiences foreverorange,7,7,0.36937187474916905,0.00674765913155812,0.004577761417327773,0.0068917448401019255,0.017223033443260247,0.003863184631398874,0.05047016147939802,0.5408546059750362
pelosi wants the disaster relief package updated to include aid to california victims of the wildfires,4,4,0.010190483556951464,0.01158991186560863,0.005243104986302839,0.010081377029193948,0.8228780145113794,0.005655705598225498,0.07472765238873501,0.05963373158558112
quilting club in kewanee illinois made 75 quilts for puerto rico thank you ladies,4,7,0.006407967466867385,0.014869475661022188,0.0053188934169203705,0.011770314537373726,0.2555056877106269,0.0060299494173664,0.08260738183757954,0.6174903338288737
video news via cnn zakarias grand bargain to rebuild puerto rico,7,7,0.005800859832150706,0.055246295410510335,0.005173488893002251,0.010151230829089902,0.14956945894884116,0.010797673094706525,0.17118593324422374,0.5920750503783703
el fogon de jule has been offering a taste of puerto rico in readingpa for 25 years,7,7,0.008399077663990718,0.024799248718085923,0.005444153739215737,0.010170916390887592,0.10551918345884609,0.005268698849722609,0.14311154325283879,0.69728716068996
imagine math students donate thousands to hurricane harvey relief,4,4,0.04310696522790649,0.009452927547679246,0.006298884262841121,0.01182550835600435,0.8432224065913555,0.006287402469781646,0.03985052061579136,0.03995530304210292
queue of blooddonation after the destructive earthquake iran sympathy,4,6,0.011814215030143736,0.16474860301979047,0.005231688691006187,0.008996438556440955,0.055931474755928585,0.004985814419239449,0.5512677865265315,0.19702400772290732
chef juan jose cuevas speaks to puerto ricos resiliencyaand why you should visit in 2018,7,7,0.014273889253390976,0.016364868799790887,0.004917733755424054,0.009282178849857388,0.06720404110860963,0.004413791134156051,0.12371785514587715,0.7598256219812634
hurricane harvey and irma disasters bring potential of 700b unpaid mortgage balances,6,6,0.006907078198231556,0.29269923946555426,0.0038635243939386344,0.0035372303300947676,0.011081828658106637,0.009771867372861684,0.6257246493912895,0.04641455811770825
this worked for detroit and puerto ricolol,7,7,0.009400829536391292,0.02067500882747448,0.00590688255874031,0.008165159892922914,0.06561358919519282,0.005217721333481088,0.12109793135255804,0.7639228934384026
hurricane harvey victims waiting for food houston texas 2017 colorized,0,0,0.8478215223472332,0.005488189209847686,0.00453925578884192,0.0058763220349996445,0.09855585690760875,0.004390207897834515,0.025103227762806022,0.008225398860926577
gov edwards announces statewide blood drive to help victims of hurricane harvey nwlanews,4,4,0.01213922848173614,0.008189223862886588,0.00604814740162779,0.012078386300589782,0.8556580157114888,0.005317805128784904,0.056438586773076845,0.04413059653079968
i just had to evacuate my home in california due to the wildfire obviously i took the essentials,0,7,0.308939946581487,0.051459876833511525,0.00677150455357249,0.008485724810928004,0.03171983293109129,0.009848676613223679,0.07632195540862152,0.5064524539972678
birds parrots irma take care little birdies,7,7,0.03857952997780524,0.06347442285727396,0.006403917627779336,0.011740012575497952,0.08469590907284112,0.006954344676963977,0.3929912614047102,0.39516054850753723
dead ass a12 2a12 2a12 2 harveyirma kenneka jenkins iphone x,7,7,0.010191830996388429,0.014926625859587215,0.06715716782261597,0.01785206935693621,0.03683804648149055,0.008990330920670529,0.1109915196393538,0.7330524022360612
hurricane maria intensified explosively today from cat 3 to cat 5 loop,6,6,0.008254355236618173,0.05637291433538335,0.004906570223318597,0.006716483997189732,0.029281873270889366,0.006380050063872154,0.4557269375450025,0.43236080681136324
matt harvey fucks,7,7,0.017332539573532958,0.019669915257225414,0.008388042767958428,0.011684475586923091,0.039075033486469964,0.0063239899783691395,0.1272631177682611,0.7702628538417866
needing irma resources visit for an updated list dial 211 or text your zip code to 898a,4,6,0.010690818139240279,0.024111950270822722,0.004252612061754449,0.010856763677154612,0.20874815137937977,0.00560269783244948,0.5529672648155013,0.1827697248317171
sandy survivors warn harvey and irma victims about whats ahead,6,0,0.9104625604924992,0.005988494408940167,0.005090424079616248,0.005724461863450324,0.009486652460798573,0.0038364433613522334,0.04328541624972662,0.016125600460041637
hurricane marias predicted path twitter,6,6,0.011702885539601117,0.05809018254545486,0.0046851977925718566,0.006558236671788751,0.021046168018647716,0.006523935529932219,0.6866173725157425,0.20477598670846492
fundraiser for hurricane irma and harvey with women beyond survival,4,4,0.013278187196102695,0.012117772727865059,0.004683610221201326,0.010980825551761596,0.7934608296687016,0.005464843208582542,0.09937544222452951,0.06063853096874481
they did it supplies at ix to leave for puerto rico reports,4,4,0.008186719541815367,0.02837634483472553,0.005179888551899105,0.01133912071355538,0.4624063220518224,0.007703884176928463,0.1857604193445675,0.2910472984447382
attagirl aracely way to get out there today to clean up for our neighbors a12saa14da127a128sd6workin4u harvey,7,4,0.006899603443822458,0.01439932173312038,0.005533474983989166,0.01132942495931376,0.727912836993188,0.006045610588415673,0.073728141140122,0.1541517014068688
jose is expected to weaken as he moves north along the e coast while maria is expected to strengthen as she movea,7,6,0.008336535249614082,0.04764474810559237,0.0047590530309664526,0.00730091018677598,0.03432514862613011,0.006185168924042282,0.7691364649855597,0.12231196947483558
lets help to make them strong again hurricanemaria,6,4,0.017477406106680488,0.013604512379968075,0.004767390603963488,0.011893584913941175,0.6158698384057586,0.006914712062550149,0.15238111348628827,0.17709142801513178
need a job fema needs texans to help with harvey recovery,4,4,0.011095973441210853,0.010107672526915476,0.004602259575779525,0.011222133391859693,0.8394982199265942,0.006099241523195203,0.06441338193451634,0.05296112446374054
sent this to irma and he left me on read,6,6,0.017948121962910703,0.022577014883329742,0.011158584592194893,0.01371916189122815,0.04151359862466782,0.007731468980826199,0.5188805706667786,0.3664715030594856
uw experts weigh in hurricane irmaaos unique magnitude future recovery response,6,6,0.008837073977664867,0.09194280581093688,0.003151364157829909,0.0055933158263210304,0.049687257952520436,0.006752333156100701,0.7651271461054516,0.06890872051505395
oh my god i never actually tried using the tornado in lego dimensions before this is cute,7,7,0.011024574715107606,0.024081798719922557,0.006404984604567388,0.01110472634473996,0.03587954959199574,0.005287325025092638,0.12914651663313526,0.7770705701472194
thousands homeless as mexico quakes death toll tops 300,2,2,0.01572795113807004,0.003501842629041573,0.931839787945706,0.00511924458840749,0.003780327993500927,0.004220562571963499,0.005621615681795746,0.030188627578102922
major hurricane 0 maria category 3 115 mph windmapapp,6,6,0.008830066458569501,0.05706373593978049,0.004761488428856629,0.006989131264761459,0.022713860666083663,0.006409308080451192,0.7863637657370584,0.10686866833557139
rich rodriguez ranked 38th best college coach by athlon,7,7,0.012655580896990733,0.01621561069647543,0.01000571744215838,0.01086787134070373,0.04399558208150967,0.005634904655508667,0.1287270377877205,0.7718977059761984
3monthold girl who was ripped from fathers arms during hurricane harvey found dead,2,2,0.004704407615871126,0.005210250616000163,0.9103344450699056,0.018796329115574703,0.006834949746202213,0.007724461859165398,0.03056680032681398,0.015828436051544704
expert warns harvey will be us most expensive natural disaster via,6,6,0.01152984021983891,0.2173053230377662,0.004982950704799895,0.004270831149363802,0.025324027954073635,0.009695079823811285,0.6684808944059376,0.05841111126364378
this is where one of the best computer models predicts harvey will besix days from now,6,7,0.007418342145961573,0.07182526631647665,0.0042746465485155784,0.005839818413856844,0.01837317462187061,0.0065046111240896235,0.26601039396016385,0.6197537579957506
looking for answers times reporters tested the water in houston,6,6,0.04132531834432385,0.05245600293615009,0.0038794544872717994,0.00871592041220255,0.11968312724492115,0.005778206942991483,0.48447671912804957,0.2836852699920144
matt harvey fits in with the mets highly questionable rotation,7,7,0.01387602510552348,0.019200204689643445,0.006721679172272384,0.011042063444257306,0.03955962299362839,0.006192783132018634,0.11940729014871153,0.7840003445427999
tornado warnings popping up in south florida as irma nears,6,6,0.009396951879197618,0.07213876445374623,0.005143796151052436,0.005929407826650332,0.026810644047093015,0.0061931356449985205,0.8017282487223661,0.07265906448919887
from a one on onea documentary shows puerto rico school before the storm,7,6,0.012983348969918594,0.15105551326484024,0.0035077041905292273,0.005828247504649647,0.026626234542492338,0.007330262758007597,0.5300417443506256,0.2626269308321046
my son playing in prospect park jnj hurricaneirma2017 hurricanemaria,7,7,0.019671607996218827,0.039046076640938246,0.0044275174824328686,0.01207328415462948,0.052435622900250556,0.005013342413196653,0.10660302440414479,0.7607294995283747
california and wines postfire wine sommelier sfrfoodies,1,7,0.008663419756420668,0.024440378925704557,0.006218657246420129,0.009428327120617867,0.03537094346016284,0.005293359937977329,0.14431010702525252,0.7662748332325368
puerto rico is a ghost town as visitors stay away after storm,6,6,0.2884115881226114,0.03873656818686125,0.004732593687601108,0.007527521154188138,0.010100603000632414,0.006185358370039845,0.3854401180661795,0.25886565625594304
key largo couple says hurricane irma took water away from florida bay,1,6,0.07298653111611424,0.28876272627586513,0.004112559742386886,0.005276812493440797,0.03942943483912391,0.010094384023180723,0.47233807438573494,0.10699945644879222
lots of our forest to haul away thanks irma,6,7,0.00904752204426551,0.045912555508928476,0.003726127222758362,0.010377163163133809,0.1625653608404961,0.00801623061001738,0.35039630621751033,0.4099587114660565
are harvey and irma good enough reasons to dump mcdonaldas stock via,7,7,0.006693297635110957,0.04498520826328503,0.005101555373917775,0.008092578192303176,0.03612764408843202,0.0073767237305229355,0.3581100292210713,0.5335129354381001
she died in california wildfire trying to rescue hera puppy,2,2,0.3194093622280449,0.003702641193856694,0.5669038319188724,0.031352122747093515,0.038600019906731405,0.0067578156733439304,0.012163540843374154,0.021110680129073883
i came back from hurricane marias aftermath to annoying fan wars but what was i expecting rly,7,7,0.016839089087459475,0.0608503235277144,0.006610319985494471,0.006875277383153624,0.015328359341436238,0.007764923089462354,0.25451727356273063,0.631214416970178
powerful 71 magnitude earthquake hits southern mexico,6,6,0.009767449891577077,0.12779087322596316,0.021474285715283974,0.005494044038663496,0.012480949291263227,0.00702260527899768,0.7393321857209644,0.07663767442569457
warmer waters are fueling hurricane harveyas power,6,6,0.008645726022384073,0.38897376019470403,0.003988270800957259,0.0046563055732908795,0.015584006369964758,0.01068456348372133,0.5010248607967416,0.06644248941700974
hurricane harvey strikes a powerful blow to texas and lingers,6,6,0.009584174295623492,0.21780908938226462,0.004835434904387102,0.003940972164705329,0.01904173162399995,0.007871808758964363,0.6841643760854101,0.05275238320234753
a few anxious faces around gintime o8 irma,7,7,0.046222571594143315,0.025315592574193083,0.0065637355996134945,0.010544593141027823,0.02317950331689458,0.005479634780974282,0.21522960707772187,0.6674647698724188
held a miracle minute and raised 900 to aid victims of hurricaneharvey,4,4,0.009025810452920655,0.009086277412862576,0.006816794730759642,0.011816715653842997,0.8555802988386922,0.006021224315465152,0.055809995266352094,0.04584290638894262
after irma solar plus storage a small beacon of light in a sea of darkness,7,6,0.005673553959529221,0.10699500420704358,0.003744233252189464,0.00838112277692204,0.06990344150520535,0.007859102035771382,0.49363362425159674,0.30380988536422937
rockport tx 08272017 video footage via harvey hmrd,7,6,0.007633893626868703,0.3167440953333607,0.008334926104576396,0.008386848660644833,0.0298862207618288,0.020049231094469676,0.3673485580606074,0.24161623060447446
1 oz silver coin 2015 proof blue marlin guy harvey designed gainsville,7,7,0.0071253049406218875,0.019106715996590414,0.006831639716303992,0.010546947469949277,0.04808641204262169,0.006444261407897131,0.1323310806977924,0.7695276654691213
live qampa hurricane irma slams florida,6,6,0.010479995835107727,0.2288970001910904,0.005363647537491861,0.004173447239217001,0.012949963214978965,0.008461749594086757,0.6642639912503174,0.06541023611815536
confirmed tornado with storm north of south lake tahoe california cawx,7,6,0.018156457116170588,0.2268015753498689,0.019221287056537757,0.006718364911266028,0.019943173120760122,0.00892502667194769,0.6152419096459216,0.0849921522225767
hurricane maria not getting same amount of coverage as harvey ora irma,6,6,0.008029652025814824,0.11369771960102285,0.0038421526591861698,0.005631739246967999,0.01755361578146947,0.006832420072319147,0.7677817678681711,0.0766309709653628
guy fieri cooking 5000 meals day wildfire victims,7,4,0.00960364865690139,0.011821454538392109,0.004943753182925744,0.011288854458690888,0.8129023031726538,0.005528436753835995,0.051447009534855453,0.09246453631871536
trump tells people of puerto rico not to believe the fake news about response to,7,7,0.00996530758196492,0.01984598286425341,0.005892677884825532,0.008336708259193481,0.04087180654839956,0.004758752350770873,0.14665970850027074,0.7636690360215197
hurricane maria is pounding our hotel in fajardo puerto rico tourism,6,1,0.00878881960705088,0.5643312393846678,0.0037347967339391103,0.0033882613790875574,0.01810119173628887,0.011200636749448298,0.3361657888293985,0.05428925466501836
distributing tarps in huamuchil oaxaca mexicoearthquake,4,7,0.009111543902202745,0.027456757740011557,0.0067478639908750805,0.012949991795318395,0.29433670871053835,0.010770337847981301,0.13945488327487562,0.4991719374741245
in this afternoons matinee performance mr harvey thorne will be playing the part of al jolson,7,7,0.01378382953647112,0.016173755210556,0.008297819292471122,0.011959362557961808,0.05064144071559293,0.006018825853771726,0.10922950415329362,0.7838954468971655
anura were you scraping coconut for one year via lka srilanka floodsl,7,7,0.01009981210963508,0.02230883973934496,0.004477652857772889,0.008848558183753024,0.04553308841396013,0.004971934641682483,0.1543882597871076,0.7493718301792496
these photos show how residents are coping in puerto rico nearly one month after maria,6,7,0.38765743849617273,0.05625770487817149,0.004861588284930473,0.005475369787142063,0.018829311713032707,0.005248363840666172,0.08764666064645565,0.43402358656548734
espn puerto rico tipoff relocated to ccu because of hurricane maria,7,7,0.00832400684256041,0.029595056152241013,0.004473497038438534,0.0076729826325322974,0.04876983289384245,0.0052956913166228685,0.20474823040176346,0.6911206847637714
the ocean is already picking up irma didnt do anything this soon,6,6,0.006136802925336796,0.08787043315642454,0.0043046464600330694,0.005491666902185939,0.03041160605687128,0.00701138863160915,0.7377774316861441,0.1209960307186976
harvey a storm like no other by creationcare healthykids,6,6,0.011634635925027946,0.052071685502915036,0.0037350416101044476,0.006202368227511272,0.02509872917101013,0.005567789562089321,0.5091577934631989,0.38653192622824983
irma harvey florida have mercy blacks just trying to feed their starving families,7,6,0.23779995510204346,0.01107048489020921,0.00455566868980375,0.015548205519942938,0.26427309081256645,0.005966553020875693,0.30185510692966744,0.15893093235268205
schilling defends trump on puerto rico yet warns of grave consequences ahead,7,7,0.011999564379459505,0.02883589525531113,0.008184994680732409,0.00880255371506159,0.02700805916693164,0.005194666796915849,0.31345548709755067,0.5965187975647567
portorico hurricanemaria scam spam they keep on trying,7,7,0.011687906238274585,0.026258281365078386,0.005941367180519593,0.00916201679564712,0.04801203602879547,0.006467489157078063,0.2984847748686206,0.5939861054740774
urgent support needed for dominica island hardesthit by hurricanea maria,4,4,0.011198097228255736,0.015507116824250789,0.004346523820371998,0.012237634997429764,0.8118185157168978,0.006047714331605527,0.08889968965334533,0.04994471591684828
first indulgence since irma still no power but i have my caramelmacchiato,1,7,0.012614513494114401,0.2717399110314982,0.011039785548807942,0.007858951206494047,0.0187559990443805,0.01464172414933138,0.27846604876136816,0.3848830746243679
dallas readies itself for influx of hurricaneharvey evacuees hurricanerelief,0,4,0.247542557856212,0.026640377888535904,0.005038009778282597,0.014430900296368392,0.27750638030672137,0.007085575636073584,0.27255386348671146,0.14920232337964612
south florida peeps we need volunteers hurricanemaria puertorico,4,4,0.013572050664670642,0.013271412974338488,0.004586058564215244,0.012261064698222808,0.7759787039799887,0.006327918366693349,0.0794360791277825,0.09456667609413204
is out of patience with democrats who think we cant afford nice things like saving the planet,7,7,0.009326606752443279,0.020625667898823346,0.0055728271932869704,0.008903677630323627,0.04677920421516351,0.005461172060470079,0.13862303533485937,0.764707821067953
mexico city earthquake a rescuers battle to save children trapped beneath rubble of schoola,4,4,0.02136384920313884,0.010685104550342942,0.009044157323443483,0.04037166294398727,0.8357238319294961,0.009344015649516549,0.045059249568836585,0.02840815361518712
mexico city a risk from earthquake tremorsbuiltup on top of,7,6,0.007718311111437432,0.2188496118371185,0.004674460497560701,0.004276741863202165,0.011108062824452564,0.00909905387163034,0.44329563075296113,0.3009781448919462
captive blackfish tokitae left 2 fend 4 herself during irma v freelolita,6,6,0.35669598117497847,0.03248968710793311,0.004922503368737744,0.01072177981057105,0.017397463911140956,0.004701294692060019,0.37844033661349663,0.19463104744985457
we want to make floridians aware of an important issue called assignment of benefits heretohelp irma,4,7,0.011134355181654246,0.01580812270373661,0.004348750361629275,0.009795723683048489,0.16307615646450815,0.004797309791698446,0.11758479986901461,0.6734547628656213
classless trump insults california by sending warm respects during wildfire a resist za,7,7,0.013180419067695586,0.01787543991573868,0.0075093147931986,0.010248192250763183,0.045086766904489414,0.004741942018828214,0.39565764793436553,0.5057002407397894
a couple of middle school students are raising money to help californias fire victims,4,4,0.0120908331857045,0.008744303920583014,0.006057833827658648,0.012022946986253957,0.8464468002403911,0.005506280767703248,0.058538138620691724,0.05059283405033195
far from baseball norm charlton looks to rebuild his hometown after hurricane harvey,4,6,0.013820349339626895,0.2754422112810283,0.0025738108458947793,0.005854124816968755,0.056051673524829246,0.009728325397342414,0.5360666210564184,0.10046284173757128
hurricane irma took their homes and possibly their future news,1,6,0.21025532606215439,0.3504184573186708,0.0065386759427880255,0.004338461715816359,0.0058923624341785195,0.013329093970417163,0.3945167187350679,0.01471089014909147
harvey did next to nothing for oil in comparison to katrina,6,6,0.005620104168917669,0.11704454122512517,0.004512994846746504,0.005630886074273652,0.029751874561268578,0.007572805327399797,0.726837205185537,0.10302959182932425
one of our safety patrols escorting 2 of our prek students to class our first day back after hurricane irmaa,4,6,0.03310387874868137,0.017644807684296153,0.004242316327334304,0.016763985055841837,0.29965976999621774,0.005947419428050607,0.40160171217707646,0.22103615302287127
barry bonds among pro athletes who fled golf club ahead of california wildfires,0,0,0.7490697643277933,0.01450448071792599,0.018246283447211183,0.015078519818631592,0.01569838357271077,0.0035052983098630094,0.13181824525904878,0.05207896701436332
our little town of nome hurricaneharvey texasstrong,7,6,0.011156480218699038,0.2949412526061876,0.0032437525108503576,0.004844668298180833,0.06041440076123772,0.010070997881775897,0.3485509352518543,0.2667775229765329
california suburb destroyed by fire last night,1,1,0.006088112193829153,0.863292269000217,0.006970530707111671,0.0038151467817505863,0.007758835339736905,0.0151426219232276,0.07473757967390296,0.022194993545047306
dad where are the lights its been one month son the politicians of puerto rico stole the lights,7,7,0.006978303217232957,0.11289783767089913,0.010551424988058958,0.010652638096850795,0.034548297031082795,0.014880167175654326,0.12372440187571886,0.6857669240201265
new new hurricane maria puerto rico officials describe apocalyptic conditions,7,6,0.010521337288467969,0.12543378660321913,0.003518829492909094,0.004893663473903037,0.021466805916757533,0.006680481733196872,0.7335418876612154,0.0939432340927544
woman at las vegas shooting loses california home to wildfires,1,2,0.15515092304215636,0.15392895120927183,0.5022512737377292,0.030260710714127597,0.012109665096684482,0.08639777909300213,0.015245670180437152,0.0446550880586051
harvey aftermath houston open for business other cities suffering,6,7,0.015971467794344017,0.07737581234934661,0.0026693511975563106,0.005428374813764162,0.034388354067467576,0.006334736006669012,0.2888556024005928,0.5689763208511994
5am advisory maria weakens significantly overnight but it is still a hurricane with winds up to 80 mph,6,6,0.008913631547174176,0.1401972075327684,0.00543967289176084,0.006560884881820313,0.023293072368210453,0.006947630625462496,0.7405625898324387,0.06808531395252265
hurricane irma charleston flooded neighborhoods watch now 9,1,1,0.006202329638199356,0.8743070149404525,0.004675303153188862,0.003489907737093993,0.0076239989309017315,0.011424049528417473,0.07620559724646489,0.016071815621392854
hurricane irma could hit us by this weekend after harvey devastation,6,6,0.017726718097765205,0.28840791055111736,0.004176316388975476,0.003927401454841406,0.021591973640048834,0.00828251536536108,0.6341066137709275,0.02178051210785179
much like harvey hurricaneirma could bring rain to arkansas as it fizzles out arwx,6,6,0.0072949597876155025,0.1035504799737612,0.004167444547744977,0.005485794163711635,0.07814133128046763,0.006753711681331236,0.6865459599952544,0.10806032189260681
oil amp gas operators increase number of evacuated platforms due to harvey oilandgasnews,6,6,0.008349165520043658,0.046689774737605716,0.0055054233697108814,0.011952985117967305,0.2811797082469115,0.009710273738320886,0.5467933151372768,0.08981936507753178
tropical stormhurricane lee will likely interact with mariamary later this week,6,6,0.009354782753730657,0.05042834220725722,0.004469091604495662,0.00733845170565657,0.02411255595298211,0.006247675875873597,0.7830027882136803,0.11504630094002548
michael buffer had his steve harvey moment with carlos estrada winning the fight,7,7,0.014903450887465025,0.017004328805775733,0.008040623905555029,0.01175465580757848,0.036433529259596246,0.005985129006778013,0.11154022165152391,0.7943380899947808
republikkklans rnc gop voted against 4disasters harvey irma katrina thank a democrat,6,7,0.008365367066672494,0.029029365852929825,0.005733059013121058,0.007975419407287614,0.04313311798147222,0.0056954690762271104,0.2409756251809408,0.659092552458419
mims family of 7 loses everything to tornado during irma gt,0,1,0.18894861161800858,0.5911545749890946,0.06661259162011675,0.043118726885680865,0.008320099911274564,0.043747768252801994,0.042958413113605286,0.015139278463228972
thats cause steve harvey did the announcinga,7,7,0.01342609426318382,0.02818525872010947,0.006241324870239986,0.00827250676173131,0.04466829386527694,0.006642499608804871,0.2656047962101864,0.6269591924149984
provides shelter for evacuated zoo animals during hurricane irma,4,4,0.010483365902275131,0.010722946950499905,0.005076135739285202,0.013476008059685953,0.8589576739670619,0.006067227816204414,0.05725953144340485,0.03795718863527713
as i pleas bring these supplies everything will be donated to those impacted by hurricane harveyas i,4,4,0.0077113828581828825,0.012542792023446417,0.005863357015505372,0.011736340419237943,0.856470144746461,0.006856340452971494,0.055445229379575925,0.04337429604130034
did the dark state create harvey fakenews propaganda,6,7,0.007454414506818812,0.04620296716204098,0.004470473128277258,0.007048494819853602,0.02878276749212807,0.006049031312712737,0.19491966124629884,0.7050722044606152
california architects begin to assess the catastrophic wildfire damage,6,1,0.00723323140468674,0.5314764265248689,0.0037408948095659323,0.0035472228804336496,0.014009019939041294,0.009961395012764536,0.4051115350711629,0.02492033163730687
this graphic feels like a very poor representation of actual real life hurricane maria,6,7,0.009229844965127593,0.07236008331883319,0.003796695470838228,0.005716276425641084,0.017756763601832988,0.0064895061524680945,0.3089997508499932,0.5756510506716839
first time i text mora in months and he thinks all im trying to do is get drunk smh,7,7,0.02093644750603991,0.017419860263031234,0.009186337532416856,0.014084568923428116,0.031753831010207824,0.006507997171510293,0.11514759187484426,0.7849633554903441
pre august 11th at 730am and post september 18th at 730am irma fortunate and resilient,6,7,0.007239980753279335,0.02486840188232744,0.005228796281254885,0.0082279385293503,0.03890778833030626,0.005789710204481604,0.41509042097611426,0.4946469349693311
mexico earthquake relief paypal donations donativosrescatetoposorg toposmx,4,4,0.00856016321728486,0.010892603947445656,0.005297923440133683,0.011848010796887649,0.8263658257470543,0.00622568518604402,0.04920017253286955,0.08160957611102848
irma will cost disneyworld other theme parks millions via orlando sentinel,7,6,0.006975792239384488,0.4412266599817187,0.0057328642172885915,0.0031736933058784094,0.011849839972459319,0.010925325277835877,0.4637905166837665,0.05632529564171122
northern california wildfires are devastating the areas cannabis crop cannabis,1,1,0.011593720851719752,0.8166804238422354,0.005734440953433933,0.0033718713913281437,0.0085647941137985,0.01074341067268821,0.12301979311908379,0.02029154576700996
join the pro bono attorneys helping with californias fire recovery,4,4,0.007204595278870427,0.017240907777794783,0.0043801437870809486,0.010429100111225003,0.8005227333732055,0.00646522805607872,0.08354063887806884,0.07021670975266171
day 8 no power irma sarasota,1,1,0.006349737642327472,0.5945010664368839,0.011488998750729134,0.004993240956365544,0.011461782974502371,0.012020002461550352,0.19673672313119628,0.16244840392085003
deadly aftershock volcanic ash spread alarm in mexico,6,6,0.00895276684891325,0.2950726247596717,0.008657087173319077,0.004069325737317487,0.015749809838080057,0.007909303503952251,0.6137259843872408,0.045863113677121425
to show you how scary hurricane harvey is,6,6,0.014256562567687573,0.08476555888708263,0.0035972094796515646,0.005486147790534616,0.028751993647762146,0.006784333698800697,0.4853618301306267,0.370996350417077
this was taken the day we left summerland key floridakeys irma hurricaneirma missing the keys pretty bad today,6,6,0.006656188828531656,0.21381321766436978,0.004704204762377773,0.009751300711407023,0.05836083159069641,0.07952371207852586,0.3759670228790578,0.25122354745030706
know your hurricane evacuation zone,6,6,0.03757428880397412,0.14481546582606453,0.004482039926626704,0.008641685164209666,0.13458220669760274,0.008401377688068618,0.5848379147280354,0.07666503260904439
ever since harvey melania has looked like secretservice,7,7,0.012482934578924288,0.026846016890599966,0.006141198241174051,0.009925731347560222,0.025620206649278294,0.005670525625716475,0.12712693208481285,0.7861864038958668
top charity found scamming hundred of harvey victims out of food do not donate,4,4,0.09431960025023016,0.008977613217337144,0.005732379239540007,0.01576914906976431,0.7017449088152359,0.004733725420837586,0.06965847915401023,0.09906421659144903
this really puts things in perspective please help houston however you can harvey,4,4,0.010675653464646533,0.024943805590975233,0.004664037341859921,0.011399117365140429,0.418762329473638,0.005603966495112522,0.2888659566438916,0.2350851769591752
ibec emergency housing wkh puerto rico,6,4,0.015865595324012494,0.16097794993135048,0.005642563683246154,0.012218408436310906,0.42101861144600283,0.013809894451386145,0.15657940577571045,0.21388759889165782
govt donates b2m to help floodstricken sria lanka,4,4,0.0075576070178417,0.011994329222983366,0.006801410990974211,0.01178058977035126,0.8583366862176907,0.0066934041021288575,0.03641316944759822,0.06042271879730917
introducing the new 2017 puerto rico a14y5a14y7state seal,7,7,0.008979326160545226,0.01638499657545852,0.005563305915395121,0.010608632262890607,0.044894230254625696,0.007242043580587136,0.12710841614439686,0.7792190251874088
final 49 knox webb 22 blue tornado improve to 31 gobigblue,7,7,0.011813784095236424,0.05609332381817103,0.031621322841602434,0.012562481515503899,0.2228383665701606,0.008721796482047586,0.31727194096849387,0.3390770073271247
forcecast track of hurricane irma has trumps maralago club in its sights,6,6,0.006446322356046386,0.10077258828497176,0.004053215947388038,0.005848746949799258,0.01920327758049049,0.00656425847118196,0.7523894404184603,0.1047222098553306
liga fully sustainable and disaster resistant living environments irma harvey,6,6,0.014951540143763254,0.21979431340096214,0.0031621644879020042,0.004702637705723125,0.04118615475369474,0.008136847329422625,0.5768561353506441,0.13121020307931472
bryn amp harvey all the way from england whos the bigger kid bbl06 turnuptheheat,7,7,0.017568287927127575,0.014947749213036293,0.006679939042594745,0.010474128771864934,0.036364839063587735,0.0047699748432728515,0.11781236489622905,0.7913827531895996
harvey victims worried irma could slow recovery read more victims,0,0,0.6988948503203622,0.013570641663724882,0.006092610134340314,0.00576288733763372,0.09043698608865292,0.0061403073336575575,0.16894046087559564,0.010161223472791251
is puerto rico part of the us another katrina should we help them heres how to donate,4,4,0.00734575158968838,0.014638660496967472,0.004486593319121122,0.010263206101403776,0.7773565829466466,0.005715999256529249,0.07073943586660116,0.10945379434784613
aztf1 has been demobilized from harvey were heading home,7,6,0.018161921374744743,0.04322771256412205,0.003766140354142845,0.00786872292932346,0.043147978068862954,0.00846717869760239,0.6530934616958005,0.22226687007547885
donald trump is yet to address the deadly iraniraq earthquake but has had time to tweet,6,6,0.007049417208487767,0.03334993999192808,0.008250670403195359,0.008716295844346307,0.035654870067225244,0.0056003898061685094,0.510028165056027,0.3913502586191825
mexico im sad i think of wenchuan earthquake in chinaa123a123,7,7,0.013701902688991746,0.028501865574077058,0.006045667061854547,0.008412126181590008,0.023243674368408778,0.005146307746184997,0.16301119820104815,0.7519372758502727
abannon says bush 43 a most destructivea,7,7,0.01277773678523402,0.029075610292173575,0.009430062105888266,0.008470952838208035,0.04185600150525534,0.0062934651208127875,0.3891488404084219,0.5029473646532266
de mora just landed,7,7,0.0077555581191564955,0.026122822826548705,0.005575187595866406,0.009390754598091569,0.036670165198177576,0.006567701793399967,0.1757315869750441,0.7321862117690671
if youre looking for a way to help my church has a few good options hurricane harvey relief cottonwoodfamily,4,4,0.008492999010134483,0.014897243413729923,0.004787018522361608,0.011143844653292974,0.5708239905252523,0.006026659375691891,0.19443781315237182,0.18939043923779547
ozarksfirst kolr hurricane irma death toll at 9 as florida awaits storm,2,2,0.003668864456072853,0.00740493877797433,0.9325117585734974,0.0044700354944802855,0.0035907667278599364,0.004594076376835576,0.031192009703202503,0.01256750097701545
iraqiran earthquake from bhuj to haiti the deadliest quakes of this century worldnews,6,1,0.007227183339649283,0.480696317771821,0.16531627894921339,0.008365158044876735,0.030373976315553268,0.016012413022056447,0.23412862378324129,0.05788010055978034
stepupfortexas help our kxly radio stations raise money for victims of hurricaneharvey,4,4,0.00841963509987441,0.010281545059120722,0.005699082382391727,0.011312712881558702,0.8433485526862863,0.006258810735872058,0.06050170338102856,0.05417801073338025
mexico drops harvey aid to texas citing its own natural disasters,4,4,0.008496184223598557,0.02420055066493914,0.005507052881508137,0.01124051484684741,0.5151075592466091,0.006726191395092285,0.3765863187434511,0.05213555465513733
coast guard investigative service agents inspect sailboats damaged by hurricane irma in key west floridaa,5,1,0.008782936727939134,0.4792236424559395,0.011595890732227623,0.01569844966635703,0.1568558705047482,0.2792386103188207,0.037705490748768854,0.01089913908524295
34 pot farms have burned down in california wildfires via socialmedia mlm,1,1,0.0054907470522904825,0.8883195754666384,0.007786755775021586,0.0038800023612290914,0.007602421140676836,0.016459462345552033,0.03449669478773488,0.03596435936086782
funnel cloud reported w tornado warning d sdwx,6,6,0.008427444317631807,0.07034284134929865,0.00490774471238217,0.006498991637759434,0.02046693484115324,0.005689169449988203,0.775972307572383,0.10769458742340736
four tornadoes have been confirmed so far from irma full report scwx gawx,6,6,0.008844274648649342,0.20286001880761406,0.03409209580225057,0.008344267526966952,0.01974387004592633,0.009878296313464393,0.6217684885951991,0.09446870636484017
carlton church plans fundraiser on oct 29 for community in puerto rico,4,4,0.007114024602097123,0.013614766949412877,0.005242302733466707,0.011559666505679897,0.7591913927587577,0.006348225668174643,0.05456759845179505,0.14236204876620723
so sad to hear about the earthquake in mexico city my thoughts go out to everyone there a12ca12c mexicocity,6,7,0.030587618699466267,0.027196530150017,0.016047325405808045,0.010250117155988957,0.045660352588625455,0.006457153696730831,0.36014810570227185,0.503652827383631
powerful hurricane irma slams caribbean eyes us,6,6,0.011100106536874137,0.167765362563128,0.004511160785737653,0.004672831715451685,0.014524708672216733,0.0078253571530901,0.6823984600653545,0.10720200857796594
tesla starts energy storage at hospital to help puerto rico,4,4,0.006590219512986087,0.01549646318323645,0.005608673315017295,0.011919008287960732,0.8393103929980626,0.007629681132905076,0.04533913244480555,0.06810643285497302
huge earthquake could strike today says prophet who predicted iraniraq killer quake,6,6,0.0075360783992336885,0.06839706041119274,0.007227932403664973,0.005868337589717423,0.01871391273221045,0.0060752885347327154,0.5835984012633915,0.30258299070428885
tell us how you really feel obx hurricanemaria,7,7,0.013989456763612306,0.018127044399135765,0.005668279409808727,0.010563389512446791,0.04097179202108038,0.005279683022077494,0.1371069952330074,0.7682933327506754
also had to replace my tryb thanks to harvey fuckoffharvey,7,7,0.008373945080489904,0.1191564737611453,0.004352034936048799,0.0067753144511354365,0.046826542563334406,0.0191325333474328,0.1335570411460189,0.6618261256993442
kids open lemonade stand to help raise money for animals displaced by hurricane harvey,4,4,0.010593859697810095,0.008625585704475252,0.006165488717625617,0.01310237754692307,0.8618772332389195,0.006081752728515932,0.0342509587943138,0.059302686971305876
dr jim denison california wildfires whose door will you knock ona today,7,7,0.011515435066489098,0.0184594122867932,0.0055884869114352816,0.00980266990540488,0.06385681857557302,0.0051778709354141994,0.21577998793356207,0.6698193316240787
thankfully we are free of damage and are back in full swing post hurricane irma,6,1,0.006587035979164251,0.421307978156756,0.004615793802544828,0.0037957616154623494,0.022117509066025498,0.014889028973608415,0.12436242404806008,0.40232448640741003
raytheon coyote uavs help noaa track and model hurricane maria,6,6,0.007230855189314474,0.020904338393905698,0.005130500099516331,0.011365166706302663,0.2978739803566037,0.00640822711791852,0.563124564356071,0.08796240887031975
although i got this care package after irma my girlfriend is still the best dd,7,7,0.014329092566791823,0.013036826659250727,0.007432666576686864,0.013715070475065207,0.05831518791465293,0.0064028235792321,0.11236774451221672,0.7744006313249922
horses sheep amp turkeys evacuated from fire how to help after california fires,6,4,0.022029413753011286,0.01065829992560627,0.004884060150180086,0.014483581344543405,0.8192924524887241,0.005593123238841672,0.06518259065738692,0.05787645954517124
fl irma preliminary needs on bigpinekey distribution center 30250 overseas hwy big pine key fl 33043a,4,6,0.005026604199448424,0.06725826825261481,0.004198124830540429,0.010347639631974017,0.10726654081379164,0.009946247446738148,0.640961622973883,0.1549949611840259
and get puertorico users cell service,7,7,0.0153191561793196,0.08157321217184699,0.005477769296136591,0.008586027824559986,0.029060077974787935,0.007508510462739984,0.33157502213472984,0.5209002570178305
rain brings breath of fresh air to areas hit hard by california wildfires,6,6,0.039551788059816705,0.134729217635778,0.003322252113817105,0.005487183512557087,0.04190816267367853,0.006513279878333529,0.7189520406049266,0.04953605336114484
how to help victims of the northern california wildfire,6,4,0.1285361631306485,0.0077465338700828165,0.006548807238911528,0.013446290240373412,0.7147091890580437,0.004541165076639672,0.0759326589911422,0.04853922738860391
looking for a new pet dogs rescued from puerto rico are looking for new homes in nyc,6,4,0.03746080371328363,0.01144743695458974,0.0070276045020174465,0.0713051360160269,0.7080188298194764,0.013330482287093232,0.049361492572407115,0.10204814196633716
71km ssw of paredon mexico earthquake mag 57 september 24 2017 060612 100612 gmt,6,6,0.007070854052674782,0.047168973273627145,0.007242889204752252,0.008245293861452492,0.03062956320299026,0.0063197372607232015,0.4586054660021598,0.4347172005197948
53000 people made homeless by hurricane harvey what happens next,0,0,0.8058982319514096,0.009275865116393651,0.0066725362124865,0.006497739011428699,0.03900531399260773,0.005711606109042526,0.09936125256421643,0.027577457519732923
puerto ricans in ct wait anxiously for news about hurricane,6,6,0.33565777810887915,0.012232230207605327,0.005216139791306395,0.005782688154467514,0.02421815442153797,0.0044836473758916445,0.345606575083707,0.2668028106169722
la mina in earlier this year i cant imagine what hurricanemaria has done to this rainforest amp ecology,1,7,0.005594678021649479,0.24135564618394634,0.004352666803441619,0.004202747672091291,0.01821884669873212,0.007238260497830175,0.14016245874403785,0.5788746458167762
land ofrost chipped in time and person power to provide relief supplies to hurricaneharvey victims in houston,4,4,0.006483380460358784,0.015381157095268421,0.005873414768339621,0.01138709962987206,0.8552413135422772,0.007608331632964995,0.05667045533927276,0.04135480584775775
harveyas heroes area man steps up when no one else will patxnews,7,7,0.014874881711021859,0.010385482674961498,0.0050616074406564186,0.01536501896738942,0.2749903688123048,0.005305339299430374,0.07834717864841846,0.5956701568418881
from the archive macron i will help st martin recover from irma,6,4,0.007183605436431897,0.01706257910646177,0.004966885607736204,0.010765358910359905,0.798248833373594,0.006489150796897832,0.08624843195787026,0.06903522369475826
an update from about disaster relief in response to hurricanemaria,4,6,0.006426049334528388,0.02121499268897556,0.005316170162440697,0.010130721916505837,0.32918053015636034,0.0074644665836170725,0.5290349737472837,0.09123211646574558
creating new voters daily a343,7,7,0.020324107282916972,0.01660184708316952,0.008984166001296251,0.013043097667841683,0.048423355063432434,0.005372798163226304,0.14538112284198212,0.7418694740740065
maria is still a major hurricane and will actually have a positive effect on our weather this weekend dry,6,6,0.008386199962923604,0.06024820303082705,0.004755815911693927,0.006368926399458098,0.02145625589676735,0.006021677643774485,0.7855394985395073,0.1072234042837095
raiders release statement on central mexico earthquake,7,6,0.011801441242941474,0.0366415240790615,0.0048423742933566575,0.0076624547736023636,0.042010443378908566,0.005490536175476337,0.649453298626604,0.2420979465454449
earthquake ml 39 eastern iran emsc,6,6,0.00871108749123919,0.048745973934583416,0.008045651524260952,0.0071863280455904885,0.02819065679600446,0.005601701744885547,0.5937346816379308,0.29978386220109265
hurricane harvey another crushing burden for houstons poorest and most vulnerable,6,6,0.3339991979180884,0.03324648921572383,0.005372202778436117,0.00476324023040516,0.1232265641140178,0.005859071557880312,0.45091539580688267,0.04261785908186648
after hurricane irma group handing out bulk bbq at germain arena,4,4,0.011350191127474865,0.02147463534389105,0.004342650228214591,0.011805626686547641,0.6795646812215106,0.008668698930660024,0.15135830688034008,0.11143521487127339
when you try to figure out how pellegri salcedo mora60m nainggolan60m,7,7,0.010791011276972469,0.016719227492343777,0.005498148215277947,0.009768680208358093,0.04031984991489403,0.005108174146256095,0.12941097138556554,0.7823839743549386
hurricane maria has left a path of devastation behind it heres how you can help gtgt,6,1,0.008963847924192575,0.779869159073811,0.0035788026347494967,0.003779585346626776,0.0208702066986828,0.010932001839878573,0.16018994099849565,0.011816477801544455
bayarea restaurants join forces help north bay fire,7,4,0.007782360655483915,0.015693412294092348,0.005399452820574513,0.010833333122289875,0.8298756955047577,0.006705455023713992,0.07073305790515351,0.052977225994023
shop kipsongo and help us support rebuilding efforts in the virgin islands post hurricane irma shop kenyaa,4,4,0.0065849316264383895,0.022583240732148017,0.005078489806412122,0.01102566169092077,0.8324752478872773,0.007434693554241217,0.0663618470379099,0.04845586595785135
radio reports on california wildfires,7,6,0.011889358550427595,0.12624306450670417,0.007140654462604523,0.006071656207633815,0.019164512222982755,0.006232383988679639,0.6549421364965213,0.16831625631665662
large tree fell in mount mora cemetery no tombs seem to be damaged,7,1,0.00487778996270888,0.8895047384193338,0.008014440813451243,0.004331981190406431,0.0071413451624525925,0.01719244084996464,0.03223808360087833,0.03669920867564419
apartment residents angry displaced after irma,7,0,0.8932849604405203,0.015257276861552909,0.005339979226441896,0.015553742687364173,0.01692199788105921,0.009466438045968834,0.038000979663893056,0.006174647246918191
need something to get your over hump day come out to b3 brew beats amp bites at perry harvey park starting at 5 pm,7,7,0.01020120622251972,0.015549693498289687,0.006232433712266094,0.009684274727606612,0.06099423639978894,0.004815144325499809,0.12122598614167203,0.7712970293959938
beautiful samoan firefighters sing moving hymn in midst of california wildfiresa,6,6,0.010591188886209597,0.016185693694942063,0.0049626663578835415,0.012645094282611893,0.2946912199495427,0.005593258700144279,0.3425128543747703,0.31281803818939546
telegraph pics landlords demand rent for flooded homes from hurricane harvey victims,1,1,0.01492397075408445,0.7013181086170445,0.0030333612064747067,0.0058077432996368,0.10844645855457825,0.02178182397457957,0.12756206842552323,0.017126485466254025
insurers and reinsurers struggling to assess the damage of hurricane harvey,4,1,0.01853868416890735,0.5316204236470623,0.0034006130153978664,0.003977268228675275,0.07871961381379945,0.01212282581453007,0.32936448219693676,0.0222560967189398
106th rescue wing returns from harvey irma missions,6,4,0.010917640061012583,0.014481874060047745,0.0051450415450689175,0.012766112362789954,0.8201228437707866,0.007318595545612575,0.08038162388601999,0.04886625092917778
hurricane maria a the aftermath a st croixa usvi,1,1,0.00970843362267339,0.5197544843679585,0.004485702538830001,0.0054989158665352264,0.02664435580432203,0.0068209032786127055,0.3655093475867855,0.0615778612486345
if hurricane maria kills me gets my warhammer stuff this is a legally binding tweet,7,7,0.03642240169851249,0.06338343911880295,0.08546248660332745,0.01713555420981774,0.024743727112114297,0.01015499306030456,0.230076675157884,0.5326207365247874
do you have boat damage due to hurricane irma we can assist you with filing a claim with your insurance company,1,1,0.012273517127636422,0.43224809397188624,0.007251863691765837,0.010638070838756623,0.30414919912747995,0.12912907719800049,0.0374561464666365,0.06685396493239451
icymi raradio samaritans purse ramping up aid efforts in caribbean after hurricane maria,4,4,0.006213383236527826,0.02060385098029357,0.00565300984459144,0.011881794420059162,0.8411579807445881,0.006902989738123126,0.06198962523652794,0.04559738216611887
trending in scuba hurricane maria relief,7,6,0.028029567026755305,0.08305470144214291,0.005400522104904049,0.009610479218148123,0.15955066180218935,0.007469093627203549,0.5373450630030823,0.1695398911374662
wh releases pic of trump signing harvey aid etc into law earlier at camp david,6,7,0.006757386238967972,0.0217769146555969,0.005294640871505454,0.010376126788939465,0.13124976777828215,0.00644816120442495,0.1589113010781204,0.6591857381900308
new assessment data on hurricaneirma irma,6,6,0.006839389006555784,0.1150555881739318,0.0037736953822999956,0.005421555190608263,0.020494600470841545,0.006484280907572504,0.7469466018759379,0.09498432599835464
perspective amp fright cat 5 irma from the virgin islands ht fox35,6,6,0.008194566676169773,0.05111656744648431,0.004242455866266172,0.006818709427643628,0.030159549360326107,0.005731882609973905,0.5216461444815156,0.37209012212229203
weighing the hazards as i via,7,6,0.02136890154422983,0.07140550338104876,0.005888866652428704,0.00777622374825373,0.02566541508839551,0.006856250435640135,0.44081497268870673,0.4202238755416917
icymi maria will be joining monica in puerto rico on monday to help distribute supplies a12fa14bai a14y5a14y7 beblessed,4,4,0.006351265247451244,0.012443869035311543,0.005564971646598902,0.011651372222940251,0.803520409289025,0.006318451572765797,0.055196190078267,0.09895352478697955
harvey and ruby waiting to settle down and watch crufts2017,7,7,0.08490429439538867,0.014569298932328584,0.004793500681058429,0.013407703528353613,0.04097500344303214,0.005204682827567741,0.32256405873769867,0.5135813995961571
irma the savage rat ripshelia,7,7,0.01541872841672349,0.02482790976107551,0.006351566848678343,0.010324967942034899,0.0385307485348088,0.006747939660646325,0.2114230707480971,0.686375054863155
watch teaming up for texas telethon with coach cal and the cats on from 330630 pm,7,4,0.010741443949682433,0.011358993737599328,0.004732446483718185,0.011254272245831245,0.7019873156004418,0.005346967819410631,0.11014888739226301,0.14442966375352256
how about getting some power to the american citizens in puerto rico you hopeless asswipe,6,7,0.011653368906139674,0.021543406708657755,0.005331140585995958,0.008575407109504931,0.0690316417208621,0.005036135284482913,0.12238359396703989,0.7564452812421596
kill people burn shit fuck school 666 ofwgkta i punch bitches stop kony 2012 fuck steve harvey,7,7,0.00938155000409809,0.022943701520692545,0.009151832791613196,0.009898121800860202,0.03657376465979612,0.005636922667855684,0.1303086678949424,0.7761054445670552
not irma anymore his name is dukeaf,7,7,0.024269836372147382,0.020136694596312513,0.007769488900107779,0.018003276144664907,0.02701322797725562,0.005557119239392342,0.11536782085541389,0.7818825246631647
join us in the clubhouse on sunday 18th june for a special three course fathersday lunch,7,7,0.011438415739289592,0.016297635981132177,0.0074646213365155735,0.010724291429786745,0.05595246043091941,0.005814284584573095,0.17102550041877013,0.7212827990188369
oh snap darrell issa,7,7,0.012654300435652377,0.02213348903789355,0.0078049360447059015,0.010708430029919074,0.03745614458698332,0.005996015778583748,0.16909747919329943,0.7341492399572576
twitter erupted over president trumps federal g tweet about hurricane irma,7,7,0.007607490201260981,0.05277789397205583,0.005040517852726493,0.006240177415332321,0.020385321999082884,0.005865318711374212,0.24826740294621863,0.6538158547166808
in hot weather a power outage can be deadly check on friends neighbors amp loved ones,7,6,0.01951244539090857,0.20831113562258136,0.010044919206842777,0.005429008579610286,0.01133233297955448,0.008626059087526401,0.6593064554725969,0.07743763346181491
congrats on hitting yoir goal guys im sure the victims of harvey will appreciate it greatly,7,7,0.027670376953283043,0.014036883049295559,0.004975407419804313,0.011111725072835485,0.16906807835227436,0.004900857405839206,0.171419895988418,0.5968167803450137
ive never flown in one of these what a beauty tornado,7,1,0.012433440564925895,0.4032797225321095,0.012252808122722869,0.012488640520008778,0.042977022774390486,0.023716330725107246,0.16657177790142721,0.32628032339299273
21 kids among dead found in school after mexico earthquake,2,2,0.008891762617734156,0.0036532078455870794,0.9273928083663521,0.01324440813133498,0.006516669324856258,0.00516684456876979,0.028316387427953404,0.006818011962645967
one volunteer me helping another for hurricaneharvey rescues,4,4,0.006924159307091176,0.010890232650706773,0.0060671336517886185,0.01224376199760012,0.8524078022581703,0.0064215918668381914,0.0560429347121297,0.049002361834758874
california nurse flees wildfires nurse nurses nurselife nursepractitioner nurseblog,7,0,0.33773680388210275,0.008457459195135702,0.0046798655054153294,0.00970146483613997,0.24712840333461683,0.0035629040851694106,0.10922409948943122,0.2795089694971373
tropical cyclone mora by eumetsat composite image of tropical cyclone mora approaching banga,6,6,0.007846456395670397,0.058031433862154036,0.004355861385753735,0.007667976874527321,0.028943105780680826,0.0064745175990676244,0.7628222236204953,0.12385841493006461
champions for puerto rico medical relief in ny nhma2017,7,4,0.00701541447755274,0.013861131842606903,0.005200983168442951,0.01127282192219001,0.7591250718313061,0.00645178760645809,0.055731532051337455,0.1413412643015577
a lesson from hurricane irma bury the utility poles by unknown author via nyt,6,7,0.004902143837213764,0.3052406447581074,0.004739019316537271,0.003634818509706778,0.010319146264354446,0.01146473123340729,0.2630247042172512,0.3966747913372245
jonny gomes bringing huge truck to help california fire victims the kansa royals,4,4,0.007118480774378149,0.010956977915774706,0.006425086943650285,0.012554212241736406,0.8517561660635492,0.008783457255263596,0.053271092489926584,0.04913453985249472
on air sur np fedo mora amp camurri after the rain pochette,7,7,0.007987121140297105,0.020974536029908477,0.0051125737945064,0.009054741507728075,0.04673081514534248,0.005280788193344898,0.1492752776002866,0.7555841043726068
image of the week irma churns up sediment in the florida keys video,6,6,0.004613153799206572,0.30579410430649173,0.004712701276275763,0.0037042712382824596,0.010730369641611181,0.008079270806816138,0.5564496358786843,0.10591653733294565
paralympics body postpones world championship over mexicoa earthquake,6,7,0.009190274529190325,0.024036751269446942,0.008403732316683829,0.009571749221076788,0.046644825680554836,0.006126605809926713,0.23741181893379548,0.6586142236873794
so puerto rico was already part of the us somethings fishy with whitefish,7,7,0.009694267646333778,0.03193649139684896,0.006158898478490948,0.00832236916859209,0.030582008997423034,0.006058313329090638,0.14852471020227764,0.7587229486739017
before hurricane irma quinn street flood clean up,1,6,0.007493833458279075,0.22005339836532656,0.004365073327519842,0.008341825060987516,0.27732548869420465,0.012775887180770128,0.41539268149495245,0.05425182108857299
local sheriff smacks down breitbart for bigoted lie about california wildfires,7,7,0.009524377330109123,0.027179085929352306,0.00798057327703111,0.007612178154057765,0.034394488286219056,0.005119119008270316,0.21587014701117788,0.6923200382378305
breaking tornado warning has been cancelled houston may see some tornadoes overnight tonight harvey,6,6,0.0074844346442654,0.11244207411892147,0.005105778421314203,0.005953036532952155,0.015798325734504546,0.00721936190783712,0.7803037371599992,0.06569328248509856
pretty sure yall got investigate reporters,7,7,0.012793114064269834,0.020812437372039933,0.006451558434009136,0.008908018440013021,0.03684486366868852,0.005791064405651603,0.13858790981167507,0.7698110776770952
iran survivors struggle in aftermath of years most deadly earthquake,0,0,0.7449742069482881,0.010686843972453262,0.04243886465209413,0.019699984609991464,0.026508900201227443,0.005598378675812122,0.13065188066082994,0.019441018063364998
losangelestimes the package includes 5765 million for california wildfire,7,4,0.008130072743431777,0.23597087027456876,0.00639576656259488,0.011023652552876781,0.39688720431897767,0.013357155580114102,0.19191002440134217,0.13632530400652443
s a f e b o y e s ready to look for people after earthquake in mexico,4,7,0.019531520865375688,0.00810973809480936,0.007670986575411679,0.0287419411424654,0.19660936773974272,0.0065409431848439045,0.11749465187068742,0.6153008795376531
thesciencemic nasa map of wildfire damage helps california recovery effort science,6,6,0.005149642827299174,0.31138150056643427,0.003380884016131891,0.004821620692261813,0.12251331360213463,0.009604234018694782,0.5166762735393439,0.026472540758730484
harvey damage could reach 180 billion,1,1,0.007307849955065742,0.8340571540784493,0.005612395012716691,0.0035037891382209666,0.012103288407674606,0.010885310403130552,0.10613381634911094,0.020396417993395612
maria wants to do the work irma couldnt completely do 34,7,6,0.010365102695459795,0.1616588110541615,0.004213522803974095,0.009520627784657456,0.11500807609663674,0.006370947355755058,0.41902585289712735,0.27383704144014787
