tweet_clean,y_true,y_pred,prob_affected_individuals,prob_infrastructure_and_utility_damage,prob_injured_or_dead_people,prob_missing_or_found_people,prob_rescue_volunteering_or_donation_effort,prob_vehicle_damage,prob_other_relevant_information,prob_not_humanitarian
has a great event tomorrow for both byu and utah fans to support hurricane harvey relief,4,4,0.007295616887185054,0.02085806953344891,0.0025032903923165933,0.00032968924445871595,0.6504462109848395,0.0009024368347758038,0.08470513741887072,0.23295954870410468
now also carlo surf band at 8pm pwyc mexicoearthquake fund,7,7,0.007198516546041244,0.025865076464504422,0.0027007097368253446,0.00033239478301289624,0.08481425486148497,0.0009041220660434288,0.23357663220123043,0.6446082933408573
guaynabo resident efrain diaz stands by a bridge washed out by rains carrying debris from hurricane maria cnn,1,6,0.007377830762069703,0.2348405969006189,0.002535941472326839,0.0003321532210503443,0.08116409544089517,0.0009279328588069058,0.6444254054685309,0.028396043875701327
after harvey irma leaves its own trail of destruction metals,6,1,0.008388655619455659,0.6443901973395393,0.002500874288885241,0.00033134956772468675,0.027226262736640732,0.0009071329171714533,0.23489794386284824,0.08135758366773468
dawn just won 400 and were gonna match the amount for hurricane maria relief,7,4,0.007532071055341359,0.021524058265868798,0.002603018605860267,0.0009081516667725536,0.6455480555728853,0.00033307998135099115,0.2356485306806839,0.08590303417123697
harvey forces national weather service to add new color to its rainfall map,6,6,0.007656012430593503,0.02842071967964729,0.0025129037739074394,0.00032982610708284614,0.0829667557900079,0.0009022596537146796,0.6434123143064834,0.23379920825856293
hurrican harvey transposed over illinois to show widespread heavyrain,6,7,0.007301849520182699,0.23023000741371943,0.002542792416721298,0.00033110462594659353,0.030017710068776807,0.0009081193193012254,0.0851219332061484,0.6435464834292035
wotv news presssec the primary focus right now in puerto rico is relief and support in the rebuilding effo,1,4,0.007522914250586774,0.027048606394057442,0.0025674307166269135,0.0008997706748507592,0.6407972841942023,0.00032964332183497156,0.08606635945041258,0.23476799099742818
harvey bashes texas coast leaving homes damaged residents injured amp without power,1,1,0.22485755901872945,0.6603115742965707,0.002665764586752717,0.0003329842924447221,0.02704752277424211,0.0009237330849396345,0.07658920650087157,0.00727165544544913
puerto rico is now a country dont believe me read,7,7,0.007524922743712526,0.08129629941399993,0.002578225212251367,0.0008974384015216191,0.029501583959438644,0.00032983928319439893,0.23551845182923437,0.6423532391566471
so many faves on one track for puerto rico a14y5a14y7 almostlikepraying supportpr,7,7,0.007577390491859351,0.026184386109606803,0.0025488250265090777,0.00033122108078921297,0.22996700059044872,0.0009051952939145694,0.08346496162628395,0.6490210197805883
puerto rico power massive logistics challenge the commander of the us a usa news,7,6,0.007453123064974764,0.08457793207265761,0.0027181454986079222,0.00033245782500104717,0.030496905250136156,0.0009036298165833866,0.6388055418804846,0.2347122645915546
raises big bucks for mexico earthquake relief,4,4,0.00715040105285296,0.020676676607685195,0.0025489260652226506,0.0009114862450703462,0.650697844330121,0.0003312836173083274,0.08305158561247883,0.2346317964692608
cyclone mora storm makes landfall in bangladesh six killed,2,2,0.002640715548496547,0.029204964449555337,0.647158514183246,0.0009216886950203127,0.010399832756543567,0.000334543430074978,0.23795467088795058,0.07138507004911272
trump on hurricane harvey we will endure and we will overcome,6,7,0.010280299732151901,0.023646771346555448,0.0025363056302840008,0.00033330681766186195,0.08166131689987072,0.0009140169837666926,0.2376243117522927,0.6430036708374166
m56 earthquake 119km ssw of tres picos mexico 20170929t040022z depth 2166km 94a 2 47 w 14a 54 14 n,6,7,0.007357056447754451,0.08091083399310312,0.0027078938210533606,0.0009123318573711919,0.029598441593563028,0.0003335999646093973,0.23586079695407455,0.6423190453684708
how to help mexico recover from its devastating earthquake from wherever you are,4,4,0.0074054477847562234,0.02000431002227607,0.002539477426621976,0.0009042498377745429,0.6476643815022869,0.00033200292984256685,0.23536724511062845,0.08578288538581329
schools feed studentsao need after hurricane irma,4,6,0.010484224941724645,0.23228684369353444,0.002550055479741051,0.0009128783890533502,0.08383124573632264,0.00033354769188229696,0.6468353412183274,0.022765862849414155
hurricane experts on harvey irma and whats next,6,6,0.008443766108931489,0.024641825489815906,0.0025252235829500407,0.0003332367509878851,0.07155967566166005,0.0009125358104250963,0.6546185607326457,0.2369651758625837
are california forest fire memes worth investing in,7,6,0.007623803698717374,0.08137870847495647,0.002590863544416035,0.0003330020410757082,0.027283939709405527,0.0009090612027667887,0.6450559746915444,0.23482464663711786
helmetcam video amp radio traffic from california apartment fire firefighters,6,7,0.007159601115811676,0.08431671570386699,0.0025080464954254623,0.0009039253099225198,0.030395757688047833,0.0003312349834929948,0.23380870737460227,0.6405760113288301
north woodlands area church of christ delivers nearly 95k in supplies to harvey victims,4,4,0.027343081884704593,0.008339711889275445,0.0026462923818509143,0.000336376665228564,0.6620214853628427,0.0009158685216759173,0.2369846021132351,0.06141258118118692
money irma business itaos not just toys r us more credit weak spots are emerging ai a,7,7,0.0077667945681832015,0.025864510743388486,0.002562938058349648,0.0003322302057589887,0.08046862714433754,0.0009077523444012628,0.23361746956222676,0.6484796773733542
a very hota weather fire danger expected in southern california algeria u2,6,6,0.007384283613790632,0.08071497572787752,0.00256664279540614,0.0009026470704187093,0.028413424290450507,0.0003316028176684288,0.6483360897386113,0.23135033394577678
wheel wednesday all the way from puerto rico a14y5a14y7a12f jeepwrangler offroad wheelwednesday,7,7,0.007447032389831084,0.021754574515473333,0.0025031966787122622,0.0003313748174544754,0.08279984582024127,0.0009039880861036849,0.23481431310173825,0.6494456745904458
at mexican school hit by quake heartbreak and dwindling hope by paulina villegas via nyt,1,1,0.008074740782940655,0.643597531664457,0.0026299359998238465,0.000333342125876041,0.02937717476767321,0.0009088238406611662,0.23502048651579524,0.08005796430277287
tornado signature right outside of polygon moving inland from the coast flwx hurricaneirma,6,6,0.0069705288168196745,0.08259364930178917,0.00251878498067447,0.0009112429638926572,0.027925068553110034,0.00033203546373924893,0.6444426329552674,0.23430605696470744
good morning puerto rico oldsanjuan saturdayvibes,7,7,0.006996394497518817,0.02593830177984476,0.0025009381733487285,0.0008965517487480854,0.08266372321204271,0.00032841820428019977,0.23188448258140915,0.6487911898028076
first harvey then irma and jose why its the season,7,7,0.007599097643301379,0.07916036382724408,0.0025028872662065257,0.00033149627350719104,0.027185507067732134,0.0009055160534592618,0.23705361134219674,0.6452615205263529
boat and car mechanics in high demand after storms harvey and irma rip through texas and la gulf fla coastal s,6,6,0.007697512582687194,0.23003394554623713,0.0025482667493614912,0.0003353614928233997,0.030826827213344943,0.0009605005432589042,0.6434565926331989,0.08414099323908808
video shows dog being pulled to safety following earthquake in mexico,4,7,0.007371992292334512,0.02426805601791176,0.0025923323299279033,0.0009600612349005452,0.08556575516936642,0.00033245188909545036,0.2326044305693028,0.6463049204971607
and ahead of hurricanemaria and hurracaineirma the fakenewsmedia never reported this,7,7,0.007442753772029261,0.029185343680221913,0.0025536740139998327,0.00033166478646542524,0.08023815473705015,0.0009100616424362138,0.2378919471434209,0.6414464002243763
inbox issues harveyrelated interim charges txlege,7,7,0.007281131666125314,0.02988125264017076,0.0025550656257117515,0.0003326323279428063,0.0812905844492125,0.0009061696852325756,0.2349176970490653,0.642835466556539
talkback with cbs manuel bojorquez from mexico city following devastating earthquake,6,6,0.007488810846683509,0.030179003846998852,0.002728209119556154,0.0009163685298378116,0.08144335163275239,0.0003336409574797125,0.6421868006348906,0.23472381443180096
missing puerto rico amp watching the sun sets at the beach prselevanta ai a14y5a14y7,7,7,0.006960311008127815,0.025267515041887817,0.0025723587021266882,0.0009283695189495353,0.08081826929211995,0.0003319286387799,0.2304202976538563,0.652700950144152
trump at a church in puerto rico from jonathan ernst,7,7,0.0071433857923468465,0.029483825305642423,0.002654349339219618,0.0009145856096420686,0.0840008741129014,0.0003313513965897756,0.22857889938658688,0.6468927290570711
the struggle is real harvey recovery for many houstonians has just begun please remember and be patient,6,7,0.007959486059042861,0.02903554758578475,0.0025368005886929525,0.00033187278006026875,0.08359707520769374,0.0009110685643607097,0.23453575816768515,0.6410923910466795
grabbing hurricane harvey by the pussy fakenews cant keep ignoring this heroism,7,6,0.00809634405350337,0.029120394886216577,0.0024867612604890063,0.0003303607301037135,0.08287618644213404,0.0009129657986319124,0.6437413457094635,0.23243564111945786
badass rescue dog who has rescued 52 lives is now saving people affected bya,4,4,0.007393512218279934,0.002615567967144181,0.022958266946927455,0.0009156680999540948,0.6560030354948418,0.0003347201392174904,0.07704536878745794,0.232733860346177
nations lean on pacific disaster center to prepare for hurricane irma hawaii,6,6,0.006950293043307293,0.0211310498942486,0.0025520011526733986,0.00033125472170491795,0.23486834487642536,0.0009053757082660172,0.6504268775935507,0.08283480300982361
an iconic moras icon,7,7,0.009695904599036053,0.08180124525568695,0.0026570486544469363,0.00033402111083735247,0.026831759874469306,0.0009125952077238002,0.22602071531944445,0.6517467099783552
i think these new mhts are going to do just fine a12cjnj hurricaneharvey,7,7,0.0070222433731747125,0.02099023283304105,0.002586258996592078,0.0003320091011522735,0.08458999896866362,0.0009092205445858702,0.23591475952647276,0.6476552766563176
harvey has got a busy footballing week football twice today football twice on thursday and once sunday,7,6,0.007752583533963632,0.029501905563831136,0.0026376172058409785,0.0003323367214392997,0.07960517481391004,0.0009084969684741343,0.6427885156979264,0.23647336949461434
over half of puerto ricos schools remain closed,1,1,0.007226301034336448,0.6436296552017446,0.0025695458862153354,0.00033211770450066065,0.02394602375933004,0.0009085109209773861,0.08479115441425578,0.23659669107863976
so was californiawild fire w trees standing cars burned wmelted rims bs,5,5,0.002728601470152068,0.08958474723747654,0.0009587747003452178,0.00034715778271724384,0.008084782470396085,0.620302383702097,0.032512866164948244,0.24548068647186758
usd adds exhibition against arizona state to aid hurricane maria victims,4,4,0.007520665176413594,0.020465162872971385,0.0026084893696649803,0.00033277159860149995,0.6505602493481233,0.0009090230129453979,0.23722749716817654,0.08037614145310329
how bout these fine folks in jax tryna pray and sing irma away,6,7,0.009356552307957884,0.02933626932562786,0.0025823774847953253,0.000333017803117366,0.07610880499073655,0.0009037696217596093,0.23580672082163978,0.6455724876443656
babies and stress the facts babies harvey ece,7,7,0.007338361995132279,0.027342463152892012,0.0025311252883185426,0.0009132878120455669,0.08243082264208246,0.00033246310103350054,0.233698947735498,0.6454125282729977
unconsolidated soil partly to blame for mexico city earthquake ksatnews,6,7,0.006999906541055267,0.02635109634363066,0.0026017511545021028,0.0009096110935353788,0.08614272117635943,0.00033129570263019784,0.2342124894388547,0.6424511285494324
918 post irma information please continue to handle storm waste safely in the event of an emergency dial 911,6,6,0.007679853344973502,0.029373346550002264,0.0025598286836252112,0.00033211081173570544,0.23078741872825548,0.0009067018866698833,0.642899306769223,0.08546143322551489
maria looks more posttropical this morning look for the storm to begin moving out to sea later thanks,6,6,0.006959710164687924,0.028899239949925392,0.00257687142449514,0.0003291120583671265,0.08188258918701567,0.0008981175234407334,0.6436501970429592,0.2348041626491088
hemingways house and cats spared by hurricane irma,6,1,0.010546176495945933,0.6482320137187026,0.0025749993982811907,0.00033444097143762183,0.029462111619309964,0.0009231902091784353,0.23535585459464453,0.0725712129924997
tornado of learning learn powerfully like the vacuum of a tornado involving knowledge that you need,7,6,0.007267289917507506,0.08327361889903251,0.002643117073879962,0.00033018311830372815,0.026610323945252243,0.0009003392709842406,0.6438062380200419,0.23516888975499772
hernandezs big game means dodgers owner owes 1m for pr relief,7,4,0.007070317767085419,0.02317674369670812,0.0025132015610901605,0.0003328398448589096,0.6461234164149479,0.0009090694892411613,0.08473960119089428,0.23513481003517397
video of live tv interview shows the moment a powerful earthquake hit iraq,6,6,0.008119661820878777,0.23493082036755197,0.0026035323402968046,0.0009096712757118717,0.021576763108019405,0.0003331042988624917,0.6455513126622234,0.08597513412645524
hurricane irma creates carnage when it hits south florida,2,6,0.006974660474628286,0.08297513628626868,0.0026304934217391282,0.00033563424464155427,0.023344217821373043,0.000915507490124999,0.6513472692804443,0.2314770809807799
stop playing golfsit your fat ass wellit is down and figure out a way to help puerto rico,7,4,0.007403981391479641,0.020684379461860577,0.0024865190860257585,0.000906219413816204,0.6483581147913025,0.0003325126533614141,0.08097116041900627,0.23885711278314764
femail rosie perez trump tweets nonsense puerto rico suffers the 53yearold aca,7,7,0.007064963194720316,0.02421206460473486,0.0025868875225602103,0.0009048547830084448,0.08169533842489456,0.0003312228528696365,0.22924138259056218,0.6539632860266498
tampa bay residents can apply for federal unemployment services after irma,6,4,0.010259359184452255,0.02712641786569976,0.002491904140527128,0.0009089867903437168,0.6406445963875266,0.0003322155628982202,0.2344951183506893,0.08374140171786314
tx diaper bank in urgent need of volunteers for harvey victims,4,4,0.029393667775006085,0.007682351746467185,0.0025380411040674734,0.00033042387085800197,0.6528406849072458,0.000902479644428591,0.22911334910297432,0.07719900184895252
local pig rescue will shelter barnyard animals in hurricane irmas path,4,4,0.009767007971113304,0.024041744739764476,0.002542415124684494,0.0003318631443641364,0.6479468359990108,0.000904899236936268,0.23748166084040628,0.07698357294372013
look at this very dangerous hurricane maria with winds of 175 mph,6,6,0.007271210347972143,0.22938427175888243,0.002606364779842155,0.00033254851199452236,0.026741997622466623,0.0009073040493197892,0.6497639212685925,0.08299238166092977
irma evacuees find shelter in demopolis locals lend helping hand,4,4,0.07793150498641632,0.007515472751930954,0.0025787087048026835,0.00033746307608541475,0.6567979553512029,0.0009165938890448888,0.22722791372636306,0.026694387514153824
us coast guard saves texans from storm harvey flooding,4,4,0.010361924080359209,0.02856590358380002,0.002571130955591598,0.00033320129697242835,0.6421232931660616,0.0009070819888801658,0.23705880810385122,0.0780786568244837
listening to beni mora by gustav holst on gustav holst orchestral works,7,7,0.0072141351583583264,0.028470599306386336,0.0025208130262625705,0.00033234279736136206,0.08270793049193322,0.0009098560916607048,0.2356087032236725,0.642235619904365
how ending daca could affect harvey victims hounews,6,4,0.029449022689524134,0.007814709425906652,0.0025955712226499294,0.0003325443782838038,0.6397224294808627,0.0009115805354777158,0.0855601182676192,0.23361402399967587
breaking news second earthquake rattles central mexico in 4 days breakinga,6,6,0.010092989907576682,0.02967414982671097,0.0026972282123822224,0.0009112236562744505,0.0786682405748526,0.0003333292325495414,0.6464515250179219,0.23117131357173157
pimp cs wife revealed all ugk archives were lost in hurricane harvey,1,6,0.028886815190797478,0.010383573899499298,0.0026794531331802945,0.0003357942554096885,0.22810074560085722,0.0009262895056695999,0.6443326107847536,0.0843547176298327
denver7 journalist recounts mexico earthquake firsthand fund set up for denvers,6,4,0.007378141438775148,0.01960720196203242,0.0026048420232396,0.0009171455877178946,0.6449106542597097,0.0003344971943512981,0.08690624903759112,0.23734126849658288
20170915 hurricane irma florida keys a boat not where itaos supposed to be in duck key gettyimagesa,6,6,0.007025538684226769,0.23049538383318915,0.002674135328090256,0.00033346683776134525,0.025652159196416047,0.0009398451247173288,0.6479080213291133,0.08497144966648584
hurricane maria loves you hurricanemaria via sandydelgado,7,6,0.0072864464676336985,0.08020199206794683,0.002523190132765505,0.0003337783563221199,0.029747284233800294,0.0009117587945898452,0.6508691468000011,0.2281264031469407
hurricane marias eye remains 485 miles from miami and slowly moving north,6,6,0.007320189724196856,0.08264725654358866,0.002724928758144421,0.0003320305257774572,0.027097090622432606,0.0009045202002209653,0.6500363470567123,0.2289376365689268
alert tornado warning near columbia river mouth,6,6,0.007300522216798528,0.08287523359018796,0.0025565669555043615,0.0003323403175310542,0.024479857606038873,0.0009066075663155632,0.6530760836677854,0.2284727880798384
thiago alves loses dog to hurricane irma,6,6,0.006965691669917733,0.029820476101918326,0.0026269612556945373,0.00033287971913952745,0.0852977026787029,0.0009056564272581609,0.6417090708400544,0.23234156130731443
illegal started cali fires,7,7,0.007380549607924523,0.027083704545657852,0.0026053544168008844,0.0003328872343781171,0.07835209442965974,0.0009065542255359735,0.2310730146577338,0.6522658408823091
how the trauma of a storm like harvey affects your brain hurricaneharvey trauma ptsd,7,6,0.009823450001695651,0.028638485859886795,0.002528624148211156,0.00033114765541147884,0.0791816189555072,0.0009049932383105666,0.644027021792558,0.23456465834841933
coloradobased supertanker takes on california wildfires,6,6,0.0073965847468593915,0.08301871505407402,0.0027479004455060758,0.0009143501041355345,0.03007525248316891,0.000334161460066525,0.6445202536301282,0.23099278207606128
metallica to perform at northern california wildfire concertannouncementcharityconcert,7,6,0.009433161309968942,0.029515615926135257,0.003375576919951493,0.0009168838368100896,0.07675709947576784,0.00033465301435127665,0.6465053050972546,0.23316170441976047
new tropical storm watches posted for coastal north carolina with winds that could gust 60 mph ncwx maria,6,6,0.007056134275058509,0.0811092685705246,0.0025689884203319363,0.0003315338276957306,0.0299445197127132,0.0009023283988972825,0.6474665247997821,0.2306207019949967
hurricanemaria the devastation captured by joe raedlegetty,6,6,0.009016882771796497,0.23281864104703237,0.002522649624496997,0.00033329190826428924,0.029494161554709408,0.0009141287378866039,0.6397076255423173,0.08519261881349655
gfs has quite the et cyclone over the uk and ireland from the remnants of maria,6,6,0.007158683737224752,0.0831134400490707,0.0025910335159422923,0.0009023054899309831,0.02895066487610379,0.00033094524876699585,0.647092767941259,0.22986015914170146
cloud storage offers data safe haven from harveys deluge cloud,7,6,0.007280328368227809,0.028925048721036174,0.0025669717514660165,0.00033215068798653045,0.08370257398186658,0.0009041661418979929,0.6453018435203326,0.2309869168271864
the size of a tornado compared to the size of wind turbines via,7,6,0.007114934185970551,0.08384465154195651,0.002539497255693062,0.00033087783425160653,0.028640718522087733,0.0009002185189289281,0.6437769868972318,0.23285211524387955
know where to go in case of a tornado a hurricaneirma irma,6,6,0.007812793174775838,0.08410964004804432,0.0025786783847377257,0.00033211799014184774,0.029949699023577064,0.0009099973661342389,0.6449650401825404,0.22934203383004864
how donald trumps failure to help puerto rico could haunt him in 2020,7,4,0.007514064136420226,0.02420609535712049,0.0024947773404017264,0.0009130838457970941,0.6464502265348008,0.0003307425693067963,0.08188395333087162,0.23620705688528124
how irma and harvey may impact our food supply,6,6,0.00913288486062806,0.024511421080062115,0.0024850749812285492,0.0003316353508826701,0.0838133810881792,0.0009128684319824294,0.6449042428923123,0.23390849131472471
hurricanes like harvey and irma make life even more miserable for allergy sufferers,0,6,0.007534745778366174,0.027562054534603246,0.002550158025237065,0.0003321402716206397,0.08143378847866864,0.0009018881750740358,0.6440024390052724,0.23568278573115786
i texas hog hunters private pilots provide airlift to hurricane victims a8,4,4,0.00816381237162423,0.021174709237095433,0.002775424394742103,0.0003328795718887052,0.6474587212063537,0.0009080685820623473,0.23576862102069313,0.08341776361554029
four texas gop lawmakers voted against harvey aid package,6,4,0.007475096925637661,0.024862247710791176,0.002569007037277564,0.00033346306756628816,0.6426364057058441,0.0009159960574604395,0.23488895476068625,0.08631882873473642
fifteen daysjust over two weeks since harvey came to town,7,7,0.007558906724444806,0.08280323871535562,0.0026027615600535204,0.00033337545092635687,0.030261347126606518,0.0009093308006413716,0.23533180527673872,0.640199234345233
what it means to be a community in the wake of hurricane maria,7,6,0.00843746839350518,0.08990872155499251,0.0028972975941265293,0.0003652716706787989,0.09021525238526945,0.0010010173682054907,0.7175151168174471,0.089659854215775
biggest beneficiary from harvey and irma floor amp decor tts fnd,7,6,0.009880081288938537,0.027755551929975537,0.0024906491284290874,0.0003297721762288715,0.0822403984791239,0.0009028344719111614,0.6445126593336695,0.23188805319172334
im out helping those affected by harvey a feels good helping others fight back rebuild 5,4,4,0.02143298625702125,0.007259663975713583,0.0024838177970919004,0.0003297418851377215,0.6541134228449805,0.0009171071058139721,0.08224946988754402,0.23121379024669694
many volusia residents still suffering one week after irma,0,6,0.23253013977972006,0.08128257749089723,0.002588928134672312,0.0009094996101902857,0.009910398129071598,0.00033419646064780087,0.6423286147971774,0.0301156455976232
help cenotaph drummer rebuild his home destroyed by earthquake in mexicoa city,7,1,0.007396218151528343,0.6447363951201854,0.002653417171077131,0.0009051751464824876,0.23081794603005923,0.00033403111535686733,0.08297609421997797,0.030180723045332595
were focused on recovery efforts after irma learn how the work continues even after the storm has passed,4,4,0.007047112089949894,0.029225430579074677,0.0025123560607107753,0.0009073146876408355,0.6402857161720221,0.00033153374327095163,0.23586124739062747,0.08382928927670333
black scout reviews mora bushcraft survival black knife,7,7,0.0074849754026710975,0.02879815185874412,0.0025582617780109014,0.0003329913669683925,0.08056482851617137,0.000904727008335067,0.23235919515787803,0.6469968689112209
please keep praying for our bible society colleagues in the caribbean prayer irma,6,6,0.00704235709932769,0.02879725721547874,0.0025036415223967114,0.0009032173307855955,0.08422338894561754,0.0003309753510267969,0.6403166267397089,0.23588253579565796
helping to pack personalcare kits at warehouse those gallon ziploc bags hold a lot harvey,4,4,0.007075116010870604,0.022957274413751644,0.0025156081219032587,0.00033039815760107675,0.6486741764056076,0.0009067954263377493,0.23300115350163922,0.08453947796228888
tree tunnels to control colombo floods flood srilanka colombo,6,4,0.007590547059510222,0.08514159409142437,0.0025859474120246946,0.00033458555394591907,0.637880404513627,0.0009182274077749636,0.23451794760685177,0.031030746354840915
a homage to early new york spiritual house valentino mora body nostalgia,7,7,0.007662917771974305,0.028301045791086422,0.002536256091487097,0.0003317918307452156,0.08068955313121176,0.0009012369004051722,0.2331701333481991,0.646407065134891
california wildfires evacuees offered free haircuts amp chiropractica care,4,4,0.00878781361426947,0.08326236732423457,0.0027567669610538454,0.0009155919256673291,0.6405903267079428,0.0003354891819336294,0.23342559678457062,0.02992604750032783
help to close the zoo located in mayaga14ez puerto rico for animal mistreatment plz sign,6,4,0.007479074876920048,0.02126393159977076,0.0025130156424589675,0.0009027287562425145,0.6479485885403962,0.00033053628302189686,0.08406342746274358,0.23549869683844615
harvey trailers sells utility car enclosed dump snowmobile trailers in maine trailera,7,7,0.007615306561344927,0.08128812063623606,0.0025745886742358027,0.0003345618658794178,0.030019693159270482,0.0009482141857412159,0.23242429098454348,0.6447952239327486
my brother amp his family added another family member added to the packa12 d also a harvey rescuea125,0,7,0.028712904365878103,0.007338508258673473,0.002545269739298346,0.0009362627176633483,0.08313248395025127,0.00033288713195074544,0.23308163986064784,0.643920043975637
dreamers saving lives during harvey still trump says get them outta here daca haiku,4,7,0.0288159422000129,0.007935452141601835,0.0027066296465762217,0.0003342914688247185,0.0818769424560772,0.0009101496940577177,0.23334988164545994,0.6440707107473893
breaking large and extremely dangerous tornado on the ground in broward county florida irma,6,6,0.00711542755344074,0.08150797478412365,0.002645970421652167,0.0003328995817240394,0.028908038143194356,0.0009045969110809182,0.644812337905162,0.23377275469962217
hosts dinner tonight to raise money for hurricane maria victims,4,4,0.007411050380832057,0.01958071237183893,0.0026232335505993734,0.0003321676438913242,0.6514773110704172,0.0009033146426119366,0.23275096114263683,0.08492124919717227
fabric of srilanka torn apart by cyclonemora,1,6,0.007583509146544515,0.08551652978348473,0.0025580665061827592,0.00033448269219014005,0.031244958761523705,0.0009158720278474932,0.6382212951412274,0.2336252859409994
how many fire fighters are illegal aliens in california jerry brown use you dear loved citizens,7,7,0.007490358855508973,0.028076643155335805,0.0027211899625314427,0.0009069285664201334,0.081080465484157,0.00033340720015280907,0.2357479743078328,0.6436430324680609
hurricane irma recovery update,6,6,0.006954081428683097,0.23261388686179027,0.002568917186164653,0.00033183213520577155,0.08439331666766618,0.0009027030042124163,0.6523760887715262,0.019859173944751368
take a trip to spanish speaking caribbean cuba dominican republic puerto rico,7,7,0.007318705795138078,0.030579558100784866,0.0025170500081337726,0.00033124846670238146,0.08159185418219712,0.0009055507918998544,0.23278554158429665,0.6439704910708474
need to talk the toll from harvey is more than just material,2,6,0.0029746065079175334,0.23021573399448825,0.010779125392959273,0.000335807873071303,0.03034754855411486,0.0009172931786426181,0.6389985260867712,0.08543135841203495
sacramento group cares for florida pets displaced by hurricane irma,4,6,0.008820365081725227,0.026744975878923404,0.0025770072057479704,0.00033541256689864895,0.2387783901390407,0.0009214760175084121,0.6499787296836942,0.07184364342646145
islamic state celebrates but does not claim responsibility for california wildfires,6,6,0.0028043071998293,0.027418462733476617,0.008364465942650013,0.0009119093237195015,0.08131144411543481,0.00033476584162142674,0.6441065321322623,0.23474811271100599
please helpwestie found after mexicos earthquake,7,6,0.002801478791724321,0.0010018035805200907,0.009311473750215871,0.02832032988434471,0.07746812307660797,0.0003372239985723406,0.6471938843689067,0.23356568254910784
hurricane irma terrifying path latest models show it will hit miami as category 5 storm,6,6,0.008002178240280189,0.08356005970393549,0.0027745370439685754,0.0003333908878098311,0.02065062379756659,0.0009097927638124541,0.6565812089391451,0.2271882086234818
hurricane harvey threatens largest flood insurer,1,6,0.009708007922844878,0.08352407346007949,0.002523078292991539,0.0003307264525414283,0.23034442918921538,0.0009123136433181262,0.6465287885454328,0.02612858249357629
another dog of harvey named jimmy amp flown into bay area from texas he needs a home abc7news,0,4,0.008048737349040854,0.0832900194677971,0.002551012731688293,0.000911132861957576,0.6403223137835918,0.000333179073153748,0.23414060457288352,0.030403000159887027
orlando schools welcome students from puerto rico edchat hurricanemaria,7,7,0.00912053355045322,0.029076540435230645,0.0024803352242298684,0.000331036576477274,0.2298246406699665,0.0009030987797798539,0.08037717785400626,0.6478866369098563
evelyn says her neighbor javier who doesnt speak english rescued her from harvey javier we are all family,4,7,0.029385589145507058,0.00723938918506327,0.0025642010790126154,0.000929976671495121,0.23380353551193217,0.00033837418346606527,0.08381338077924227,0.6419255534442814
favourite line about irma,6,7,0.007859469321876283,0.02884982141157557,0.002536996890163863,0.0003335742654251744,0.07577114753332195,0.0009071053840113344,0.23585402095296734,0.6478878642406585
puerto rico getting the food out to the forgotten citizens,4,7,0.007379159592790629,0.028974402963856588,0.002497589124690254,0.000329631094022345,0.23332312328672822,0.0009010879520688078,0.08430356422122297,0.6422914417646203
good friend of mine found this in his hurricaneharvey cleanup a12e,7,7,0.007033032736432453,0.028946642600796324,0.002672803017019663,0.000951409538329794,0.07904393366035171,0.0003358255076178451,0.23388110102706205,0.6471352519123901
seen from above entire california communities reduced to ash,1,6,0.007746885817473738,0.08429835813703576,0.0025421252916163306,0.0003319953561085997,0.02931934403000516,0.0009037433476764387,0.6419958502950264,0.23286169772505763
money irma foxbusiness emmys ratings crater trumpbashing to blame foxnews fox b,7,7,0.010190925935759213,0.02156493440554077,0.0025237942735914743,0.0009143419513554487,0.08241920036745524,0.0003340261425944501,0.22993397013696348,0.65211880678674
fees waived at landfill for hurricane irma debris more infogtgtgt,1,6,0.0025517643477560633,0.08411661335466887,0.007360846789704339,0.00033234951203832457,0.23395041703014127,0.0009102173668056662,0.643056058644406,0.027721732954479387
94 tonnes of tin on route to anguilla to help after the destruction of irma,4,4,0.007247303605043223,0.08479079417376402,0.002468787283534079,0.00033062143192357684,0.6418851374419243,0.000910283523676188,0.23257504255878012,0.029792029981354447
scientists have run out of adjectives to describe hurricane marias devastating power,6,6,0.007935653388115244,0.231604314042852,0.002558046855360841,0.0003300634835073346,0.028452117420707575,0.0009026640369072199,0.6453656747467637,0.08285146602578612
lets talk about hurricane maria,6,6,0.007427756645992394,0.08231186598345391,0.00253463065480558,0.0009030700633777145,0.02937166556918201,0.0003316213720032503,0.645759590664058,0.23135979904712722
yaaas finally bought it i havent felt this happy since before hurricane mariaa12 2 i cant wait to start reading,7,7,0.007188267763809358,0.027340815572988408,0.002528818115458686,0.0003322730125001434,0.0776372920748847,0.0009090935546960647,0.2367857587576215,0.6472776811480413
irma poses us145bn sales hit to us retailers worse than harvey,6,6,0.008512230989368269,0.02872928259299316,0.0025536236373181536,0.00033138342978965724,0.08286116865483162,0.0009057401442616498,0.6405905350206446,0.23551603553079292
isso porque a dona do post n mora em svp triste realidade,7,7,0.0073034494871021234,0.02553422627893489,0.0025909568087930874,0.0003335776713834658,0.08217094033865713,0.0009067476819624791,0.23050335776450226,0.6506567439686646
well thats new good for you james harvey hylton arca,7,7,0.007090950953017495,0.01935848638889253,0.0025022385885314132,0.0003306188580965251,0.08414292042205822,0.0009016129859300173,0.23610261450184958,0.6495705573016244
iam so proud to be born in puerto rico,7,7,0.009732259598981493,0.026548432285068802,0.0025224902450539334,0.0003311117417550646,0.08338606989478047,0.0009035621083488514,0.23087189057320417,0.6457041835528071
john mora doubles and scores in the 1st 10 mets top 3 stlmets,7,7,0.009088966306699638,0.026610269716559314,0.002605605670709392,0.00033292062632338503,0.08097238814906056,0.0009045377925527801,0.22853311037409665,0.6509522013639983
texas countys long recovery from hurricane harvey begins,6,6,0.01020220871949281,0.08220782790652108,0.002551231135043911,0.00033172723232493384,0.2317702557720231,0.0009124995110687293,0.6417728036123636,0.03025144611116183
the agriculture sector of puertorico faces lost crops and property damage from hurricane irma,1,1,0.007027067724746934,0.6522386667390704,0.0025641757467639616,0.00033420636081883,0.021578243676630433,0.0009124188981915365,0.23651022765250376,0.07883499320127409
more than 11000 in shelters as hurricane maria lashes puert tisnews click link,6,6,0.025933327001872744,0.2430847135594586,0.0038925010890467964,0.0003467221134795485,0.031028003000647637,0.0009448399072588192,0.6665544280805976,0.028215465247638332
a hard days work cleaning up irma debris always goes up in smoke at horsemintfarm,4,4,0.007797040482814836,0.02858101231299474,0.002527749043152176,0.0003316087875954519,0.6432481335394201,0.0009190547141451676,0.23611390862818646,0.08048149249169102
hurricane maria damages dominicas main hospital leaves war zone conditions,1,1,0.009306132405087762,0.6432680732136015,0.0025586460180553458,0.0003327898298031181,0.02732997469211335,0.0009041419713691469,0.23495043843169783,0.08134980343827203
sinkholes are being found in florida postirma are you covered for that irma harvey,6,6,0.007189587853939295,0.022594172675164628,0.002643974267837208,0.0003385133023530604,0.08531700580973868,0.0009151968159991241,0.6461563820656779,0.23484516720929005
pregnant with twins mother helped to get back on feet after harvey kprc2,0,7,0.026713113457207793,0.008890041908646975,0.0025037617507621757,0.000332344614246343,0.23377106434119274,0.0009139331251293504,0.08469017770650451,0.6421855630963101
dont forget a pictures worth a thousand details puerto rico after maria,6,6,0.007516070481613672,0.0833344566982299,0.0025696130899439547,0.0009126705364732806,0.028941798157547494,0.0003332564204398008,0.6421191393809031,0.2342729952348488
indian ship delivers aid for cyclone victims burma myanmar cyclone cyclonemora,4,4,0.007433319781435282,0.022991302200593384,0.0025803196670485225,0.0009077478645449799,0.6542700996806735,0.0003329329081085899,0.22918378553140872,0.08230049236618696
on their way to encourage the victims of hurricane irma,0,4,0.023310965145218708,0.00762011306731779,0.00272715693200245,0.00033352419981317396,0.6450384362443273,0.000915656666030948,0.23779524182146017,0.08225890592382927
tropical storm harvey triggers toxic air pollutants telesur english full coverage via,6,6,0.008114561748837585,0.08225441845034506,0.0025616158060742136,0.00033153767796609436,0.02863313117831218,0.0009045747099897582,0.649124927138991,0.22807523328948423
lcec hurricane irma update september 18th restored to 190104 lcec customers th,6,6,0.007332862723905772,0.08204116968644495,0.0025830138277004146,0.00033202932649177244,0.029319757124623418,0.000904939264905743,0.6476797973518904,0.22980643069403756
season over we could use able bodies at earthquake in mexico dig in,7,7,0.002653504030288716,0.030076015024141946,0.08237925376036115,0.000919839080050257,0.010543979318455961,0.0003352467374019903,0.23332870948769097,0.639763452561609
the eric and andre show featuring special guest the california forest fire,7,7,0.00728857143892473,0.08277195208565068,0.0025467900024282023,0.000898656566453969,0.02756230348213315,0.0003298198515718512,0.23406307919524053,0.6445388273775968
do you remember now where is jesus to help you in hurricane irma amp hurricane harvey,6,4,0.007886414812058195,0.022881417743948775,0.0025119874377865776,0.00032948739099517547,0.6476459147243319,0.000900574715314508,0.23666162895148263,0.08118257422408214
marketsgtpolitic gt amid puerto ricos water crisis unions step in markets,4,7,0.011350097486457524,0.31426790322089354,0.0034716992385000187,0.0004502243365170918,0.3108781445876006,0.0012251009473795568,0.04154970098401063,0.3168071291986409
iraniraq earthquake nsa leaks apple face id hacked and more security safety,6,7,0.0029503207637718034,0.07426227021176507,0.009846976902056074,0.0009120180613577949,0.025706423004689494,0.00033443959534664266,0.23769018441399273,0.6482973670470205
irma aftermath st martin residents are now struggling just to survive propaganda,7,0,0.6429205265015698,0.010268697845972485,0.0024956676591421324,0.00033060131464693397,0.08247639610584714,0.0009070616978098255,0.23518642482345994,0.025414624051551607
helping the keys this am calvary church in jupiter sending a team down w supplies post irma,4,4,0.00698109518181011,0.029424883218090885,0.002535583545335012,0.00033185051042390834,0.6488202755517393,0.0009062467026790913,0.22869456165772775,0.08230550363219392
calm is here with a california newt also called a fire belly,7,6,0.00802354062033873,0.0800551900987352,0.0025201880347095994,0.00033236386455752796,0.02579103909656148,0.000904010455636515,0.6454617809881098,0.236911886841351
news startling footage shows california wildfire impact,1,6,0.008105714590689669,0.2300405865862864,0.0027452597188159416,0.0009251951720253932,0.02084153982116678,0.00033502739995075855,0.6524175163407562,0.08458916037030892
passenger jet races against hurricane irma guess who won reports,6,6,0.007367512049291904,0.07858901742174502,0.002754339372241737,0.0003359384543918897,0.028152410070228256,0.0009322781005515302,0.647241805046262,0.23462669948528758
tornado watch for most of south florida until 12am sept 10th,7,6,0.007100899087204648,0.08230994058922764,0.0025501980450770407,0.0003329975668658398,0.030113887660725966,0.0009040809364755191,0.6484702476445007,0.22821774846992274
irma makes a slow exit from the tristate irma makes a slow exit cincy link,6,6,0.007127126050983792,0.08111893427321132,0.002567420748454407,0.0003330744680582274,0.027887834873741586,0.0009032390171722341,0.6454149748153053,0.23464739575307308
despite the rain wyeast middle school yard sale in the couv goes til 400 raising money for trip amp puerto rico,4,7,0.007283609497126431,0.029373219970889635,0.0025512281151515194,0.0009018530482548314,0.08479242248902365,0.0003302487490079453,0.23449861617347884,0.6402688019570673
a post hurricanemaria update from stbarths caribbean stbarts,7,6,0.007242807852719986,0.027872427400088745,0.0025841816490545988,0.00033388618766931085,0.07268869171609427,0.000929842478375166,0.6509188009331137,0.2374293617828842
help people replace books lost to harvey flooding everything helps,4,4,0.00961161885240493,0.08036663134737945,0.0025708964629747966,0.00033730803358184464,0.6548396719101652,0.0009187879760465353,0.22330827542639678,0.028046809991050373
video shows california family reuniting with pet dog presumed dead in wildfire,7,2,0.02825214539052502,0.0027748638647568506,0.6458486035130557,0.0009533943974227926,0.009124690247733226,0.0003346683050112317,0.08254612609509658,0.23016550818639853
guest attacks man who let him stay during hurricane irma florida police say abc15,7,6,0.008069619242875586,0.07631755605244114,0.0026391970643297913,0.0009408927125827539,0.023666483377616662,0.0003384229521674079,0.650140761762466,0.23788706683552052
dont worry folks just got off an important conference call with hurricane irma well be fine,6,6,0.008797040235054692,0.07930689655098272,0.0025905543024010804,0.00033359412117098437,0.027131078631506027,0.0009100738316352537,0.6454466022938834,0.2354841600333659
un migration agency appeals for usd 495 million to support communities in wake of irmaa,4,4,0.007696153534579502,0.026971385552338373,0.0025482073774403323,0.000330664614027488,0.6486928335712002,0.0009081691072629739,0.23059062348990855,0.0822619627532425
hurricane irma track update dominican republic amp cuba next 9 dead amp 49 million at risk,2,2,0.002656686418944195,0.08542281443597668,0.6318539702022052,0.0003370687384501609,0.00848135206816664,0.0009199087816835924,0.24193845726645027,0.028389742088123223
youre trending in puerto rico i miss you 57 hrvypreorder,7,7,0.00802412485217693,0.0293203384597043,0.0025314409275005163,0.000904063290601942,0.08461842324853928,0.000330881058895222,0.2269399900281726,0.6473307381344091
iran used haarp technology which caused earthquake in kurdistan,7,6,0.002901886074904131,0.082188715371042,0.00899001826852385,0.0009067321675613464,0.023915533798944722,0.00033262843105302673,0.6474623839750977,0.23330210191287315
what microbes may be lurking in floodwaters from hurricane harvey,6,6,0.029611272698431217,0.22164503540380223,0.002583120346351807,0.00033385203056430113,0.010014165617561799,0.0009287035381348674,0.6545776685650782,0.08030618180007564
tickling bondage footworship licking hurricane maria in revenge of the tongue tickles,6,6,0.010065680043142653,0.22850743033472506,0.002673875615459321,0.0009047836765445816,0.029373335880365194,0.00033210898417636645,0.6470633876915064,0.08107939777408048
harvey amp irma came diesel generators instantly kicked inkeeping internet ops uninterrpted,7,7,0.0076552555662105235,0.08192608925951023,0.0025318166527904854,0.00033169214322689526,0.029046868791001514,0.0009047637977363571,0.23499035319249179,0.6426131605970322
we are indivisible 100 of profits benefit aid for puerto rico,4,4,0.0071341395936095646,0.027658934514386554,0.0024703138555305943,0.0003299460012642298,0.650059856018471,0.0009085326346801137,0.0772539482445305,0.23418432913752749
modular container home is d fastest ampmost efficient way 2 build strong durable buildings anywherea,7,7,0.007493853580449871,0.2350842429754538,0.0026095509448255025,0.00033230327044484723,0.025933854816121777,0.0009109358650544305,0.08375087950659205,0.6438843790410578
the wait continues irma,7,6,0.007079439372970554,0.029553522029346593,0.002507542397180053,0.000915937468918521,0.08083904245460301,0.0003314374590717141,0.6453603021275298,0.23341277669037974
mmmmm plus i made sure my cookie went towards the donation for harvey,4,4,0.007136544746030985,0.024071129488954755,0.0025197197366619985,0.00033256595101157114,0.6426768602641094,0.00090787396459293,0.08543588425178351,0.23691942159685475
irma is still leaving her mark in some areas of fl,6,6,0.007181224919746646,0.08524988380064435,0.0026038051977439257,0.0009117567930561255,0.030096937082149784,0.000334100064877107,0.6421652009137322,0.2314570912280499
first harvey and now irma relentless storms strain rescue workers,4,6,0.0076585115852166675,0.02984300928297141,0.0026044455663137723,0.00033276855045989576,0.08434814163888876,0.0009083579274658146,0.6423064491419443,0.23199831630673928
6 scenes of sentinel ingested to hdds for event 201709hurricaneirma irma hurricane,7,7,0.0071626680213612735,0.028952888669452913,0.0025143247108473966,0.0003314427937286911,0.08267671083648492,0.0009175893559233557,0.23469442723155146,0.6427499483806501
how biglaw in hurricane maria ravaged puerto rico are pressing on,6,6,0.010284467707430155,0.23071681897796753,0.0025320604888907964,0.0003322469652884248,0.0295618542614514,0.0009041311871290521,0.6431244222108321,0.08254399820101058
harvey nash hr business partner,7,7,0.00864938296755034,0.023013016223035244,0.002514670177637763,0.00033178100094789455,0.08511468990216298,0.0009093729428006805,0.23098766667881512,0.64847942010705
sheriff suspect shot wounded during irma burglary,7,6,0.007144578891953693,0.08061060172854458,0.002663724512966141,0.0003337554312208888,0.027926794611239834,0.0009162991138422271,0.6479584849122223,0.2324457607980103
cloudy water from irma as the waves continue to roll in,6,6,0.007672283071278565,0.08086332585007941,0.0026731441175994702,0.0003310880223480581,0.23335623696840627,0.0009023926730899637,0.6451458494072654,0.02905567988993288
the stream what can be done to help caribbean nations recover from irma,6,4,0.007300561999494928,0.02147852333813432,0.0024959329180034057,0.00033264266161386826,0.6456351335799408,0.0009075615624392165,0.0861268046111371,0.23572283932923624
major hurricane maria has now strengthened 60 mph in 24 hours,6,6,0.0026834719708134567,0.22604878063140102,0.007919970901293552,0.00033348176749266187,0.02924913413530505,0.0009058540606579708,0.650601211421349,0.08225809511168725
heres a midmorning update on harveys future forecast in the houston area,6,6,0.007118029553176185,0.22901663117145707,0.002553286263977492,0.0003302858711701477,0.029349279619164954,0.000900928341200883,0.6482490965596339,0.0824824626202192
sampc week 6 for harvey todays focus was explosive power a1414ba14d istrengthandconditioning basketball rugby athlete,7,7,0.00776809727146362,0.030982366527412496,0.0025275232589268867,0.0003318412609431661,0.08329876471292937,0.0009076120149677443,0.2344326390241113,0.6397511559292454
the us embassy shows the reality of a devastating earthquake hitting iraq and iran,6,6,0.0027400674333349457,0.22979036511485795,0.028452178161058723,0.000904451219272482,0.008534439142996389,0.0003314601936309777,0.6449084664311272,0.08433857230372124
crude oil weekly hurricanes harvey irma lifts oil prices,6,6,0.007404183591604225,0.029570159717301946,0.0025065376805578515,0.00033160414693058114,0.07871278073213249,0.0009048467972118122,0.6452733747881731,0.2352965125460879
local soccer tourney includes tx teams and money being raised for harvey relief,4,4,0.007224382051797515,0.023607354592786085,0.0024695946239003965,0.0003290777609213387,0.6516750183909925,0.0008975627038914327,0.08095390408590776,0.23284310578980288
scenes from mexicos devastating earthquake by ro water filter,6,6,0.007505972122670929,0.030046736663502455,0.002704020323512407,0.0003383394195204332,0.08110036797279464,0.0009383131962582594,0.6459798756805656,0.23138637462117534
praying for those yet suffering from harvey i had the pleasure of volunteering with blmhtx in hard hit areas,4,6,0.010434967225692043,0.03928939669843498,0.003378163519051913,0.00044636976593383996,0.3154654484795557,0.001227402452744716,0.3160975113361581,0.3136607405224286
fema approves loans to keep harvey damaged cities working to repair damage,4,4,0.007102876270878838,0.235082794970825,0.002498140315861355,0.0003311930724087891,0.6380350867070677,0.0009189448461761854,0.03095728037177033,0.08507368344501176
this is what stupid looks like earthquake hurricanemaria hurricaneirma,7,7,0.0072156911459109584,0.08304622760961874,0.002526376959979,0.0003333429971214687,0.021192653091548573,0.0009155398928782303,0.23625706413422176,0.6485131041687212
harvey by the numbers thx for hosting eco recovery brief today,1,4,0.007160233612744012,0.026837522281091708,0.0024922215640405983,0.00033019317366327387,0.6422750805055584,0.0009034638061046782,0.23426251827755631,0.08573876677924103
gofundme how to immediately help those impacted by the california wildfires webdesigna,7,4,0.00922574340787878,0.028096016943205727,0.002527304850939327,0.000900671387274753,0.6461739284004266,0.0003294681805840675,0.22986937632462778,0.08287749050506286
blog energy department responders are on the ground assisting hurricane recovery n irma,6,6,0.0069110996462565825,0.02974757672120995,0.0025117481021192265,0.0003316303305394285,0.23410420023144388,0.0009079089593261365,0.6412669754644982,0.08421886054460671
love seeing my kiddos in puerto rico,7,7,0.007621679577179273,0.028989919401090154,0.0025289713671363258,0.0009066496383958603,0.23300544647998603,0.00033091620640423404,0.08054792423774228,0.6460684930920659
behavior of donald j trump as president and leader of the united states of america in hurricane irma,6,6,0.008747578613878435,0.0826536689441705,0.002659660289814696,0.0009109235842102006,0.02682590265714457,0.00033303827458959023,0.6437283675692582,0.23414086006693385
thanks to uncle sam and hurricane irma for the best 10 days ever see you in 2 months friend keep rockin,7,7,0.006971999459298513,0.026804749019499977,0.002567820353218688,0.00033193676319570305,0.0838339306862504,0.0009013666524135982,0.23319631764910242,0.6453918794170208
new activation emsr244 earthquake in central mexico copernicus earthquake eucivpro,7,7,0.010195078880188186,0.027561376476164585,0.0030492176132118844,0.0009167909175467583,0.07544018173113212,0.0003338052581563727,0.23413690516102093,0.6483666439625791
dang near everybody was affected by irma,0,6,0.010883855438455386,0.23094077801956808,0.002474331654627527,0.0003313311077338692,0.029136119458159988,0.000916043590041119,0.6471412007222941,0.07817634000911991
and not one irma model was right only one was close but it had her hit miami and the panhandle,6,6,0.026354368316025847,0.07872071274804118,0.002537568803052619,0.0003315426191125455,0.007062104320629035,0.0009157094009815072,0.6460878968229327,0.23799009696922457
texas struggles with harvey flooding could still see water rise,6,6,0.007458616171340074,0.2331449031628989,0.002542207492496866,0.0003329923686761772,0.08121475313809982,0.000908780914100626,0.6454412942632821,0.028956452489105416
hurricane irma ai aowonder girlsao help in georgia shelter redcross redcrosser,7,4,0.00924943058227644,0.02905283022120697,0.0025457770824918228,0.0009084697650904047,0.6493328359527849,0.00033273958114115644,0.2346370545424442,0.07394086227256397
look at with a great graphic on how big hurricane irma is compared to the state of oklahoma,6,6,0.007056868208503402,0.030093150729095717,0.002590216215943842,0.00033046378917563475,0.08323400785818988,0.0009052290653519993,0.6451416065465614,0.23064845758717797
245 dead as school collapse during massive earthquake in mexico naijapals gistmania,2,2,0.0027040394705135987,0.07838108452189846,0.6506085221901106,0.0009130764136442901,0.01000186664975071,0.000331386633820604,0.2286504896201107,0.02840953450015111
hurricane irma minutebyminute animation,6,6,0.007331007132556621,0.23949211950596658,0.002633749518225226,0.0003409320194824717,0.059595100299918574,0.0009265905090137872,0.6707523897841876,0.018928111230649112
hurricane irma path and track live noaa update as models show direct hit on florida,6,6,0.007086232784252527,0.2322412248677706,0.002687913864733141,0.0003322160145754433,0.021256775302875036,0.0009083264579815116,0.6528535011991198,0.08263380950869209
fema insurance chief harvey may end in 11 billion in payouts to homeowners,6,1,0.010702429992741245,0.6365613973963502,0.002639884746342171,0.0003356689710769665,0.030304026589763517,0.0009192956105764961,0.23368376824073336,0.08485352845241595
air canada suspends flights to st maarten due to hurricane maria impact travel,6,6,0.007006855260962233,0.031000698320538197,0.0025024168385964106,0.0003305907070195323,0.08506654122495795,0.0009015740480399785,0.6408452136005094,0.23234610999937633
trump appears to side against federal government in lawsuit over harvey relief unitedstates,6,4,0.007648895980840533,0.023045666569510848,0.0025641139639700546,0.00033299701527612213,0.6432375568929222,0.000912094100503031,0.2362863555349326,0.08597231994204466
why irma and harvey could finally get republicans to care about climate change,6,6,0.0071394319883297894,0.0275090349011674,0.002477433127490349,0.0003291343495562075,0.07961115566632185,0.0009028132366716657,0.6457329995280697,0.23629799720239308
rick brown what to do in the aftermath of harvey,6,6,0.007185387988782191,0.028514450676291075,0.0025556630064720925,0.00032933172103970026,0.08187999609525946,0.0009079867247109895,0.6510588478698007,0.2275683359176438
iran health minister meeting to discuss relief plan earthquake,6,7,0.0273515382090547,0.008117133884390186,0.002666009693978589,0.0009090343725276557,0.23436382635250505,0.00033408788709281327,0.0864456142221979,0.6398127553782531
harvey looks to slow cubs in 3rd start off dl mlb mets baseball,7,7,0.007891419891922758,0.028619722767394554,0.002535341417813573,0.00033081461786931595,0.08253405642846263,0.0009028783954043116,0.233159334306712,0.6440264321744208
with congressman luis gutierrez and pedro soler at the dsfs event supporting the mexico amp puerto rico relief fund,4,4,0.006999779218407601,0.021024750474292742,0.0025090570945833024,0.0009002813084274543,0.6486919520026534,0.000329172260863872,0.08180704314536755,0.2377379644954042
is that a shark in naples houston whatever someone is jumping it irma harvey impeachtrump,7,7,0.007363232498408785,0.08418234477436212,0.002584553930744156,0.0003315118577101126,0.030268792986663857,0.0009097020018054386,0.23389291701063572,0.6404669449396699
so to for holding and i down while we report from puerto rico a14y5a14y7,7,7,0.007991705270841408,0.02092634639665362,0.0025008228507735807,0.0003306127340232908,0.23315133454710837,0.0008996375720162842,0.08161654949285825,0.6525829911357252
bill clinton also shared a pretty awkward puberty photo for puerto rico hurricane relief,7,7,0.007131906600364082,0.022208899215514177,0.002491937305358676,0.0009008477046968183,0.23605285033594567,0.0003307764114206638,0.08539385105172607,0.6454889313749738
science hurricane irma before and after images these satellite images show the destr,6,6,0.00736053550398332,0.08401049684746063,0.0025234193445371894,0.0009030596557163346,0.029323946323484226,0.0003311777759949929,0.6479953392755005,0.22755202527332294
in case you missed it new story rolling hills to collect items for harvey victoms,7,7,0.007167825115628167,0.020672419665919605,0.002541056603571257,0.00033157539392089896,0.23503062822572449,0.0009063148179671519,0.08610996898276911,0.6472402111944991
this was actually taken at a benefit for puerto rico gaga is wearing a white pantsuityes on purpose,7,7,0.006942893674106192,0.025499192548443926,0.002522266405697126,0.00033211346572207097,0.23044495587064007,0.0009035771901603498,0.08541536748871953,0.6479396333565107
wrt irma forming over cool water heres judith curry an expert on hurricanes a,6,6,0.007222464194838152,0.03018901708325927,0.0026074319697355886,0.0003325622222252718,0.0803616569667113,0.0009133576271963749,0.6471678991388392,0.2312056107971948
harvey cancels houston wedding louisiana city donates 1 us news amp world report,7,4,0.007552943816357643,0.029808541238885305,0.002541137170697151,0.0003321809121314278,0.6394038067192104,0.0009085775219043053,0.23362908001063842,0.08582373261017534
steve harvey tells how youtube has changed the daytime talk show,7,7,0.007139518799656799,0.08348988069306972,0.0025174197982148648,0.0003297804199377739,0.029404036073256725,0.0009011868782727711,0.2319791280932668,0.6442390492443245
deadly california wildfires spark needed debate about current spending,6,6,0.0031283550323864973,0.08146957329768197,0.009774723322762675,0.0009240023679770714,0.023352879525251315,0.0003350261442810527,0.6471386002064519,0.23387684010320758
heres how bad the mosquitos are after hurricane harvey,6,6,0.010635436883180168,0.23138505823601266,0.002485338828641072,0.00033311974970282,0.0843691502537662,0.0009082929100151349,0.6428854784346819,0.026998124704000096
in marathon key irma on search amp rescue mission and bringing aid,4,4,0.006948965728136026,0.022949395132381947,0.0025349334835795133,0.00033458652248379326,0.6508242678118226,0.0009100516370684514,0.08367846479101755,0.23181933489351012
harvey and irma arent natural disasters theyre climate change disasters,6,6,0.007423977798427057,0.0816015807407485,0.0024919504822816223,0.00033000171097033915,0.027708690939478784,0.0009001954104283338,0.6456205158423403,0.23392308707532494
mexico earthquake navy says no missing child in collapsed school,3,4,0.0012551537212880507,0.03711152473833367,0.03500795865287359,0.03451279538846211,0.7817920885729123,0.0004164681919869691,0.013164186283518358,0.09673982445062504
northern california fire survivors aitas shameful they didnat warn usa,7,6,0.2279444260304412,0.02836524566941877,0.002699857028784205,0.0009150822455965531,0.01076164910643444,0.00033656488723583257,0.6434840598124562,0.08549311521963278
market screwed up for sure eqf hires feye to fix mess feye goes down cpst has only working power after,6,7,0.007143459330171308,0.030611741339568052,0.0025438190016258437,0.00033270806085607395,0.08549534762874857,0.0009081115617642497,0.23343542222504277,0.639529390852223
thinking of our friends in california as they begin recovery efforts from devastating wildfires,2,6,0.010223451349526005,0.029598644913818615,0.0029659189857177515,0.0009151143116431743,0.230055838605528,0.0003340658192400643,0.6424047252192032,0.08350224079532304
bridgeport family mourns relatives lost to hurricane maria,2,6,0.010253952293042585,0.02761346350194457,0.0029044058686595355,0.0009351788200729272,0.08387652967106062,0.00033856386978652216,0.6484471940846586,0.2256307118907746
sabanas go go power rangers 3 arte de dan mora,7,7,0.0072233543993249286,0.08262497636972571,0.002562401476413884,0.0003328968089745029,0.02984706042696998,0.000903999568580875,0.22733535271425429,0.649169958235756
what hurricane harvey says about risk climate and resilience,6,6,0.02814640367785296,0.008997409797477547,0.0025777794011601764,0.00033439271231188377,0.06622430750761393,0.0009150935841891608,0.6595545844110307,0.23325002890836372
i will never tire of this photojnj hurricaneharvey,7,6,0.0069949529644398704,0.029170859731611515,0.0024966914820936962,0.00032957533393334005,0.08235758377675267,0.0009094379622437497,0.644178578021501,0.23356232072742414
scranton woman returns home from aid trip to puerto rico scranton timestribune,7,4,0.0839342962286039,0.007752149623669849,0.002543126802338353,0.0009047515683713835,0.6413750808545973,0.0003305831199904311,0.027181037184893994,0.23597897461753478
raging wildfires caught sleeping californians by surprise usrc,6,6,0.00997213953840503,0.08386821068423331,0.0025888776129427936,0.000911473268468679,0.028131464174047435,0.00033458339195558805,0.6441460551744042,0.23004719615554312
collecting items in parker for harvey relief drive,4,4,0.007423466942340335,0.019827407754499565,0.0025163891613874546,0.0003311236738656579,0.6556070218113783,0.0009026281396985003,0.23128832877183111,0.08210363374499903
two new inquiries into controversial puerto rico power topstories,7,7,0.007273745642511769,0.22969098753906125,0.002580816474766715,0.0009003576141109894,0.03006480396162606,0.0003299736190120307,0.08265944302324597,0.6464998721256652
as deadly fires ravage california wine country officials prepare for further fatalities,6,6,0.0027135978001194454,0.2307854800771537,0.01034081651261423,0.0009079961262891234,0.024319450795116115,0.0003335621246148458,0.647443541184399,0.08315555537969364
wish i could find out are these tornado clouds rolls around coral springs often very bad trees down from irma,6,6,0.007640714947716319,0.23203026427151457,0.002503393832466771,0.000335328617629982,0.02518609829014936,0.0009103758271267381,0.6466026810596949,0.08479114315370136
south floridians irma the ppl in tampa say git and not jit 1 irma ight bet,6,6,0.007176693710591983,0.02948017077679501,0.002593263085645627,0.0009081528339872879,0.08088826935816129,0.00033238232512972104,0.6443898342721349,0.23423123363755416
taking supplies to all of those affected by harvey harvey relief donations appraisalmc houston,4,4,0.023923497043564276,0.007788919022650153,0.0024712613533656247,0.00032897845738158005,0.6547864329686399,0.0009181861348948897,0.23172847134981733,0.07805425366968619
this is a line for gas people have been getting up at 3 am to make long lines like these,7,7,0.00892073869229452,0.0301315811089756,0.0025728296566391133,0.00033324648260035403,0.08224174598687439,0.0009135899859946426,0.2273403224778153,0.6475459456088061
hurricane irma reminds us of an important truth about financial models,6,6,0.007451048516457128,0.0797192673061158,0.002623134785011035,0.0003317694181776959,0.028738704389072504,0.0009056631529425299,0.6474849529153732,0.23274545951685022
more florida keys residents return home to survey irmas destruction,1,1,0.08361654607278847,0.6423092621553628,0.002614531225338061,0.00033204824883715925,0.010717570347333068,0.0009039611546737142,0.2306969888786213,0.028809091917045362
algeria us sanctions snag donations to iran earthquake victims,4,4,0.0273467392762873,0.0025850420311353626,0.008623580608307082,0.0008983073605701438,0.6494205830585758,0.0003304277295779698,0.08355606772846694,0.2272392522070794
money irma business a government crisis gives icelandaos pirate party a second chance a,7,7,0.009799617401644355,0.022852492637554657,0.002517890271238704,0.00033303318468678284,0.2318741735450043,0.0009065213404071454,0.08550609158179683,0.6462101800376672
sign language interpreter at press conference sparks outrage,7,7,0.0071953902662785325,0.028601252972216485,0.0025883915249482084,0.0003327448177189158,0.08177684778262492,0.0009054002382331797,0.23559908693999165,0.6430008854579883
drafts from irma,6,6,0.010251990311337443,0.025713047240533676,0.0025363674822233085,0.00033493566362923844,0.07435065707531714,0.0009105026950138834,0.6558127483655829,0.2300897511663624
downtown dallas megashelter for harvey evacuees to close wednesday,6,4,0.02798663660814992,0.007643063101034892,0.00250416090677464,0.00033027374920229115,0.645586944194622,0.0009023169000410186,0.08443970330560989,0.23060690123456526
bermudians david strong and jeff ryall survive brush with hurricane harvey,6,6,0.2275435484209233,0.010268812812559078,0.00251099651492785,0.0003315755256003308,0.030006571000402518,0.0009092564966504087,0.6433348261504156,0.08509441307852088
5pm sunday maria update cat 2 storm centered well east of the jacksonville florida coast heading north,6,6,0.007600963093079394,0.08175397229935802,0.0026210232359995082,0.00033293057107202994,0.021581235429535696,0.0009037855824427097,0.653617909244047,0.23158818054446564
portrait double exposure ai ai ai ai ai antonio mora ai,7,7,0.007305670781514282,0.028702402432180973,0.0025493257030854495,0.00033220130450792974,0.07962213110681397,0.0009027699106338875,0.23275089957742126,0.6478345991838422
cyclone mora wreaks havoc cuts power in maungtaw,1,1,0.007142514663622795,0.6456036780442944,0.002738197777289486,0.0009075091552922022,0.0288275195652437,0.00033228900352214464,0.2298008874257982,0.08464740436493708
president donaldtrump push back when it comes to puerto rico,7,7,0.006936098903013797,0.02631591168941403,0.002480568838000869,0.00032966860980766555,0.08194164481817602,0.0009011140889247135,0.23351052987623389,0.6475844631764291
mexico may now have too much earthquake aid,6,6,0.009614469085523493,0.0233086847344637,0.0026951509692803815,0.000914596256925261,0.0811807878019813,0.00033400311398267625,0.644934131932406,0.2370181761054372
i love you 8 from puerto rico is biutiful so cute,7,7,0.007619995296958243,0.021816708733615565,0.0024992610420524796,0.00033051003674863,0.08392666436976506,0.0008979616190106081,0.23228116242533423,0.6506277364765152
quake leaves trail of death and destructions iraq earthquake bahrain,1,6,0.0026256597279361274,0.23327146607109256,0.030890588973905474,0.0009078657047754266,0.007612338568806229,0.0003339970901555457,0.6388452604780084,0.08551282338532025
deadly fires ravage californiaas wine country leaving at least 15 dead more than 150 missi,2,2,0.0025766394019982124,0.22547173296821824,0.6522700203543526,0.0003305673403683207,0.007651662863558547,0.0008981430085236057,0.02756095727235904,0.08324027679062163
emergency broadcast martial law in wake of hurricane harvey amp irma,6,6,0.08201347749908891,0.010039357155498795,0.0025230283072836513,0.00032920939116972233,0.23170116085829773,0.0009001083290832622,0.6441628546033754,0.028330803856202635
the gekko files the qb and the coach try to get ucla righted we preview the 2017 bruins,7,7,0.008076448154952693,0.027455417538630407,0.002516201648597925,0.0003297343323884384,0.08076143318340528,0.0008964760941162806,0.232767475857433,0.647196813190476
shout out to louisianas at aap17 by for exemplary humanitarian efforts during harvey,4,4,0.007854237035728706,0.024849350762742282,0.002512286002307771,0.00033187010392150487,0.646280587471861,0.0009091767262755532,0.08470552188554624,0.23255697001161688
harvey irma us homebuilder sentiment falls on stormrelated supply concern,4,6,0.00817352909009807,0.02824082862014934,0.0025420666206346395,0.0003328291422748815,0.08469849550395891,0.0009116972635220736,0.6402709512159946,0.23482960254336746
goodbye hurricane irma click link to view amp comment,7,6,0.0071560504543531234,0.2286361773233179,0.0025617367318063536,0.00033097687568085213,0.029782698718656193,0.0009026169554780209,0.6462979325208611,0.08433181041984637
usgsm 41 51km wsw of paredon mexico earthquake,7,6,0.007735292136500827,0.02819321946779214,0.0026576545138932432,0.0009139837525789862,0.08082375333183255,0.0003334889272860539,0.6431164477874148,0.2362261600827014
biych i just got the text for tornado warning pray for me and all my floridian people rip,6,7,0.008253587293148,0.024246079566518232,0.0025741366334577054,0.00033403847724214965,0.07844668746043716,0.0009206046987592556,0.23516612815308827,0.6500587377173492
brandi harvey live tonight downtown at the 40 east grill,7,7,0.008245783880506076,0.029289929514963835,0.002607211813391834,0.0003323177027740045,0.0838052257033234,0.000907221645802987,0.23448570100772745,0.6403266087315103
letter after rokitas vote against harvey relief lets pray,6,6,0.009806371002419045,0.022788187829973397,0.0025116439399374894,0.0003340342672520469,0.08587204326878503,0.0009140316529235085,0.64385581087705,0.2339178771616594
leonel cardenas mora campeon panamericano jr de squash 2017 orgullosamente cdmx,7,7,0.007268153762616919,0.02784459802069262,0.002575511358618586,0.0009074238138193605,0.07862168656845839,0.00033271733974758755,0.23011491048077615,0.6523349986552704
raising funds to put rockport texas back together after hurricane harvey,4,4,0.02903153048377188,0.009942696032662306,0.002528157475929601,0.0003319406643171984,0.6395273223146334,0.0009056699120528947,0.23394898886204363,0.08378369425458913
hurricane irma bring it bitchna,7,6,0.007114922316199176,0.08388529279465105,0.0025683254068697777,0.000333284008304319,0.02731929663536989,0.0009137022963637949,0.6531885887739709,0.22467658776827112
the floor was rippling professor who survived mexico earthquake tells story,0,0,0.6418928900057295,0.007658720664944926,0.0026354824632529865,0.0009335440747476472,0.021445762631327827,0.00033432867696604247,0.0869588980810413,0.23814037340198985
dont forget ususvi hurricanemaria,7,6,0.0073382769284264,0.02507679807602565,0.0025340187397165778,0.00033328826206278824,0.0842334775471655,0.0009171249590076787,0.6429632962491888,0.23660371923840656
join us in praying for those affected by the california wildfires psalm 911 esv,6,4,0.02903053323934357,0.012021718050669738,0.00352234823113964,0.0012265759643882935,0.3194555278515491,0.0004506071053766876,0.3191555920566248,0.3151370975009081
hurricane irmas trail of havoc in sintmaarten,1,6,0.007776003464759284,0.23605685625954656,0.0026900958553629124,0.00033244418004074863,0.027184501841554815,0.0009054655242330565,0.6457973502178445,0.07925728265665813
hellish california wildfires inspire haunting web comic,7,6,0.009106318550920863,0.08134545531763872,0.002793386781922408,0.0009149840562520155,0.027292737742574638,0.00033353725542981734,0.6456828942755137,0.2325306860197478
hurricane marias track shifting closer to midatlantic coast via,6,6,0.007317476306608905,0.029314268590959824,0.0025655024346478033,0.00033274685974945,0.08356375216394896,0.0009043307403949542,0.6454994971594978,0.2305024257441923
rep castro insists on harvey aid without any games,6,4,0.009035058524385764,0.02847526586077627,0.0025021273695946637,0.00033164982777025403,0.6404444271279758,0.000909725724616857,0.08458108272146753,0.23372066284341284
west bank flea market in harvey,7,7,0.009439766436701087,0.030475296612282776,0.0026334085314765566,0.0003342012262291662,0.08441193105174935,0.0009119934192699966,0.23463561814826897,0.6371577845740221
google firm flies balloons to deliver internet cellphone signals in devastated puerto rico,1,7,0.010908830606042384,0.04027340684352602,0.003420868963618004,0.0004492105278339119,0.31419854482441895,0.0012324885891861603,0.3132276950016192,0.31628895464375545
as a class apostolic project pk3 pk4 collected items for hurricane harvey evacuees in irving shelters,4,4,0.082809669410614,0.007592501440554785,0.002593913269134717,0.00033065166800798454,0.6532135313384531,0.0009039283070319187,0.23043799201203033,0.022117812554173277
skynews hurricane marias path along the coast of the unitedstates,6,6,0.007474198509404533,0.08447844726381469,0.002626392583822505,0.0003317515452625508,0.02781220067279064,0.0009011066441839376,0.6448875784447764,0.23148832433594482
south bay latino community devastated by mexico earthquake destruction sanfrancisco,1,1,0.009101302721120873,0.6502287744411451,0.002565016294912516,0.00033571787226138375,0.029846318388507542,0.0009219624636834675,0.22683286934481847,0.08016803847355049
rebuild dominica partners with project cure amp other global allies posthurricane maria,6,6,0.007101140703999226,0.030272873057884623,0.002539854372442974,0.0003326794536001832,0.08506395483541736,0.0009048062731691826,0.639291836686401,0.23449285461708547
flood risks will be mitigated considerably by 2020 patali read more lka srilanka,6,6,0.007487270290788619,0.029472239365435277,0.0025471559327482234,0.0003315184413890603,0.22795093455401086,0.0009107640118658916,0.6467775884606297,0.08452252894313234
bond insurer proposes timeout for puerto rico litigation,7,7,0.007156847616269602,0.021686757607151743,0.0025097456880191784,0.0009027542483059466,0.23565062270864487,0.000331057705704239,0.08446859698522641,0.647293617440678
puerto rico braces for visit from hurricane maria via,6,6,0.006980101164561861,0.02857820069579807,0.0025275088336961264,0.0009020861428164906,0.08398826638641768,0.0003304712194974164,0.6422904580827627,0.2344029074744495
a tamilenglish translator needed floodsl srilanka,7,4,0.008778359748212998,0.02460456414160329,0.0025281058259489226,0.000920980151894056,0.6424822410663831,0.00033409573507493204,0.08458340424918404,0.23576824908169863
is it true that an earthquake will reach kuwait soon,7,7,0.009901360555575734,0.026830210245871927,0.0028077064912062394,0.00033395478139941476,0.08022037917044093,0.0009099384742886631,0.23600303135610903,0.6429934189251082
events in nyc aim to help hurricane battered puerto rico,6,4,0.00827274285167258,0.023427924780025266,0.0025067740769330583,0.0009019695860593653,0.647168722765702,0.0003302940546322106,0.23230347013050756,0.0850881017544679
woman accused of assaulting woman preparing for hurricane irma,2,6,0.09161644166960019,0.008689520189649731,0.0029587257612653105,0.001012194111623584,0.09206531372600092,0.00036898285547009067,0.7125607749342836,0.09072804675210656
hurricaneharvey texas moves toward recovery gas prices slip,7,6,0.007013398597761927,0.028038617031677832,0.002517128342616049,0.0003306008545353271,0.23066807983424356,0.0009038854285054704,0.6456632911425725,0.08486499876808726
hey world this is the real batmanday mexicoearthquake mexicoestadepie,7,7,0.007103553626753872,0.07878568178871305,0.0025189168931901906,0.0003297635996375515,0.029450733683766786,0.0009014649850855841,0.2309400889015545,0.6499697965212984
ummmm lol harvey norman have online,6,7,0.00899167592518249,0.08196678452547283,0.0025501838513204535,0.00033202362667837773,0.02782964747976151,0.000908301532691216,0.2314596953245121,0.645961687734381
thing you can rndmly find at best coworking space in puerto rico,7,7,0.007077903124227207,0.01980769287714785,0.002525277292746992,0.0009157102339235575,0.08552437657030355,0.0003309575170718157,0.2336384669581145,0.6501796154264644
1105 lake moraine pl raleigh nca 27607,7,7,0.010150066537193246,0.0845348924169649,0.0025397350031864455,0.0003330756006389705,0.028651671359857994,0.000907398195173706,0.2303370977313564,0.6425460631556282
lebst du notch mexico earthquake puert rico dominca,7,7,0.008383656949329972,0.02268490246241428,0.0027114523112051134,0.0009242198269617919,0.08291737803571517,0.0003324932192858909,0.2347581332476686,0.6472877639474189
a rabbi aid drive after irma devestation on by,4,4,0.007231688666927086,0.026404665962866145,0.002491028657992622,0.0003330437599783147,0.6462800357706927,0.0009090505586058545,0.23625258000540514,0.0800979066175321
redditors donate wedding dresses to houston brides following hurricane harvey,4,4,0.009951193383207374,0.08213370301086485,0.0024755900457435814,0.0003290228274458662,0.6402993147499135,0.0009054121499997733,0.2352402370911632,0.02866552674166185
history shows we dont need big government to clean up after harvey and irma,6,4,0.009509145240092635,0.02689044294926408,0.002476272058232076,0.00033161420271177926,0.6429763857332399,0.00090855799350956,0.23220244533890738,0.08470513648404275
our power our future puerto ricoas road to a justrecovery,7,4,0.009855082936872924,0.3142044626915793,0.0033684923616841144,0.001219480018584504,0.31566413361282786,0.0004454635571572862,0.040111336567196315,0.3151315482540975
you can support mexicoquake victims right now,4,4,0.007535908010837858,0.019429962761829116,0.0026019374501583454,0.0003312300282356576,0.6489851480476293,0.000902020098684997,0.23429966266836738,0.08591413093425725
california pizza kitchen shits fire af,7,6,0.008939297039698136,0.08355292275321434,0.002585006138128614,0.0009101653972770647,0.029025953523611446,0.00033385063717400747,0.6402397073558911,0.23441309715500533
googles project loon seems to be having trouble with stationkeeping above puerto rico,7,7,0.007246359765041984,0.027641126849966294,0.002509605698147909,0.0003313625409572527,0.08276557365457668,0.000906758938720086,0.22722732510770874,0.6513718874448811
a team of american experts is in mexico to assist with search and rescue efforts followinga,4,4,0.007066058712839344,0.021214840499904204,0.002540838833315962,0.0009161142352622003,0.657000443408327,0.000332804764743655,0.0788929080873901,0.2320359914582177
this is a mirrored image from a wild fire in california this this is a susano,4,6,0.007192765259483367,0.08259970734651177,0.0025446399668801124,0.00033277415941774483,0.02726987417301383,0.0009081541188833249,0.6432792636675595,0.2358728213082502
california wildfire probes hammer pgampeas value,7,7,0.009481337373739093,0.07943371891597033,0.0035298069472915524,0.0009274233680054183,0.020797398710664335,0.00033618556134893117,0.23767920502514275,0.6478149240978376
hillary caught on tape laughing about irma wiping out all of those florida hillbillies,7,6,0.006864252858497866,0.07961103724352016,0.0025136755924770886,0.00033157477770016106,0.027504018712417914,0.0009090326976071197,0.6474748032592704,0.23479160485850936
irma flooding last week pumped more h2o into lakeo than armycorp released that stops today,7,6,0.007357661161440427,0.23176973101603918,0.00268975559842512,0.00033196946176234786,0.08344485047534156,0.0009016716979866003,0.6428407182309963,0.030663642358008412
sun 7am maria is no longer a major hurricane winds have dropped to 110mph heading toward cape hatteras nc,6,6,0.007300949993924552,0.08168418908167223,0.0025710470084283803,0.0003313772652712531,0.027457209366374927,0.000901179870061158,0.6489571944357568,0.23079685297851069
strategic planning business viability using publicly available data irs help for harvey,6,4,0.007425813905864734,0.01962273918233005,0.0024817938671172985,0.00033153990261385003,0.6486676929605703,0.0009031006577492313,0.0852697808229502,0.23529753870080433
el paso to orange soldiers travel 1000 miles in wake of harvey,6,4,0.010426063300790165,0.02763589424219497,0.002559803853181433,0.0003314368063725812,0.6412752344763235,0.0009053285348996953,0.08502531500993968,0.23184092377629809
eating tornado potato and drinking beer while waiting for taeyeon albmusicfest albatrossmusicfestival,7,7,0.009373035978304729,0.022949713838201526,0.0025936294746005885,0.0003327689551033496,0.07881905547037604,0.0009048793537616667,0.23620763512803894,0.6488192818016131
harvey city asks residents to remove parked cars from street for debris pickup,1,5,0.011737174293717302,0.033581005109521875,0.0010086700524257557,0.00036708075526195106,0.2560972985516124,0.6519880089058261,0.03338382687723884,0.01183693545439566
cleanup from hurricane harvey by skmiller photography beautiful,4,6,0.008101710305910401,0.08375610642337863,0.0025156970944437305,0.00033175744108089865,0.23384964505486047,0.0009160235566698432,0.6399108554648478,0.030618204658808195
still standing after hurricane irma,6,6,0.008466474104042464,0.2356136772894646,0.0025837650791666255,0.0009190085799947722,0.07903187923120358,0.00033391482058195985,0.6446088050668997,0.02844247582864635
california wildfiresa devastating effect on marijuana industry,6,6,0.007038326293552649,0.08430614365649088,0.002570902804864292,0.00033259958513467746,0.02335669964361514,0.0009062704895552528,0.6465574367502505,0.23493162077653656
even governor moonbeam is sight unseen,7,7,0.0070223528614351246,0.08286943303548337,0.002517128592533984,0.0003307933766319785,0.0299865651867952,0.0009141836867673538,0.23346341422701888,0.642896129033334
13 toxic waste sites damaged by harvey houston awash in chemicals,1,1,0.007954276320576758,0.6540172089488374,0.002505142470624238,0.00033120807011238827,0.07956175860820848,0.0009218122280062745,0.22717679551590883,0.027531797837725476
pioneer woman ree drummond holding harvey fundraiser news9,7,4,0.08335688664305298,0.007643033418948363,0.0025597101744039073,0.0003343399207160178,0.6417301293157307,0.0009080747894400498,0.029210806442836537,0.23425701929487155
les harveyables actors stage musical amid piles of debris in floodimpacted houston,1,1,0.007851498360071183,0.6445068984469743,0.002541667800715721,0.0003320487488721886,0.2294802390618711,0.0009128722025555345,0.08449570746286707,0.02987906791607294
bb i just been eating like crazy since irma had me home for two weeks,7,7,0.007568195942656388,0.08310103437308984,0.002592319970501108,0.00033482907190713924,0.028883278803894585,0.000912713496214541,0.2348292511047147,0.6417783772370218
eastside fire spent week helping california crews,4,4,0.006987475908925839,0.029863388049839613,0.0025307109313111665,0.00033098447366442993,0.6470880761278606,0.0009011805079194727,0.23378092062027622,0.07851726338020262
after a flood inspect all medicines harvey,6,6,0.00785228214981677,0.030238377741595417,0.0025435579740614705,0.00033508822426161475,0.08472384655328591,0.0009225343960955704,0.6411909813674385,0.23219333159344477
look at harvey simply embracing it,7,6,0.0073669992911413445,0.08238147856217039,0.0027710601932883,0.0003326051208925086,0.028707343927635826,0.0009131694703551685,0.6439241562337223,0.23360318720079404
srilankas food gap widens in wake of regional floods and drought warn and,6,6,0.010523467370981835,0.02839455206986041,0.0026274615310578025,0.0003318778331195137,0.23024477292806309,0.0009062973621991268,0.644060211391999,0.08291135951271926
hurricane irma orlando assesses the damage photos,1,1,0.007195802645311816,0.6526647166863676,0.002502805642862061,0.000331222888872058,0.024006103820683373,0.000904799499042272,0.23272333947632223,0.07967120934053865
proud to work w to get fl lawyers amp their clients back on their feet nationwide access free,7,7,0.007870994777377766,0.021535442732131302,0.0025069693698881773,0.00033204875779115246,0.08627544910660358,0.0009067208331993823,0.234214565932304,0.6463578084907047
southern california prepares for potential wildfires,6,6,0.002598076458520216,0.028812652045628058,0.008381448388147514,0.0009094983956259326,0.08405694010884268,0.00033292431503547434,0.6510335190098997,0.22387494127830054
claudia harvey of dig it apparel to be featured on cutv news radio,7,7,0.00718796546254336,0.08325473883683203,0.002590838391847718,0.00033160092841909983,0.029535420530962263,0.0009247625056334585,0.23432460955316226,0.6418500637905998
california wildfires kill 10 destroy 1500 buildings,2,1,0.0026335236611392207,0.6428519526645228,0.2333013300367681,0.0009093208302884895,0.008547742918119841,0.000333694192639678,0.030140812168709168,0.08128162352781264
the cone of uncertain continues to shift west putting atl on e side of irma meaning greater tornado threat gawx,6,6,0.0076118614620018475,0.22895442723016335,0.0025364198838651606,0.0003320615852374396,0.029932524740882087,0.000907016807424179,0.6469592729427843,0.0827664153476414
do good today stop hogan street by from 11am6pm to donate supplies to help puerto rico after hurricane maria,4,4,0.007316168069080656,0.026619058267710775,0.002488725581817057,0.0009081661703506772,0.6563274187967638,0.0003306533565316444,0.08313172045500376,0.22287808930274158
irma update from highlands county next on,6,6,0.007356066540634607,0.07646798528221961,0.0025966540163254955,0.0003341721317997884,0.021838822781203672,0.0009125922625299859,0.6545825283136547,0.23591117867163205
what is the future of puerto ricos energy grid techbuzz,7,7,0.007303970788138617,0.08325305204798249,0.002512366651053572,0.0003305547510325494,0.02482577562314947,0.0009000575516192866,0.23382277217093103,0.6470514504160929
thats indiana and thats how large hurricane irma is oh my,6,6,0.007571136026649326,0.08293264875558956,0.0025417907419012322,0.00033193516568944497,0.026413855468700464,0.0009040658009982952,0.64596868878885,0.2333358792516215
call the texas immigrant rights hotline if you have experienced an instance of hate or discrimination sb4 harvey,7,7,0.010375810880925486,0.028960557256626024,0.002570868222723272,0.0003315192413127805,0.07840773568076809,0.0009067492408952644,0.2354870225066062,0.6429597369701429
harvey spins deeper inland full scope of damage is unknown from,6,1,0.00727052918390603,0.6426519530472178,0.0025875990226816754,0.00033054465535611643,0.028111546262248245,0.0009098046982954858,0.23421342210406476,0.08392460102622994
been a rough 3 weeks in the antilles backtobacktoback major hurricanes irma jose maria,6,6,0.007924101975573217,0.09015100293525914,0.0028553516261578707,0.0003654666609277874,0.09163063185062822,0.0009948370490353176,0.7168621749450447,0.08921643295737378
i am alive he recalled thinking over and over again alive iran earthquake,0,7,0.0027250281249446917,0.007908974748533987,0.02687092995533982,0.0009215061940799519,0.0757664187688999,0.0003346113558227248,0.23684984765621797,0.648622683196161
student asks to bring dog to class before hurricane irma professor has the best response via rupliftingnews,6,6,0.006999724459439123,0.021578086875322373,0.0025070574068560424,0.0003312430458117862,0.08543977452378641,0.000902195932906127,0.6456078378272582,0.23663407992861996
pray for all those families in californiawhy how did this fire startso very sada12b,7,7,0.008839828150977632,0.026874046475528268,0.0024799620058073915,0.00033168615460235076,0.08260221118991919,0.0009108303375385779,0.2315727819468035,0.6463886537388229
reload miami conference irma update,6,6,0.007248537569173788,0.08123468466529445,0.0028518149978286676,0.00033383174211311633,0.021687653226977202,0.0009086310433075094,0.6515144276289079,0.23422041912639735
here are some explanations for the mysterious lights that follow earthquakes,6,7,0.007898322907294229,0.029432746102173474,0.0025286462056751764,0.00033136084680072714,0.08216680868295123,0.0009091750143326775,0.23435907793860855,0.6423738623021639
thank you to those who purchased in support of hurricaneharvey enjoy your crunchi,4,4,0.007025576331198415,0.01999006358348074,0.0025527902662107116,0.00033154808524780716,0.6464783389601733,0.000904886986374022,0.08573323816734484,0.2369835576199701
harveys floodwaters flexed earths crust pushing it down as much as 2 centimeters,6,1,0.007592567339092115,0.6465241767378422,0.0026637367143523038,0.0003316862781149226,0.02610202559500462,0.0009057899549002074,0.23198215472428385,0.08389786265640979
in key west stayed for irmathis is our tree in the back of our townhouse,1,4,0.007303637198014817,0.03035024455127102,0.0025274462580829452,0.00033150430062821816,0.6420712233796079,0.0009041474473633415,0.2327251425120517,0.08378665435298006
time lapse video shows rapid rise of water in houston bayou during hurricane harvey,6,1,0.010267277891663443,0.6382791012316046,0.0025407466785560707,0.00033879981646209507,0.08476046606972461,0.0009145997764307267,0.2361794953429844,0.026719513192573954
houses damaged roofs blown off as hurricane maria batters usvi,1,1,0.007233828390954663,0.6494028761566047,0.002597925391739121,0.0003342572130911616,0.07972551357414039,0.0009156672969913613,0.23205771717624826,0.02773221480023017
tytlive situation in usvi just as dire as puertorico,6,1,0.009911072538507851,0.6364092504129236,0.0028173234267154183,0.0009205971243755707,0.028899440512280095,0.0003370456342059805,0.23488445160301047,0.08582081874798098
here is the new guyharvey aruba long sleeve guys tribute to that enchanting island,7,7,0.007837534242407698,0.08253562480327219,0.002560580914579408,0.0003302542091737728,0.029011139353301598,0.000898799374236608,0.23223073985674933,0.6445953272462794
flooding from irma prompts a new look at marshfront surge,1,6,0.0026664347931387926,0.2242869352677143,0.007707391786047103,0.0003346502429852094,0.029551228911415046,0.0009080807913008888,0.6502558168069813,0.08428946140041736
watch expert frank mora discuss uscuba policy on,7,7,0.007269777364461349,0.024782196361341872,0.002561648318288487,0.0009181918597688473,0.07616021592090338,0.0003350436783720754,0.23628378005474848,0.6516891464421155
if hurricane irmas eye was over phoenix thats scary azfamily,6,6,0.009071751072392017,0.0813972996038323,0.002578469421898162,0.00033254743979272734,0.021232445665534058,0.0009073336360824939,0.6492260490214892,0.235254104138979
releases statement on hurricane irma,6,6,0.00708126236488474,0.0823452835199624,0.0025681736813260828,0.00033315629441459143,0.02223416942405335,0.0009105035285711589,0.6515312550081087,0.2329961961786791
put your hands up if ur not workn the mora,7,7,0.007543917323159289,0.023985692174072547,0.0025180162084424973,0.0003326788018637595,0.08126112850205733,0.0009069230217587318,0.23407470965865854,0.6493769343099873
rainbow right over the tornado hit homes lady next to me says mother nature saying shes sorry,6,6,0.00830317848819859,0.08185555018941136,0.0025516001304480697,0.0003316682393848476,0.029181875505980653,0.000915784697604752,0.6416896215500909,0.23517072119888088
pray for all in the path of hurricane irma we are worried,6,6,0.008694554594458889,0.08227723107621267,0.0025186787570776682,0.00033282091953052556,0.02668373390112032,0.0009199568319216511,0.6468743442596661,0.2316986796600122
john besh delivers hot bowls of gumbo and red beans to harvey evacuees,4,4,0.010256057573733492,0.0235834471317509,0.0025480034622277527,0.0003312581581673252,0.6436788336567163,0.0009059744464562511,0.2348414165270969,0.08385500904385108
seismograms from yesterdays earthquake on the iran iraq border,6,7,0.0027188588595968705,0.08044149251130213,0.007982699907598319,0.0009104174211950627,0.025733741323988084,0.0003346765024070055,0.23556164403853036,0.6463164694353821
24 and 48 hour rainfall amounts and most of this occurred in the last 12 hours harvey houstonflood,6,6,0.007275581987572398,0.029784131938931008,0.002534968605493924,0.00033040128838386456,0.08409876722133727,0.000902253594490288,0.6406979012960765,0.23437599406771478
hurricane irma victims jesus saved us,0,4,0.009239925839773061,0.02410067991424778,0.002771619341579142,0.0009235551179952766,0.6506789317532512,0.0003361097010536033,0.23738774928481945,0.07456142904728047
tropical storm maria still making waves but will pick up speed over next few days and continue to move away,6,6,0.010439674864494,0.02897695899210314,0.0025381804877193056,0.00033095563159069545,0.22753818530588837,0.0009022201491742791,0.648478322479077,0.08079550208995327
oh nice how about you send that money to puerto rico,4,7,0.007267728445203227,0.02150976800186958,0.002508154976811362,0.00032956155470210887,0.23376735907598623,0.0008952621721686933,0.0818931446710316,0.6518290211022271
amommy donat crya a 4yearold girl surviving hurricane maria unicef connect,4,6,0.008148622480034309,0.08224581229406108,0.002559919115878667,0.0003337635308332083,0.03065727200375213,0.0009072560055339987,0.6432853271723111,0.2318620273975954
an earthquake just shook la after mexico now we get hit after irma now maria5 hitting the caribbean but argue w,6,6,0.008410678408367407,0.08232972543567778,0.002859859603556348,0.0009210500658911336,0.027933572688774708,0.00033485757409990074,0.6513112056493727,0.22589905057426019
12 years ago my parents opened a museum a week ago it looked like this a127 harvey harveyflood,1,6,0.007637906549427811,0.08387985991159103,0.0025275420393138697,0.0003319493235694984,0.028726220592982618,0.0009105495389398087,0.6411131031848597,0.2348728688593156
irma nfl right on the a0a0a0 top 5 throws of week 2 via twitter,7,7,0.007036657223960315,0.07961380200495055,0.00258479784469531,0.0003361749874922295,0.026925746188932818,0.0009123598723538304,0.2333685871406427,0.6492218747369721
some in texas begrudge aide to puerto rico,4,7,0.008230745878479025,0.028415732581538615,0.0025661484193728904,0.0003319885331621157,0.2366188225470497,0.0009052027529840919,0.08414925376166976,0.6387821055257438
theres still a lot of work to do heres how to help,4,4,0.007064921522606492,0.029148483617742818,0.002489712448629854,0.00032947091922192883,0.6423813084951765,0.0008952380930137657,0.08545108387894242,0.2322397810246662
mexico we are the crack they are the collapse mexicoearthquake sismosmexico2017,7,7,0.00755717538524642,0.08194402664325462,0.0025195017340036902,0.0003322543200145841,0.03026828567859844,0.0009145117963334213,0.23358690400007723,0.6428773404424716
hurricane irma storm batters caribbean islands as florida emergency declared,6,6,0.0071679324200194456,0.23005360068339809,0.0027266196032923653,0.0003331002055967858,0.08063018171976186,0.0009169055200744309,0.6502875392795553,0.02788412056830172
irma deals an unprecedented blow to floridas citrus industry,6,6,0.007296835291806819,0.0808631136601987,0.002570845583006857,0.00033236672695965123,0.029559847847624054,0.0009074710220696386,0.6426199057104935,0.2358496141578407
joel osteen asks new yorkers for charity after harvey in spoof read more money,4,7,0.01136256589438589,0.03322097808180752,0.0034603056455697763,0.0004509286716333049,0.3167413896045935,0.0012256741725009544,0.3149969151698006,0.3185412427597085
sunny day landscape flooded area due to hurricane maria,1,1,0.006805185596333437,0.6405604959352127,0.0025531580848444837,0.000330509549295679,0.029792828318811807,0.0009038333351628115,0.23631828021574017,0.08273570896459902
chef cooks barbecue for california wildfire victims,7,7,0.02807813187509829,0.007224708211415187,0.002891634511087767,0.0009150172229363316,0.23398204038190895,0.00033379675247252507,0.08585627821376682,0.6407183928313143
familiar weather pattern for fl although satellite shows hurricane maria in distant e amp upper low pressure in gulf,6,6,0.007922101315063346,0.028174243485917492,0.0025870618667020503,0.0009078741692537063,0.08134277983353444,0.00033299312946576966,0.6510984853843181,0.22763446081574498
were on the road to jacksonville to coordinate our response to irma in florida see you soon,7,4,0.006903916295497385,0.029653905921780403,0.0024974647112233836,0.00033094430572737696,0.6416867466384664,0.0008986119734837833,0.23310690710387788,0.08492150304994335
after irma communities look at the long road ahead,6,6,0.007578886940322826,0.23209665331573448,0.0026665745085602648,0.0009058234634892723,0.08032401555150594,0.0003317588674683834,0.646910353895043,0.029185933457875846
pnnl scientists weigh the factors that power a hurricane like harvey or irma,6,7,0.007324213488900235,0.08511785654633473,0.0025856358077762953,0.00033199163552465657,0.023918509746435865,0.0009051239414109189,0.23638629765230304,0.6434303711813142
photographer spotlight nick leggio owner ig mikemora photo by apin1k full feature,7,7,0.0075808695160853425,0.08204018138640123,0.0026940505023146507,0.0003338274756831454,0.029378250395686208,0.0009120947339436585,0.23549644693781563,0.6415642790520699
thousands of iranians homeless after strong iraqiran earthquake phnews,0,0,0.6440203688970657,0.00976887152621623,0.0030668143473423144,0.000916430274649008,0.08202990420680562,0.000335448275336775,0.23071796637785058,0.029144196094733846
looting thugs take to streets during hurricane then get what they deserve video,6,6,0.009700957036351734,0.08146330609157978,0.002489694647069264,0.0009101670661697965,0.023840062173357646,0.00033418155674058117,0.6441667022411112,0.23709492918762018
forecast models indicated hurricane irma will turn north amp move over or near southflorida sunday cbs4,6,6,0.007409236065125247,0.08213443832506552,0.00261770729273834,0.000332909731767528,0.023515112543031708,0.0009084185208732933,0.6554233412139718,0.22765883630742645
would you be prepared if a disaster like harvey or irma struck greater cincinnati,6,7,0.007244240342030508,0.026821345823280638,0.0025126928049858705,0.0003310706676032628,0.0779525690433164,0.0009058453139797189,0.2372478111159072,0.6469844248888963
researcher claims to have predicted the iraniraqearthquake through planetary alignments,6,6,0.008804669375127151,0.03005810016117218,0.0025912283935424748,0.0003332650071008098,0.0828659101604858,0.0009124895973281333,0.6407379148509011,0.2336964224543421
high tide hurricanemaria,6,6,0.0071850300518508286,0.029049513891146236,0.0025082717179110785,0.00033314904001006257,0.08467161143502759,0.0009289527557505277,0.6410288582652833,0.23429461284302022
rescue work suspended at earthquake collapse site in mexico city ap,4,4,0.00259843071093368,0.0825198632372487,0.0074307714961177745,0.0009160539768187103,0.6479034212421263,0.0003313743433172267,0.030149417155739523,0.22815066783769822
dcsdfootball hurricane irma delayed them but week 4 stats are up online now,6,6,0.008165801695646048,0.08045309453945607,0.0026070321355629623,0.00033407138540050336,0.028923847171845356,0.0009273232392441287,0.6569997450942471,0.22158908473859784
a reminder of what happened as evacuated passengers ahead of irma earlier this month,6,6,0.008736334235691987,0.027578839305257598,0.002575414652104166,0.0003330714812430243,0.07388525590156032,0.0009155328139214268,0.6521878203579138,0.23378773125230778
harvey disaster food boxes available in impacted areas visit to learn more,4,4,0.007412531711835417,0.025388722965678543,0.002540945448100193,0.00033058008104350684,0.6446602888759382,0.0009044477699575027,0.2331632276235233,0.08559925552392317
find out how you can join disaster relief efforts by clicking the link,4,4,0.007126994331309442,0.022292715709625627,0.002487809134616592,0.0009065359182542024,0.6476448042774833,0.00033188360905657177,0.23613742756299086,0.08307182945666336
president trump on tuesday raised the prospect of wiping out hurricaneravaged puerto ricos,7,7,0.006876805498685131,0.08391430362868056,0.0025393562208242595,0.0003300918805575855,0.028291524153012428,0.000899977620863732,0.23319690072833527,0.643951040269041
vw audi nissan production hit by mexico earthquake,5,6,0.011388689922159266,0.09039582396111633,0.0028680985483669056,0.0010118045977881669,0.0913948710153791,0.0003677782854855806,0.7095175514299794,0.09305538223972523
teen suffering health crisis during hurricane harvey uses siri to call for her own rescue,0,4,0.028540955442006796,0.007346094858195417,0.002463812329819997,0.000331929588253183,0.6452165455534307,0.0009028286854180163,0.23194916727101214,0.08324866627186382
new 11pm advisory from the nhc no change irma still a very dangerous storm heading toward fl amp ga,6,6,0.007067060434018262,0.0768538804506302,0.002523031851729295,0.0009066612637661805,0.02724304261652662,0.00033064364461153563,0.6498944288264085,0.23518125091230954
univision news weekly brief a month after the mexico quake and hurricane maria,7,6,0.00757869657576015,0.08215750221672036,0.00274525737121746,0.0009099882288018501,0.029424600941654385,0.0003326606437816972,0.6482463985911546,0.22860489543090942
tubbsfire victim karen aycock 54 wouldnat leave the house without her animals,7,7,0.009979999127213576,0.0302781452564617,0.0029074750619538423,0.0009183276594247023,0.08251163058567844,0.00033619871801938696,0.22943502623748172,0.6436331973537666
mexico earthquake leaves historical churches in countrya hit,7,6,0.009825965093304793,0.23151816523712868,0.0027599069382098795,0.0009192317073090957,0.02946977991488573,0.00033383528375574903,0.6404430083118139,0.08473010751359208
it takes no compromise to give people their rights harvey milk,7,7,0.02980841983757532,0.009290454790043236,0.002535874381066866,0.00033451623389838046,0.0842800470303463,0.0009295318909021337,0.23233979258002374,0.6404813632561439
fsu students community send hurricane irma relief supplies to south florida,4,4,0.007576056067765566,0.02618713841178043,0.0025308174544120335,0.0003326372723253058,0.6539158708527043,0.0009057279219993104,0.23544134475905013,0.0731104072599629
dog protects livestock from california wildfires,6,6,0.007484692793335551,0.02958815446344123,0.0026730849460539783,0.0009133459483230349,0.07937967911917203,0.00033204998692957296,0.6469905984511378,0.23263839429160682
i am alive survivors of iran earthquake mourn as government scrambles to help,0,4,0.22586446727769682,0.0073835077603007825,0.0028781690044998695,0.0009122963842681677,0.6502100088029952,0.00033250581031091486,0.08285246533820509,0.029566579621722953
afpphoto a14yaa14y8 thousands evacuate as california wildfires kill 10 a127 frederic jbrown joshedelson robynbeck afp,2,2,0.09177620599056603,0.00398105850824737,0.7060098987909244,0.0010134550239990568,0.011473975994424365,0.00037080234939981793,0.092837408216786,0.09253719512565312
a list of what u can donate and where u can send your donations to for hurricane harvey victims,4,4,0.02887855236510262,0.006905262698503548,0.00249505227784274,0.00032799876616668654,0.6503206228388174,0.0008984778435869107,0.23251032263373947,0.0776637105762406
popular on 500px collection of classic bmws saved from california wildfires by karnadi39,6,6,0.007459799775245896,0.23270383883255658,0.002623255734842803,0.000919134867029204,0.029702851724459935,0.0003359217718022718,0.6410112002902093,0.08524399700385395
austins turnkey vacation rentals takes a hit from harvey on texas coast,1,6,0.008786351993744725,0.08309777970586706,0.002515704628339651,0.00033273565006966814,0.0298624090997599,0.0009180892226785885,0.644861376307854,0.22962555339168633
get started tax help for small businesses hit by harvey and irma usa today,4,6,0.009727447158815291,0.029506113806584196,0.0024714524693891095,0.00033044575714064045,0.23011972310796774,0.000903285571477873,0.6425426655163242,0.08439886661230095
as expected one 12hr tornado watch expires another is issued hurricane irma jaxwx savwx flwx gawx,6,6,0.008034964356795586,0.08233394318506543,0.0026168184458115066,0.0003368754321782665,0.02280526052206111,0.0009187621870438424,0.6635122784164861,0.21944109745455817
chefs aiding puerto rico find redients difficult to come,4,7,0.007186447360256534,0.026761635952475757,0.0025030863346660014,0.0009101548668857388,0.23447040051226672,0.0003318383419062784,0.08415133773771477,0.6436850988938283
td15 expected to become hurricanemaria next week threatening parts of caribbean hit by irma,6,6,0.007720452107551265,0.23187362563506067,0.0024861794279467217,0.00032969217283869564,0.029820016825688446,0.0009062612346229988,0.6460729907678616,0.08079078182842946
hurricane harvey was no match for the boxing family fightnewsasia fightnews,7,6,0.02943265559341376,0.009200012578394492,0.00252387796505346,0.0009136714693900324,0.08432125229817987,0.00033350544996016245,0.6401369927958945,0.23313803184971368
azerbaijan offers assistance to iran after earthquake iranian envoy,4,4,0.026033540905215213,0.010000564930438705,0.0028573992641648515,0.0009192945925961825,0.6450443050085818,0.00033498364650301455,0.2362207333181522,0.07858917833434799
the same islands that took a direct hit from irma will not take a direct hit from maria however puertorico isa,6,6,0.007478693330726212,0.231011297123294,0.0025519966031685433,0.0003325034897250262,0.024761338938599338,0.0009060685854531494,0.6493804015032648,0.08357770042576891
strong earthquake in iran had no effect on yesterdays earthquake in azerbaijan,6,6,0.028827369443446736,0.010202661956939323,0.027887442432483624,0.0009508235392867817,0.008003988356419375,0.000349614443293458,0.6787005993698487,0.24507750045828197
yeah ive been ready to gojnj hurricaneharvey,7,7,0.006983298409521324,0.028771060651052314,0.002526669275071694,0.0003308096804465872,0.08393902343446011,0.0009119007411725415,0.23617094074305894,0.6403662970652165
news on npr a week after irma florida families still living in the dark,0,6,0.009890720330833292,0.08043235472926637,0.0026969413409111192,0.0009163518424274719,0.029785966384960796,0.0003348788050975478,0.6469521332084001,0.22899065335810337
sandy beach mora psaria at the northern coastline of rizokarpaso cyprus,7,7,0.007949891670971763,0.02913704437110807,0.002586351655762538,0.00033251113369581404,0.08257510958976969,0.0009025833485185578,0.23420961169447352,0.6423068965357001
virginia beach woman chartered plane to rescue 300 animals as hurricane maria bore dow,4,4,0.010143920542980125,0.022904074684692455,0.0026550719582443478,0.0003342912966275387,0.6481289317402508,0.0009114329943411641,0.23356899055966096,0.08135328622320263
how irma got her own wifi,7,7,0.007821610610901428,0.028333706431235242,0.002522036668033533,0.0009104272145846926,0.08002199764039551,0.0003322291514464944,0.23420065759303973,0.6458573346903632
see how we are moving forward together postirma fumccg news and happenings gablesstrong,6,6,0.009799615771388855,0.026964835488570104,0.002551118453266904,0.0003341984534045812,0.08329032952407565,0.0009194163344992571,0.640546677697676,0.23559380827711865
whatas happening in puerto rico after hurricane maria is environmental injustice,7,6,0.00857897775861837,0.029726885491062713,0.002586382760909853,0.0009095553503530355,0.08160635020233205,0.0003306852879792697,0.6455042339536352,0.23075692919510962
this is the most adorable pic ive seen from visit a12 dai houston beygood hurricaneharvey,7,7,0.0069162662717236045,0.08453871544490932,0.002491852985043493,0.0003299732235553321,0.028410858807478442,0.0009116483860970332,0.23560662892017128,0.6407940559610213
workplace gratitude in action helping harvey amp irma hurricane victims beinspired,4,4,0.008698444962889424,0.02413721872276724,0.002564172740710648,0.00033190193326860677,0.6532353883348214,0.0009070101761344574,0.23554786387295548,0.07457799925645264
sine mora ex dev on the new coop mode,7,7,0.006903152243012855,0.027638353992244097,0.0025601211766980653,0.0009075980585667953,0.07808422423941723,0.0003328520015857121,0.23244535179443981,0.6511283464940353
hurricane harvey downgraded to category 1 will likely become a tropical storm d27,6,6,0.009753628437737697,0.08050094112582705,0.0025141829185514734,0.0003305644405031325,0.02970814633157801,0.0009083130104971022,0.6496483268804121,0.22663589685489366
tracking irma this morning as it passes north of dominican republic dangerous category 5 storm gt,6,6,0.007146406732134802,0.08327654932375086,0.002614473923329587,0.0003319331915324119,0.020941224310860426,0.0009156636385707236,0.6522772317442651,0.23249651713555616
copped tho right before my mom forced me to sit in the bathroom for tornado warning,7,6,0.007455308985396754,0.027205071466599715,0.002522843557369264,0.000330785664320077,0.08175802549613337,0.0009001313552558788,0.643375023173558,0.23645281030136697
irma maria jose forestfires earthquakes s song so much trouble in the world so true wheres the,7,6,0.0071801554036763976,0.028911567407071286,0.0025164032965580897,0.0008975200081516657,0.08144133224868558,0.00032950419792961036,0.6438225581932855,0.23490095924464185
yes thats a cadillac stuck in water the driver had to be rescued harvey,5,7,0.010585528146737242,0.027203440560204205,0.002561695371751106,0.00033555382360168565,0.23400792549709803,0.0009506139211652248,0.08372758168504113,0.6406276609944014
hurricane maria left puerto rico absolutely devastated,1,1,0.008042655180861849,0.6430823708645625,0.0025357919168185364,0.0003368276726604288,0.023588422245201357,0.0009219445975563887,0.23582317369325817,0.08566881382908074
weekend soccer games called off after mexicoa earthquake,6,6,0.007295301463636488,0.027838604966847442,0.002615322505212259,0.0009112727944438523,0.08296371703048439,0.0003325854380622449,0.6434376418026831,0.23460555399863003
hurricane marias effect on us not ruled out forecasters say,6,6,0.007480196107576603,0.08214964380064918,0.0025466360220640733,0.00033069176397757433,0.028085572070234675,0.0009073816890773961,0.6459022066554068,0.23259767189101382
in kingwood texas where many families are picking up the pieces after hurricaneharvey,0,4,0.010447287582397317,0.029004262976217252,0.002578400408285535,0.0003347393277414745,0.6425032934774895,0.0009172593323640133,0.23353371421265925,0.08068104268284573
family houston young professionals volunteered at the giving hub to help families in need after harvey,4,4,0.22719813348513707,0.007341349779148935,0.0024941057433003366,0.0009101235710209084,0.6502479520590041,0.0003308141047602553,0.08369933538720535,0.027778185870423147
kenny chesney helps teen brothers reunite with mother after hurricane irma,4,4,0.010268499602628602,0.02886315118083947,0.002544035300238922,0.0009207823635870633,0.6433800095405238,0.00033693630042397007,0.23089454726173314,0.08279203845002521
20 of every order at squeezedonline goes towards hurricane harvey relief until sep 14th,4,4,0.0091758926940869,0.028264125737044978,0.0025487784421997493,0.000331768625005638,0.6382904628050535,0.0009085487153520975,0.23635722857634744,0.0841231944049096
relatives say children missing after a school collapsed in mexicos deadly earthquake have sent whatsapp messages,3,3,0.0010389255090004434,0.22155573887389046,0.009517189941611966,0.6522270667269524,0.0029501919101403025,0.00034190683619560804,0.08541101306821022,0.02695796713399859
nationaldayofprayer is bullshit you really wanna help those impacted by harvey donate timemoneysupplies,4,4,0.02795708507380079,0.007968131090730414,0.002458988836275047,0.00032930896198409617,0.6486247180826212,0.0009047251055680437,0.08115391352792935,0.23060312932109112
breaking tornado warning for adams and yorkcounties in pa until 445 pm edt,6,6,0.007592458156802061,0.028328063119746227,0.0026214794114534246,0.0003319264150603484,0.08057877850940455,0.0009019778025671846,0.6489976073817537,0.2306477092032125
fire crew shares video of what they faced battling californiaa blaze,6,7,0.007703847794104341,0.02871824629809468,0.0025703771579441517,0.000333634678996487,0.08366878475502468,0.0009077775954351651,0.23498953419112587,0.6411077975292747
linmanuel miranda talks helping puerto rico amp notching first top 40 hit exclusive,7,4,0.009018848970711719,0.0271429577547162,0.0025215606327473926,0.0003319075912210529,0.6436661102656632,0.0009073194149849394,0.08141711384231189,0.23499418152764345
artists send thoughts amp prayers to mexico city following the devastating earthquake,6,6,0.028601453206155633,0.008436909519368402,0.0025549260925976317,0.0009039517653936217,0.08324991283180304,0.00032982669555241533,0.6434319964323632,0.23249102345676614
northern california wildfire interactive map esri gis waze,6,6,0.027080210094598958,0.23051351056553485,0.0031870204297196713,0.0009173250286966238,0.007616042308029525,0.0003340409760868298,0.6453033979905947,0.08504845260673878
good tuesday morning we hope things are back to normal at your home following irmajoin us now until 7am,6,7,0.00737620182945649,0.027842663332206214,0.002574710692786746,0.0003306881414317885,0.07924776872598421,0.0009031918897664502,0.23473297326187398,0.6469918021264941
uns global emergency response fund enables humanitarians to provide urgent aid for victims of hurricane irma,4,4,0.007650666940682329,0.020055260649027656,0.0025736287377792293,0.00033284009678163034,0.6603036932873643,0.0009085146494239879,0.23518507677479727,0.07299031886414356
click here finance politics business three storms raging in atlantic with one aimi,6,7,0.007993963981238075,0.08161501668074805,0.0025892780609211804,0.00033311698521257596,0.029207712358872807,0.0009097812925356622,0.2354708771901019,0.6418802534503697
check out new 61 magnitude earthquake hits mexico again hoodnews,6,6,0.0025753873521217794,0.007528397819297548,0.07567997552024924,0.0009269677663141541,0.025734937687967578,0.00033274726832073124,0.6518768844768346,0.2353447021088945
baby born during hurricane harvey gets most apropos name,6,6,0.23086968343671335,0.009633452738117321,0.002528987239425373,0.0009123977707756202,0.028976770789287423,0.00033447091860106074,0.6434690733912493,0.08327516371583056
state aid to puerto rico has also been delayed by a mix of slow requests and money woes,4,7,0.0069982184384171486,0.027064303304156722,0.002496320296885952,0.0003285037856748828,0.23501763446629298,0.0008997019196960087,0.083379245180145,0.6438160726087313
fire storm california a geoterrorism a no justice aa justus,6,6,0.007760799705478657,0.23191835427240434,0.0025662566537790143,0.0009097613240968354,0.023933930014239626,0.0003324588412883359,0.6474012749918849,0.08517716419682814
everybody go give eagle alum a120mora a follow at,7,7,0.008428162645978773,0.027522298340362853,0.0025888176066872497,0.00033306959486403815,0.08349832281177726,0.0009062950262427382,0.23079896110953682,0.6459240728645502
after earthquake mexico holds out hope for those trapped under rubble a not givinga upa,6,4,0.007304472204212299,0.021533135922655402,0.002668340948758658,0.0009421297625000874,0.6481497704505718,0.0003355184709353358,0.23492895387518786,0.08413767836517864
iran turns down offers of earthquake aid including from its archfoe israel,4,4,0.009056139126055998,0.030005166635098345,0.002627290684566503,0.0009152690563366632,0.6367866479894827,0.00033579510064386066,0.23495071700088904,0.08532297440692699
hurricanemaria relief just dropped off first baptist orlando,6,7,0.007059432739525768,0.03029453288632605,0.002528958268507183,0.0003337098042873914,0.2317698507997271,0.0009080089824938454,0.08521573897053494,0.6418897675485977
power slowly being restored after hurricane irma,6,1,0.008402919858197695,0.6460975119879744,0.002591733547944989,0.0009149925127875079,0.08114445716508197,0.0003340535377488727,0.23783561668454106,0.022678714705723534
california wildfires moment familys dog is found alive in ruins of home a video,4,7,0.003865418426101996,0.3221415140457868,0.0014255194387563712,0.2969980371418519,0.011461254499984261,0.00046247546161395854,0.04052404332504518,0.3231217376608595
enjoying the golden tornado band from home in erie,7,7,0.008531458881757251,0.08425507762762545,0.0029115246570656198,0.0009079948027851248,0.02756330130945701,0.0003337229054771109,0.23238759369247938,0.643109326123353
mexicans turn to church as earthquake death toll hits 320,2,2,0.0026205141366872796,0.027794431764691544,0.6503658992908325,0.0009045763067496138,0.007869630867908824,0.0003307057776470056,0.2299400522033041,0.08017418965217925
business expert president trump signs hurricane harvey relief bill creditrepair jobs,4,7,0.007382480954446688,0.024717147296143483,0.002498682904984196,0.00033151826891332243,0.08502814728502961,0.0009115085173651764,0.2358142605918503,0.643316254181267
democrat mocks trump with paper towels in congress after puerto rico fiasco,7,7,0.007811640872612067,0.02629357172885505,0.0025601452545884694,0.0009126164464768863,0.08400668967033055,0.00033226077855564803,0.2286116918830002,0.6494713833655811
get to mora and try the whole menu,7,7,0.007640584356069542,0.027445899088265596,0.0025254151915065325,0.0003311078140742055,0.0811108388742717,0.0008989351193579766,0.23339919806327875,0.6466480214931757
rainierwildflower one of the first flowers of spring coltsfoot already gone to seed kl,7,6,0.0075686318265964355,0.08261787896003786,0.0025824998597927936,0.00033142844754311025,0.02891036263321483,0.0009074373423581405,0.6408063589252282,0.23627540200522879
hillary clinton links climate change to wildfires hurricanes in california speech,7,6,0.00755032454175033,0.02882386451045449,0.002671243799979777,0.0009092754702096548,0.0788329032423478,0.0003324235353855223,0.6450249146417723,0.23585505025810014
this drone footage shows the devastation caused by the 71 magnitude earthquake in mexico,1,6,0.007069779451525007,0.23520889395070818,0.002730458847269995,0.0009088599319952297,0.02555775152938047,0.0003314836502918962,0.6481589532547222,0.08003381938410692
bun b on hurricane harvey a itas worse than everyone music,7,6,0.00984404528333596,0.02353602758754282,0.002599075690107612,0.0003328157030946542,0.0781260029067103,0.0009154921434215342,0.6480049914766637,0.23664154920912345
latest update on hurricane irma with links to resources,6,6,0.007067848441733973,0.0274153446815322,0.0025915484020525817,0.00033136837067833245,0.08126130185000915,0.0009065953803833397,0.6493093852159679,0.23111660765764244
ontiermexico will provide free legal advice to those affected by the earthquake,4,4,0.022625954467069977,0.007169633527363834,0.002495700043130388,0.0003304485459614728,0.6466826594566766,0.0009078625075304547,0.23389869176816103,0.08588904968410634
still havent taken down the plywood from irma im waiting to see what maria does f pray she heads north after,6,6,0.010231422927976509,0.08136166350262136,0.002506652588210353,0.0009062192745385435,0.02565697243755728,0.00033123599683620807,0.6464491826450836,0.2325566506271761
newsgraphic satellite view of hurricane irma traversing the caribbean on wednesday,6,6,0.0070469743122243845,0.22981357280534032,0.0025468909086065125,0.00033062634789539325,0.026932891276399584,0.0009050181059763159,0.6496858029781221,0.08273822326543544
orlando city wins friendly 61 helps puerto rico orlandocity,7,4,0.0073123576568350475,0.02732611748908314,0.002496361893303757,0.0009067135229520365,0.6428465661492959,0.0003304554200176854,0.08312473660234045,0.23565669126617197
irmas twisted sister hurricanemaria maria2017 wx weather prayforpuertorico,6,6,0.00729152008837624,0.029386794088017112,0.002535363758119456,0.000332756592265066,0.07647870775773367,0.0009112778968665751,0.6470622245152304,0.2360013553033915
frequentou one direction mora londres,7,7,0.0076932809909193,0.026897104954879538,0.002549169657234943,0.00033554922184987667,0.07451606636318046,0.0009176679061626208,0.23175121346090263,0.6553399474448705
tornado watch continues for the tri county and the nearby atlantic ocean water until midnight chswx irma,6,6,0.007095230025863636,0.029491807885179813,0.0025517060442502145,0.0009057070643528518,0.08372934463103829,0.0003310253594617804,0.6472998789633173,0.22859530002653614
hurricane maria knocks out power across all of puerto rico nbc nightly news,1,6,0.007125596193808661,0.23143772185974948,0.0025343932910588916,0.0003313328264484765,0.03084744550885435,0.0009044398996381963,0.6423002048832238,0.08451886553721795
welcome back titans finally back to school post irma bcpsfirst knownova backinbusiness,7,7,0.007263272232084989,0.021175721476920754,0.0025412810922434137,0.00033259842140198636,0.08372453010408601,0.0009086131732948026,0.23690696325546556,0.6471470202445023
a damaged apartment is seen after the earthquake in the narrate neighborhood in mexico city,1,1,0.0025650370419619825,0.6479406575553724,0.007124125513245283,0.0009073587897721795,0.030143387181074014,0.00033083460357962347,0.22822290018499586,0.08276569912999866
californias notorious winds feed wildfires,6,6,0.008084977741035091,0.22669912862290215,0.002585470334271426,0.0009065061808473463,0.08292312320128128,0.00033255471204512603,0.6486413292184806,0.02982690998913689
the dominican president expresses his amost sincere condolencesa to mexico fora,7,7,0.007086110484144383,0.028608921389339688,0.0025338515561009376,0.0008992940498391551,0.08224688952856617,0.00033016548961290924,0.23455877276445786,0.643735994737939
so trumps new nasa adm is also a climate skeptic see irma harvey,7,6,0.0071791064990094616,0.023031001085674935,0.0025111867230551707,0.0003328598249410756,0.07638125036015164,0.0009051586896902358,0.6517433009102584,0.23791613590721886
after 3 weeks of delay and one messy harvey my backpack was delivered at 1055 pm,7,7,0.009693530044282585,0.08245754712292742,0.0025338435304017148,0.0003329845088132625,0.028181422340094135,0.0009138145667080418,0.2346572329780728,0.6412296249087002
puerto rico se levanta med students unite to help those in need,4,4,0.023169412224015442,0.007270512174498655,0.0024856761992726106,0.0008986275404803542,0.6502936952258473,0.00032953062920277124,0.08420714354509219,0.23134540246159047
all my family is there boston restaurateur relieved after mexico earthquake,6,7,0.028814005067367563,0.007485147547064988,0.0026038087841720407,0.000983979914873224,0.07926030686524409,0.00033556765113116417,0.23385371416595677,0.6466634700041902
so proud of our kids who raised nearly 600 for puerto rico a14y5a14y7 hurricane relief with a bake sale today fwsu ai a14a,4,4,0.00834778404056208,0.019749065744945643,0.0025063736706326107,0.0009017541633389966,0.6490432878432663,0.00033072619631527425,0.08356707956633841,0.23555392877460055
how hurricanemaria could affect mentalhealth edchat naturaldisaster,7,7,0.007443095167889144,0.08244521319270548,0.002512605593702315,0.0003322898232476094,0.028890920876874733,0.0009165478884181179,0.2358070179374093,0.6416523095197534
opening 19 locations postharvey kprc2,6,7,0.007591472578876713,0.027268043640008042,0.002573142842438046,0.0003332322468419799,0.0845932888913268,0.0009072696874790216,0.23427583299242213,0.6424577171206073
commanders of irgc irans army visit earthquake areas in western iran,7,6,0.009052308903456534,0.22955505865145748,0.002940374731622113,0.000911889401570479,0.08521353248401083,0.0003361284895341743,0.642451222497576,0.029539484840772526
30a tv update jazzfest star to play irma benefit friday 30atv 30a,6,7,0.007348983867728872,0.025102631094459787,0.0025490879845152512,0.00033226043842447285,0.08337592741284715,0.0009053772597771673,0.23660286323628033,0.6437828687059669
smoke from californias wildfires will harm people beyond the flames reach,0,6,0.08352795304547454,0.008518093264533996,0.0025944632101474914,0.0009052934104945793,0.03021144370332778,0.0003329302098104591,0.6433563733078842,0.23055344984832687
hurricane harvey could create 1m salvage vehicles,4,6,0.008042016861829631,0.02933822220156951,0.002508678373519411,0.0003321974428050242,0.23036295324452258,0.0009434501780604126,0.6449483156883881,0.08352416600930546
ian harvey offers us a brief insight into the history of passwords in his latest blog post,7,7,0.008084182604662035,0.02848623472004207,0.0025679414025957118,0.0003309244598914103,0.08352096372187925,0.0009042553675417136,0.23531957848362475,0.6407859192397631
maria still roiling central florida beaches lee becomes hurricane,6,6,0.00936155218087373,0.08439440736950982,0.0025968618140995996,0.0009132418486993755,0.025653170098851596,0.00033460185234116495,0.6542876171502332,0.22245854768539153
hurricane irma recovery fund for our island neighbours,4,4,0.007055086456422772,0.08131346018493488,0.002489737920512027,0.0009011481864895267,0.6453266104812457,0.0003305614395724759,0.23521055564006704,0.027372839690755654
supplies to fight off my post irma cold stress longhours loweredimmunity,7,4,0.0071596866030797,0.02531095103629062,0.002507194444119211,0.00033301875798907475,0.6416294164731988,0.0009131492636944622,0.08570888762917292,0.23643769579245522
tech labs reach out to researchers hit by harvey,6,6,0.08365986389399145,0.010942418037980624,0.0024935466072109527,0.0003314663067600202,0.23140516797289223,0.0009151655355980114,0.6397474107158607,0.030504960929706133
the ghost of jose being absorbed by hurricane maria as she slowly heads north,6,6,0.009081115051866385,0.23288593864220006,0.002570319589801448,0.0003310674575525142,0.02845308989781935,0.0009085553229940218,0.6465513342921236,0.07921857974564253
congress looking into how tiny company from zinkes hometown gets 300 million contract to,7,4,0.007443891787327357,0.02938530377713142,0.00259814801826864,0.00033249982736595693,0.6404928271714954,0.0009085692395961415,0.08457332782939368,0.2342654323494215
harvey rainfall so far houston,6,6,0.008274358633470083,0.08260619360956073,0.002535247458934757,0.00033139858411318274,0.02969324991755571,0.0009098588615575086,0.6491785381033746,0.22647115483143346
my harvey always knows when i aint well a121,7,7,0.007318636237205022,0.07822902283217792,0.0025127537926879382,0.00033332211613787736,0.028244262738362398,0.0009144298406299774,0.2322246551230724,0.6502229173197265
british troops help fix home wrecked by hurricane irma,4,1,0.03031635692441255,0.6401386144236013,0.002541281535647096,0.0003346597156993409,0.23295557863449456,0.0009152490665545736,0.08534582641062191,0.007452433288968512
tell that hurricane bitch irma to come this way i keep that mf thang on me,7,7,0.00706127007163076,0.02230446458959651,0.0025449191610756143,0.00033154982502445646,0.081507670189213,0.0009174274169192058,0.23618001342418699,0.6491526853223534
thank youuuu d irma,6,7,0.007251852179743525,0.028681192141604896,0.002533907715408332,0.00033351669629790796,0.0836492002418725,0.0009072857933944412,0.23513645922662887,0.6415065860050494
pizza hut workers paddle through harvey floodwaters to deliver free pies,4,4,0.007462349859789268,0.03088318625857804,0.0025424894728351953,0.0003328223894741581,0.64109042253268,0.0009209967113992343,0.2319722263062639,0.08479550646898018
blakpac member has not stopped assisting hurricane irma victims,4,4,0.00742748654283686,0.02357331105210253,0.0026360463795912946,0.00033629509574753096,0.6449060562631699,0.0009141852977542741,0.23750415214592974,0.082702467222868
irma resources for homeowners businesses amp workers,4,6,0.00702669443751311,0.030076826020545535,0.0025206610927694414,0.0003312238400864331,0.08374018809017206,0.0009004908128859024,0.645817329787149,0.22958658591887857
earthquake in kermanshah irans new genocide against religious and ethnic minorities,6,6,0.009660617057707018,0.0026194482410111853,0.02752698374982797,0.0009057635354659603,0.07558527348913634,0.0003332225685200133,0.6493730880206118,0.2339956033377198
this photographer captured the devastation of hurricane maria from above,1,6,0.00803676125359307,0.23200991004171867,0.0026191813711097245,0.0003322559670425677,0.026501284117700696,0.0009059899008287048,0.6474791772752106,0.08211544007279585
houston office market sees slight increase in vacancy post harvey cre,6,6,0.008230035331316755,0.030608881673804524,0.0025610574852043804,0.0003327304664245453,0.08173076590380801,0.0009124350551515308,0.6413367199990742,0.2342873740852161
a jesuits firsthand account of hurricane harvey via,6,6,0.00921166457909101,0.028843591919529104,0.0025901892216310543,0.00033227089124176676,0.08251262738798391,0.0009180530168749301,0.6482336343117069,0.22735796867194139
him amp his family lost a lot during harvey amp theyre just opening back up check them out,7,6,0.030137202056658624,0.008438485296343636,0.0025808780158108192,0.0003373064548544067,0.08383484042085564,0.0009165141697823732,0.6389101951294947,0.23484457845619994
delivering aid to floodravaged sri lanka jewish sandiego,4,4,0.006887732697830753,0.026575226281451623,0.002639041666012384,0.0003305876029827935,0.6518853164960614,0.0009011687666835883,0.08369695251797434,0.2270839739710031
how i watched hurricane maria terrorize my home from a distance,1,7,0.008715268004118147,0.08538946456703624,0.002608167702263433,0.0009148581964771124,0.02521899136784285,0.0003354129553465372,0.23642099517250764,0.6403968420344079
classicmsinthebiz awhy donat you try acting like a womana by gia mora,7,7,0.007365867271140716,0.0800299988984859,0.0024952865470800546,0.0003313962293452531,0.027782840494860076,0.0009016974562735367,0.23228001757507302,0.6488128955277415
the stahl boys doing a little cleaning up after hurricane irma dadepba thinblueline maria,4,6,0.007409913207981416,0.08347020828182138,0.002528476690119448,0.000905814917124326,0.23365825834457093,0.0003320998100699994,0.6431950749268281,0.02850015382148435
recent hurricane hunters flying through maria find flight level winds of 120mph maria could be cat 3 again soon,6,6,0.007132769711908963,0.08397137503899244,0.0025118577883655397,0.00033525278026161245,0.021998690016021914,0.0009343835273476329,0.6550128740055171,0.22810279713158482
evidently somebody didnat want to risk putting orlando under a tornado warning,6,6,0.007116302726033289,0.08269231001830243,0.0025401044758359905,0.00033036930201802805,0.029783457051321766,0.0009007236938261928,0.6440142150239586,0.23262251770870374
one of the first solar storage tesla energy projects in puerto rico has come online,7,7,0.007132599987751178,0.08274151952174738,0.002575317258963121,0.0003310494380811436,0.02945705228355718,0.0008995373225812117,0.22825294723212122,0.6486099769551974
puerto rican farm saved from hurricanemaria thanks to solarpower via,0,7,0.007266017644192858,0.029985338692011216,0.0025050108396304795,0.00093042480775018,0.23038752841839463,0.0003346231152152798,0.08377439488052581,0.6448166616022795
dogs rescued from puerto rico after hurricane maria are being adopted tech technology,4,4,0.02622284552164232,0.007439200011225691,0.0025652942756734685,0.0009168503270677437,0.6457512919028076,0.00033212464483261406,0.23319095033851525,0.08358144297823535
behind the scenes with mora a124a12a,7,7,0.007797271627759411,0.08051496916172068,0.002519791692293314,0.00033568457533542404,0.028087725155247014,0.0009458435709168307,0.22511857947901318,0.6546801347377141
tornado low light,6,6,0.007183769565414455,0.08469272533472552,0.002582126117457549,0.0003318060071174322,0.02480785232781547,0.0009030434743992363,0.6479432211910436,0.23155545598202668
collapsed school in mexico earthquake is checked for a hidden defectsa,1,7,0.0027284648266746943,0.00999947421923208,0.029995341729388256,0.0009278774403399346,0.23353149982837562,0.0003341592636881357,0.08378260429743321,0.6387005783948682
xmen gold 11 cover by dan mora omega red returns xmen marvel,7,7,0.008144125980443891,0.026147764864470027,0.0026541052003261115,0.00033409289367314094,0.08339426483747843,0.0009095671578858548,0.22882481217659897,0.6495912668891236
lucky duck irma sits on eggs even during hurricaneforce winds,7,6,0.007091863241926815,0.08123192086493936,0.0025236948057309177,0.0003323535735513511,0.02953540860291023,0.0009067418273010471,0.6461142709050982,0.232263746178542
ashe members offer engineering support to puerto rico hospitals by,4,4,0.007351376162172122,0.028759834100345483,0.002519808939655188,0.00033005288783133764,0.6514558353297952,0.0008990371681489657,0.07562675537249192,0.23305730003955988
mexico further updates and advice to british nationals following the 19 sept earthquake,7,6,0.007336251316064487,0.02644922460599896,0.0026092506039448586,0.0009048363718297825,0.08155382325195386,0.00033064399363970647,0.6442127060996462,0.236603263756922
skutchi wants to help businesses affected by hurricaneharvey and irma call us today 8889933757,6,4,0.00794005681615294,0.028445115362564496,0.002462602745591807,0.000329169408098509,0.6464553502219824,0.0009011032284667789,0.230169373888045,0.08329722832909794
auto abs issuers pull pools back from harvey irma impacted areas,6,7,0.00752313551848847,0.029766734785170723,0.002511556088469653,0.0003324388447733089,0.08544951361503127,0.0009093320399999341,0.23495890369433028,0.6385483854137363
hurricane maria latest winds 105 mph about 475 miles sse of cape hatteras nc,6,6,0.007182260218189029,0.08455661247411424,0.002545241520166702,0.00033159482790707926,0.025435804548765744,0.0009024793189486049,0.6494063617651714,0.22963964532673706
my beloved friend is doing godas work in puertorico right now hurricanemaria crytime keepgoing,7,7,0.007375388378760712,0.08292147422501965,0.00252165208699698,0.0003355859733115366,0.029914239223923403,0.0009107931319597578,0.23442696151410786,0.64159390546592
comparto con ustedes mi columna con ustedes en the hill congress must fund puerto ricos new electrical grid,1,7,0.006946699899183608,0.029951792535905433,0.0025399370433518147,0.0009002146071254135,0.08269511595807841,0.00033047955027268766,0.23295806536361835,0.6436776950424643
lee has a massive eye maria now a tropical storm not looking as healthy as it once did,7,6,0.02584388594766558,0.22760354871573832,0.002749798660426744,0.00033067718898246784,0.007375069846971444,0.0009055482739401446,0.6531723560693828,0.08201911529689254
many islands devastated by irma will get hit again by maria your forecast at 4 pm,6,6,0.027183709784489408,0.23293654216119444,0.0025128276796309765,0.0003316497157744373,0.009235051808111513,0.0009165256828141495,0.6449708378484488,0.08191285531953629
dominica hurricanemaria first cases of anarchy receiving whatsapp messages reports sos security,6,6,0.007161544055613022,0.08114519027307752,0.0025610432069021107,0.000967701845246992,0.028484014562614724,0.00033815347805397726,0.6439105582657417,0.23543179431274988
11 pm update on hurricane maria hurricane warnings discontinued for pr,6,6,0.008045281568840294,0.026738194894058733,0.002627369301499017,0.0003367823767934103,0.07446762969336265,0.0009164958180636384,0.6600922105240427,0.22677603582333966
f you ao atca ed ta is afl house soyluna2 vuelvemdt3 hurricane maria middendrenthe,7,6,0.007767868670147404,0.23218314463734951,0.002528774656937115,0.00033095066435958616,0.02768836508890098,0.0008994780081592944,0.6443481671691688,0.08425325110497724
great puerto rico project solar energy presents a great opportunity for puerto rico prstrong,7,7,0.006966972730504794,0.02185061488471411,0.0024843507234487885,0.000899243089809805,0.23471383501924437,0.0003292688210246898,0.08220079260702995,0.6505549221242234
puerto rico is so grateful thanks mr president,7,7,0.007109544964445458,0.027849455236564964,0.002500756478357688,0.00032958505654054706,0.08146514463821568,0.000895600670609787,0.23185802468405403,0.6479918882712118
fuck all no wall no clinton arrest zero help for puerto rico,7,7,0.007287093326146315,0.024985007398298367,0.002466624636247392,0.0009034166206079277,0.23364091592558253,0.00033011440406140175,0.08230424852876399,0.6480825791602921
tofu section during harvey hit texas,6,6,0.010805914842271456,0.08271213268868399,0.0025384605497870854,0.00033311363120670773,0.22875992726253672,0.0009115305177202979,0.6433640966341128,0.030574823873680875
tracking hurricane irma,6,7,0.007219307967780831,0.08091884006340827,0.0026601185816055232,0.000335388580418934,0.02629846995564579,0.0009127402831480042,0.23912554996026586,0.6425295846077268
exxonmobil us branded wholesale network teams up to provide harvey relief,4,4,0.00868803395055115,0.02076654297653201,0.002498446349422729,0.00033030930108084037,0.6554771909008599,0.0009105843091743222,0.08235700907113747,0.22897188314124164
statement attributable to the on the earthquake in iran humanrights,7,6,0.002849681106168584,0.021870400629860298,0.007849105279897454,0.0009041441089504925,0.08240987271595913,0.00033250239595293335,0.6497971907287495,0.23398710303446138
houston mayor pushes storm surge spine to protect city,6,6,0.008181358229866924,0.08291115598369025,0.002533287146600768,0.0003318127128120424,0.03040980118908554,0.0009045286770409777,0.6443717114617493,0.23035634459915422
storm harvey flood victims face displaced alligators,0,0,0.6383657518358368,0.007762395485558487,0.002792406453354965,0.00033360795704767227,0.23617881101146276,0.0009128674929558408,0.08527573363868496,0.02837842612509862
yalls president has a networth of 35 billion dollars but could only donate 1 mill to harvey victims,4,4,0.009552136618527501,0.08307190463699483,0.002526191177161406,0.00032887276589779816,0.6425843526772508,0.0009055638324239254,0.23202358850529053,0.029007389786453227
harvey james was born on this day,7,7,0.008013919911451202,0.07893151541348976,0.00250000331430188,0.0003309858654248477,0.026386298168137368,0.000913311127156012,0.23420788089291344,0.6487160853071255
just in tornado warnings spike across florida via,6,6,0.002595350058578833,0.08361244888702744,0.008377411454033352,0.0009092518975625124,0.028847836614846814,0.00033300876487420063,0.648076740516406,0.22724795180667082
house washed away by river during hurricanemaria sadly 5 people were taken dominica dauki dausa,7,6,0.013107180790427221,0.35766686629442934,0.003974818844261419,0.0005199038126956909,0.13151618283069816,0.001443455517907156,0.3594888782891533,0.13228271362042762
hurricane maria takes aim at battered caribbean florida could be next,6,6,0.007256069871752863,0.08411492320827918,0.0025545671162241325,0.00033371698562423426,0.02286859791579891,0.0009206735584470589,0.6522046213003995,0.22974683004347415
damn i forgot how much of a shitshow bernies puerto rico operation was,7,7,0.007321909028698122,0.029841609010580753,0.0025016526073431676,0.0003297495591924955,0.08142700891858312,0.0008973108021181061,0.23463688321313314,0.643043876860351
wells fargo building in downtown jax flooded during irma forcing the doors to close for a while,1,1,0.007251199641224098,0.6392904531984677,0.002531311870389444,0.0003334902978434562,0.030955414831905875,0.0009141764027982216,0.2333944950531649,0.08532945870420629
harvey in any language volunteer translators for farsi arabic vietnamese answer thea call,4,4,0.009766348021478239,0.028009525828403777,0.0025326983848649293,0.00033249766805943575,0.6400788820971691,0.0009065505469150326,0.08518191506948991,0.2331915823836195
hurricane irma millions fleeing storm could bring highways to halt,6,6,0.007488635031442994,0.08219688620913258,0.0026376081615266432,0.0003344478346082771,0.02973923574391139,0.0009141881435445988,0.656405856626888,0.2202831422489454
permitting fees for irmarelated repairs have been waived contact us to report hurricane damage to start the repa,1,6,0.01143538549432446,0.13113921917774343,0.003897748587347597,0.0005153494950031212,0.358002604806286,0.0014042727006406818,0.3615252721216202,0.13208014761703443
savannahaos undergoing repairs after irma damage,1,1,0.007093605712489108,0.6476275242880091,0.0024812194768332736,0.00033209851549782565,0.08150993280688204,0.0009047478328608668,0.23282731594735526,0.027223555420072605
investigations on image search on mexico earthquakehave ss debating over a caption lies or not,7,7,0.007113322285942594,0.024363510005852258,0.0026214934453893915,0.0009214347943178327,0.08044704578392257,0.0003368048981158338,0.2368335784970804,0.647362810289379
just saw the duke unc score has hurricane maria made it to chapel hill already unc starts the season 13,6,6,0.006955841064571428,0.08285137395153049,0.002537775851556265,0.00033038888843134296,0.030286099218513687,0.000899198283499064,0.6451763597630971,0.2309629629788008
15 stark videos expose reality of california wildfires,6,6,0.002601227277176804,0.23262207724856002,0.08175136663779126,0.0009165238027960821,0.007521757146505441,0.00033172230209204984,0.6445771387337453,0.029678186851333
buy a solar light amp spread the word lets light aguadilla puerto rico letslightaguadilla,7,6,0.00753192364179628,0.028926041080580025,0.0025187264468726845,0.000902473368501621,0.08484723338092678,0.0003312682506973452,0.6394080365528035,0.2355342972778217
first alert hurricane maria continues moving on northern track,6,6,0.007191223641513966,0.22816289923748526,0.002624485624497727,0.000913459748832907,0.02630044725063606,0.00033383378818156343,0.6542249771229751,0.0802486735858775
lifeline animal project and atlanta humane society to hold postirma mega adoption event,4,7,0.007421744742163037,0.027367513139932402,0.002542055825629607,0.0003313723435631122,0.23296953359271333,0.0009024952825337759,0.08493545889942127,0.6435298261740433
please support my gofundme campaign,7,7,0.008095517523615592,0.080322257644273,0.002537006257722911,0.00033427514677332844,0.22972239011403037,0.0009069598527632663,0.02975874503618398,0.6483228484246375
damage caused by hurricanemaria in roseau dominica strafpgetty images,1,1,0.007077915083898412,0.6443670829626833,0.002511569391789492,0.0003306435653593936,0.23258908778496154,0.0009075303110140957,0.08507278303674769,0.027143387863546083
because record floods just arent enough theres another couplet and tor warning harvey txwx,6,6,0.007710522113280762,0.08131947775798301,0.0025298857196860793,0.00033110463732418733,0.028999902180946197,0.0009053580095533687,0.646126243384542,0.23207750619668435
arirang news wildfires ravage california,6,6,0.008175057971916748,0.23348411597646415,0.002712978422683103,0.0009128870459832131,0.027669934785002636,0.0003344202959240324,0.6431566618267943,0.08355394367523178
help michael bailey amp his family recover from the california wildfires a signala boost,0,4,0.028679607914287374,0.007599722563359844,0.0027089080519514495,0.0009317516864044348,0.6388154749283195,0.0003334542704351619,0.23548755290600074,0.08544352767924146
when all the meat thawed after irma,7,6,0.006917613245372882,0.02888182362448474,0.0024795292403972857,0.0003336151116746609,0.08049832266767887,0.0009109101783381251,0.646930013997725,0.23304817193432825
so hurricane harvey left a lot of dogs without homesmax just found onea12 aa12 aa12 a,7,7,0.009435769144300873,0.08494586045889498,0.002599283633311225,0.0009293121854307356,0.029873199098430867,0.0003372835598869015,0.23526504175017288,0.6366142501695715
tornado watch cancelled for two counties,6,6,0.007720623151528641,0.02315192351649256,0.0026193431076925997,0.0009127028199383289,0.23207264005964548,0.0003339992222904804,0.6478237866377845,0.08536498148462733
home from houston east texas needs a lot of help and time to recover you can help here,4,4,0.027848222857746623,0.00991244141212126,0.0024919266883554254,0.00033072504880632723,0.6460835427925699,0.0008959113068973073,0.2319332501181659,0.08050397977533735
video of cu collecting donations for hurricane harvey cuboulder cubuffs boulder,4,4,0.0077586204181082155,0.02427468803952504,0.002488675522681751,0.0003300321703398363,0.6492586032324758,0.0009039168928485428,0.23366778803163993,0.08131767569238094
navy marine corps providing aroundtheclock hurricane maria relief,4,4,0.007176552650631334,0.027457910187627676,0.002514985859023545,0.0003340311106106843,0.6477961173814188,0.0009082049380946322,0.23309240272539783,0.0807197951471956
langevin applauds passing of supplemental funding package for hurricane harvey relief,4,4,0.00748608071572236,0.02244457571765464,0.002507233572324683,0.00033004941184469757,0.6491808024099123,0.0009054437661552707,0.23660407710161224,0.0805417373047739
nofollowtwitter for iphonea,7,4,0.006805325339512284,0.01802580663503448,0.0024709392923131317,0.00033014482008615154,0.6516852077794297,0.0008980918859463344,0.23420178636489455,0.08558269788278328
hurricane blame harvey amp irma punishment for trump amp gay mayor internet says,7,6,0.0074531406379302525,0.021405503381137617,0.0025520043187277786,0.00033233714533782466,0.08336699902161487,0.0009042241360480192,0.6483151922907963,0.23567059906840734
grand chandelier rocked by earthquake from the weather channel iphone app,7,6,0.007177995946407784,0.026062360129563564,0.002689744816786301,0.0009098753381997179,0.07750452529316443,0.000333512118150191,0.6482053267611609,0.237116659596567
glen cove park kemah texas houstonflood kemah texas hurricaneharvey,7,6,0.007789167079271455,0.08384945683600807,0.0025528103273174565,0.000332667727394746,0.22936092615656686,0.0009108769202511748,0.6446475424450963,0.030556552508094026
the local seismograph detected the iraniraq earthquake making the detector ringing for more than 12 minutes,7,7,0.00360082684170431,0.03974356375537682,0.01270439943392098,0.001221965541988938,0.3106053492817472,0.00044783742329847215,0.31436016943586137,0.3173158882861018
bankrupt puerto rico set for fresh hit from hurricane irma,6,6,0.007135051053804936,0.030445722997593065,0.002519496659554083,0.0003319762250930976,0.08449157627000019,0.0009023424786688388,0.6443714225801546,0.22980241173513144
is serving victims of harvey emdayofservice might even help,0,4,0.028507705380997353,0.00890241160520761,0.0025708087211530456,0.0003303200772729259,0.6498602024177694,0.0009028013634942233,0.23233963298219862,0.07658611745190694
hadley brown join forces to aid puerto rico,4,4,0.0071054274447241925,0.022293039921013235,0.002496303204134459,0.0003308377217415152,0.6469008514901172,0.0008988662533230066,0.08492344794232513,0.23505122602262116
flooded cars could flood usedcar market irma harvey,7,5,0.0025355121810687184,0.08390483536915723,0.0009028709820004721,0.0003286418971130949,0.007286572455936123,0.6423874204310931,0.23312493985698968,0.029529206826641605
congrates we are waiting of loon in india as well,7,7,0.010651875586693916,0.030482108060844098,0.0026208670647687783,0.000333923257706544,0.08086858351032142,0.0009249208371860475,0.23124568961798175,0.6428720320644976
flew through the very outer edge of hurricane mariaas cloud cover no desire to fly any closer,7,6,0.007556688578115979,0.08199032945426543,0.0025081427046817453,0.0003305129333509107,0.029629488780866006,0.0009025670168654793,0.6463427015228296,0.23073956900902487
21 dead in catastrophic california wildfires,2,2,0.00737055072385821,0.22288264538125502,0.661601259262374,0.0009219650079741972,0.0025805683627258256,0.00033167661126544363,0.08337104743158942,0.020940287218957895
students raise 1000 for puerto rico by dressing down one day,7,7,0.008476112360413625,0.026947378715604934,0.0024956928557009262,0.00033080192042747234,0.23479020165164574,0.000903941813214033,0.0816896117701679,0.6443662589128254
travel simulation reveals what its like inside a tornado in the new simulation from,6,7,0.007420092039475795,0.07941756915799214,0.0026303562547174853,0.00033282754369438417,0.02491129159613167,0.0009046190062313804,0.23747293724913074,0.6469103071526265
miami football resumes practice following hurricane irma canes,6,6,0.0078927346595796,0.08109235930776575,0.0029122509535780654,0.00033448201779325183,0.024419598303098797,0.0009107774167014927,0.6497647369872358,0.2326730603542472
some new brunswickers are doing a really great job helping florida reconstruct from irma power restored to over 6a,4,4,0.007034640544398241,0.027770194818152016,0.0025614246762640834,0.0003315250477760259,0.6416714370147447,0.000912291174137407,0.23473827741619013,0.08498020930833738
tolls to be reinstated following irma,6,6,0.007115641639522865,0.029807974251553963,0.0025204983913396884,0.0003314787416477057,0.08125322660622677,0.0009186890462614895,0.6424922454476591,0.23556024587578847
wet mora a12a uom,7,7,0.007374744987352677,0.02601822379171763,0.0025562893352838573,0.000912197871723342,0.078331908509638,0.0003332488911818844,0.23048368316899195,0.6539897034441108
puerto ricos governor says island is on steady path to improvement after hurricane maria,6,6,0.007698426371350025,0.23066755365000519,0.002540251692760192,0.0009048435147742958,0.08399332236192461,0.0003319315486509092,0.6436641348511156,0.03019953600941928
linmanuel mirandas releases starstudded song for puerto rico,7,7,0.007536759267565684,0.025369158982986147,0.0025147416825191406,0.0009015219621761911,0.23359639560566575,0.00033094432930654976,0.08259284691566483,0.6471576312541157
please consider donating if you can hurricaneharvey houstonstrong chartwells,4,7,0.006955666779174534,0.026715173363163838,0.002492352380388323,0.0003311483824155159,0.08597689836460172,0.0009019056941740671,0.23493360194223548,0.6416932530938464
as hurricane irma nears hospitals in floridas southernmost county are evacuating patients a,6,6,0.010800958750831143,0.22862556122656538,0.002692015936023414,0.00033407705084112564,0.08153058431971745,0.0009176400670346316,0.6469169710796087,0.02818219156937824
in addition to hurricane irma hurricanes katia and jose formed on wednesday,6,6,0.007130166650306454,0.028020255465031858,0.0025738459247133787,0.00033132636295062816,0.08422604705336861,0.0009028631815114216,0.6478308017759197,0.2289846935861979
matches of the cup of mexico are postponed because of a powerful earthquake,7,6,0.008127850501659189,0.0805011815892448,0.0026601183514701077,0.000331749460942265,0.026595733843565693,0.0009045904373663564,0.6473887099907761,0.23349006582497542
if anyone can hear us help cry lost in the trump maelstrom,7,6,0.007674716863631611,0.02457482623665327,0.002574879529566084,0.000909554146517556,0.08497652419509445,0.0003327661562562166,0.644255035551243,0.2347016973210376
ilustradora joanna mora obtiene premio mundial en los gourmand word cookbook awards,7,7,0.007805672514790738,0.028034597848558034,0.0025489611379548834,0.000907486459426805,0.08248409007241282,0.00033284298215734425,0.23041165663937435,0.6474746923453251
a country torn to bits puerto rico,1,4,0.00717936792500744,0.02105198286662822,0.002507031949276782,0.000896213529597914,0.6462325014665107,0.00032859976998695235,0.08477810053811419,0.23702620195487795
a painting of the hurricane irma chainsaw nun this acrylic pain painting,7,6,0.007651653129818338,0.08183852725252028,0.002567703092408272,0.0003323991157692882,0.02882437580868641,0.0009079704933272336,0.642635238286189,0.23524213282128129
winstonsalem native back in nc from st thomas after irma,7,6,0.007833140468452555,0.028185932560782147,0.002532967151879382,0.0003332315595210814,0.08403352136168736,0.0009187108822554182,0.6425648052599521,0.23359769075547007
please note that fiu is not a dropoff site for donations how to help irma,7,4,0.007099735012375664,0.02027809232000214,0.0024790147669908097,0.0003307030345219713,0.6502422920874106,0.0008987749127021519,0.08472370343519496,0.23394768443080152
a121 soldes a14oe sine mora ex nintendo switch a bonplan,7,7,0.007415273369553907,0.028035241958069664,0.0025582201827258197,0.0003332415414768574,0.08018594122350402,0.0009043039033907858,0.23135009504612286,0.6492176827751561
vegasnewsnow hurricane harvey hits texas hard vegas,1,6,0.010122385036011488,0.02580267150854308,0.0026750458124531005,0.0003357379125613258,0.08317611614018379,0.0009228925276048597,0.6572056449701156,0.21975950609252667
winds from hurricane irma peeled away this stop sign at horizons elementary,1,6,0.006858796480191332,0.23009618245111088,0.00255353282120134,0.00033147716037462645,0.02956568417638922,0.0009079224037223239,0.6455283555488607,0.08415804895814952
from cajun navy to houston midwives zello is goto app for harvey rescues,4,4,0.007179924303644494,0.024502324329169618,0.0024896734396944813,0.0003305638451515357,0.6472977485919633,0.0009035071268619478,0.2331574972511183,0.08413876111239622
demand for just recovery battles shock doctrine in puerto rico,7,7,0.007264821140139004,0.08489037876805891,0.002542260786332891,0.0009082008291026203,0.23391564766164358,0.0003315511474792972,0.03085660609848354,0.6392905335687601
festival gives boost to puerto rico for hurricane maria relief wmc5 gtgt,6,4,0.00743253079789647,0.019959113075739856,0.002512061964367882,0.0009007692252245888,0.65025614903078,0.0003302896594381757,0.2332557551494498,0.0853533310971032
congratulations to our new missnewmexicousa ashley moraa12 1,7,7,0.007199996358991283,0.026475446050352763,0.0025308356828025952,0.0009036265720510222,0.08440238675536182,0.0003315576879976654,0.2291871975275482,0.6489689533648946
mariana velasquez mora proud alumni of rennes school of business a14z8a14y4 rsbgrad,7,7,0.007539363004205674,0.030026155263539352,0.002590070693086909,0.0003342025200804375,0.08367417157923561,0.0009075569616632527,0.23033790582138056,0.6445905741568082
what a great organization is providing free propaganda tshirts and hats to the victims of hurricane maria,4,4,0.0075925763871032455,0.021166805226853776,0.0026424376610168707,0.0003343375734159114,0.6431250175658373,0.0009284206595167694,0.2383927984109221,0.08581760651533409
how the big tree got devastated and the small one untouched is beyond me luck of the draw or a tornado,1,7,0.00788518872970192,0.08572788272898153,0.0025391802333155967,0.0003307642635400397,0.022810564863344988,0.0009163756071240168,0.23167013431539468,0.6481199092585972
puerto ricoas coffee industry 6 weeks on,7,7,0.0072193388530881935,0.028838036141725115,0.002527901506809243,0.00033187795365051593,0.08316292189147399,0.0009045917301663683,0.23275927362790605,0.6442560582951804
hurricaneharvey by the numbers according to houstonstrong wfaa more,7,6,0.006924331627852796,0.02978879503708521,0.0025370857152034803,0.00032990957170351995,0.08491048504524161,0.0009046070757113446,0.6404212933602357,0.23418349256696638
high confidence that hurricane maria wont affect south carolina,6,6,0.00738090273953094,0.08369939062308154,0.0025936515947645,0.00033272553094368244,0.028793943253353296,0.0009055352354119404,0.6480674577622454,0.22822639326066887
irans mullah regime imposes new measures to quell earthquake victims,0,4,0.009115461284423499,0.0025107350107544005,0.02916004997343577,0.0009000077542130741,0.6419885252561239,0.0003295693978891241,0.08366061219261829,0.23233503913054193
icymi earthquake aftershocks shake iraqiran border,6,6,0.027792587203624902,0.009429866574082976,0.003051587870567883,0.0009146169077153772,0.08011184552261114,0.00033540142704562774,0.6436834640773438,0.23468063041700837
when she says shes going to puerto rico with her friends,7,7,0.02549439863602344,0.008892922152188254,0.002507323971169841,0.000908173596963183,0.22801719336606735,0.00033288455062327195,0.08226600604612322,0.6515810976808414
we just had a hurricane just hits florida big bad irma,6,6,0.007195100254851036,0.08209296371668331,0.0026235688511370664,0.0009355668764814475,0.022012686788507742,0.0003390578958589353,0.6507714416092175,0.2340296140072629
survivors of mexico citys earthquake land in las vegas with stories of horror and heroics,6,6,0.029498652655155912,0.009807189062544111,0.002610835064976796,0.00033573797808163154,0.08375138014548406,0.0009164717410844569,0.6397944404679984,0.23328529288467467
hero alert please share a1414da12s8a motorcycle,7,7,0.007508307640676889,0.022827643500070334,0.0025121940948248265,0.000903537782195326,0.08411180145908582,0.0003322415663085055,0.23413703530541413,0.6476672386514243
view from bridge into orange from bridge city lots of neighborhoods still flooded out setxnews harvey,1,1,0.007668219512658747,0.6428353444598126,0.0025314470480185453,0.0003319948316928142,0.02859311730183431,0.0009096812507224004,0.2322910984709167,0.08483909712434393
ppr volunteers jill amp kimberly at parc pet suites are caring for hurricane irma dogs that continue to arrivea,4,4,0.006972478636107812,0.02107120681768684,0.0025648372491208146,0.00033050047478078815,0.6535291140202809,0.0009043466130920332,0.23456916804892042,0.0800583481400103
saw so much of this before during and after irma amazing people,7,6,0.007819799399036653,0.028333758193084518,0.0025375029432442918,0.0003327564909596549,0.08435546528812825,0.0009069750827398029,0.6465875419928037,0.229126200610003
56 magnitude undersea earthquake off chiapas mexico,6,6,0.007225723509529539,0.028466779475113828,0.0027228563329116566,0.0009125493165876305,0.07834645001061735,0.00033189041606707933,0.6494368757672181,0.2325568751719549
puerto rico has incomparable beautiful beaches do you agree prstrong isladelencanto islabendita,7,7,0.006982707943711611,0.028318433873084425,0.002518593406094927,0.0003296304373445228,0.08296847407319041,0.0008959054573957227,0.23058306449319216,0.6474031903159861
irma nfl 0 to wish tysonpedro a happy birthday ufcpittsburgh ufc september 17 2017,7,7,0.0073692711935854265,0.02718507777014856,0.0026120305782362354,0.0003321216692730799,0.08054010697135942,0.0009052654382203062,0.22821772785626815,0.6528383985229089
damn nature you scary 8 irma,7,7,0.007571782618964561,0.02257304278441655,0.0025209052274615907,0.0003336316887514152,0.07793891370062773,0.0009149877786342673,0.23666692738554226,0.6514798088156016
prayers for those who suffering the natural disaster in iran e7 and iraq e6 f earthquake,7,6,0.027537013926754877,0.002645824391871891,0.009211242994269626,0.0009032102376662064,0.08382704265117269,0.0003312572414403613,0.6419482428557207,0.23359616570110375
florida keys reopens for residents to assess damage after hurricane irma,1,6,0.009911901220087187,0.23539783880465925,0.002578851535068119,0.000334256122110844,0.08071336753808785,0.0009090308499982345,0.647859481868361,0.022295272061627562
aerial view of a damaged road caused by a landslide in barranquitas puerto rico fema,1,1,0.007072062420343149,0.6500483245713502,0.0025205097508517174,0.00033283322271123524,0.028284098788477038,0.0009066852730860212,0.22846897535638652,0.08236651061679402
lularoe irma and leggings lularoe jamie bigley lularoe lularoeleggings llr lulaaddict howiroe,7,7,0.007508235460509199,0.028410845662328547,0.002558811357521641,0.00033245842616458907,0.07981810677138486,0.0009044536899704499,0.23371700774035975,0.646750080891761
328 die as massive earthquake hit kermanshah province of iran along iraq border iran,2,6,0.22968507602780747,0.08305160097332018,0.02988406197073127,0.0003307666867248735,0.0026312354647390146,0.0009011933267827871,0.6432603659418846,0.010255699608009839
frank lopez on puerto rico toxic water amp fema candy,6,7,0.007704940016784963,0.029887706485305376,0.002538514985967516,0.00033201534416256467,0.08252351014908332,0.0009039882468837234,0.23493498391355797,0.6411743408582545
a week after irma puerto rico faces far worse from maria ai miami herald,6,6,0.010427580425439134,0.02488832210807653,0.0027665131480957197,0.0009159674319689596,0.06939007301567886,0.00033530091559839335,0.6588495683019591,0.23242667465318323
people seek tents for temporary housing and breathing mask after mexicoearthquake,0,4,0.029750355468092064,0.008453728350122784,0.0026024566413158897,0.0009109668764344656,0.6411548102752512,0.0003344270395586699,0.08399338710104612,0.23279986824817878
hurricane harvey unites a 083117 video,6,6,0.01089110875133449,0.02995442899381409,0.002471448170128573,0.00033160569197919563,0.2292001829271054,0.0009093904911208685,0.6434608835864191,0.08278095138809821
sharapova puig to bring supplies to hurricanehit puerto rico,4,4,0.007120554874073844,0.02054135331905102,0.00248428669989398,0.000329885865548802,0.6485351032341371,0.0008972840189791187,0.08471257363431504,0.23537895835400116
financiallystrapped puerto rico faces hurricane maria after 1 billion hit by irma,6,6,0.01020885315956084,0.2376500016392826,0.0024707877419518458,0.0009074134718687361,0.0785164965408595,0.0003307062072611451,0.6501131153201084,0.019802625919106896
oped philadelphians provide ten helping hands for relief work in puerto rico,4,4,0.0075403555207724125,0.019973525650861048,0.002511502987352443,0.0009013120734871786,0.6525976654775483,0.0003311004550636402,0.08394621886640462,0.23219831896851048
puerto rico sees scores of college students leave in hurricanes aftermath college,0,7,0.08363913813053912,0.010248293109972557,0.0025566043203508306,0.00033305260055507255,0.030366656353277205,0.0009069926562412554,0.23375552849828185,0.6381937343307821
a week after irma caribbean devastation is laid bare hurricaneirma environment,6,6,0.009228633280672811,0.2335913408438442,0.0025368134578526488,0.00033209275169703305,0.026329516806297994,0.0009083063417279362,0.6467995177332148,0.0802737787846926
here are two ways to support mexicoearthquake survivors 1 prayformexico 2 donate,4,4,0.028602958698703676,0.007281249342779197,0.0025890883587201016,0.00033090334367850066,0.6491328251248574,0.0009035963465967215,0.08258673309097789,0.22857264569368663
thehuffingtonposthurricane maria slams into puerto rico,7,7,0.007893386195830979,0.02972434631486327,0.0025084590756856463,0.0009023011824479248,0.08245576441274316,0.0003304429321532399,0.23410499608237456,0.6420803038039011
the 2017 iraniraq earthquake from sentinel1 copenricus sentinel data esa snap,6,6,0.002645642678676363,0.023972019649217698,0.008347511144344849,0.0009074558146159285,0.08044673781046814,0.0003328273783701592,0.6473330862787372,0.23601471924556983
dog rescued from earthquake in mexico city xinhuaalamy,4,4,0.0025221428032129087,0.007017769505149759,0.025337298391156445,0.0009387986240863031,0.6452544123604101,0.0003292988851171758,0.0849398166113321,0.23366046281953512
mastercard lends support 2 flood relief efforts in srilanka,4,4,0.007384297335558263,0.02502570902190795,0.002595004126246413,0.0009234100463168635,0.6644568844057698,0.0003361227693592688,0.2196697916261803,0.07960878066866103
radar indicated tornado in nw osceola co over west lake toho moving west 35 mph take shelter if here or near by,6,6,0.010302249147980362,0.2320091461754181,0.0026680370261499622,0.00033497643419625763,0.023538819351387966,0.0009117890314291779,0.6487621851811051,0.08147279765233312
new artwork for sale fort san juan puerto rico,7,7,0.007664673781873577,0.020082605040611816,0.0025159838044046916,0.0009034715134982287,0.08408404358030425,0.00033120961315868475,0.2345689865958175,0.6498490260703311
san diegans helping california wildfire victims sandiego,4,4,0.029032134013633186,0.002560173096367428,0.008435382499149843,0.000908093899060638,0.6499473341408435,0.0003314273591392691,0.2299622971237762,0.07882315786802978
harvey aid tax reform lead busy congressional todo list nbc news,7,4,0.0074047575569795064,0.024946023399257607,0.0025255376279768047,0.00033117304585978134,0.6460561171426513,0.0009065205896497428,0.23391694969562724,0.083912920941998
hurricane harvey airline flies plane of abandoned animals out of texas to safety,4,6,0.00787596812068143,0.028114788767175887,0.0025091341945826817,0.0003287785860849226,0.23399849172727427,0.000904700376217702,0.6434046270871768,0.08286351114080627
five of 32 first coast bank of america branches open postirma,6,7,0.0071254029800071885,0.0826525631546065,0.0026106338099010024,0.0009166271987698648,0.030793058775817127,0.0003346487467143112,0.23499952243881114,0.6405675428953727
harveys unlikely hero meteorologist jeff linder fakenews propaganda,7,6,0.008095458974502307,0.08085080287759698,0.002559949284382345,0.0003328770975704564,0.028940172735035064,0.0009065566935259673,0.6431644082480034,0.23514977408938362
another successful trip to puerto rico to deliver much needed medical amp other aid bstrongglobalbetter wedobetter,4,4,0.00720390341032788,0.02053051593461179,0.0024779912371980396,0.00033063498595521553,0.64932723089657,0.0008972560055842231,0.08436985851282011,0.2348626090169329
harveyas canada coupons chicken wrap amp drink for just 749,7,7,0.00730186871052374,0.023890112599718193,0.002544247732822795,0.00033269708114085566,0.08355618417713713,0.0009024875242487652,0.23422259122045908,0.6472498109539495
and arrived in puerto rico this morning to deliver life saving supplies wedobetter,4,4,0.0070515070151770335,0.02520622961788888,0.0025953630834375427,0.0008996926866685543,0.6451000532105794,0.00033059553419498516,0.08372754994005473,0.23508900891199894
help adlcrc make a difference in puerto rico,7,7,0.007661612299077304,0.021928147575472696,0.0025243363501723996,0.0009205823891765675,0.23885635883906628,0.00033089033325916074,0.08158049838711975,0.6461975738266559
iraniraq border earthquake death toll tops 200 officials say,2,2,0.0025712636938024576,0.024887901759789426,0.6530980432359582,0.0008973098064785228,0.007066613315018613,0.00032960633111093145,0.22882266669491877,0.08232659516292307
guys new article out nowa126a126a126link is in the bio a14 3a14 3a14da14ea14fa12yai a1412di a12s8 was harvey and irma really disasters foodforthought,6,7,0.008256930783651879,0.08142393859047842,0.002555804645611287,0.00033030825203866486,0.02772346394834843,0.0009009148251888176,0.2354238845264969,0.6433847544281858
pm of israel more why did israel offer medical aid to victims of the earthquake on the,4,4,0.007116213889964134,0.027174489142764623,0.0026756020093707637,0.00033047563965074263,0.6469706496452023,0.0009015371325190013,0.23052609401158997,0.08430493852893835
harvey destroyed dairy treet im officially pissed2,1,7,0.007401046862224335,0.23248335453523622,0.002527483458914889,0.0003320357763960183,0.027232731747029747,0.0009374284703079441,0.08449671860294729,0.6445892005469436
countdown to hurricane irma from orlando florida the lancescurv show,6,6,0.006853157103178231,0.23182453365333064,0.002561572170310366,0.0003319113453219395,0.03080311516745774,0.0009036986021513023,0.641614319621959,0.08510769233629072
breaking tornado warning for lantana rd south to boca raton besafe,6,6,0.007199397246880868,0.030004396789118856,0.0025412686272996954,0.0003307357167547393,0.08261285500469004,0.0009012726909633647,0.6458835924293492,0.2305264814949431
media confirmations about wildfires in california predicted by clairvoyant dimitrinkaa,7,6,0.02819197995515361,0.08237068846084682,0.002815999319791157,0.0009121391283384357,0.00785086646076963,0.000332382686489476,0.6462225070795933,0.23130343690901772
finally garnidelia speedstar mora hires,7,7,0.007155183181326365,0.02469905444236103,0.0025588990943005486,0.000908853578467424,0.07968341247234716,0.0003325744851465582,0.2311622208882422,0.6534998018578089
tree down in nw hillshurricaneharvey,1,1,0.007970616525326383,0.6457640279207457,0.002542847575327255,0.00033197244016101857,0.02888728328308419,0.000907556744996771,0.08393899869370577,0.2296566968166528
starting on on discussing irma and clean up after harvey congress and the debt ceiling,7,6,0.008028618893860608,0.021381559312308993,0.0025219255262306623,0.00033291138441644233,0.0852634450886007,0.0009119219115438396,0.6464575961639741,0.23510202171906458
houston one week on relief religion recovery in pictures,7,4,0.0071841815086295824,0.08496359169208968,0.00257625767466983,0.000333359142629828,0.6364957174529278,0.00092098445817148,0.23791025158856105,0.029615656482320833
emergencymanager resigns in puertorico army ends its mission head,7,7,0.007588761029167314,0.029973938908879786,0.0025412065298304784,0.0009241272869253013,0.08260652458545516,0.00033661015881529007,0.2327021643343003,0.6433266671666265
f1 force india driver sergio perez donated three million pesos to victims of the earthquake in his native mexico,7,4,0.025984756940615975,0.007295772892210853,0.0028444075617186275,0.0008997775410082257,0.6456282468499888,0.0003312907598555543,0.08321170914420312,0.23380403831039906
shes a tornado with pretty eyes and an invincible heartbeat a,7,7,0.009119052700170188,0.07876813885987483,0.002622557238586184,0.0003328386221247904,0.028139059868461703,0.0009078474001098042,0.23067304531700997,0.6494374599936628
video shows flood waters from hurricane maria rush down street,6,6,0.007513690734672594,0.23527154162574065,0.0025225245045817656,0.0009202744462297966,0.08000695369699931,0.0003338120699138993,0.6436790483780866,0.02975215454377532
linmanuel miranda is not throwing away his shot will reprise lead role in hamilton fora,7,7,0.02765577155138344,0.009121579986117585,0.0025771586079152715,0.0003319548092765176,0.0796548354033874,0.0009056379769428909,0.235258438931043,0.644494622733934
hurricane irma a practically impossible storm,6,6,0.010376717667490272,0.23090222097819213,0.0026438655179682534,0.000338348467737978,0.02269199069103079,0.0009197350785722615,0.66349230602007,0.06863481557893822
california couple hid in pool as deadly wildfires swallowed everything around themgtgt,0,2,0.010503456864027939,0.2345635817880551,0.6354578767046117,0.0009155358289282314,0.0027305700497429796,0.0003353724760021023,0.08631940026941602,0.029174206019215807
irma hits cotton in southeast especially in georgia,6,6,0.009192054281236125,0.2296602761460051,0.002760543559509747,0.0009164675740371952,0.0297273132405519,0.0003351766043592301,0.6427894599141891,0.0846187086801115
santa rosa pd nuns fire rapidly approaches oakmont residents must leave now,6,6,0.22688371394029552,0.0295640353835193,0.0025486757087849225,0.00033257924730460377,0.01033565517342944,0.0009053134871054263,0.644694010666578,0.08473601639298281
hurricane maria eye nears turks and caicos islands news world media,6,6,0.007923732629224464,0.028693550245948846,0.0025752007973109015,0.0003326825820372231,0.08138711070871248,0.0009067794259092451,0.6475368744723381,0.23064406913851862
kempa mens tornado xl handball shoes white wei weimarinefluo grn 02 size 48 eu 13,7,6,0.007178018735723907,0.08079222198077747,0.002592197361040401,0.000908889567485388,0.030139046020430393,0.0003333424664697906,0.6436095316583177,0.23444675220975486
pets orphaned by hurricane harvey headed to san diego the san diego uniontribune,4,6,0.02894515558201912,0.010239773138651891,0.0025151654659769165,0.0003309186914411999,0.23374240014709027,0.0009107519434259062,0.6409580760940697,0.08235775893732503
james harvey cameron sentenced to 11 years in jail,7,6,0.00811677876937096,0.028073591179086234,0.0027138211217107152,0.0003335239323770726,0.08508673687826081,0.0009109683595254228,0.6394016610520472,0.23536291870762152
watching for some coastal storm surge but not as bad as matthew gusty amp tornado threat higher here,7,6,0.008436707396357726,0.2324761902443601,0.002626847763199741,0.0003319061966758578,0.024445143447544566,0.0009070092206398114,0.649607088340854,0.0811691073903682
crews to return today after helping with irma recovery in georgia vt,4,4,0.007663387275693913,0.028724255296514203,0.0025259812314734967,0.00033334258158921253,0.6550263104055442,0.0009104030673142595,0.23191810044681468,0.07289821969505596
canadian cargo plane sent to texas to aid posthurricane harvey relief effort,4,4,0.007384687804815018,0.020452917343758693,0.0024885242014256767,0.0003300203101068134,0.6540149791988641,0.0009025697252120131,0.23101730441762625,0.08340899699819149
raymond james supports its associates and communities impacted by hurricanes harvey and irmaa,4,4,0.010902845577049576,0.029929491599047505,0.002511883654434958,0.0003323155330811939,0.6373243422590873,0.000912752376224398,0.23465683302439772,0.08342953597667739
covering the army corps of engineers efforts to save the gujataca dam in puerto rico,4,4,0.007116563885092389,0.029759368650288876,0.00252075177150355,0.0008996053816603123,0.6425855549658342,0.00033003890710997156,0.08370228580645832,0.23308583063205238
california fires how this picture of a cat sums up the horror of wildfires sweepinga usa,6,6,0.007704140100802423,0.23414949050828152,0.0026989489516684095,0.00033405636648311366,0.02418941987150725,0.0009194693865683815,0.6441893118942046,0.0858151629204842
wait wasnt mexico city suffered from an earthquake last week just asking,7,6,0.007205495523792953,0.0810711876842412,0.0027388285671977423,0.0009116639126754887,0.02745399593789349,0.000331389832008516,0.6446696285873542,0.2356178099548365
jennifer lopez and alex rodriguez raise 26m for puerto rico relief efforts christian post,4,4,0.008375627162541099,0.019550243700884744,0.002510852842031956,0.0009036103904737252,0.6512278997147841,0.0003313096559638115,0.08091074689744546,0.2361897096358751
follow me linmanuel miranda to return to a hamiltona role in puerto rico followforfollow,7,6,0.03091089557165037,0.008589777490410427,0.0025106803963458385,0.0009038083992454339,0.08500032808037405,0.0003322132093530096,0.6376723277692498,0.23407996908337125
irmas devastating impact on caribbean islands nbc news,6,6,0.0070217070728902055,0.22611174158059366,0.002593628866205873,0.0003322333687176011,0.028816599137300274,0.0009234052708096664,0.6508749502417127,0.08332573446176994
are irma and harvey godaos punishment for electing trump,7,6,0.007391842166620608,0.019867839917127386,0.002510500929231238,0.00033214565648715625,0.08347815517219552,0.0009108629073687279,0.6488378388539081,0.23667081439706117
modular expandable office unit is a clean and modern environment i irma,7,7,0.007197414560700371,0.028621110972011237,0.002536658632559084,0.000331192361829386,0.08465067605153084,0.0009021307769246199,0.2327535162085556,0.6430073004358889
what will maria do after punishing puerto rico find out more in the latest tropical update,6,6,0.0074753891524791906,0.028282628718546105,0.0025523336025998133,0.000909406005739826,0.07994296343813138,0.0003307820042990725,0.6467974545804618,0.23370904249774282
magnitude 61 aftershock hits mexico as search for people and pets continues a a1a 2a,4,4,0.0026776182693516387,0.02194085338513468,0.007963644799226073,0.0009500299446045294,0.6446994862911897,0.0003364357794095334,0.23885814135447417,0.08257379017660972
iraq strong earthquake hits iraqiran border area six killed in iran humanitarian newzealand auckland,2,2,0.00272497317411233,0.008185806734426355,0.6450836020382086,0.0009102202816514569,0.02265904723429503,0.0003329090394732287,0.23562443153356896,0.08447900996426402
my hubby is at today on the column of harvey schachter business influencers,7,6,0.007203378336887303,0.083182515978806,0.002547675448858815,0.0003322739478541432,0.02891372663337752,0.0009110595075475829,0.6407236961500632,0.23618567399660534
the waters in irmas path are 88 degrees thats like a hot tub of fuel for a category 5 storm,6,6,0.007315811212545333,0.08166119406204209,0.002543119250450295,0.0003301941782070342,0.02717500363312431,0.0009014623113559872,0.6483969588579832,0.2316762564942916
my administrators are the best 7 goodbye irma we are back in business 0dbd8,6,7,0.007656776277075695,0.026945016763769484,0.0025062446511280208,0.0003338279234136989,0.08001953507505287,0.0009176697558982696,0.23147348654658512,0.6501474430070769
moore church dedicates new sanctuary 14 years after being destroyed in tornado,6,1,0.007562869038405029,0.6443234857943217,0.002684260103844339,0.0009125212700601895,0.02820528784802977,0.00033496927859374026,0.23189752418022422,0.084079082486521
words cant describe how grateful we are for the hard work amp generosity of those who responded to our plea for clea,4,6,0.0220841420938834,0.007306905447241579,0.002488524690727279,0.00033101678378810024,0.23596487441870528,0.0009080463108130957,0.6456361523075085,0.08528033794733282
while most were worried about storm surge from hurricaneirma many actually witnessed waters recedinga,6,6,0.007575852109306294,0.08349748317508414,0.002619290411569375,0.0003319721444993498,0.02863501104037333,0.0009076906839119234,0.643787340055201,0.23264536038005448
modular homes match the quality and appearance of traditional stickbuilt houses irmaa,7,1,0.00716148097637187,0.6389873876367084,0.0025751444742962448,0.0003352423045308722,0.03067688170706509,0.0009156486335469605,0.08556572012566527,0.23378249414181534
icymi mississippi natl guard helps with hurricane harvey response,4,4,0.008205939276436768,0.022281184917094,0.0025101602906636568,0.0003336761524157783,0.6494158319340325,0.000910139764609248,0.08553139120531181,0.23081167645943623
dollar stabilises after selloff focus on north korea hurricane irma,7,6,0.007549679090435516,0.08035879020140604,0.002552708445685313,0.0003350624156491952,0.027726218215355276,0.0009108242336935391,0.6496389435458517,0.23092777385192334
time for me to visit saydrith mora home of the telvanni mages and their slaves,7,7,0.01074524466270613,0.029034715702549053,0.0025479863766886086,0.0009015962190259743,0.08317372495717738,0.00033076929555292335,0.22637665207849864,0.6468893107078012
in puerto rico can you upgrade your taps to the ones that are in toronto more durable and strong,7,7,0.007711944246431584,0.02329917070057625,0.0025602156429128105,0.0008988371815461483,0.08529332731288017,0.0003300917486461392,0.23291024232990132,0.6469961708371057
heres a close up look at the forecast track of maria thru friday staying a major hurricane,6,6,0.0028260899046789476,0.09040152747312465,0.008380900149635752,0.00036496077079317967,0.09117821652260116,0.0009962968360329692,0.7160782868961616,0.08977372144697184
labrador helping mexicoas earthquake efforts earns presidential thanks,7,4,0.0025424904187556384,0.02202296405115353,0.007569784361689591,0.0009106097017688206,0.6507113344396908,0.0003328804419622965,0.08119852583241906,0.23471141075256033
high school football returns this week in broward after hurricane irma,7,6,0.010268034301629366,0.08424243117545437,0.0026635144415432343,0.0009183875518640117,0.2297924623497984,0.0003366944685135205,0.6488072643593217,0.022971211351875426
california basically on fire internet 90s mc donalds saaauuuuuce,7,6,0.007040686789514769,0.08329016077463634,0.0025701316567522986,0.0003334517406809423,0.02174451055630256,0.0009077224258240649,0.6487223570525279,0.23539097900376124
mora builds on its 126year heritage with a new drive in the uk outdoor industry news,7,7,0.007298053784785287,0.02796792278295145,0.002552381260770479,0.00033341151685344013,0.08342860429272121,0.000911615909334912,0.23432092356564127,0.643187086886942
feds team with texas to provide postharvey relief,4,4,0.00756741443509916,0.022080036738473304,0.0025146800999332006,0.00033109958884277067,0.6518630908393542,0.0009042487000593196,0.08188296823285623,0.23285646136538174
north east india worst hit by cyclone mora,6,6,0.010437073510089184,0.23017030212684553,0.0025313977177181136,0.00033310237309776,0.08097210510279353,0.0009042466583740194,0.6454412446748812,0.029210527836200813
how east coast dudes look making fun of hurricane harvey while irma is coming for them,6,6,0.009057297768698376,0.02656178487897184,0.0025259011758648627,0.00033086059661416724,0.08287672101857141,0.000905421143037041,0.6438501278894148,0.23389188552882748
networks join forces for hurricane harvey telethon featuring george clooney beyonce others,4,4,0.007377307758483454,0.022244590148254487,0.0025742263923440962,0.0003323392013236208,0.646380283386302,0.0009095602698867172,0.08533496711060032,0.23484672573280535
hes shaking peoples hands and then preparing food trump harvey houston,7,6,0.00893559635371486,0.02775758897973808,0.0025329311564930936,0.0003321753158035128,0.08059174161477373,0.0009099731756640138,0.6438036691214312,0.23513632428238168
mexico earthquake prophecy fulfilled official video,7,7,0.00970895119506775,0.07665765044559807,0.0027192954056731405,0.0009227186907344221,0.02776813625136743,0.0003333805532128893,0.23329098532067238,0.648598882137674
puerto rican menas volleyball championship canceled due to hurricane maria,6,7,0.007302037629770854,0.08526094680158337,0.0025358255548378894,0.0009265438775529184,0.028385763956313446,0.0003328742165966307,0.23647211084333625,0.6387838971200086
mexico revokes permits of schools that collapsed ina earthquake,6,1,0.002632601711123615,0.637668925300612,0.008382050171755433,0.000913679666336343,0.029266716876228283,0.00033393346505748207,0.08615059999523168,0.2346514928136552
viequeslove raises nearly 900000 in hurricane maria assistance,4,4,0.030621709409070715,0.02954351440074451,0.002755273640354352,0.0009460984292348665,0.6622770695882982,0.0003465675441274141,0.24800186572480123,0.025507901263368566
a ray of hope tesla brings solarpower to childrens hospital in puerto rico solar,4,4,0.007891953930128098,0.028012990569982306,0.0025266464336896146,0.0009036943524896649,0.638882252863523,0.00033216562454426406,0.08608933709006292,0.23536095913558014
california wildfire by bachirbadaoui1 photography beautiful,7,7,0.028036741287462322,0.08079217395921033,0.002713798452299826,0.0009185791979961933,0.00808090235789269,0.00033491488285469035,0.2360978730706365,0.6430250167916474
new texas law amid harvey eases home insurer penalties on damage claims,1,6,0.0101459140670127,0.23249547198490064,0.002561482667308232,0.00033245989912686905,0.02950715472519609,0.0009130413347730101,0.6404478450665512,0.08359663025513128
red flag warnings today october 22 in california nebraska kansas and colorado wildfires,7,6,0.0027070521458156804,0.02935732216248653,0.008402326833801415,0.0009102589785583218,0.08239585640054838,0.00033212215395379634,0.644756823661019,0.23113823766381683
irma gonna getchya is all smiles in fairbanks ak get the entire weeks geek in review here,7,7,0.009266261581119269,0.08175723784998871,0.0025418728787072525,0.00033117493964764577,0.02782603875254515,0.0009021814611810901,0.2335247610015161,0.643850471535295
all wet resist harvey presidential,7,7,0.00917122514736789,0.027803520812055085,0.002488158168890961,0.00033047402096317416,0.08041839107377001,0.0009148919283812267,0.23304772358476528,0.6458256152638064
together we are stronger strongertogether hurricanemaria here is how you can help,4,6,0.007924220026623073,0.0233642937721163,0.0024733853334860125,0.00033163042946915416,0.23515902949893555,0.0009155388125553722,0.6441132754300573,0.08571862669675734
beyonca and her mom eat at their favorite houston spot after serving meals to harveya,7,4,0.008011314200514286,0.02960091312263032,0.0025468276807368477,0.0009139505777820156,0.63847966152841,0.000334288999521891,0.08435035809500176,0.23576268579540285
dtmag secshulkin provides an update on harvey recovery efforts,6,6,0.007133453674629765,0.025387689942246522,0.0025542426206841542,0.000332276315201543,0.2324880354393822,0.0009080936533601955,0.6457316365802509,0.08546457177424455
adventist review online adventist relief personnel mobilize to help earthquake victims,4,4,0.020769876914166367,0.007251259718561997,0.0025932173467805584,0.0009049443676640165,0.6559991941493004,0.0003317759057531031,0.07850825039272745,0.2336414812050461
twitter erupts after iraniraq earthquake,7,7,0.002764079982196541,0.010025822227653861,0.027292237850673237,0.0009174206899019649,0.0809945940635824,0.00033391941597868727,0.23203382980843998,0.6456380959615733
cyclone mora hits bangladesh destroys refugee homes news dw 30052017,1,1,0.008811440577590798,0.6458221119566526,0.0026436336181244733,0.0009263572491139938,0.027461728685706472,0.00033753840713142375,0.2348559956835733,0.07914119382210692
what a great welcome back to work after hurricane irma by of course no notifications for the huge delay,6,6,0.007320956470989789,0.028994714564784328,0.002487379949251413,0.0003316600207925073,0.0848888029412358,0.0009006034318131441,0.6420534785192002,0.2330224041019327
president trump says he will travel to stormravaged puerto rico next tuesday,7,7,0.028867419859567374,0.007440448626126245,0.0024967126236598806,0.000897893939668461,0.08382218935517162,0.00032984713142004263,0.23319161866139776,0.6429538698029887
satellite images show harveys impact on texas towns,6,6,0.007287993336161089,0.08416987566766615,0.0025302757913981946,0.00033133473567804086,0.026216952546053347,0.0009043735262269119,0.6489762568055234,0.22958293759129283
california fire crew gain control damage could reach a 3b,1,1,0.007450408099803713,0.6405435437516067,0.0025464694462224873,0.0003335361202695088,0.08371653683030174,0.0009165247768768466,0.2336830227077012,0.030809958267217927
irma and harvey trump man nothing could save this ye,7,7,0.007210532851985882,0.02041895131817526,0.002539632636446957,0.00033906824798510255,0.075240547194756,0.0009158857697716726,0.2387000818808397,0.6546353001000395
600 celebrities tweet your puberme for puerto rico relief lssc,4,7,0.007028062209487921,0.019992623883922086,0.0024895748192679005,0.0009020880801841979,0.23748499915220952,0.000330346485587834,0.08184598056581915,0.6499263248035214
irma nfl and its only halftime 1 gopats nevsno via twitter,7,7,0.007397791430347455,0.07877499705257666,0.0025399951238648947,0.00033197613671193793,0.028866242169877983,0.0009040086397831631,0.23119172959015485,0.649993259856683
mlb baseball melvin mora bobblehead baltimore orioles sga with box,7,7,0.00784272421311848,0.02760404347607496,0.0025487645369422175,0.0003344969985323852,0.08118641224557184,0.0009082458240254896,0.22778812309681332,0.6517871896089213
mexico earthquake forces postponement of clasico nacional a soccer,7,7,0.008528056471650145,0.07931373502245141,0.0027584009930506615,0.0009239926788271051,0.029743234930812754,0.00033367459430093524,0.23534382833122885,0.6430550769776782
breaking red cross to relaunch harvey assistance site on sept 21,7,4,0.00751704756016847,0.023471164120827292,0.0025530673277718487,0.00033386910899453316,0.6461185710686098,0.0009097789099210361,0.23433743441829671,0.08475906748541037
no power from irma but this raised our spirits from lgm seeyounextspring,6,6,0.0073785560353777846,0.08176830732274078,0.0026447312994142135,0.00033490092270492934,0.02950121295052197,0.0009152518813330383,0.6450849145736364,0.2323721250142709
wildfires continue to burn across california oregon and utah,6,6,0.007435579752580105,0.030545009438774574,0.0026074153385827357,0.0009042521811410328,0.230497031584778,0.00033200247221656286,0.6438666879435297,0.08381202128839717
tornado damage canton fruitvale tx 43017 drone 000157,1,1,0.006952048590918954,0.6522229013222043,0.0025260777437051307,0.00033060031166084976,0.01980064122298012,0.0009053274626482547,0.23342153376259464,0.08384086958328779
sensational alex harvey band livepenthouse tapes a699 arrived in stock see,7,7,0.009610351465682093,0.027703045040480163,0.002570562609687597,0.0003340098198363999,0.08422000866554796,0.0009075736229243274,0.23124500520068908,0.6434094435751523
puerto rico will rise again,7,7,0.007544728737616834,0.02429678729392587,0.002520462387699917,0.0009013756229164862,0.08375578815091224,0.00033065583708113505,0.23384363454955298,0.6468065674202946
reporting from houston on hurricaneharvey great job and please be safe,6,6,0.007028286861782716,0.028325280367914343,0.0025312803145192703,0.0003313606406930836,0.08351906504828875,0.0009108283662708437,0.6437579076569192,0.2335959907436117
read more on how delivering good is helping harvey victims,4,4,0.025295602321601187,0.007237663099520429,0.0025445769604919813,0.0003291597398194677,0.6477778359717654,0.0009029231349599965,0.23378560894082245,0.0821266298310192
10 benefit shows you can attend to stand with victims of the mexico earthquake,4,4,0.029971396020099322,0.007078400689921982,0.002633075762782685,0.000903210688547227,0.6440571455992786,0.0003294414025499339,0.08237180504428025,0.23265552479254015
they are taking away early release days because of irma,7,6,0.007284066475893764,0.028203395916396316,0.0025258199822955213,0.00033099445303327245,0.0761633894656718,0.0009138940755906007,0.6497341178091711,0.23484432182194764
we cant forget the victims of harvey amp irma their path was destructive staystrong,0,6,0.010699213373915623,0.08292053617473902,0.0025943743835605917,0.000332058717134636,0.02917873827670611,0.0009088848236830447,0.6462561765612239,0.22711001768903713
here are key messages for hurricane irma from flwx flkeys keywest,6,6,0.0071529506103504515,0.02511863646135573,0.002542236023275951,0.00033598811584983017,0.08275551787533698,0.0009220946837730799,0.6544569624188616,0.22671561381119634
on hurricane irma aftermath news duty today for miami herald,6,6,0.008793252417871355,0.021567468877275713,0.0027587186639261648,0.00033466327917078975,0.23385859404336334,0.0009173201657715672,0.650514100505502,0.081255882047119
were all feeling puerto ricos pain tweets and social posts from disasters change how we help breaking,6,7,0.0082070628119994,0.025720079755413513,0.0025459052951230217,0.00033259948224904706,0.23021079193910016,0.0009066969146920801,0.08476999826060296,0.6473068655408198
deadly hurricane irma leaves hundreds of thousands without power in puerto rico,1,1,0.2256353233939522,0.648760787586221,0.0037248152199410335,0.0009135717933643379,0.009519672707905616,0.00033478851716409067,0.08406082593391395,0.027050214847537703
gary ferman column team needs to regain edge after hurricane irma,4,4,0.007588247024365934,0.029902438157753303,0.0025394445773413987,0.0009131671877336603,0.6431427571456404,0.0003334384191991169,0.23581835730787135,0.07976215018009487
the navy has been gearing up to help respond to hurricane irma,4,4,0.006924890912489132,0.028108346654075207,0.002501939120496438,0.00033053936979139886,0.6495464516034591,0.0009096328733702343,0.2304000864112158,0.08127811305510249
photo of cop carrying woman baby through harvey floodwaters goes viral,4,6,0.22960556364078616,0.08458347159767805,0.002578712564655174,0.00033902219802148237,0.010998761612308911,0.0009235364453974863,0.6399090301964787,0.03106190174467409
1 week after irma and walmart still cleared out,6,6,0.01040606720282518,0.028561887146438432,0.002617598653542306,0.0009108367616051738,0.07968659038219986,0.0003330049084415579,0.6507385429249957,0.22674547201995193
sunearthquake model matches m81 in mexico,6,7,0.002717819354712804,0.028978962085860253,0.007831781041494228,0.000925747387502325,0.08217949321527558,0.0003332718359486936,0.2333537639380654,0.6436791611411408
aect president amp ceo julia rathgeber discussing hurricane harvey response with legislative staff txlege,6,7,0.009143317649121387,0.02783616601148121,0.0025003104759302465,0.00033150492391545677,0.08522189977468778,0.0009082068512224978,0.2350129530113175,0.639045641302324
california wildfires wow what a crazy month in the states,7,6,0.0027514046021414663,0.0847905157037379,0.007980085794733256,0.0009133701277736356,0.02516273136293033,0.000332236324492923,0.6438983985460394,0.2341712575381511
man who killed ex before harvey knew exactly what he was doing,7,7,0.00866751828813246,0.022322851347168705,0.003827302800377402,0.0009287482510514614,0.06792699932521713,0.00034001816335826445,0.23850791223931292,0.6574786495853818
help us support puerto rico 1116 you can win a shoveit snow sleeve among other cool prizes maria,7,4,0.007195902964365916,0.02021932694443486,0.00251341621653551,0.0009019396209883219,0.6470446649013782,0.00033012670242836485,0.23547531001689256,0.08631931263297615
puerto rico part ii national grid and tesla team up to solve nantucket islands energy woes,7,7,0.007485024070121735,0.02862846869317954,0.002523823827938207,0.0003312727852645902,0.2335055619383535,0.0009062451556950213,0.08528194211500215,0.6413376614144451
mexico city earthquake cristiano ronaldo and top clubs lead tributes to victims of disaster,7,7,0.02241757945444941,0.007565023411051533,0.0027360000875786593,0.0009111406174924906,0.23694877270568054,0.00033434709931849736,0.0859049539538182,0.6431821826706107
mora companion get the point,7,7,0.007429771920423511,0.08270909271803861,0.0025185107863952352,0.0009065829830127679,0.029078524100009936,0.000331475771432155,0.22370482595132518,0.6533212157693626
does the us honestly expect puerto rico to reimburse them for whitefishas outrageous rates,7,7,0.007453357913241903,0.019769850832418924,0.002528007936632562,0.00033190411059377795,0.23628226507487113,0.0009034622626685915,0.08623933799420926,0.6464918138753639
one restaurant donated 3000 falafel sandwiches to the earthquake victims kermanshah iran,4,4,0.02808617923347374,0.007276090476702007,0.0027150483067254726,0.0003312050378022543,0.6433748368019453,0.0009033246760930776,0.23214303253602203,0.08517028293123616
a12c yasss its time for livemes show magaaa a1439a340a1439moraa12b,7,7,0.007296060962964914,0.028233795769671086,0.002521115245131055,0.00033131794618301955,0.08374327932634684,0.0009036558675222381,0.2312373359069125,0.6457334389752685
caughtoncamera amp write new song for hurricane harvey relief,7,4,0.007245091873347873,0.01931371059978939,0.00252413166617922,0.0003307707712530208,0.6480475609335806,0.0009036939735444609,0.23549356671743626,0.08614147346486904
kim kardashian showcases sexy looks in vogue mexico cover shoot and makes a plea to help earthquake victims,7,7,0.02122827003337307,0.007383864364378834,0.002727090796092862,0.0009079326875616588,0.23739787875123536,0.00033153895007508613,0.08262986246579583,0.6473935619514873
a horrific time in puerto rico and the caribbean generally,7,7,0.007432661801219007,0.02687862307008633,0.002556777633893612,0.0009009533751053021,0.2325218062753348,0.00033001442577031766,0.08509409463425031,0.6442850687843403
underweight and overweight mainly overweight v high in central america data from alberto mora,7,7,0.009819024516562583,0.02918764623931052,0.002658285153252228,0.0003341570987754638,0.08122724991676972,0.0009084572198590638,0.2327814872485247,0.6430836926069459
did i use the wrong hashtag ayto jeugdzorg bergen2017 hurricane maria paulo freire,7,7,0.007285715796158209,0.0831931906371886,0.0025672367734383954,0.00033312533233560915,0.028373586411645002,0.0009036885360919991,0.236492318888285,0.6408511376248571
dozens of employees members lose home in california wildfires,1,1,0.010693603746133233,0.6446355221102696,0.232079955499833,0.0009408444062782109,0.003825677284346044,0.000336819821477971,0.07778692240598185,0.029700654725680065
arescuers save dog trapped under rubble after mexicoas earthquakea a121a14y2a14yd,4,4,0.007108403455681146,0.082077412605125,0.0025689269829510535,0.0009423658154278384,0.6455363204632575,0.000333730045588863,0.030182513458137984,0.23125032717383048
lebron and the cavs may be sounding like jim mora soon i just hope we can win a game nbafinals2017,7,7,0.007626055956629228,0.02047525359615753,0.00252322238837245,0.00033269274690666276,0.08117867606748587,0.0009066315647697902,0.23357568080589944,0.6533817868737791
harvey katia irma jose our planet is screaming for help 2e,6,4,0.008154622247237378,0.020214516854334223,0.002481695535251761,0.0003334607500928693,0.6457375685630377,0.000905697084620246,0.23755391477170032,0.08461852419372547
aphrodite born on the waves antonio mora photography,7,7,0.007260704933882484,0.028927768197977217,0.0025397466940035147,0.00033422043450327985,0.07736028719485978,0.0009082314067921366,0.23167853794971421,0.6509905031882673
because the mississippi delta was my home for 10 days while outrunning hurricane irma,7,6,0.007255933331497098,0.08223179610172987,0.002618533698520071,0.0003329853751780293,0.029330645267440426,0.0009051982078572717,0.6420089907592034,0.23531591725857368
chickfila manager organizes jet ski rescue for harvey victims,4,4,0.02919667550879863,0.006955812644288452,0.002540532096345568,0.00033189632101504466,0.6617624128859465,0.0009127259089202589,0.21986983588249429,0.07843010875219121
puerto rico was dope last nightstorm,7,7,0.007321118198165491,0.02763296811114639,0.0024958801835152067,0.0008965717598673692,0.08013976176090738,0.000329052928597275,0.23297473806540073,0.6482099089924002
hurricane irma might not have gotten us but we got a whole new storm thats about to destroy us,6,6,0.008288557507919693,0.08130473811509077,0.002602682822599268,0.00033221164146608897,0.030018998637061783,0.0009072117301005082,0.6433001390538022,0.23324546049195968
florida man dies in police custody after violating irma curfew,7,6,0.002788509566089566,0.008807504537777995,0.22127675384066153,0.0010429011789585677,0.028252055335488937,0.00034588483419742937,0.6512247388728005,0.08626165183402547
hurricane irma gov deal expands state of emergency to all georgia,4,6,0.007140487249898626,0.02965832935900524,0.00252568930016116,0.00033007740249773405,0.23001929939467772,0.0009052359824302147,0.6481429040623825,0.08127797724894682
quick someone find mike ross harvey needs the talk help him mike quickly darvey,7,4,0.007597414338974616,0.025312055554430918,0.0025354001457593375,0.0009221157886413927,0.6411584824465599,0.00033533887585421117,0.0848964448759162,0.2372427479738634
irma nfl frank gore is in for the colts touchdown colts azvsind via twittera,7,7,0.007136193442935761,0.0280372082948111,0.002551075700841309,0.00033119919225066267,0.0830688800165784,0.0008998517967800105,0.23232464945055056,0.6456509421052522
what i learned from hurricaneirma or rather what i didnt know before it tuesdaythoughts,7,7,0.007099978148185131,0.0817428315536937,0.0026162746043156956,0.00033307101600801327,0.025172381192073455,0.0009118100690065814,0.23677283187119819,0.6453508215455193
last of the irma rations until next time,7,7,0.010493674955821014,0.02780922126032781,0.002573304975624585,0.0003332805298507136,0.07506748612446576,0.0009076240832535709,0.23734189851695187,0.6454735095537046
their fault for not whipping out their own hurricane and kicking marias ass s puertorico lasvegas,6,7,0.009262844025561153,0.02909391170507874,0.0025134748761133307,0.0003337067326136277,0.08119432643069044,0.0009061215232327987,0.23441558175417787,0.6422800329525321
small tornadoes unfortunately are part of tropical systems currently six tornado warnings are in effect in fl,6,6,0.007321996017234988,0.08343932791959514,0.00256586447665498,0.00033109539014032874,0.029082220006616394,0.0009120981120170277,0.644089568424483,0.2322578296532581
this man cares nothing about puerto rico,7,7,0.007461340082363179,0.021947815300653248,0.002534821792832796,0.0009181842322922632,0.079544466424972,0.000333357954529721,0.23311581869046544,0.6541441955218914
mora impact port city sees heavy rain waterlogging tisnews click link,1,1,0.007031237510309811,0.6409540091533183,0.0025547152791664694,0.0009024220139295939,0.028802319696827502,0.0003316725344006802,0.08551851959917316,0.23390510421287447
most mexico city museums have reopened,7,7,0.0071708187824508765,0.08533871353478976,0.002557167647669713,0.0009140876001385295,0.028149559454954648,0.0003312142979994469,0.23332742071899962,0.6422110179629973
sentedcruz sbasouthcentral individual sba disaster loan assist now available harvey portaransas 8006,4,4,0.00787756947655166,0.02565631436313219,0.0025766842003789774,0.00033383647609048605,0.6402169588496867,0.0009117807038644062,0.23577703080186432,0.08664982512843128
hurricane irma would stretch from san francisco to los angeles 3,6,6,0.007319232300251176,0.029045285328066845,0.0025356502908777433,0.0003321046040613673,0.23197224134251843,0.0009054447822734676,0.6430307305114984,0.08485931084045253
maria is now a category 2 hurricane as it approaches the leeward islands track has it taking a more northerly roua,6,6,0.0026113936979585664,0.08422749252293797,0.008217035707835054,0.00033205971996550827,0.021952870536236176,0.0009101744184273275,0.6547031760095587,0.2270457973870805
watch cnn ignore hurricaneharvey to keep complaining about trump,7,7,0.007020090711286183,0.021063466890151702,0.0025270482662952784,0.00033402857615160895,0.0843419325347142,0.0009069424035436944,0.23804523656466034,0.645761254053197
treasure coast family recounts vacation in the caribbean during irma,6,6,0.008314892599202461,0.03020800767512294,0.0025935847230953274,0.0009260686090277589,0.08295781287576212,0.0003370603575411643,0.6498447120967275,0.22481786106352078
impressive thermal image of hurricanea maria,6,6,0.0072027719279656385,0.08124567355427086,0.0025481834394800603,0.00033122710551635115,0.028217828404239052,0.0009033210089264826,0.6446490833785705,0.2349019111810311
nana tornado at afia schwaras house celebrating her yawa of week lol animguaasea wakekeeping,7,7,0.007674786948470428,0.23448160354869943,0.0025962671355478583,0.0009097502897009381,0.024552865109682135,0.0003335701319131926,0.08531263638466934,0.6441385204513167
hey your bio is redundant puerto ricous youare welcome,7,7,0.007560358519106436,0.026937011354003355,0.002521398210050301,0.00033208226455405546,0.08227671045549263,0.0009019518037643523,0.22816626966743594,0.651304217725593
my fuji gotten to lean on everything in puerto rico lvpr16 lamblas,7,7,0.007695067541189101,0.03020975286122943,0.0025238271791389578,0.0009060144897183683,0.08400979060952607,0.0003323602637744983,0.22821261197350592,0.6461105750819176
happy birthday to carlos moras biological son and brother chris gonzalez,7,7,0.007827798299293866,0.025096253046908525,0.0025507686925788703,0.0003314967086751623,0.0840767748052589,0.0009037971297709217,0.22882814197231552,0.6503849693451983
military mission to help puerto rico contact me for details you are not alone,4,4,0.0072353315237777705,0.019673009837273214,0.002459310819652255,0.0009154499735239023,0.6498378167462774,0.0003318779734537604,0.08236726615404659,0.23717993697199496
rutgers chabad helping puertoa rico,4,4,0.0070578812499827075,0.022120557094752757,0.0025284655433399344,0.0003319796431299539,0.6470018943496487,0.000905816535859866,0.08488162568097592,0.2351717799023102
dropoff centers throughout valley collecting items for puerto rico,4,4,0.007277853798270864,0.0209249423158517,0.002532433985755697,0.0009036352171560982,0.6474209010677636,0.00033188690359822195,0.08414783392839825,0.23646051278320554
a huge crane just collapsed on top of building in down town miami irma,1,1,0.007158963490809355,0.6481413502887963,0.0026164126832247648,0.0003326824448314817,0.025130386603147717,0.0009293415271563877,0.08358464120816338,0.23210622175387066
stormtech ii hurricane maria edition,7,6,0.007767771653695778,0.08308859820082255,0.0025656630968650465,0.0009084628034352615,0.028150653561092438,0.0003331773901934659,0.6511854406839998,0.22600023260989563
hurricane irma dislocated worker program,6,6,0.007271550768742908,0.2285624468784554,0.002567487838849948,0.00033326945094493767,0.028429864265923442,0.0009070414700391138,0.6501755530706403,0.08175278625640388
i just liked this song the wind by pj harvey musicmedicine playlist,7,7,0.007509938632087218,0.08284299166245454,0.0025154551421156077,0.00033378049135506237,0.029597393819586613,0.0009106983662491508,0.23383789111811884,0.642451850768033
crews fanned out across dekalb county today to assess damage to homes businesses left by irma has thea,1,1,0.006917317688006263,0.6457132701889383,0.0024739262147098736,0.00032805661470513035,0.08312763814830199,0.0008995047813985766,0.23323421888374016,0.027306067480199776
irma update free roof help available,4,4,0.006955625752779095,0.030247409312334234,0.0024963618143083316,0.00033275135016271756,0.642788638495021,0.0009072927803624005,0.23211244482226268,0.08415947567276963
there is a lot of good info in here hurricaneirma irma scwx,6,6,0.007256777567838876,0.0843340363470819,0.0025156019060070785,0.0003303376158350987,0.02677766138387961,0.0009023597657834932,0.6478499232524583,0.23003330216111564
watch 2 men film their narrow escape from raging california wildfire heatwave wildfires,7,6,0.23165574763349897,0.026764707965692178,0.003012076319985582,0.0009213180250198935,0.0075815130785869,0.00033327420824968675,0.6470092993912131,0.08272206337775369
minn women caught in california wildfires are home safe looking to help,0,4,0.0077334043673312975,0.08305219452781215,0.0027339465948733846,0.0009190783544810744,0.6448138711155011,0.00033243152860224715,0.2336353911065627,0.026779682404836053
selena gomez tears up talking about hurricane harvey victims via instyle celebrity entertainment lifestyle,6,4,0.027573643150722527,0.008033275107539768,0.0026264876454534236,0.0003340878390668696,0.6392171966008529,0.0009157855067992704,0.0861188582946392,0.23518066585492597
this is what hurricane harvey will mean for trucking,6,6,0.009993629495432275,0.023099132044769186,0.0024847636450732085,0.00033095342643572044,0.08401855210782558,0.0009090632944609295,0.645399808998016,0.23376409698798703
on this day in 1991 a fire swept through oakland california burning thousands of homes tbt ccltbt,1,1,0.00871412704845735,0.6486956317883186,0.0025666584414900293,0.00033269070787599644,0.028359974717948128,0.0009143023804135563,0.08300416318634259,0.2274124517291538
how the california wildfires will ravage the weed economy,6,6,0.007709513514513998,0.08313931275233676,0.0026573035432067,0.00090424857515559,0.02771432069504974,0.00032987968764533964,0.6468702324310922,0.2306751888009996
puerto rico got leveled by hurricane maria and all i got was this lousy tshirt from cnn,7,7,0.007821518530113012,0.029291702323272002,0.0025073709390523516,0.0003316300882957435,0.08037437213837681,0.0009205942394441762,0.23523466741699986,0.6435181443244461
usatoday raw over 400 known dead in iran earthquake,2,2,0.007696865412326455,0.024466631820737415,0.651089321684839,0.0009000151017222437,0.002661775072448988,0.00033078068469932477,0.2303592491348199,0.08249536108840673
couldnt be happier to help those who were impacted by hurricane harvey 7,4,4,0.22770933889057735,0.0074032605215701465,0.002475426518951664,0.00032947219120102206,0.6494250514005735,0.0009117997134282758,0.0825974776645588,0.02914817309913921
ucla head coach jim mora and db coach demetrice martin watching at the bruin elite camp,7,7,0.00745971064944078,0.0264288508829611,0.0025697026809989643,0.0009035386730592374,0.08303986544920745,0.00033181791402228834,0.22987545373028612,0.6493910600200241
and i wouldnt drink from this if it were the only water on puerto rico staples,7,7,0.007111738486510338,0.029040475249916837,0.0025129806850350896,0.00033014294034206003,0.08082891580375325,0.0009043870848451606,0.23481034995781105,0.6444610097917862
from hurricane watches will likely be issued for parts of fl today irma,6,6,0.006955270212863411,0.030114225671295552,0.002547845053236172,0.0003309797841826084,0.08402409504923208,0.0009095976572989175,0.6438249864722545,0.23129300009963671
hurricane maria downgraded to a category 2 storm here is the 5 pm advisory,6,6,0.008971781880297272,0.0809622280611052,0.002535049498472467,0.00033142695052738955,0.02179319813318269,0.0009013360574247536,0.6517139866517323,0.2327909927672579
puerto ricos massive blackout underscores islands fragile electrical system,6,1,0.007516199512401519,0.6411409469258403,0.0025921361642045073,0.00033316046569816296,0.028315949124199633,0.0009083553615602789,0.08501012820674521,0.23418312423935014
interesting day volunteering for the red cross houstonstrong harvey logistics irmahurricane a121a121a121a121,4,4,0.007219229080280563,0.02339939872325911,0.0025063949368049694,0.00033117933251025606,0.645232602448716,0.0009031474218391824,0.08533883846336414,0.23506920959322555
3 jawdropping videos from the california wildfires,6,6,0.007492309330372481,0.08329030853811394,0.0028580162928227336,0.000916204349223432,0.025307107815346883,0.00033233104045774946,0.6472421376604017,0.23256158497326102
california woman stole from fire evacuees in santaa rosa,7,0,0.6439228553366485,0.028227905918349974,0.0028898610426677457,0.0009213611365428933,0.22969284002239185,0.0003342596330753244,0.08389431046435776,0.010116606445965865
irs disaster relief info for hurricane maria available,6,4,0.0070480992974087005,0.020097803626985034,0.0025402955891960623,0.0009035304544979128,0.6482326921166969,0.00033173154953432065,0.23872305439961394,0.0821227929660674
pay con mora 3,7,7,0.007292585559234512,0.026114861794656195,0.0025586214916203296,0.0009079925401236073,0.07860747690327546,0.00033282035121641446,0.23317860586595246,0.651007035493921
earthquake swarming continues near yellowstone popocatapetl volcano erupts in mexico,6,6,0.0027042592513244553,0.028849430480721163,0.008120437511050856,0.0009358646758411867,0.2309308466518786,0.00033480951780009624,0.6435337027530297,0.08459064915835406
nancy pelosi demands probe into montana firmas a highly suspecta contract to repaira,7,7,0.007634840645737468,0.02912329467576698,0.0025458413968440364,0.000331545289843109,0.08358944013179426,0.0009044127323459259,0.23192183899093927,0.643948786136729
news lata reassures visitors to mexico following huge earthquake,6,6,0.007604294355221937,0.022029916107632386,0.002606388239866851,0.0009119003978230252,0.08525333419685902,0.00033318619967627895,0.6457896979328198,0.23547128257010072
when i say sko you say mora sko,7,7,0.006940019724676623,0.07803028924691242,0.002537757212172483,0.00033286269624793307,0.026545613998140562,0.0009063912317699215,0.23306882445410576,0.6516382414359742
thehill fema chief harvey should be a wake up call to states to fully fund emergency management a,6,7,0.010270816578614048,0.032656172486693266,0.003429763170759664,0.0004475765595768415,0.31672658007528365,0.0012340964753138222,0.3167993472736888,0.31843564738006985
puerto rico is still in emergency mode hope of improvement is fading,1,6,0.007201692856937033,0.030386507070552505,0.0025818184115734073,0.0008988041835578058,0.08203316360721817,0.00033040274284916276,0.6456778396430405,0.23088977148427145
diehard cyclist rides bike through hurricane irma,6,6,0.007875570915943323,0.23329572965183912,0.0025492188775888915,0.0003334702626681556,0.024323926795283477,0.0009157263699926402,0.6504543845814482,0.08025197254523626
money irma business bull market loses this particular wind at its back via gadfly ai ba,7,7,0.007046694889419366,0.07810037849601743,0.0025949627246943554,0.000333330214932709,0.026591380197661756,0.000907195296975516,0.23409406102994929,0.6503319971503495
marcus luttrell texas residents helping world war ii vet rebuild home hit by harvey for 100th birthday,1,4,0.228928027237533,0.03039105190898604,0.0024868930567542185,0.00033095968296880914,0.6425115084575276,0.0009095012541272598,0.0836326329967683,0.010809425405334774
did i fail in helping a harvey evacuee hcldr pinksocks a122,7,4,0.007416608372828641,0.028376769567105133,0.0025481729092579645,0.0003319280530084663,0.640818569605878,0.0009078756010374013,0.0849984771939043,0.23460159869697997
byeharvey i do feel for anyone named harvey right now though,7,7,0.007512085290987488,0.025934872376122704,0.002575073208290913,0.0003348234264569717,0.08451421392622992,0.0009073512052680087,0.2355879066852935,0.6426336738813504
apuerto ricos posthurricane recovery efforts have been largely a grassroots impulsea,6,7,0.007136860060641737,0.03098574310508627,0.002585124682997837,0.00033563126996697187,0.2346583458840551,0.0009140037097972864,0.08542412401509787,0.6379601672723568
centralfinance provided medicine for the flood affected communities floodsl,4,6,0.008059646306427148,0.029739823636976845,0.0025151800916406995,0.00033384778836300434,0.23495196959329004,0.0009080529151825311,0.6387574385071371,0.0847340411609826
firefighters gain ground on california wildfires theresistance will maga follow,4,6,0.010163814609520816,0.03804986177271992,0.0035323242890459,0.001227740442019658,0.31545691354304145,0.00044949506554210766,0.3161776086942154,0.3149422415838949
rescue workers continue to search through rubble following earthquake in iran and iraq,4,4,0.008684159438029894,0.07740506924853682,0.0027577781382625835,0.0009240182952473652,0.6539118770793506,0.00033545143704521774,0.22812373524695187,0.0278579111165756
a modular home is not a mobile home it is simply a home that is built offsite as opposed to onsite irmaa,7,7,0.008485905065824993,0.2337299300031823,0.002907507586020808,0.00033401053483314477,0.025690426580215107,0.0009198596380853748,0.08595352493360575,0.6419788356582325
just liked sangre gitana y mora by lole y manuel,7,7,0.007692861042434825,0.08071198565162241,0.0025497422881194036,0.0003352071782485012,0.029447283406764706,0.000908321309123502,0.22970951174186477,0.6486450873818219
world leaders offer condolences to iran and earthquake survivors,6,4,0.03019900227653972,0.006981571803942682,0.002671610804466074,0.0009144726265743556,0.6388508436843422,0.00033245462341053433,0.23441129408846004,0.0856387500922644
blackedout puerto rico makes a longshot pitch for amazons hq2,7,7,0.007123937519984682,0.027807772926324005,0.002534810584391644,0.0009011081685632061,0.08484759642559493,0.00033066227339623345,0.23167500428325905,0.6447791078184864
a12c yasss its time for a great show a12bgabmaleno a12bhelping harvey amp i,7,7,0.007553467448706763,0.026782465232740898,0.002504791726474925,0.0003305286595538061,0.0844424496247134,0.0009033123052700781,0.23077844354663798,0.6467045414559023
while he insults them from a golf resort his second golf vacation since hurricane maria hit,7,6,0.0073741441242966615,0.08079441876052534,0.0025609636163137707,0.0009108105326466118,0.02884121623013561,0.0003326378332156236,0.6470835544482934,0.232102254454573
steve harveys 6th grade teacher doubted him and he didnt forget it,7,6,0.007354464500153171,0.029180441901885165,0.0026296410225011037,0.0003324948204369136,0.07972488790086835,0.0009074286227287686,0.6434791481036659,0.2363914931277605
this is why its so difficult to get supplies across puerto rico all major highways are blocked by utility poles,1,7,0.007272267632067403,0.08521188416468647,0.0024833742406337256,0.0003309339607295865,0.031193185172103788,0.0009129914896196272,0.23347172703360444,0.6391236363065549
get your irma relief blowjob tshirt to help us rebuild in the spirit of george carlin at,4,4,0.007050204544957616,0.02871717335083935,0.002492268414695303,0.0008945220668611317,0.6486474745388092,0.0003281980823866403,0.0818765392716759,0.2299936197297749
wildfires in californiaas winelands economy finnacial,6,6,0.010402993324684303,0.07927797039156693,0.002630487327969,0.0009067069893112216,0.027342986097168058,0.0003324995070754917,0.6446486189262854,0.23445773743593964
all clear issued for the turksandcaicos islands by hurricane maria recovery underway cometogether a14y9a14z8,6,6,0.0073138834691264445,0.08428849219029717,0.002498894542555174,0.0003311144348768337,0.23305358657464972,0.0009131285624083148,0.6428052291502476,0.028795671075838726
whats happening harvey damage testing texas infrastructure,1,1,0.007744990827624136,0.6455217239575533,0.002516157262507966,0.00033220001728003244,0.02218142461515346,0.000920909980355024,0.23618884754820943,0.08459374579131673
a why morataas move to manchester united is not done yetaa agent,7,7,0.008745956474056462,0.02777866572807247,0.002498282094155753,0.0003303683490943448,0.08279391098341646,0.0009070814141626009,0.2335450292511719,0.64340070570587
the mets 6179 nimmo goes deep twice as harvey beats the reds 6180 72 this evening at citi field,7,7,0.007864446808150698,0.08062157987699839,0.0026648671566052015,0.0003319861103689156,0.029111385487676614,0.0009071011476632849,0.23331816147588164,0.6451804719366553
just in readout of briefing on hurricanes harvey and irma,6,6,0.008104962824605216,0.08352571101237616,0.0025753101855463326,0.0003322666100430273,0.029792182635095033,0.0009069988343963447,0.6427545865519562,0.2320079813459817
news boris johnson calls for greater cooperation in wake of hurricane irma,6,6,0.009282169661806757,0.027406624783882345,0.002621067284892827,0.00033286958822422,0.23351519222709385,0.0009069918225916801,0.6428619325852362,0.08307315204627212
hurricane harveys impact on the us oil industry,1,6,0.00690501580484342,0.08480935910375739,0.0025855995938777947,0.00033202644574350837,0.026067034167683842,0.0009043111255011514,0.650203163569891,0.22819349018870186
lessons from hurricane irma we need to embrace science and address outdated infrastructure irma study science,6,6,0.007352610187882515,0.2291471833825781,0.0025278608255873652,0.00033346156863251153,0.029468091546160327,0.0009070316509272159,0.646068648203896,0.08419511263433598
our furry friend safely returned home after boarding with us during hurricane irma chestercounty vetlife,6,6,0.030180331412967033,0.22808401714842136,0.002575617140325473,0.0009298256698944918,0.08364380287884615,0.00033589294949592445,0.6437593051694399,0.010491207630609643
flood damage 8 problems to watch out for harvey propertydamage,1,6,0.008009783559708555,0.0829659608131082,0.002531174304871749,0.0003329497295549841,0.23432279650654916,0.0009155945044699325,0.6405485349624735,0.030373205619263953
lpd officers return from harvey disaster relief,4,4,0.02544209173208874,0.008039820612676779,0.00249082144734228,0.0003298091990421642,0.6483786381662076,0.0009048131055931233,0.23336350474396605,0.08105050099308317
storm clouds near the area under a tornado warning in st lucie county,6,6,0.007343048096059863,0.23081200691398196,0.0025526391948668408,0.0003305198441481723,0.029165019648908677,0.0009051775362955947,0.6471840137811349,0.08170757498460395
hurricane maria crushed puerto rico farms this activist wants to grow resilience through,1,6,0.007719326608359067,0.22972111800033765,0.0025641583964300762,0.0003330731972629313,0.029546768562181178,0.0009107571961051547,0.6438590860703711,0.08534571196895278
texasstrong harvey aid debt on todo list as congress gets back to work houstonproud,4,4,0.007154454465332319,0.020575447175133908,0.0025613021955887684,0.00033081808834042767,0.6457949755686212,0.0009067253802333094,0.2368362014458271,0.08584007568092297
amazing dogs help rescuers in mexico earthquake,4,4,0.02687998042564436,0.007088756390413288,0.0026801478407956995,0.0009258192996542231,0.652034485837322,0.00032971019423828625,0.07868430509635137,0.23137679491558075
abbreviated pundit roundup puerto rico is still there,7,7,0.0073444047528012125,0.07834634757459352,0.0025080452846262405,0.0009018910702337599,0.02857419203353578,0.0003297365448510689,0.23610153767200448,0.6458938450673539
icymi asks for 2nd collection for irma needs in us parishes this weekend,6,4,0.007139175630324077,0.02011474677433211,0.0025454977570496754,0.0003342842025115777,0.647947993394274,0.0009088232494851016,0.23592277231695596,0.08508670667506733
dear harvey specter wake the hell up now seriouslynow darvey suits,7,7,0.009211604316105102,0.026757797764053907,0.0025484613010919956,0.00033074484303607525,0.08130287206126165,0.0009059323881483843,0.23247397853778146,0.6464686087885214
from space hurricane irma looks like a superstorm from another planet,6,6,0.007229132796085247,0.08239340071553182,0.0025415221918265937,0.0003317028848228427,0.025673823203781313,0.0009031056400126635,0.6473709178943063,0.23355639467363326
made it clear that there isnt a policy dictating leave from natural disaster like irma,6,6,0.0074441004199274985,0.07934886092209548,0.002620104682032493,0.00033198906831529416,0.025323565382130857,0.0009051771258409757,0.6503013734452375,0.23372482895441982
the latest irma news usa headline 0 by,6,6,0.007314821367890935,0.08303513496159759,0.002557647024755034,0.0003326164831527788,0.0299974212805837,0.0009092886433542829,0.6425923196284575,0.23326075061020807
lee harvey leyton orient lofc great player,7,7,0.00835718292262726,0.02552511413143418,0.0025160470928699556,0.00033121492959010333,0.0832522086433704,0.0009069451304720152,0.2302072483412714,0.6489040388083647
im done being politically correct,7,7,0.007890760983764714,0.027558457398990686,0.0025233613339521697,0.00033154350513181166,0.22989425327147434,0.0009019691772669277,0.0804263896966661,0.6504732646327532
scotx issues emerg order suspending dismissal deadline in cps cases where judge finds harvey precluded compliance,7,7,0.008389969034104574,0.028628358251354194,0.002566372530161001,0.0003321027977996977,0.08202971991362831,0.0009097622445892133,0.23431305388861792,0.6428306613397451
smoke smolders from a wildfireravaged home in sonoma california marcio jose sanchezap photo,1,7,0.00942511617523644,0.08257687485924216,0.0026621217214422596,0.000905169741453392,0.02735241560709968,0.00033224234756318636,0.2326911597185363,0.6440548998294264
cleanup begins in puerto rico where landfills are already filled to capacity,7,4,0.00728937177309516,0.029325054437943508,0.002513651174638693,0.0003313849474483301,0.6401034459898537,0.0009047453590039729,0.23418242523719648,0.08534992108082011
51617 mclean tx to elk city ok tornadohail,6,6,0.007094988843463286,0.03061166888356678,0.002510591695287719,0.00033245393827886126,0.08542048260962526,0.0009145322983472223,0.6398500778799654,0.23326520385146554
iraniraq earthquake 450 dead 7000 injured as iranian rescue missions wind down,2,2,0.0026155196349285643,0.009962488881083996,0.6497170809859382,0.0009065955365202875,0.08235852920861803,0.0003329876246347983,0.03013922949294911,0.2239675686353271
israelis report feeling iran earthquake no local injuries or damage,6,1,0.00879725672813088,0.6411547584411377,0.0029081488849835957,0.000915269765900476,0.023087829042484118,0.0003362387337458452,0.23698892100615315,0.08581157739746417
navy delivers supplies to mexico hours after deadly earthquake,4,4,0.007178123207241905,0.02090759867830479,0.0025812589999877128,0.0009587645439692659,0.6509625382920861,0.00033406264879456884,0.08686120942572717,0.2302164442038885
florida irma evacuee wins 10k in nc lottery,7,7,0.007271410307555051,0.02909609828398501,0.002593059253120981,0.0003331257393491128,0.08056662160940183,0.000905549638735853,0.23292185571564955,0.6463122794522026
power lines and electrical equipment are a leading cause of california wildfires,6,1,0.00722482881848787,0.644573034778815,0.002699015722429964,0.0009127311902017408,0.025855196401805336,0.0003332161389699866,0.2364619717461412,0.0819400052031489
clouds from tropical storm maria lucky its not coming any closer 9,6,6,0.009305689247315114,0.07962249667789609,0.0025086713814577014,0.0003314550628415163,0.02962159327898762,0.0009048084908186485,0.6471125342317254,0.23059275162895781
hosa members collecting blood for hurricane harvey and irma victims,4,4,0.02827277887208132,0.006927365348414408,0.002693689203430753,0.0003293636437928208,0.6516582917300544,0.0009008616377676331,0.2323785793552064,0.07683907020925224
tropical storm harvey set to hit us motorists at the pumpa a financial times tropicala via,6,6,0.008905045590428652,0.027315061422148408,0.002568176360799756,0.0003303142924776942,0.230378102321259,0.0009007611858376748,0.6454080817885652,0.0841944570384836
these women dressed up and were among dozens of volunteers running kids activities in a park mexicoearthquake,7,4,0.01039936950753145,0.029707413917331508,0.0028082302945279408,0.00033698806103015026,0.6407168078497231,0.0009151161126872428,0.08330191358646188,0.2318141606707069
my ideal holiday sunny floridafortunately this area suffered very little damage from irma,7,1,0.007214632348372063,0.6470404466808518,0.0024924888085354983,0.00033314356929833514,0.021737910595163085,0.0009132392394378395,0.08610678421760869,0.23416135454073256
remarks by vice president mike pence after briefing on california wildfires,6,6,0.007364180332215394,0.23209250443201546,0.0026255986998003733,0.0009141174150385073,0.02897858353501117,0.00033472867463752744,0.6428096137468429,0.08488067316443879
devastating earthquake in iran has civilians begging for help ciaravinoecon,0,6,0.028681329251337172,0.0026708328238068493,0.009015300121267118,0.0009027019029801797,0.23328364817876496,0.0003306832567685718,0.6442398802274923,0.08087562423758284
scdoc director bryan sterling says will recruit corrections officers in puerto rico,7,7,0.008321895775408974,0.02210889861631509,0.00256061345787194,0.000905074308282602,0.2351899250681155,0.0003303542258165654,0.08523930270215528,0.6453439358460341
sat fam 20 homes cleared amp 60k meals prepd 4 harvey affected ppl texasstrong jesusstrong,4,4,0.00821284479320531,0.030753162686598133,0.00256273315785754,0.0003337485359439389,0.6372947929551626,0.0009157760737692264,0.08546518911052768,0.2344617526869355
clive smith no sympathy for those tax exiles hit by hurricane irmaa columnistsa,6,6,0.009907210228484594,0.08289187730018607,0.0024894987667899026,0.0003317618538049275,0.23190838819134,0.0009172736285956339,0.6427207104793488,0.028833279551450115
rihanna educates donaldtrump on the puertorico hurricanemaria crisis,7,7,0.007337282927117246,0.08284374523708721,0.0025025622068388536,0.000337169022863767,0.027207866992993834,0.0009229111332671395,0.2354909445037034,0.6433575179761286
watch houston caught in crosshairs of harvey read more abc rain storm,7,6,0.009002292124519983,0.23242543279086025,0.002563014871580097,0.0003343164837708805,0.028689982340436692,0.0009060721796954721,0.6516959056552504,0.07438298355388609
its so sad to hear about the families in iran iraq has lost so many people doing a earthquake f,2,7,0.040738617394518,0.014536128671514378,0.004077518959329174,0.0012428083232458513,0.30601410813814367,0.00045775457239415616,0.31497856123197976,0.31795450270887504
tornado watch now in effect through noon sunday,6,6,0.007902397572657259,0.2316926407582177,0.00275061863179081,0.00033481586890551636,0.022888813512545816,0.0009105787031669957,0.6502424719400768,0.08327766301263897
yes tasted new tequila but this is more important theyre taking hurricaneharvey,7,7,0.0069060649301982335,0.0793308020276252,0.0027030023744346095,0.0003310350385398484,0.02971873554631194,0.0009072834479478053,0.2337098234323951,0.6463932532025474
bumper to bumper traffic in to beaumontnormally not backed up here in lumberton harvey,7,6,0.009984480890863618,0.023990235717431217,0.002532309089491661,0.00033052555086703046,0.0852903302533431,0.0009082964001578237,0.6451685863114097,0.23179523578643585
hurricane maria live updates catastrophic flooding in puerto rico,1,6,0.007755661792153809,0.23407858763110193,0.0025515327491344294,0.0009027397830961786,0.026713941471521674,0.00032959242879166594,0.645089233299445,0.0825787108447552
st augustine bed amp breakfast picking up the pieces after hurricane irma,7,6,0.007728871895370177,0.03067488779056794,0.0025516789280322244,0.0003347295917250645,0.23301192311044472,0.0009114957096125336,0.6402450767959373,0.08454133617830993
tx gop delegation on harvey relief,6,4,0.007189631019276831,0.027329991491527726,0.0025028377018595374,0.0003381218139193129,0.6418023418663389,0.0009105953071818658,0.08605021199807057,0.23387626880182538
firefighters gain edge in battle with deadly california blazes usnews usrc,4,4,0.010704860224839395,0.029567654759986368,0.002809910156981437,0.0009145971085175695,0.6503075711003955,0.000335726031068501,0.0808007573816937,0.22455892323651747
hurricane harvey update from klein isd superintendent bret champion,6,6,0.008314707051102217,0.08254235268975754,0.0025428759712284844,0.00033147884119526764,0.02970209420090515,0.0009087882996790791,0.6438052151275611,0.2318524878185712
amazing photo of neighborhood postwildfire from,1,6,0.007341121807447073,0.08523326035713158,0.0025445793904129072,0.0003319756345005486,0.028740696634610756,0.0009068255795149499,0.6402969955739495,0.23460454502243266
looking into joses eye in awe of natures power stay safe everyone irma katia vitamission,6,6,0.007435640591077944,0.08470663966626758,0.0025812821759624315,0.00033161122143133653,0.02785972237983709,0.0009027635641943352,0.6480593723078054,0.22812296809342394
thousands still without power this morning 1 week after irmalatest were hearing from the power companies livea,1,1,0.030697308486749262,0.6409065562622563,0.0026298389802043663,0.0009173186661625487,0.01036655573769103,0.00033603631300430987,0.08434081905707053,0.22980556649686157
hurricane harvey rescue dogs looking for new homes in connecticut,4,4,0.00770659886405432,0.03003600728873973,0.002521823146726378,0.00033110429203901757,0.6514882774210731,0.0009151814411257203,0.08046250082652534,0.22653850671971631
just another tornado flooding kinda day,1,6,0.00711453758697697,0.08517863317346169,0.002577054773313923,0.00033183202081933156,0.027442046626172126,0.0008999521392653129,0.6452308666139499,0.2312250770660409
in harveyas wake will abbott still deny climatea change,6,6,0.010768006115897386,0.027920195692285783,0.002580591580286264,0.0009096413318095132,0.07865207280670236,0.000333358340079085,0.6436208329495154,0.23521530118342404
hurricane mariaabout 400 miles se of ncis weakening some tonight no direct landfall expected for us coast,6,6,0.007232153401697016,0.02927837957309817,0.0025777198909439593,0.00033337574227898834,0.08401658041792953,0.0009080792801614934,0.6515773679329075,0.22407634376098326
metallica has lined up a benefit gig for the california wildfires awe hope youall join us on november 9 a348,4,6,0.007150310363475711,0.027474079058779275,0.0026657997394561256,0.0009047658385356383,0.08455585308000833,0.00033322028930017226,0.6426102762082574,0.2343056954221874
hurricane maria has redeveloped an eye it is now getting better organized,6,6,0.007236563921556382,0.08284560794281046,0.002649431223243746,0.00033118699791553056,0.019226065048124706,0.0009104830015967705,0.652784109290002,0.2340165525747504
asking austinites to donate toys for harvey evacuees,4,4,0.028977056756690843,0.00726167190708009,0.002479793370737554,0.00032887577273629917,0.6506578761749768,0.000900097980897467,0.08018444236535602,0.22921018567152493
cyclone mora hits mizoram damages houses triggers landslides,1,6,0.002643149233851354,0.23282886631335023,0.00795675449294113,0.0009241000375337196,0.028858270921491444,0.00033408219576219837,0.6431682065503493,0.08328657025472064
together for mexico fundraising event for mexicos earthquake victims join us october 1 vancouver bc,7,4,0.02046210021226243,0.006945371630314108,0.002708624540829266,0.0009159236611960737,0.6499286414890338,0.0003314692751538761,0.08414416957372223,0.23456369961748805
hands of hope foundation extends irmaharvey relief aid project,4,4,0.007056343837599266,0.02663174418898748,0.0025134060768180182,0.00033033972738276965,0.6441376527390289,0.0009013760869875367,0.08461885205399858,0.23381028528919753
52013 moore ok ef5 tornado,6,6,0.007291607069600071,0.08181710355361517,0.0028011193459491815,0.0003344039843108386,0.02701436231251412,0.000918887987411237,0.6436431704043846,0.23617934534221485
hushed crews listen for survivors after mexico earthquake toll tops 200,6,4,0.008825774297665151,0.0035960944328921225,0.028877120606019598,0.0009381376923758203,0.6462336904003468,0.0003363358729069448,0.23077695287081496,0.08041589382697865
rescuers search rubble as dawn breaks in mexico city earthquake toll hits 217,1,4,0.002603657572969562,0.01074854725954968,0.0829775343492799,0.0009516807477308926,0.6416884226250983,0.00033519664047526186,0.2301608658959673,0.030534094908929298
a benefit concert in savannah ga to help those effected by hurricane irma on september 24th starting at 6pm,4,4,0.007234774974128502,0.027524998192697533,0.002546806062266092,0.0003314354941975523,0.6481310246329962,0.000908006090448333,0.2303481623948761,0.08297479215838968
hellacious hurricane maria earthcastsos,6,6,0.07033813338956098,0.23542730705845905,0.002576450990811132,0.0009177439596124962,0.020211623411768475,0.00033411850157529915,0.6631753193485551,0.007019303339657566
bay area residents rallied in oakland to demand aid for puerto rico,7,4,0.028315022692782698,0.008389276674427295,0.0024970878223083987,0.000898955920859804,0.6547414407460881,0.0003300425813733175,0.07617149894136609,0.22865667462079428
harveyrelated scams on the rise guns 2a,7,6,0.007039474725810967,0.029293751868519027,0.002586699226165379,0.00033364662990775654,0.07933437029076902,0.0009095769613898738,0.6449569473702118,0.23554553292722621
a doctor who survived katrina now tends victims of harvey,4,6,0.23134655860013847,0.008375915260130056,0.0027184229321923752,0.0009126564544447568,0.030094965253965055,0.0003340758103564927,0.6445407548335437,0.081676650855229
mainline establishes fund with feeding florida to aid hurricane irma victims,4,4,0.007577935782600267,0.021187835464322513,0.002605023941240033,0.0003339216465824105,0.6575278631813244,0.000910363171060491,0.23078485333244966,0.07907220348042028
subsistence helps send aid to mexico earthquake victims,4,4,0.025677192946535594,0.0025096849712754232,0.0072585553901999425,0.0009279431241262774,0.6699757916297963,0.0003346339185604986,0.06033556551589777,0.23298063250360806
puerto rico knows whats what ht fipi lele,7,7,0.007671556321038483,0.026024057105955813,0.0025197163734242416,0.0009044641159483436,0.07868108111793211,0.00033182051526930973,0.23242269841869245,0.6514446060317393
cut puerto rico loose wallow in your deliberate fiscal hell,7,7,0.00745766270682693,0.025253154152919614,0.0025465777167908805,0.0009044892233709283,0.23183509031610625,0.00033031890423311624,0.08446450335369714,0.647208203626055
money irma business an 18500 home bar for the most aspirational of cocktail makers,6,7,0.007523771247901225,0.02969702036761186,0.002550508343996417,0.0003310052604909098,0.08185960268518515,0.000901484766709039,0.22967529244008228,0.6474613148880232
nh donation drive for puerto rico exceeds expectations,4,4,0.007584241491148504,0.020803129077320164,0.00250529202300366,0.0009028937651364212,0.650013828735943,0.00033147914570681074,0.08204322040339722,0.23581591535834415
1 messages of solidarity from mexico to irans earthquake victims in seeyouiniran,7,6,0.02774895978955713,0.0027731285229827133,0.008597337424207761,0.0009195659496929062,0.23462983504649118,0.0003339395960904485,0.6414604220435223,0.08353681162745545
lessons learned from irma via psychology hurricaneirma goodreads,6,6,0.00727904529268068,0.07924164524928139,0.002554418383633917,0.00033294798608595063,0.026495612381987943,0.0009091658797617135,0.6506770110060233,0.23251015382054524
two confirmed drowning deaths from harvey in fort bend county deputies say,2,2,0.00350728087472477,0.01027521625743897,0.6270039713894178,0.00034697151850813005,0.0300411807256917,0.00093876039417845,0.241603028476589,0.08628359036345105
thank you to roxburyct for collecting donations to help danburyct help danburytx harveyrelief hurricaneharvey,4,4,0.0069114347910170125,0.018489060222159112,0.0024614181284977857,0.00033171777422211766,0.6621161523469324,0.0009023616377452722,0.07980221221113498,0.2289856428882912
moron trump will do this when he visits fire ravaged california,7,7,0.007265876208209052,0.08058830069751266,0.0025266018641427763,0.0003330465515314286,0.028457705938250612,0.0009059277424189249,0.2340565123188496,0.645866028679085
aoe tala hunter renfroe wildplassen dna20m hurricane maria sean spicer,7,6,0.007760605798646019,0.08248428277395006,0.0025660328306972,0.0009065738779801864,0.02802410874528324,0.00033274163094030196,0.6475541528891617,0.23037150145334115
style nike air 323085164 puerto rico jordan size 9,7,7,0.007266537959120931,0.02778220146987577,0.0025171372136275605,0.0009004198588691379,0.08332868630883818,0.0003306225594916396,0.23253512678821736,0.6453392678419594
teaching saturday nov 11 at 4pm in bmore 10 all proceeds go to those impacted by the hurricane in puerto rico,4,4,0.007762036123985647,0.025222354944380253,0.0026053266009141616,0.0003312966332839966,0.647436712285248,0.0009011310530714667,0.0843648893500349,0.23137625300908143
6th grade maryland student collects 3000 cases of drinking water for puerto rico,4,4,0.00713205646531802,0.027566363765782555,0.002518808863072885,0.00033147819881089045,0.6405567103691698,0.0009032634288809782,0.085047058815977,0.23594426009298786
we did it home in ct roadwarriors texasaftproud hurricaneharvey,7,7,0.007693756173267839,0.2342144546580401,0.0026994665958825393,0.0003338372189148548,0.030016586441844052,0.0009156947815188725,0.08252560308166489,0.6416006010488668
florida had its flag with irma texas had its flag with harvey,6,7,0.00846887923732332,0.027886869910356996,0.0025628092406417948,0.00033463924676894617,0.07727699934353116,0.000929795290770734,0.23743793079652406,0.6451020769340831
the effects of harvey,1,6,0.007693143986876514,0.2346027126948086,0.002652128687645105,0.0003318767983222355,0.022875416199987484,0.0009089164425025544,0.6453058461658766,0.08562995902398092
mora 740 mg fixed blade bushcraft knife review,7,7,0.007370016752201316,0.027864481811529222,0.0026027627680091496,0.0009078325861003128,0.07980344744101361,0.00033347256684781047,0.22977019775105367,0.6513477883232449
surprised by this preirma only 8 cat 3 hurricanes had tracked win 75 mi of ctrl puerto rico in noaa databasea,6,7,0.007376837345672164,0.08056517754298875,0.0025606891572248873,0.00033145929340222004,0.029257237426879818,0.0009130483626818427,0.23266780229647963,0.6463277485746707
business a puerto rico is one of the worldas biggest centers for pharmaceutical manufacturing,7,7,0.007442961356810091,0.028020773960700164,0.0024995152025330124,0.00032900553978493517,0.08273022494592465,0.0008984209416645811,0.23229744899351945,0.645781649059063
irma displaces worlds best quant now hes on a climate mission,7,7,0.007445691239488226,0.02635315517114982,0.002568608171911904,0.00033322357362070064,0.08314835313826716,0.0009091531707333458,0.23621846229927052,0.6430233532355584
category 3 major hurricane maria continues to track nnw some uncertainty in track beyond tuesday,6,6,0.007235877753148807,0.22186212154693155,0.0027892674500647205,0.0003354779854057315,0.08366445844085055,0.0009112850296091395,0.6547594258192311,0.02844208597475858
a serene environment and a fierce ride photo by adrian mora maroto ds5 dsperformanceline,7,7,0.0077466678867514705,0.08287691857496543,0.0025333114707100147,0.0003322918698008859,0.029035936344696884,0.0009043320774423338,0.23093507837739127,0.6456354633982417
scattered covered and irmad,7,7,0.007502406048242871,0.0266391511674965,0.0026223060696431064,0.0003325268568565045,0.08374103265427561,0.0009041598929694695,0.23583067756340445,0.6424277397471113
dark goddess antonio mora,7,7,0.007199813003063637,0.07824204588260696,0.002540606647067214,0.0009082772011695662,0.029274502312196922,0.00033289131223693486,0.2283737878786972,0.6531280757629615
news wrap trump signs 15 billion hurricane harvey relief bill uspolitics via,4,7,0.011912578640186295,0.03772842199890831,0.003517560840796247,0.00045008906469809696,0.31442446749748104,0.0012291071590739356,0.3150484651430122,0.3156893096558438
hey puerto rico here are some paper towels oh by the way you screwed up our budget,7,7,0.007608218761673162,0.0273355755322896,0.0024754381407103296,0.0003303201754791507,0.08495527857072224,0.0009074757886670367,0.23050853046726896,0.6458791625631896
aau news hurrican harvey amp irma updates aau sports youthsports weareaau,6,6,0.00908722790927796,0.028625728285035505,0.002507987310298625,0.0003313518475098352,0.0815160129728301,0.0009063151538915837,0.6435754108591312,0.23344996566202522
frustration mounts over puerto ricos new normal as federal troops leave the island,6,6,0.007291982675681398,0.08350313174166508,0.0028466064838370583,0.00033335047291027805,0.030520741866677335,0.0009061259124472808,0.6406476904456341,0.23395037040114758
donates 100k to mexico earthquake relief gtgtgt etalk,4,4,0.007494365703844361,0.020116124184419357,0.002564174553239631,0.0009094975850233105,0.65060005950866,0.00033129835593097545,0.08473745515350707,0.23324702495537528
pr ham radio update hamradio huracanmaria hurricanemaria,6,7,0.007156524068437607,0.08439955215654961,0.002532160184285581,0.0003348841864400006,0.023637128588827504,0.0009205937056570059,0.23653381786086405,0.6444853392489385
weird during irma an earthquake hit mexico and now during maria it happens again coincedense does this maka,6,6,0.009891423820574665,0.08359188627453294,0.0026455123777840766,0.0003354317186001661,0.021548049751673688,0.0009185032138933638,0.6488420108964243,0.23222718194651662
sorry to see the round barn in santa rosa destroyed by fire,1,1,0.006917567850099837,0.6403831666371743,0.0025038825060896682,0.00033094897167184353,0.03026423249040671,0.0009084568196448026,0.2336786603717394,0.08501308435317335
what katrina can teach us about disrupted cardiac care after hurricane harvey ahanews,6,6,0.010165929775128615,0.028750506266459794,0.0025101144751240633,0.0003316860646192287,0.229875520320374,0.0009035424003829785,0.6461014719535292,0.08136122874438209
death toll from harvey surpasses 60,2,2,0.002608529134581591,0.007801321861883875,0.6619599186439482,0.000333265490145566,0.02276607935388398,0.0009132817655651172,0.08168364240594604,0.22193396134404567
hurricane harvey 5 die in floodwaters while hundreds rescued from flood areas,2,4,0.032312062354564186,0.009860684918386282,0.09240048708539472,0.0003921479579511754,0.7554746937053292,0.0010625207024579574,0.09880747010691511,0.009689933169001413
nfl star goes above and beyond for victims of harvey in amazing gesture,4,7,0.028715640109206245,0.009170354281667282,0.002640090476920073,0.00033216889079629316,0.08506702375209017,0.0009065844652209875,0.2336553288002495,0.6395128092238495
hundreds leave homes near dangerously crumbling puerto rico dam,1,1,0.09211129774672745,0.7103378691714747,0.0029728022944620065,0.0003684084407385776,0.011528705812634417,0.0010052396954990876,0.08862660779081293,0.09304906904765087
steve harvey cant come to the phone right now why oh cause hes dead,7,7,0.002586105077740164,0.027201209313479992,0.010191181488525514,0.0003309187617582992,0.07802795844148812,0.0009121162411442405,0.23156926841039294,0.6491812422654707
my whole worlda12fa12fa12fa12f you are best actor in whole the world mora saiyaaa superstar,7,7,0.007208035987800631,0.028718505286184137,0.0025081320730444474,0.00033166520936708533,0.08048313424433323,0.0009034180639621802,0.23209759012954487,0.6477495190057634
day 4 clearing the backyard part 2 taking the deck to the pile hurricaneharvey cleanup aftermath,1,6,0.006877675054646375,0.03026416133651685,0.0025334155855943094,0.0003304258861323623,0.2330997725734911,0.0009108490325282567,0.6402413857565582,0.08574231477453252
money irma business lawmakers subpoena new jersey transit over railsafety project,7,7,0.007082714683303538,0.023227459829226124,0.002579077867496495,0.00033274233884353344,0.08338797498718953,0.000905703163785815,0.2305494506285965,0.6519348765015585
toxic plant may have sprung undisclosed leak during hurricane harvey,1,6,0.010024366946684394,0.23235119160295292,0.0025026652083662386,0.0003339244546819456,0.026976705869303494,0.0009198814753463083,0.6446181278411159,0.08227313660154863
mountains of aid are languishing on the docks in puerto rico,4,4,0.006906619865193111,0.028778399275691886,0.0024989284001086663,0.0003308914637115814,0.6422068981844262,0.000902504553788343,0.084239830176632,0.23413592808044825
volunteers filling semi trailer for mexico earthquake relief,7,4,0.007543799056906521,0.01999057356686611,0.0025593569088583354,0.0009126545874361757,0.6537146266592898,0.000333540541171302,0.08296123872663136,0.23198420995284053
mexico still open for tourists travelnews mexico earthquake tourism,7,7,0.007883941983787595,0.020945757682001638,0.002660399900849864,0.0009316974411093992,0.08632953111497339,0.0003336187638994172,0.23636556959154373,0.6445494835218349
hurricane irma forces cancelation of miami at arkansas state with no makeup date,6,6,0.007993520287064694,0.08288798396320113,0.0026505324575956785,0.0003339034358924989,0.028913600668039156,0.0009085657927737377,0.6455704870472074,0.23074140634822568
information for canadian and us citizens affected by mexicoa earthquake,6,4,0.028593096816814177,0.007335368455269048,0.0025609598825395573,0.00033192731714851707,0.6431142652077817,0.00090498736420005,0.08571330218196987,0.23144609277427725
nasa satellites capture breadth of northern california wildfires,6,6,0.026771018951735878,0.2318597082225223,0.003559226765520076,0.0009126550549450371,0.008952832340043907,0.0003340404000003753,0.6446228970690536,0.08298762119617879
economic impact from harvey irma likely to be shortlived,6,6,0.007111056282340455,0.08381147021804185,0.0025251439981882826,0.00033075976214862125,0.028230220304278558,0.0009191207075685561,0.6463291389900974,0.23074308973733643
praying for the devastated rain forest 3 of puerto rico 57 f the only rain forest in america a,6,7,0.007192227216147728,0.08489797338130958,0.0024817687934334557,0.00033007433080770043,0.029944134863739737,0.0009041229785945243,0.2336300407074196,0.6406196577285477
unitednations appeals for more resources for floodhit srilanka,4,4,0.0071114480190586525,0.02283996331442715,0.0026058326026032414,0.0003329980436055356,0.6450982840988502,0.0009056133951192528,0.23563129438062946,0.08547456614570663
can puerto rico be the model for a renewablespowered energy system business,7,7,0.006950634404098684,0.028660806278175823,0.002464808479538448,0.0003288891923658787,0.08364416221580488,0.00089493524079043,0.23358451159573704,0.6434712525934888
follow this list of trusted accounts for uptodate information as irma unfolds,6,6,0.007418274509166207,0.028316915820999537,0.002570068059701744,0.00033138384897438746,0.08229821895230158,0.0009079452498096121,0.6463871093768434,0.23177008418220366
playa team joined red cross mexico to help sort amp package donations for the earthquake victims gvitravel gviplaya,4,4,0.019287677410583137,0.006863555971823133,0.0025705224645859556,0.0009051507305403672,0.6621919890132684,0.0003306577348808205,0.07955239143727637,0.22829805523704186
worcester state sga joins in puerto rico disaster relief effort woostate news,4,4,0.007473934858222761,0.021006365346370855,0.002541467238185134,0.0009039381927183918,0.6510279443501203,0.0003311977198615459,0.23186774769154134,0.08484740460297968
this is quite frankly the only reason i watch instagram stories rn i live for harvey the calf updates,7,7,0.007389164054916069,0.02865828922283614,0.0025092867240309315,0.0003307539603552548,0.08327347308697862,0.0009005341616387721,0.23254469630036054,0.6443938024888837
swimming not advised at collier co beaches today there is possible bacterial contamination flwx swfl yuck irma,6,6,0.028539619529549073,0.008644848484337124,0.002507639747842148,0.0003311381956918864,0.07993919921691253,0.0009041985860751914,0.6440674026819833,0.2350659535576089
new fire danger threatens to worsen most disastrous wildfire season in california historya,6,6,0.0073936540819389265,0.07999653307049215,0.0027288644273304806,0.0009108674615751003,0.028454730701651037,0.00033228460554910724,0.6454507329177562,0.2347323327337071
donald porter as larry mason looks like lee harvey oswald 711oceandrive noiralley darknessatnoon,7,7,0.007913152839139572,0.08367623647369991,0.0025496121741045786,0.000332826995902676,0.026918030552853016,0.0009046156963662697,0.23065162051516505,0.647053904752769
so this song just reminds me of hurricane irma that just happened,7,6,0.00745163622859035,0.0812199588327656,0.0025960422435298636,0.0003329284578924481,0.029044212979000415,0.0009051465038943246,0.644234965424142,0.23421510933018502
seawalls across swfl crumbling in wake of irma,1,6,0.008961168851008507,0.028904175597551107,0.002577660513996749,0.00033255209501508083,0.08268326781768831,0.000910523655366413,0.6477193297182625,0.22791132175111126
fuente de las nereidas fountain of the nymphs1903 by argentine pioneering sculptor lola mora womensart,7,7,0.008736862954234838,0.08213867745400867,0.0025587322860338825,0.00033269361428153634,0.029508176416340754,0.0009131070454570884,0.22814954206576468,0.6476622081638785
california is obviously shaking the ring of fire is restless,6,6,0.0072869455314495185,0.08333394469523789,0.002546004380662837,0.0003304310135701748,0.026464390693025162,0.0009007339908769818,0.6454666624710298,0.23367088722414756
program to issue id cards to flood victims read more lka srilanka,3,4,0.007548587211509372,0.02257771336134261,0.0026304367347945693,0.0003315207852284881,0.6466232391871175,0.0009056358634798817,0.23569815204008923,0.08368471481643841
miami florida right now irma,6,6,0.0026728351219491814,0.027801192474882688,0.007936473873798606,0.00033491555208061113,0.0735447541969422,0.0009108294655980127,0.6502056216195741,0.23659337769517458
as california burns trump displays little interest,6,7,0.0027019459803060454,0.08532654584478316,0.00864130776481676,0.0009096044909467856,0.020738016686992367,0.00033368285496164827,0.23329955246272877,0.6480493439144644
cash donations can be made at mampt banks hurricanemariarelieffund,4,4,0.0070201101676379265,0.02338580709667044,0.0025882687528340142,0.0003327750914579432,0.6438020756977694,0.0009109460776825171,0.08610358255108287,0.23585643456486485
on fire just like california gayfever,7,6,0.0071165083464504435,0.08386353318285555,0.002572569650570104,0.0009092127714687503,0.020806816437733067,0.0003337165864392016,0.6471941678380733,0.23720347518640958
hurricane harvey texas electricity update ercot,6,6,0.009703456509620354,0.23511024439038503,0.002526121875186257,0.000330012207732977,0.0779613477607741,0.0009078811251557355,0.6488585364675951,0.02460239966355061
hurricane marias aftermath photos reveal devastation on caribbean islands science,1,6,0.007500009972568087,0.23556255434889153,0.0025228477842540145,0.0003324283758753503,0.028308795218834358,0.0009231981566235695,0.6525129897035017,0.07233717643945142
toxic sites hit by harvey threaten texans,1,6,0.08349545758108977,0.23389705557128404,0.002484810605896962,0.00033103748015794683,0.010377869336815086,0.000912066409135767,0.6388894580094563,0.02961224500616413
we have your back john velazquez help as much as you can with hurricane maria relief ai,7,4,0.008329507549760045,0.022816475851886522,0.0025469581153318515,0.0009109947724045964,0.6438706647191615,0.00033339503051396245,0.23500720263516833,0.08618480132577332
puerto rico gets aid from waterstep future efforts in the works,4,4,0.0070569381418462765,0.027895786870962683,0.002551260995872393,0.0009099694767596558,0.6473076940214219,0.00032912758661127173,0.0800506132824453,0.2338986096240805
returning savannah evacuee gives birth in hardeeville irma,7,6,0.010185769242573132,0.029401401035923133,0.002580785413285654,0.0003342805057388798,0.08345969662568052,0.0009075425048909886,0.6418067224654339,0.2313238022064737
disaster management officials visit cyclone mora affected areas,4,6,0.007581580884284918,0.02916538894288772,0.002678917465561052,0.0009103182795797651,0.2341483390886543,0.00033390014267863365,0.6406008478542431,0.08458070734211032
iraniraq earthquake rouhani vows action over collapsed buildings,7,1,0.0025550353980553645,0.6426905766728818,0.02999998671304678,0.00033219500876303167,0.008788725287368628,0.0009080588070814959,0.2300217039708603,0.08470371814194266
fhsaa launches web portal to coordinate sports aid to schools after irma,4,4,0.0072751667713144745,0.02409821864900355,0.002478351514770732,0.0003305733398999241,0.648020799841858,0.0008993455278223098,0.23285545742867558,0.08404208692665535
great coverage on the struggles still going on in puerto rico,6,7,0.006997745148438221,0.02929170015707972,0.0026047961678282825,0.0009080762044578707,0.08231059163279336,0.00033189795669452845,0.23175614553824989,0.645799047194458
irma nfl texans release wr jaelen strong via jamespalmertv,7,6,0.07619537264589538,0.023742905724218246,0.0025598710826378983,0.0003352310325900889,0.008252976202699207,0.0009110335774258897,0.6497123613821592,0.2382902483523741
the aftermath of the moral and social bankruptcy orchestrated in the bbnaijaa show,7,6,0.007503495747331808,0.02981491112960934,0.0025852579456996866,0.0003299779944477333,0.0825461045538352,0.0009029375520168051,0.6429706374901852,0.23334667758687422
map of 2017pueblamexicoearthquake,7,6,0.007266322811118916,0.08311667244726079,0.0025419957883490744,0.0003305830231852214,0.028067382374991408,0.000904363588615609,0.6462783956020555,0.2314942843644235
recovery timing from irma and harvey will differ for business homeowners,6,6,0.027360031607365495,0.007275366817166806,0.0024794500775807797,0.00032932823384452473,0.08494535612189368,0.0008980730164281581,0.643558152586296,0.2331542415394246
irma pummels cuban economy cuba standard your best source for cuban business news,6,6,0.007380343311992599,0.022421507971588886,0.0025229684717051545,0.0003338081566883989,0.08381352599798747,0.0009080461865362986,0.6454052785152752,0.237214521388226
earthquake gfz m 39 gulf of mexico forecast,7,6,0.00968351649838736,0.025197127805349603,0.0026743604613288633,0.0009135537093327533,0.07627784824323587,0.0003357697556230262,0.6495464013219068,0.23537142220483584
palm trees have very little left on them sanjuan puertorico hurricanemaria cnn,6,1,0.007373580024166371,0.643358229973082,0.002528981071169847,0.00033825927621836246,0.02048794644506308,0.0009409920305998974,0.23770250883790692,0.08726950234179359
prayers for the millions people affected by the powerful earthquake in mexico a12aa14y2a14ydai mexicofuerte mexicocity,7,6,0.025841184972462742,0.007669267263884138,0.0027269279963516658,0.0009135355598924032,0.08601366625707853,0.0003332256982378867,0.6442222012987102,0.23227999095338242
no aessential oilsa will not clear the california fire smoke out of your air mother jones,7,6,0.008793687539928152,0.023551757412025077,0.002522899402303285,0.0003327746662358131,0.07630313101437093,0.0009115428341165328,0.6509636102209343,0.23662059691008583
a massive earthquake struck mexico yesterday if youre interested to help please contact me,4,4,0.007471193356979739,0.019970901606372056,0.002706394035369471,0.0009224325727234568,0.645524501889707,0.00033387639150766644,0.23610018304160443,0.08697051710573604
hurricane maria two naval mines wash up on north carolina beaches,6,6,0.007594991656880197,0.028757455048109545,0.002644684372658613,0.0003335954391097311,0.0805186051184324,0.0009122334761810358,0.6512544801986226,0.22798395469000576
hurricane harvey diss freestyle by michael white underground texas hip hop,7,6,0.010535661105562432,0.02998381822115614,0.0025466502008728124,0.00033442339132759786,0.08347406514758204,0.0009162185962693203,0.6454467792206322,0.22676238411659752
after over two weeks in darkness after harvey light is finally returning to port aransas,6,6,0.01050297266619044,0.0835560847312745,0.002578135541699252,0.0003345613974878344,0.23248917883142092,0.0009116526621554604,0.6392879705767776,0.030339443592993932
texans are unstoppable houstonstrong texasstrong harvey harveyrecovery sundaymorning americans a14yaa14y8a,7,7,0.010204236121627665,0.028687614049992566,0.0025142337331730243,0.0003319391912875696,0.08176692230056173,0.0009112958481971096,0.23408089159415382,0.6415028671610065
suzana peric fashion show the mora smoothie,7,7,0.007131605553035146,0.08154544341880317,0.002535964732557812,0.0009041123514622193,0.02829676002845571,0.0003313807740638993,0.22813185149764365,0.6511228816439784
local residentas a hurricane magneta family impacted by harvey irma arlingtonva,6,0,0.6452625188661611,0.008169702076640731,0.0024957552963013065,0.00033604712518566285,0.23424288403929544,0.0009130664563674199,0.08492170199222575,0.023658324147822485
animals colorado rescue groups to open doors for harvey animals fox31 denver,4,4,0.007181663328868204,0.019211743460411716,0.0024928380168803125,0.0003306941217413842,0.6580315018986644,0.000907195706075429,0.08276686524015117,0.2290774982272073
irmas winds ripped down many of our millennium signs and damaged a few locations please pardon our appearance as,1,1,0.00834628334904741,0.6452909847532634,0.00253174441660526,0.00033274577330207896,0.22847884734615911,0.0009131519636915129,0.08500679860884794,0.02909944378908346
vegetation fire burns at least 30 acres ina dublin,1,7,0.0025990706278040164,0.2302357288866717,0.02942497933832387,0.000333280174541757,0.009608057752861691,0.0009073063748589896,0.08413218345120123,0.6427593933937369
i like to wake up to good news this is not it irma stcroix,6,7,0.008057270838864442,0.02736407303642586,0.0024820123164061296,0.0003301988965279256,0.0831212294185966,0.0009173481942540536,0.23683467375257491,0.6408931935463499
oregon strike teams return home from battling wildfires in california liveonk2,4,4,0.01099742784968992,0.02979533217820708,0.0032490877255937065,0.0009298647294671762,0.6322940901992025,0.00033924291250139114,0.2373721632692621,0.0850227911360762
firefighters quickly contain clifftop brush fire sf,4,7,0.007084789073813036,0.028204465352350962,0.002521191356272997,0.0003320830037892994,0.2335078596170209,0.0009048909344111661,0.08576510739427802,0.6416796132680638
puerto rico utility regulators push back on feds in new court filing,6,7,0.007026095143014737,0.027167128339321597,0.0026056658573195015,0.0009010888573895992,0.08219006448822795,0.00033081466672899067,0.23284393401472153,0.6469352086332759
had a blast djing larisalove salon in benefit of hurricaneharvey a12s4ai,7,6,0.00744975899634628,0.029445553123549233,0.0025909502284447,0.00033359392939124265,0.08536750168799352,0.0009227000319789138,0.6405796810734675,0.23331026092882867
maria wind whipping up in anguilla living on hope irma,6,6,0.00710602590554434,0.029172264418154736,0.0026154905283494894,0.0003356204261648084,0.2273348062863515,0.0009333372458503894,0.6509104056351548,0.08159204955443004
talks to our exec committee about state rebuild from harvey amp prep for future storms,6,6,0.007721250180595619,0.027835270934355973,0.0024958418117311688,0.00033102410655526696,0.23255133732227573,0.0009031293329848134,0.6426997453996391,0.08546240091186239
us economy hit by harvey sky news australia econ,6,6,0.010329572647060154,0.22670103859794874,0.0025520425423492246,0.0003339179648237091,0.030273792728159558,0.0009386800551467768,0.646192068307221,0.08267888715729084
aflac and tsys give to hurricane harvey relief others urged to help,4,4,0.020630503290229692,0.007194456075087409,0.0024904203716017577,0.0003296378617696262,0.6572217801810049,0.000900889089215439,0.22885694453841385,0.0823753685926773
after mexico earthquake bike brigade delivers muchnee muchnee news,7,4,0.027939254340655275,0.008297203666556688,0.002651078498056487,0.0009500133460064056,0.6395066710071314,0.0003362288670695929,0.23589875217646955,0.08442079809805457
the 500year storm quantifying marias destruction smart cities dive,1,1,0.008546033624098347,0.6396602518173865,0.0025389650629378292,0.00033271864333802106,0.026791474071100312,0.0009050045857007663,0.23604159850411185,0.08518395369132639
central california sunset tonight lots of wildfire smoke to punch up the color pallet,7,6,0.009630475567163737,0.02710659405334532,0.0025581356186367686,0.00033211489105729885,0.08007309579480826,0.0009054694439218514,0.6429059918120914,0.2364881228189753
follow me donald trump iran earthquake nfl your monday briefing followforfollow,6,6,0.008323726741136142,0.021519500662555348,0.002672067481115543,0.0009273099775749007,0.0744026128471044,0.00033642601870389365,0.6509538406336484,0.2408645156381614
michigan state volleyball to only play one match in florida due to hurricane irma,6,6,0.006941651548561874,0.08380174963310234,0.0025848449372993794,0.0003304975422409715,0.030171938477303588,0.0009030530686121716,0.6435682458852705,0.23169801890760908
maria has been a hurricane for six days now could be around 6 more,6,6,0.006884808936292424,0.08218916359007168,0.002608741816172515,0.000330511929045962,0.03004937243654599,0.0009227752179561258,0.6470899011585091,0.22992472491540628
arkansas national guard assists in response of hurricane harvey watch now a129,4,4,0.009365515974106332,0.026787409373009965,0.0025893943328258577,0.00033185022945817264,0.6494174564334245,0.0009043333211749429,0.23291141546314612,0.07769262487285429
civil air patrol illinois wing to help survey damage from hurricane harvey,1,4,0.007284548559539945,0.23023839682433392,0.0024745633668091455,0.00032955121496178614,0.6447607183149767,0.0009058433595245613,0.08409010030818052,0.029916278051673444
fema actually can stay in puerto rico indefinitely,7,6,0.007887441188276115,0.025141663765068135,0.002569934917579672,0.0009048668451811636,0.08316300474233629,0.00033077429434226073,0.6434206886952246,0.2365816255519918
after harvey amp irma using recovery to build stronger and safer communities by,6,6,0.009996766080502973,0.029130570324643435,0.00248391892858126,0.00033092611976128433,0.23347747149076,0.0009043794584144551,0.6401729690370781,0.08350299856025854
pro football club raises funds for california fire,7,4,0.007412126502996843,0.023106702520087764,0.0025949956382200533,0.00033458845725117624,0.6434397579607852,0.0009122576321866884,0.2362775330933297,0.08592203819514264
deadly earthquake hits iran and iraq nbc nightly news,6,6,0.002976464435705958,0.00974274359176647,0.07870311125375137,0.0009265449660173546,0.02998292002207893,0.00033590492860161193,0.6491527727122124,0.22817953808986582
purchased buymigenteremix hurricane earthquake houston mexico puertorico,7,6,0.007658534907142333,0.23308752459210133,0.0026659771823100715,0.0009324605267550482,0.024825391731587144,0.0003348415620125048,0.6473939141300336,0.0831013553680581
remember our brethren throughout the world tonight mexicoearthquake,7,7,0.007311957260110322,0.023602952798759194,0.0025427995713958665,0.0009036200600465679,0.08377816740372504,0.0003314542183417419,0.23553442561466625,0.645994623072955
hoping everyone is able to get back on track post hurricane irma wishing everyone well,7,7,0.007303087425042424,0.02633828880190876,0.0025455698369629834,0.00033090933268686514,0.08042273048104016,0.0009050716082873713,0.2369097456836514,0.6452445968304201
port canaveral provides pipeline of fuel for postirma relief,4,4,0.007115787416346805,0.0283971850721282,0.0025234707023845415,0.00033099503266367265,0.642006804574902,0.0009028279893442812,0.23320933569268795,0.08551359351954249
after 200000 initial goal jj wattas harvey fund hits 20 million,4,4,0.007642112373743855,0.030756588054894174,0.002616680280885721,0.00033810478510519357,0.6380358541950382,0.0009218289823265795,0.23501426687125698,0.08467456445674951
hurricane harvey irma jose and now maria americans brace for new danger,6,6,0.007731204103974052,0.025363457314663496,0.0025745919886241723,0.0003313285579796832,0.23100441875668015,0.0009028993108475861,0.6508264038539172,0.08126569611331366
san juan flights still on hold in wake of hurricane maria,6,6,0.08232021947880666,0.00992144407493964,0.0025852882875225572,0.0009081547373632639,0.029938441921833436,0.0003330560844950178,0.6519253187309287,0.2220680766841107
trend alert hurricane irma more trends at trndnl,6,6,0.007207953513058875,0.08113653035942081,0.0026388322502818497,0.0003328051906850663,0.028975213232694388,0.0009055220185793146,0.6465743206632661,0.23222882277201365
please irma evacuee from fl still in nc looking for her missing dog my friend is desperatea,4,7,0.002615413824067026,0.02178507846531888,0.0009371483950723178,0.008234738215094083,0.08220816472460785,0.00033544005739753686,0.23243202407987795,0.6514519922385642
harvey levinas objectified gives glimpse of celebsa prized possessions,7,7,0.009906948513111753,0.029889898993782103,0.002535054577642502,0.00033204148550491404,0.0840095149012983,0.0009120141298239439,0.23304122660022003,0.6393733007986165
hurricane irma cat5 165mph will be near stcroix midnight tonight and eastern puerto rico around 8am tomorrow,6,6,0.007313666507772225,0.08116976172793215,0.0025278456422244844,0.0003310554194785951,0.02956648533077401,0.0009022634009781385,0.6466645413721964,0.23152438059864394
us govat pesticide spraying in wake of harvey a toxic boon to agrochemicala giants,6,6,0.010719030792577975,0.08209383124373236,0.002567566644901806,0.00033095427968862697,0.22850635157609087,0.0009047089909468458,0.6442396848169087,0.030637871655152835
help puerto rico get free rare beer at dock street cannery,7,4,0.007176867528124623,0.02862773190695752,0.0025050254080115344,0.000912526678018049,0.6449289996019318,0.0003356997517610722,0.07781048836219277,0.2377026607630027
helping harvey move into uwe today doing my bit by watching the game,7,4,0.008793793472758792,0.028922222545517816,0.002485163861109979,0.00033118157927723393,0.6411812871070849,0.0009074375313893921,0.08426992074121349,0.23310899316164838
briefshell midstream partners hurricane harvey operational update,6,6,0.009840026446599238,0.028953206176486904,0.0025263633496610495,0.00033040928829819753,0.22762026651949924,0.0009087528428113061,0.6485260260031177,0.08129494937352633
issued directive on hurricane irma response,6,6,0.006975973153933934,0.08042646429369799,0.0025409819040058783,0.0003325606406639904,0.030052487234400703,0.0009087286517408084,0.6507333512777534,0.22802945284380338
tailgating in a different lot thanks to irmabut the hardcore tailgaters will not be denied,6,7,0.0073524797972210915,0.02888748599276241,0.0025076600321526864,0.00032983014194357596,0.08266127290859154,0.0009031821704570274,0.23493036529807604,0.6424277236587956
cyclonemora as usual buddhist monks are door to door to their peoples,7,6,0.03002924736526951,0.009112461243911976,0.0025412044082851045,0.0003316941945407172,0.08466780838788371,0.0009087129646019615,0.6407239739782373,0.23168489745726967
stay strong puertorico and mexico hurricanemaria earthquake,7,6,0.007427923412460835,0.02667673928193797,0.002634068381475379,0.0009238829293146585,0.0712661775734729,0.000336551909330313,0.6517490717221724,0.23898558478983545
harvey and irma are causing some people to have hurricane anxiety in robeson county,6,6,0.0830936220503631,0.010573747732366471,0.002624622432540295,0.0003336126803977613,0.030213851597733977,0.0009178156859749223,0.6468378384918088,0.22540488932881464
cmu student raises more than 100000 for puerto rico charters third rescue plane,4,4,0.00723881304636275,0.02823141918191463,0.0026678253722647307,0.0003338443820912501,0.6571465463308368,0.0009086613513508157,0.06696595657339131,0.23650693376178766
we are still in need of donations to repair damage from irma donations are taxdeductible,4,4,0.008640418894788966,0.08394128916174785,0.002502322550670073,0.00033088623026412414,0.6477441981669081,0.0009135912469679452,0.22872319273718886,0.02720410101146394
trumps fix for puerto rico communications issues,6,7,0.007024848628648929,0.021025822727102628,0.0025207296998911548,0.0009025999567022913,0.08568347897112254,0.0003311300811246494,0.23531328816437116,0.6471981017710366
update every county in yellow is under a tornado watch until 10 pm irmacsra,6,6,0.008800818777530394,0.08381815595595532,0.0026132497965914692,0.0009058364916841823,0.024047159869224483,0.0003325590371842258,0.6495752937577115,0.22990692631411835
is california the deep state,7,6,0.007358459915511567,0.08350022947097284,0.002580309900067905,0.0009023105034780583,0.028200725655318955,0.00033166182457362777,0.6414703890796043,0.2356559136504727
liam anderson talks about impact of california wildfires after big race at mt sac,7,6,0.007095863782529527,0.23115069184412168,0.002682751578589987,0.000915442788390741,0.02860413537782244,0.0003327024302281268,0.6456388683573271,0.08357954384099053
earthquake relief in iran and iraq a difficult task,6,4,0.02811689200847724,0.010066292104121275,0.0030874127351913964,0.0009063956778109508,0.6433205391810419,0.0003325079379436766,0.2306297091047737,0.08354025125063991
third day in a row of recordbreaking temperatures brings critical fire conditions across southern california,7,6,0.007809714183919364,0.23055052105136017,0.0025840538896051875,0.0003319159622146738,0.029335578475741225,0.0009025378186722171,0.6447297697543931,0.083755908864094
at times he felt that he had almost rather not be in love with her for it brought him no peace antonio mora,7,7,0.007877234461805705,0.0230722278568689,0.0025651697318795847,0.00033491386811006896,0.0819772788079829,0.0009131083616646392,0.23138824014436823,0.6518718267673198
harvey boyer arlington tx,7,6,0.008757110269686308,0.23276166837666842,0.0024907494389178756,0.0003308390889223303,0.02936605299525861,0.0009108540926340345,0.6396581641365028,0.08572456160140952
iran criticised for earthquake response details,7,6,0.008311349473056893,0.021911314937438416,0.002740416788796367,0.0009206715947568891,0.08593310939743858,0.00033494130042498226,0.6447891144402879,0.23505908206780013
harvey all over industrial production gt read more,7,7,0.007757533187711823,0.08230128651926057,0.0026122377512361196,0.00033185473772694596,0.026389724522249886,0.0009124249805877013,0.23561302651061106,0.644081911790616
hurricane irma 10 challenges for employers,6,6,0.007360104557198063,0.02921370426951038,0.002582250718101898,0.00033320923193652516,0.08289359348269258,0.0009071215447233696,0.6466447171568794,0.23006529903895775
fire at kuna mora cole roads stretches 280 acres,6,7,0.007112907427049822,0.2340335891313072,0.0025535541918553827,0.0009068108436019965,0.026654099523574767,0.00033265189825775935,0.08519219444070757,0.6432141925436455
moras midnight bakery a moon sea jellya149,7,7,0.007267316674147841,0.02942232461171619,0.0026294001775600084,0.00033337192355093603,0.08322340681520007,0.0009075026164527273,0.23437469720963602,0.6418419799717363
mr richmond hates mr mora doesnt stop talking about soccer has never spoken to a female student,7,7,0.007026087776828077,0.027873077965729822,0.002529545421473338,0.00033095842018913887,0.07918447605950377,0.0009014622477282675,0.23116572375959668,0.650988668348951
a budding masterchef maybe wilf in the kitchen by matt harvey oilpainting,7,7,0.010275395813657781,0.03045737682389907,0.0025498222389360964,0.0003320912075635997,0.08274815547563422,0.0009080160834819637,0.22897191828695349,0.6437572240698738
irmas aftermath with seigonie mohammed cnc3,6,6,0.008721397002700517,0.028802056625987376,0.002528019264728866,0.00033307758044661106,0.08386858248237693,0.0009154446936068596,0.6472864044928534,0.22754501785729944
thanks for donating to irma bvi appeal,4,7,0.00736619995626424,0.02549599958371236,0.0025041053667335614,0.00033150589870858585,0.23180765145034207,0.0009032092571343875,0.08541943305423645,0.6461718954328682
the situation in puerto rico is dire please help your fellow clinicians and donate today,4,4,0.007716598016707342,0.026958773005268402,0.0024846958194951986,0.0009015981579117793,0.6425803505655366,0.00032842345984232253,0.08415431404419083,0.23487524693104758
believe the meteorologists harvey is incredibly dangerous,6,7,0.007610107325478319,0.08169885239581154,0.002519503771286889,0.00033076390422113105,0.029064323946163557,0.0009046828527297872,0.2358838309952354,0.6419879348090733
37 days after hurricanemaria pure ineptitude or lack of any sense of urgency,7,6,0.007370686546744548,0.08421652423169562,0.0025179015628912747,0.00033255252252799706,0.02950695209153453,0.000924715615180851,0.6452463935546239,0.2298842738748014
as wildfires blazed on in santa rosa california help was needed from all over fire,6,6,0.007355999027181638,0.22982198534984175,0.0026782100241818825,0.00091155775345634,0.030165262835918766,0.00033510649960482143,0.6438193244179551,0.08491255409185988
aa pope francis offers prayer for victims of california wildfires news online,6,6,0.007743661637689512,0.022669096930178573,0.002751838354870855,0.0009143695936864503,0.2339784285428269,0.00033362911720960124,0.6488422146505942,0.08276676117294397
harvey wonat help flagging housing market,7,4,0.009645722062004551,0.0297288618833277,0.0024913290305272483,0.0003327268766864744,0.6409351056695459,0.000906107222051023,0.08473436222396287,0.23122578503189425
turn any keyword into article article makemoney former steve harvey writer a,7,7,0.008251378239264438,0.029263637782857812,0.002580001818859636,0.0003323458493407806,0.08154615762225692,0.0009077011896272972,0.23376325146530924,0.6433555260324838
so the state of california is pretty much on fire your move pres trump,7,6,0.007052888855149198,0.07920663840290523,0.0025373930432757543,0.0009067228200898121,0.026089956267650774,0.000331568867699318,0.6474809927895074,0.23639383895372265
congratulations on a beautiful wedding coach mora,7,7,0.007233427746162975,0.027927250492414978,0.002560076380161454,0.00033511997158756874,0.07254481509552928,0.0009119731124052259,0.23196294070974155,0.6565243964919969
a new fire threatens dozens of homes in california prompting more evacuations,6,1,0.002575445778759983,0.6478666595620373,0.0296460306905682,0.000920773647213281,0.009904757699630234,0.0003356396377601957,0.22607726135390543,0.0826734316301254
satellite images show just how bad californiaas wildfires really are,6,6,0.00816698741698774,0.08381351089618409,0.0025340450164340503,0.0009076720089745423,0.025861324850802427,0.0003331244288317996,0.6457226540531933,0.23266068132859205
maria grows to a cat 3 nears already battered caribbean 0 by,6,6,0.007447453187225763,0.08296949140370817,0.0025486316042915573,0.0003316915932276889,0.0300007701792405,0.0009082174257706841,0.6460708805770514,0.2297228640294843
final day skinnycocares irmarecovery irmarelief hurricaneirmaaftermath irma,7,7,0.007072547841923873,0.02826935399126195,0.002546054559616809,0.00033217650757324613,0.08278260833313715,0.0009037847314536377,0.23439365267329942,0.6436998213617338
california fire survivors respond unexpectedly to loss of homes,1,1,0.011263615913714657,0.7038648495803583,0.002832463916338327,0.0003700785144586004,0.09344851099899047,0.001011975436239877,0.09371451061057641,0.09349399502932323
usarmy soldiers from texas prepare to convoy south in support of harvey relief efforts,4,4,0.007245301820988797,0.027047983486222615,0.002516700528641512,0.00032980951206490087,0.6497526736896873,0.0008987391265913428,0.2323534863109389,0.07985530552486476
irma nfl browns fear wr corey coleman broke his hand via tw,2,7,0.007983912395232086,0.022071727616105923,0.0025788579330167727,0.00033449616100307236,0.08194716995595011,0.0009158906493867556,0.2357905125905303,0.6483774326987749
prolife attorney puts his life at risk to save victims of hurricane harvey,4,4,0.028301987005192465,0.002767832637424034,0.029762128736715958,0.00034180198945423705,0.6639567674108283,0.0009365469299774827,0.2444238316095974,0.029509103680810066
i swear harvey and irma both boutta catch these hands 4,6,6,0.009685625348263944,0.02921678317367393,0.0025192363840277083,0.0003319117048314059,0.07904122152385751,0.0009053397497620825,0.6418805278382759,0.23641935427730754
so proud of our kindergarten eagles taking pride in helping keep our campus beautiful following irma,4,4,0.007738625602255212,0.02506123706605912,0.002554321419474436,0.0003331479705143681,0.6483770424522459,0.0009035241416458176,0.2299120158231845,0.08512008552462073
puerto rico power grid deal under scrutiny nbc nightly news,6,1,0.0071610535133476184,0.6360130546491586,0.0025523976684918843,0.0009100901876100744,0.0865408035668343,0.0003349725488245683,0.03146887520630604,0.23501875265942698
maria to batter after irma second hurricane to strike eastern caribbean,6,6,0.007312348014234307,0.026884711973693718,0.0026515776050823415,0.00033241626232189916,0.2300084910046632,0.0009055556940372523,0.650902201915265,0.08100269753070215
night before puerto rico trip,7,7,0.0076472762487122285,0.02568074270403494,0.002531875249959132,0.0009009803746699569,0.08262628630575346,0.00033045611128092173,0.23037579105643063,0.6499065919491588
puerto rico this seems like the kind of thing one would remembera121,7,7,0.0071402513786542375,0.0776322965988189,0.0025032477656902774,0.0003305548918736315,0.02854055311337937,0.0009038091352453036,0.23107373336333786,0.6518755537530004
colonialismas legacy neglect in puerto rico suffocation in dc,7,7,0.00786850255736064,0.02875306259433447,0.0026236845439423693,0.0009063689693783183,0.22885557232938464,0.0003303281648470234,0.08362963819720956,0.647032842643543
carmen mcreynolds victim of tubbsfire was a doctor and a western gala,7,7,0.008063683519945063,0.08352976697222067,0.0026073806726867404,0.0003320804883677982,0.029752871570366993,0.0009073937191337796,0.2335889659643558,0.6412178570929232
fox news harvey fallout 53 of houstonas schools have a majora damage at least 22 will bea,1,1,0.00802239609638027,0.6438432865733753,0.0029483537950117777,0.0003352123522696538,0.02329901249328079,0.0009183354938799796,0.2342765668114293,0.0863568363843729
via rand paul wants harvey relief to come from spending cuts p2 tcot,6,7,0.007624272465782445,0.023007553744148,0.002527052827057094,0.00033207854751450804,0.2341815785547247,0.0009074662011098177,0.08584128933529894,0.6455787083243643
medtronic evacuates california facilities because of wildfires via startribune,6,6,0.007191069070006465,0.08389576326204236,0.002641840716757618,0.0009051646979230453,0.029637194448265864,0.0003324978674364742,0.6448782230232332,0.23051824691433498
new questions about areciboas future swirl in the wake of hurricane maria,7,6,0.008462531774475054,0.02320818098495509,0.0026444916295821175,0.0009024999346409826,0.08337196485676461,0.0003308660014734935,0.6489893480430299,0.23209011677507874
20 of gbp 25 and free shipping harvey striped cotton cutout shoulder d gbp 1099,4,7,0.008149582921060033,0.028699943187571887,0.0025577940597784625,0.00033173612615888435,0.08511533153324836,0.0009137531388596366,0.23231928825432657,0.6419125707789962
we could feel some effects from hurricane maria this week,6,6,0.007371994752147898,0.23066750295699645,0.0025616744547257665,0.0003330375043719426,0.0279155481734531,0.0009192694419866209,0.6461219267646463,0.08410904595167197
this book arrived back in my hands after surviving hurricane maria in puerto rico itsasign thankiu nextread a12fa,7,7,0.007617922896516072,0.030306416149504415,0.002541164253106909,0.0009113726226187879,0.08314085288071599,0.0003328073846899728,0.23504353115241722,0.6401059326604306
tubb fire victims visit the remains of their home,1,6,0.01632485021015211,0.1304993501871241,0.004107035130949638,0.0014203577132457486,0.3592776804952874,0.0005176239955086995,0.35979984282275257,0.1280532594449798
how climate change hurricanes are rapidly accelerating the militarization of america,6,6,0.007457353047460942,0.08020127012242724,0.0025130951813415597,0.00033010619763622736,0.02953079133491911,0.0009050375554122271,0.6447677311227843,0.23429461543801855
hurricane tracker carolinas midatlantic should watch maria forecasters say,6,6,0.00741068432643767,0.08039963969752993,0.002566648352894212,0.0003340678041280198,0.028361506996832823,0.0009066341459266034,0.6478265995991422,0.23219421907710855
news via foxnews the latest fires smoke reaches california beach town,6,7,0.007232242681375981,0.07577927400234793,0.002695888799728969,0.0009538314136691647,0.02680172030809678,0.0003357472967522092,0.2377445831469978,0.648456712351031
children unable to attend school in devastated puerto rico,0,7,0.009389705267512082,0.030602274358800405,0.0026705017677903626,0.0009255693159834148,0.08371699272536062,0.0003399554226488571,0.22950646432004876,0.6428485368218555
see hurricane irmas massive eye engulf an island,6,6,0.007730038975538306,0.08429637093533596,0.0026483592353167594,0.000334352424570903,0.022979020464183517,0.0009088753277700923,0.6518761989273406,0.22922678370994387
a selection of sunday front pages focusing on the california wildfires,7,6,0.0026263767278106977,0.23335968662090428,0.007965393897928913,0.0009137951988798168,0.020599602679792682,0.00033453763753267686,0.6486627921784693,0.08553781505868162
we called they answered showing up outside section 8 housing closed after irma residents wait to get b,4,6,0.030246615271237707,0.010879255669176054,0.0025130063409718353,0.00033576644317507556,0.08240373415760072,0.0009113305426366636,0.6385777282631808,0.23413256331202115
irma blues latest speed test on verizon unlimited plan i hope spectrum services return soon,7,6,0.007650458169669066,0.02736549543888015,0.002534806512191918,0.0003324220558261175,0.07927825183062262,0.0009073145217913384,0.6467889098634086,0.23514234160761
i wanted to get mora i didnt get her but at least i got lyonesse,7,7,0.002945982344020748,0.025321563058966608,0.010304892582240563,0.0009167891729581894,0.07470401763231208,0.00033543256080369535,0.22908827078922125,0.6563830518594768
beyond harvey and irma,6,6,0.009338301384650945,0.028869270962913023,0.0025022702798786537,0.00033109014624654653,0.08033140900022906,0.0009044397651099328,0.6422691343286281,0.23545408413234367
please donate generously for the flood victims of sri lanka,4,4,0.00811391257212281,0.07857808293265565,0.0030308929769185407,0.0003334407409625505,0.654049998335951,0.0009076594516986545,0.230415684044136,0.02457032894555483
everything dog lovers need to know about hurricane harvey,6,6,0.027965405844795923,0.009601575984855783,0.002477682292961703,0.00032891805882511414,0.08337169907629301,0.0009001714967723878,0.642688807053767,0.232665740191729
tesla is helping puerto rico get its power back via fastcompany,4,4,0.007222871506962053,0.02984703549607114,0.002535858613530568,0.00033100980363620587,0.6397584637765473,0.0009020813120627097,0.08460591670548269,0.2347967627857072
harvey victims nerves fray as days drag in houston shelter,4,4,0.2321596614829614,0.027599689587709933,0.002616529183065487,0.000327342125775458,0.6457556443785566,0.000896772478815752,0.08361601614625377,0.007028344616861554
this is a disaster money is running out in hurricaneravaged puerto rico,6,7,0.007821654301344738,0.08193831840166839,0.00251766427043049,0.00033012929491741067,0.030164929544525477,0.0009003125007543317,0.2308840931272421,0.645442898559117
the national academy jury of 1907 francis luis mora,7,7,0.007664354229899078,0.02973211941851077,0.00255551850279971,0.00033272473188052126,0.08297740562706035,0.0009042084165264607,0.22871232461163593,0.6471213444616872
a pic of the mexican government helping mexicos earthquake recovery,7,4,0.0071967182145737775,0.024736229731956293,0.0026023845489226804,0.0009152550750840012,0.6465169725773106,0.00033424722362036363,0.23513822799976875,0.08255996462876367
lloyds of london estimates net claims for hurricane maria of 900 mln,4,6,0.007561353004222211,0.2244018782813081,0.0025980705326085047,0.0003323276641228015,0.08329410562055431,0.000905672932461091,0.6521915256647813,0.028715066299941604
domenica se atlantic coast hamlets devastated by hurricanemaria says,1,1,0.008184041543315201,0.6396443272341774,0.00252923230356399,0.0003362821916218128,0.030011454605785307,0.0009558740969593125,0.23765024130888784,0.08068854671568913
more than 400 killed in iraniraq quake state media says,2,2,0.0026793090171515033,0.026241663174656947,0.6515825069229884,0.00033044517414196583,0.008999411825079646,0.0008985975852078631,0.22817634861715572,0.081091717683618
bravo helping in puertorico,4,4,0.007452428895879243,0.029973228612109357,0.0025513372079507706,0.0009107524088685093,0.6452032265756563,0.0003342706331432949,0.08126721214356039,0.2323075435228322
3 weeks the mora until cancun a12 1a12 1,7,7,0.007359916174440604,0.02893796257264123,0.0025291576177058125,0.0009038240614019463,0.0798297274686815,0.0003314504879002151,0.22977964348278815,0.6503283181344406
the sarasota heraldtribune from wednesday 96 friday 915 irma sarasota,7,7,0.007240999651042734,0.08197804963223798,0.0025438620476580984,0.00033270689832290315,0.029368423527425934,0.0009046243436397042,0.23567194018905677,0.6419593937106156
trump blames delayed message to mexican quake victims on bad phone reception,7,7,0.0073402356582663135,0.022686633209221246,0.00271824379486826,0.00033522042934487867,0.08476644538881248,0.0009108733426504486,0.23530176878469647,0.6459405793921398
this newborn photo shoot celebrates hurricane harvey rescue,4,4,0.009161723019410376,0.026625242255370492,0.002523070848560238,0.0003322176913575923,0.6400987032218912,0.0009175395967831651,0.23524087590336823,0.08510062746325865
week review beat mtsu harvey relief drive practice hard rti we noticed anchor down,6,4,0.00980365653532429,0.027620187252454624,0.002495260946555285,0.00033114595938507396,0.6406085090062208,0.0009055906745644391,0.08534800138502284,0.2328876482404726
mortgage rates rise monday as irmaaos impact becomes clearer,6,6,0.007287342283746822,0.08051825978433531,0.002651379024353537,0.00033203414135494894,0.02979186995340125,0.0009049547751096312,0.646723180699186,0.23179097933851248
ancient artifacts saved from deadly earthquake hold clues to mysteries of iraqs past,7,6,0.007321564726277616,0.02890353478392592,0.002721694834323423,0.0009222029825435694,0.08332701356519229,0.0003340729937980277,0.643940595710268,0.23252932040367116
billboard is streaming the drag race queens puerto rico benefit show,7,7,0.007134193182817939,0.02937214816864794,0.0024931464798257762,0.0008958447632362548,0.23148998191741701,0.00032921873137930314,0.08345632379520092,0.6448291429614746
broward county public schools to reopen on monday september 18 following hurricane irma,6,6,0.007181556000881487,0.08316329322579442,0.0026338390927513164,0.00033206757049751974,0.029434510872558092,0.0009060433751508651,0.648388068144814,0.2279606217175523
hurricane jose ambles off us coast as new tropical storm maria tracks irmas early path,6,6,0.007265208730172143,0.08302420617409503,0.002611800889249007,0.0009053136641253148,0.029276076939474534,0.000332062621487102,0.655142696774312,0.22144263420708485
cute totes proceeds to united ways mexico earthquake relief fund,7,4,0.007261727301346885,0.019339504778113217,0.0025610009034006853,0.0009069607494033747,0.6514000912524964,0.0003303601569594757,0.08365929664675903,0.234541058211521
usa today sees a template in its hurricane irma email newsletter,6,6,0.0073773194910189835,0.23224869949125085,0.002587962418080193,0.0003329678077482291,0.029131938753445115,0.0009063958913675569,0.6422444449335222,0.08517027121356692
dont forget about puerto rico,7,7,0.007228571119963884,0.022013959519441812,0.0025226012268167305,0.0009007661914174882,0.08351511044040597,0.0003304200968706955,0.23392235978699163,0.6495662116180919
breaking tornado watch in orlando area hurricaneirma,6,6,0.00736527120583593,0.22967404337534822,0.002649105277491488,0.000910028099865526,0.029679782472456326,0.0003337820745040725,0.6466314903565186,0.08275649713797995
is postponing the floridapeppi due to the impact of hurricane irma on florida new date and venue wil,6,6,0.006859880140494891,0.08342632711345409,0.002551676247416038,0.00032861004056661074,0.028377512406364144,0.0008952955207154025,0.6484788236998457,0.22908187483114317
popular on 500px before hurricane irma by lindahammad streetphotography,7,6,0.007212148778444569,0.08303554177841799,0.002530749705732411,0.00033256874191058407,0.029551884659011533,0.000913519397933744,0.6497708155023513,0.22665277143619791
sarasota group escapes ca wildfire usa vacation travel,7,7,0.00955665591175907,0.029722940144558552,0.00258554158477078,0.0009069984869837698,0.08004342474323516,0.000333414111086301,0.23085511810063064,0.6459959069169756
donald drumpf puerto rico wants everything to be done for them,7,7,0.007601768119122195,0.026881938814933778,0.002505582588392787,0.00033303977070882877,0.23124306920884166,0.0009090969812393622,0.08401033629766012,0.6465151682191014
electricity is something you dont notice until its gone report from puerto rico,1,7,0.007735587837615423,0.08261939615948838,0.002485765446769314,0.00032958824701488995,0.029696919567616057,0.0008972717869721099,0.23302364766964892,0.6432118232848749
raradio israel sends aid to mexico after devastating earthquake claims 248 lives,4,4,0.021514825276770566,0.0027257394299858963,0.008100686580652936,0.0009104444312540505,0.6508871642753224,0.0003323726564624873,0.23245971046950756,0.08306905688004404
my tattoo so so so in love credit simon mora at hollow crown tattoo liverpool anime tattoo,7,7,0.007530303587777786,0.027857603016582064,0.002597255625596572,0.0009064153786424421,0.08348221909373517,0.00033278496208950586,0.2290031934668545,0.6482902248687219
postkatrina lessons for harveys returning students,7,6,0.00839940415150053,0.02836954781034509,0.0025333941317505874,0.00033263208288918734,0.08480103345410286,0.0009050367020537892,0.6462136596244034,0.22844529204295458
if you dont like our president then dont accept federal fund relief help for hurricane maria dont be a hipocrite,7,4,0.0071962778691334215,0.02091371689427625,0.002504387666622593,0.0009041794310395394,0.6461642228411957,0.00033192290691443126,0.23567983163049042,0.08630546076032772
one california doctoras dangerous mission to save his newborn patients from fire,4,4,0.007301147784545131,0.02525217078633611,0.0025961513049316946,0.00033330788561855513,0.6418553197587102,0.0009110271994509846,0.2354988790935995,0.0862519961868077
trending this week operators prepare for irma restaurant serves as shelter,4,6,0.008518325206469286,0.025313644348908024,0.002547064392226502,0.0003324029493244414,0.08368938309299725,0.000910589075642935,0.6487611352434879,0.22992745569094372
charter communications commits 135 million to hurricane irma relief efforts,4,4,0.006795818874038575,0.0296128424692348,0.0025019628386947967,0.0003310892226168146,0.6522505930024723,0.0009028874053970857,0.22897079465951753,0.0786340115280279
tonight is dedicated to you puerto rico make sure to tune in on nbc at 10 et 9 ct a12ca12c,7,7,0.007379703730987199,0.02236321458851017,0.002547316763634596,0.00033193705283713086,0.08505178028817945,0.0009020745122781153,0.2333747468077868,0.6480492262557865
i live in puerto rico and its hella hot but who cares imma be rocking this shit for days,7,7,0.007514193266157789,0.02820394461816162,0.0025497958212954436,0.00033146584013817677,0.08317341563132312,0.0009032766262039477,0.23209975098723354,0.6452241572094862
roundup bitcoin blowing up california fire survival story amp college basketball player,7,7,0.007597202441740067,0.027732815897990107,0.0025739003260361495,0.00033219523893657997,0.08185752512217359,0.0009100003945226305,0.2362400860682067,0.6427562745103943
i had a great time packing meal for puerto rico yesterday a14y5a14y7a14y5a14y7a14y5a14y7,7,4,0.007127692543271105,0.019639542622259407,0.0025689890631746884,0.00033301506138828013,0.6473313179692175,0.0009090402525838008,0.0826260164053423,0.23946438608276294
junk food dirty water and disease a month later puerto rico is still suffering,6,7,0.0074861393854030196,0.028533971746301935,0.002533344190108728,0.0003314957092559941,0.08359397896812913,0.0009026043977622385,0.23425527520117714,0.6423631904018617
flesheating bacteria cancercausing chemicals and mold harvey and irmas lingering health threats,6,6,0.029732327939122574,0.010294392660557332,0.0025431919687623834,0.00033187381950028274,0.07710152400294992,0.0009046329468282945,0.644581934454458,0.2345101222078212
he collected donations for tx after hurricaneharvey now lorain councilman sends supplies to fl for hurricaneirma,4,4,0.006942742996881848,0.025020201233883602,0.002486015785679195,0.0003305816799433621,0.6538448631559649,0.0009032592257801587,0.2307659173395737,0.07970641858229319
california native loses everything in fire just two wee topstories,6,7,0.009587699330708943,0.08440706365777076,0.002910405069196613,0.0009116348766905358,0.0243302694379145,0.00033431491208926967,0.23188702218745585,0.6456315905281735
fema to rush recovery money for insurance claims related to harvey algeria,6,4,0.025250194165725933,0.007146280542045652,0.0025854127019100466,0.0003304720007692275,0.6434058786901248,0.0009044111080697138,0.235385106298489,0.08499224449286555
new death toll in californias wildfires has jumped to 21 details,2,2,0.002734733524085301,0.024746184764984552,0.6480917763071729,0.0009120647212977608,0.008079627221390662,0.0003324226973608607,0.23154701270047826,0.08355617806322965
league city tx this morning harvey,7,7,0.007183191808884643,0.08232307104537008,0.0025098825844128763,0.0003320346641770963,0.030606536088495624,0.0009084524861568248,0.23540449624140047,0.6407323350811023
midnight circus is so cool for the whole family link for tix,7,6,0.008757903648593952,0.027548689382857088,0.0025910786125590297,0.0009166209000746185,0.0859537681283913,0.0003342128058187574,0.6399684509418156,0.23392927557988957
beyoncas list of climate change disasters seem to include the mexico 81 earthquake,6,6,0.007033017121286391,0.08140309254483476,0.002616965977037903,0.0009091817537697933,0.029005591402187673,0.0003308858131374037,0.6461487590936831,0.23255250629406307
fire jumps southern california highway in rancho cucamonga a nbc 7 sana diego,1,6,0.00852575683168387,0.23152313278611453,0.0026169415050354243,0.0009088858847123147,0.029756637523530662,0.0003334823560242859,0.6417717952431117,0.0845633678697873
tropical update tropical storm maria is bigger hurricane lee is stronger no issue for fl moving away swfl,6,6,0.007477835977905137,0.0789103413367316,0.0025149728368206387,0.00033088658045439285,0.027659457274006465,0.0008997773703742722,0.6527817158730695,0.22942501275063792
harvey houstonstrong watch gulf 20 chance tropical development next 5 days would likely move toward tx,6,6,0.009150954824314703,0.07951275261722386,0.00252533674569375,0.00033301697790427584,0.02896714536685265,0.0009131244231758265,0.6502149819254652,0.22838268711936985
dont get sick helping w harvey,6,4,0.00794879087589888,0.021514119752188452,0.002510040872000089,0.00033134816807901167,0.6482977502013505,0.0009092216289758567,0.0852108913059181,0.233277837195589
early morning reminder to do your part californiawildfires california,6,7,0.00705101332579669,0.02729920929636497,0.0026826356057764256,0.000902461665863308,0.08216870588928385,0.00033172674803241326,0.23471731581928634,0.6448469316495961
homes and lives in ruins in california wildfires nbc nightly news,1,1,0.0031692310090735425,0.6431316936166056,0.010407958990488854,0.0009310525364336776,0.23121487900797236,0.0003367211514557662,0.08488756263291457,0.025920901055055658
jose andres wants to use school kitchens in puerto rico to feed more people,4,4,0.007979177281566427,0.026874718187323666,0.0026855791448812663,0.0009053571547093751,0.645346234045326,0.00033150274140559014,0.08078930868390614,0.23508812276088148
meet harvey and irma a love thatas weathered 75 years fitnessworldabs,7,7,0.008011180819964155,0.027879868086856475,0.0027235771328991054,0.000333216388496902,0.07722296492979713,0.0009089064594559989,0.23503376985630436,0.6478865163262257
icymi trump pushes to run for senate during irma recovery visit,7,6,0.006888893762055065,0.02713253615269906,0.0024922120807067114,0.00033098539946067125,0.23524876766994954,0.0009045395878717861,0.6428790108854544,0.0841230544618029
why couldnt and have come to puerto rico instead of,7,7,0.008259651059122443,0.09186684110466173,0.0027760283636132136,0.00036413978885484845,0.0918285341125724,0.0009928459051952183,0.09270763990207259,0.7112043197639075
the gym above subway got destroyed the cement wall got blown out hurricanemaria,1,7,0.007222812877310192,0.23354118672325355,0.002528945243205679,0.0003306444523356164,0.028261431446626836,0.000912260026410377,0.08420321318137441,0.6429995060494833
5am irma update national hurricane center still has irma making landfall near miami sunday as cat 4 storm,6,6,0.0074028153114163685,0.23038671357627516,0.0028790656754778114,0.0003337598178870036,0.020088458889530113,0.0009089597562059789,0.6558416268284435,0.08215860014476406
waiting for answers in corpus christi,7,6,0.02796144545165311,0.008235800867674274,0.0025808691149267608,0.0003330914521005855,0.08312479476914261,0.0009051889819001261,0.6421964798532789,0.23466232950932378
gospel singer performs for harvey evacuees in conroe,7,4,0.22808912305637927,0.008121769977386239,0.0025495348706707018,0.0003317458138307185,0.6469661727168539,0.0009049798676714237,0.08251580081690661,0.03052087288030109
tampa news polk county flower shop struggling with business after damage from hurricane irma,6,6,0.008456308208209017,0.23392508595224523,0.002543553580871916,0.0003369456370598844,0.08353577916707629,0.0009154472286058309,0.6414726093847585,0.02881427084117328
proposed rewiring for puerto rico,7,7,0.007128199548901817,0.021234983275750206,0.002504904812002499,0.0009029158378197505,0.23681898134252913,0.0003309222839055365,0.0843146601330859,0.6467644327660051
from the ap archives old san juan mainly untouched by hurricane maria,6,6,0.010273634132518313,0.08308647414534284,0.002509570299112969,0.0003331748560263832,0.028428746444109157,0.0009086954498215027,0.6451732101591323,0.22928649451393635
whats left of the mighty hurricane maria is now passing harmlessly to the south of us,6,6,0.008907964407573164,0.08336521860294728,0.0025653082111385178,0.00033103914368408886,0.029201660218232704,0.0008997598900481004,0.6510331302910883,0.22369591923528778
the caribbean has been hit by a lot of storms this year but we still have 72 days until hurricane season ends,6,6,0.007526659543719171,0.23653080987089356,0.002571216927996414,0.0003343120693561612,0.021415606686043826,0.0009174178160136534,0.6474068940826492,0.08329708300332794
nature at its fiercest and humanity at its best,7,7,0.0073782652182986025,0.027807154065664086,0.002590303499583586,0.0003319405793441024,0.08089902523553866,0.0009099720033078634,0.23435844673117276,0.6457248926670902
rescue workers in iran search for survivors after blocks in town of 30000 people collapsed,4,4,0.22049915802753514,0.08090041880170228,0.002802905325192912,0.0009354374569313385,0.6600915845692519,0.0003370201842751527,0.026582784688647648,0.007850690946463698
help raise money for harvey amp irma victims at on 920 ticket link,4,4,0.007846354469765286,0.019963624262059877,0.0025534538024313863,0.00033226481453669577,0.6524308693860319,0.0009059087524463577,0.08427184169293911,0.23169568281978944
a message from the queen to the president of mexico following the recent earthquake,7,6,0.007200100671905891,0.027946120644589716,0.0025254389453384213,0.0009029108040743127,0.0848544941381105,0.0003299438911818188,0.6410311017655413,0.235209889139258
same region different islands distinct difference between irma and maria tracks in the caribbean,6,6,0.007129410590875295,0.08273917815251122,0.002570584200493041,0.0003308008833665793,0.02796749741687211,0.0009007528802064959,0.6477957707925222,0.2305660050831532
now i know why trump is spoiled he switch to imported milk please share i am hungry in puerto rico,7,7,0.0072006133269392715,0.021885463133029873,0.0025395426473388623,0.00033173332162658524,0.08288078521050829,0.0009078403369023894,0.2332158591525618,0.6510381628710928
sabine pass lng terminal receives first tanker since disruption from hurricane harvey,6,6,0.007343296987974191,0.08412778504310688,0.0025772144891310776,0.00033522553964453915,0.030695131268858464,0.0009141114612054463,0.6430117977704783,0.23099543743960105
help is urgently needed in cuba through friday 922 cda will collect donations for irma,4,4,0.008158114303680334,0.02418490398629966,0.0024954367156919733,0.00033306112062973835,0.6505921362435823,0.000906862331986407,0.22924883092309173,0.08408065437503788
austin stands with houston scenes from weekend hurricane harvey benefits,4,7,0.008630649397419721,0.030035509491261225,0.0025283937328553314,0.0003343789198417118,0.0828239181746083,0.0009421806110014925,0.23676695947573392,0.6379380101972785
forget about can you hear me now under this cell phone coverage scenario 13th day mariapr hurricanemaria,7,7,0.007000432409352516,0.027296033101621837,0.0024838104374585025,0.000329835779958256,0.07837417426108262,0.0009035230926022536,0.2362682956656799,0.647343895252244
good gear morakniv garberg fixedblade knife,7,7,0.007284525481118539,0.028587469533018675,0.0025570669734727124,0.0003321486654884643,0.08107102592069947,0.0009043402646814955,0.23453966565567033,0.6447237575058502
us to provide rs350mn flood relief to srilanka,4,4,0.007595666634435639,0.021774005720889774,0.0025224045600203784,0.0003303640740529208,0.6531798587519889,0.0009034625028476631,0.08404105361688725,0.22965318413887745
hurricane harvey victims take shelter in san angelo,0,0,0.6439187311012144,0.0074980055949836885,0.0025578233403903174,0.00033183731860384,0.23720386290763715,0.0009098072154471355,0.08613988921313968,0.021440043308583723
days of national mourning over life and traffic getting back to normal mexicoearthquake mexicocity,7,6,0.0025694851367013736,0.07973888504652937,0.007602393614279918,0.0003300264461135508,0.027791803115052204,0.0009043034481164721,0.6451996519519214,0.23586345124128563
if you havent seen the destruction from harvey heres what our rv park looks like im standing at the front door,1,7,0.00716144301248786,0.2334846295414895,0.002477817847969864,0.00033056959159822225,0.0296666433232724,0.0008995679651895562,0.08592996300379717,0.6400493657141954
hurricane maria wont impact directly but indirectly bring high surf to our coastline the next two days,6,6,0.009851227275719555,0.081759487160438,0.0025232119538694912,0.00033182057112792423,0.02969782007765714,0.0009020225124029994,0.6478909059343152,0.22704350451446956
letters hard to know if trump will learn anything from hurricane harvey,6,6,0.007792047951688821,0.027236165710324292,0.002519635795288994,0.00033076359441677684,0.08426210612218339,0.0009052209701801239,0.6431207011971419,0.2338333586587756
new 00z gfs shows irma as intense hurricane just offshore of miami sunday am tropics,6,6,0.007194960093790139,0.08180529961783715,0.0028356078256492616,0.00033405430426852994,0.025143121719728996,0.0009056303861183202,0.6491734668486011,0.23260785920400653
oliveharvey collegehonoring the us powmia war veterans on today,7,7,0.007005026866391294,0.028610798255355174,0.0025888937186095556,0.00033061273743818933,0.08406453521806113,0.0009014924649731486,0.23386989168835537,0.6426287490508162
hmmmm todays weather map vs the one from the day after tomorrow irma doomsday,6,6,0.007017187544190239,0.028292380943300017,0.0024984280300130433,0.0009045677067180067,0.08044007387520263,0.00033174520395723895,0.6452073367962357,0.23530827990038322
sislovesme moka mora hush hush big brother full video porn sexy hot,7,7,0.007165668823411822,0.07914637924815551,0.002535095288574041,0.0009061831457333172,0.026835828195410374,0.0003327690446400518,0.2332518491862291,0.6498262270678458
father dies of asthma attack from californiaa wildfires,2,6,0.002643025602173431,0.027498898141236405,0.009249074366028337,0.0009178903501693779,0.23081163292215556,0.000335209993885256,0.6431867974521833,0.08535747117216844
iom plans more help for floodhit srilanka top news,4,4,0.007953278205471691,0.020663428209072993,0.002561476370857663,0.00033356141932674847,0.6512570996382112,0.0009094014805306741,0.08294869893796915,0.2333730557385599
harvey still causing damage and flooding,1,1,0.007748383159815052,0.6470262222490936,0.0025427509998052805,0.0003320795381640735,0.023815501825695317,0.0009070864145304205,0.23412433411692468,0.08350364169597155
still doesnt have the majority of menu items a whole week after irma hit 2,7,6,0.009416113861982852,0.23058507028203196,0.0025631451989303893,0.0009053823794831525,0.028751195351330194,0.00033185448927723166,0.6444803461064514,0.08296689233051294
watch now 330 killed earthquake 75 magnitude in iraq and kuwait,2,2,0.0028257152051467094,0.0075002743592909645,0.6496572037732852,0.0009066704106588091,0.02160041961783513,0.0003309152706222638,0.23480373510939104,0.08237506625376996
leepride red raiders helping with hurricane harvey disaster relief a12ea128pts,4,4,0.02360490062784063,0.007222274987668408,0.0024998069802196496,0.00033287102404584164,0.6610502041742159,0.0009235956128476238,0.23586416170621471,0.06850218488694726
found with an injured wing this little owl is now receiving the care he deserves at our affiliate swfc irma,4,7,0.002969421170674463,0.09013559273708964,0.00922631158949865,0.0010250988768364545,0.09087954129194652,0.0003704227206079373,0.08984545623615992,0.7155481553771864
losangelestimes another fire has broken out in southerncalifornia,6,6,0.009935172052322258,0.31311178936310774,0.003506098046388018,0.000449158461674264,0.04094266898992691,0.0012266087361187262,0.3176020186536505,0.3132264856968115
money irma business what us decline the world still watches the fed via bv ai blooma,7,7,0.007245824453622946,0.02626681923698174,0.0025336659334735307,0.0009038186761938452,0.07849793706794712,0.00033106466513530317,0.2343081424272981,0.6499127275393474
2017 joins a list of elite years with multiple category 5s in the atlantic maria irma,6,6,0.007228319237768519,0.08143699616733237,0.0026485620175748254,0.0003318820391523918,0.026243603720572252,0.0009028451569248096,0.6513768430560816,0.22983094860459324
wsbtv reports bmonahanwsb maria is actually a hurricane again barely wind at 75 mph but its headed ou,6,6,0.007679366833993506,0.08345841871427376,0.0026989944505916427,0.00033481083154112583,0.020462649637870884,0.0009140209957146962,0.6562116007100628,0.22824013782595168
new bbe blog post telemedicine provides care for hurricane harvey victims,4,4,0.026227084990871296,0.006918344749344397,0.002549663364470034,0.0003288544573321979,0.6489146678026204,0.0009004380844787216,0.23203057156829748,0.08213037498258549
live at this am awaiting arrival of on his way to puerto rico abc7ny,7,7,0.006893661577719655,0.024849531272954434,0.002528052086636135,0.00032950712541531983,0.0844539956220134,0.0009079702105109927,0.2323395109948747,0.6476977711098754
extension granted due to hurricane irma amp harvey,6,6,0.006888050365675884,0.08439902135612765,0.002507946972286838,0.0003284466403007852,0.2312249881652807,0.0008980634795923298,0.6436249363370881,0.030128546683647728
meet carmen yulan cruz the woman taking on donald trump after hurricane maria a newsweea,7,7,0.009904739457695969,0.027009327435322833,0.0027093425936788027,0.0009486573655245697,0.08156472010636659,0.0003369767000021691,0.23675110847028477,0.6407751278711243
cnn when hurricane maria knocked out power and phone phoneservices puertorico,1,1,0.007129644564129612,0.6454695965175236,0.0025480125226070545,0.00033545776346275476,0.020889248961585567,0.000911075253736895,0.23721170237712808,0.08550526203982667
puerto rico board asks congress for backing in fight with governor,7,7,0.007392788373587109,0.02140121184519718,0.0025181166448277957,0.0009037850303127154,0.23595904472366228,0.00033128970716229684,0.08373574668225064,0.647758016993
photos show destruction and scramble for survivors after deadly mexico earthquake,1,1,0.010835732137898796,0.6327755065949388,0.0026364143853541684,0.0009499370020462981,0.08499141517536359,0.0003384490626285603,0.2366052363455281,0.03086730929624167
homes of the rich and famous in the path of hurricane irma,6,6,0.00855962074669335,0.2345395563121445,0.002636814624732451,0.00033021276669378303,0.026024766544464582,0.000900088591825915,0.6450059897307047,0.0820029506827407
visit our infrastructure map at the hurricane maria portal,7,6,0.007322553689570028,0.2335260920218522,0.0025172527988936468,0.0009047374345902449,0.030215148090472318,0.00033026832360917504,0.6439216355569111,0.08126231208410126
latest update on maria slow movement of storm could enhance impacts especially over the outer banks,6,6,0.006996193821194072,0.08259075412154736,0.002668801447965924,0.0003315026534114725,0.02186583382752041,0.0009071000349518194,0.6523715756693598,0.23226823842404928
1994a1 aministry of soundadj harveya12 6a a a,7,6,0.007474179600790182,0.08389235873971121,0.002581787268547198,0.00033302472408411045,0.03057924703296239,0.0009116890810351163,0.6397190230697722,0.2345086904830976
harvey was not a product of climate caused by change,6,6,0.007796851795236166,0.08551978484182857,0.0024953363233323144,0.0003307641916466547,0.02265135901174326,0.0009123982508364105,0.6469219343785264,0.2333715712068503
over 15 million people exposed to strong shaking after mexicoearthquake report,6,7,0.01007377822553309,0.039897869591955404,0.003970679796334551,0.0004534487004035097,0.31379739097234327,0.0012388556038928987,0.314949602673851,0.31561837443568624
is mentoring a moral obligation,7,7,0.00744347414123525,0.029091853789094336,0.0025556563325270436,0.0003315436753932794,0.0804099197020511,0.0009052791596914745,0.23451457677237345,0.6447476964276341
hope was just 10 days old when her family was rescued following harvey photo by noelle mills,0,7,0.010346495633987192,0.028219736206367665,0.00254118937905588,0.0009226863695088679,0.08015869752953464,0.00033561584711133696,0.2347298691267656,0.6427457099076689
everyone is welcome zumba for puerto rico,7,7,0.007162849685376753,0.021097181063806522,0.0024955576037360132,0.0008993617753019525,0.2339335539798975,0.0003305895515467163,0.08421715040199822,0.6498637559383363
tumi morake and martin bester join forces on jacaranda fmas new breakfast show,7,7,0.006937126955611538,0.029247725203413746,0.002570890672942509,0.00033114874294798636,0.08365237897945474,0.000902154851471721,0.23207515447726984,0.644283420116888
storm heads north off u s coast as irma like system eyes florida keys usnews,6,6,0.007225474148778473,0.23305348210486085,0.0027038991952009856,0.00033339978178421,0.022606582919431146,0.0009050992678668568,0.6496057054893611,0.0835663570927163
sundayas paper has zero mention of the california wildfires unbelievable not even a teaser at the bottom,7,6,0.007507268187739528,0.08332605279003091,0.002698372353677278,0.0009041908309837249,0.026849973547859264,0.0003321564887754661,0.6432646565220164,0.2351173292789174
what hurricane irma taught me by rebecca sherry eshraghi bahai,6,6,0.007637457844681301,0.0823167204681351,0.0025432929518489156,0.00033345234363303796,0.02785200427906707,0.0009102867805591211,0.6435216678746791,0.23488511745739635
hurricane harvey drenches texas one stormrelated death reported,2,2,0.0034845995445754326,0.02729380616265667,0.6325113496949123,0.0003388216311270689,0.010282640512872185,0.0009377368754348201,0.24172558100101368,0.08342546457740788
a we lost everything but we will rebuilda,1,7,0.010127417790531161,0.08476520238342027,0.0025995639528823555,0.0003370405010809258,0.029287694995130033,0.0009228524581766934,0.23418033602513325,0.6377798918936453
condor survival craft amp mora clipper knifea comparison,7,7,0.007625743107518221,0.02497530134282668,0.0025641745566292776,0.0009082360967512459,0.07722923904559242,0.0003324708908135877,0.23643673469603638,0.6499281002638322
hi douglas wilbur here had a scary time last plane from orlando b4 irma hope all in florida r ok,7,7,0.008072101640972678,0.02718675256342061,0.002589473569189862,0.00033413059653445944,0.07690547286750449,0.0009233867290620506,0.23676110683091348,0.6472275752024024
oucou7 release on the arrival of hurricane irma in the dominican republic,6,6,0.006998330506752422,0.23224763704461088,0.0025716207054153075,0.00033103052383271663,0.08191281552549297,0.0009010961167757799,0.6459872045691587,0.02905026500796124
student saves dozens of birds injured by hurricanemaria in puerto rico,4,4,0.007240435808763825,0.030612276685150572,0.002959906532138555,0.0003388777895955492,0.6422297575219181,0.0009150668404092841,0.08357082551636612,0.2321328533056578
first day back in class after hurricane irma todays word goal set goals today to become a better you tomorrow,6,7,0.007721161317002362,0.027522392629542328,0.002532855379193046,0.0009034012336038331,0.08481612540654705,0.00033107872923058814,0.2331435882340757,0.6430293970708051
me and my cousins waiting on the power to come back on hurricaneharvey,6,7,0.007031361696914419,0.029187702612879236,0.0025481080951953636,0.00033117318782254987,0.08139893905088845,0.0009068659352281714,0.23112327503172775,0.6474725743893441
mexico tallying economic cost of big earthquake,6,1,0.007082212417433092,0.6398169570905983,0.002640364850411557,0.0009120037092511271,0.029114575040861464,0.0003336278967253853,0.23441158561370518,0.0856886733810137
federal loans approved to help cities in hurricane harveys wake independentie,4,4,0.008011714334586932,0.02779566070838684,0.0025233583083025435,0.000331013250509738,0.6448325289669143,0.000898645584039044,0.2332559826079335,0.08235109623932714
only 2 more days to apply for this years mora award at,7,7,0.006900242321487264,0.025569626042318057,0.0025733086681358885,0.000330876212671379,0.08414152855617499,0.0009013689350737228,0.2336713173231235,0.6459117319410151
uk weather warning met office issues rain warnings for uk as maria arrives,6,6,0.007094679265765387,0.027847886196317766,0.0025456772429963705,0.0003306822821976026,0.08127573021753928,0.0008998400639596012,0.6484928355890802,0.2315126691421438
remarkable growth of solar industry in maryland climateaction podcast,7,7,0.007373084616466991,0.030019152882137794,0.0025951752371960192,0.0003326715076730498,0.08198067239805325,0.000906303859706794,0.23503773094491426,0.6417552085538519
lots of backyard work can be time consuming but linemen do whateverittakes to get the lights back on irma,4,7,0.007188125903425407,0.027066122323071273,0.0025442357889341053,0.0003296848454072274,0.08224196400194818,0.0009035979585074688,0.23538277144616704,0.6443434977325393
chp sends stern message to drone operators near californiaa wildfires,6,6,0.0079215403544024,0.02860038104717741,0.0025405346683713827,0.0003320052593979112,0.23349498757951725,0.0009054233709253491,0.6417635968024124,0.08444153091779595
us brigade working hard to reestablish power in puerto rico,4,4,0.007196270030120887,0.08343300850017597,0.002592578078696066,0.0008985626682053948,0.6427492324834191,0.00032934821224342025,0.03003351356619842,0.23276748646094073
hurricane maria path update shock spaghetti model warning a usa must watch out,6,6,0.007948888205465084,0.08177500507651285,0.00261667531605435,0.0009122162817804401,0.021782415194075182,0.00033423121006128623,0.6566996258036907,0.22793094291236027
edaccessiblert jugosocial amorality is simply an attitude we adopt toward people we dislikea oscarwilde moraa,7,7,0.009529956213703918,0.027298668076370436,0.002651415926564178,0.0003342015966793405,0.08143961653376645,0.0009169561536328168,0.22963465233964295,0.6481945331596398
mexico withdrew its offer of harvey aid to texas after last weeks powerful earthquake,4,4,0.007883502420361007,0.02633859734297178,0.0025444364213469324,0.0009025779939326722,0.6458199602180636,0.0003312948903482913,0.23555254301236395,0.08062708770061172
mike grabow 40 identified as among those killed in tubbs fire,0,2,0.002741668515087653,0.007972957983552263,0.6479247541622142,0.00033172781988558816,0.028444908033886666,0.0009045471145771269,0.2290188345612746,0.08266060180952187
news artists grapple with devastation caused by california wildfires,6,1,0.08345204117027603,0.6431574618064911,0.0025756861133961646,0.0009062194592753476,0.009436782122533533,0.0003331275077283082,0.23201717829554108,0.028121503524758368
a shrinking shrinking shrinkinga puerto rico faces a demographica disaster,1,7,0.008189315726640016,0.024040268870146077,0.002515175712184113,0.0009022268176503822,0.08386425010153685,0.00033059476333225556,0.2356840391631208,0.6444741288453895
early expert opinion is that hurricane irma will have little if any lasting effect on reala,6,6,0.007554961639397499,0.08450202383178924,0.002559238528832054,0.00033247538205600585,0.02219849740780148,0.0009066221562455041,0.6477079525595669,0.2342382284943112
deadly wildfires threaten thousands of acres of pot farms in california,1,1,0.027193586812442345,0.6466615662466026,0.003076709016613797,0.0009128373280476527,0.008436918498904792,0.0003341897863394817,0.23502044287718749,0.07836374943386172
iran pledges swift aid after major quake kills 400,4,2,0.0026913665693955283,0.010165131536062287,0.6366800660025056,0.0009148142401342719,0.23449170803800273,0.0003365100511781512,0.08693557515346079,0.027784828409260685
icymi tandberg joined at the hip climatesilence climatechange renewables harvey irma maria auspol,7,6,0.007176065228386949,0.02933405842833015,0.0025377229933905327,0.0003315021523184258,0.0820967592274917,0.0009026246913795677,0.6423220141890391,0.23529925308966357
puerto rico aid bill named for slang that means cool,7,7,0.0070141994925925185,0.020913441971893664,0.002562729157192312,0.0009114937874498195,0.23687604127812764,0.0003316190623049832,0.08494889224398348,0.6464415830064554
my heart goes with iran and iraq 73 earthquake pray for sarpole zahab and kurdistan fff444,7,7,0.08139506208258449,0.007940334862808443,0.002644548228137117,0.0009039883794113217,0.025786955183102617,0.0003322981043073787,0.2343361534472858,0.6466606597123628
letter to the editor who will pay for houston work hurricaneharvey,6,6,0.007358661632700685,0.023382617247961573,0.002508336353969453,0.0003313068224738671,0.23339025168903257,0.0009048598626201168,0.6463055375871058,0.08581842880413575
furry responder brings hope to mexico earthquakea victims,4,7,0.025355409397714114,0.008275078464469171,0.0025861644674386565,0.0009064922037383162,0.2348145360416656,0.0003331307152643594,0.08545638533906907,0.6422728033706407
powerful earthquake slams into mexico city,6,6,0.007331236233268097,0.08312420290037759,0.0026935110767223633,0.0009159135084215353,0.029385546592329295,0.0003309060867442625,0.6471160667816106,0.22910261682052624
silverado lending help to hurricane irma victims,4,4,0.02605610653999989,0.007454660725025031,0.0026427777499104673,0.0003369912534041706,0.6652198643507681,0.0009144020027940141,0.23293824430972113,0.06443695306837709
a join us oct 1st 1000am 6pm show your support and love for victims of mexicos earthquake,4,4,0.02080728801921429,0.0071486928962185125,0.002697324049951565,0.0009135748960680045,0.6470235754302336,0.00033255740684827575,0.23597539498161338,0.08510159231985247
a picture worth a thousand words hurricaneharvey,7,6,0.00767099001293266,0.028850054893693907,0.002539595076690101,0.0003328244256794551,0.07960018331977989,0.0009102996305777624,0.6435028801971192,0.236593172443527
us carriers offer free calls texts and data after hurricane maria and mexicoa,4,6,0.007661223633451287,0.028779784787093487,0.0025937893113499883,0.0009057039556749587,0.2328085018472029,0.00033249471903440777,0.6438590953216361,0.0830594064245569
hurricane maria has flooded multiple roads on ocracoke island again today,1,1,0.006974158922945659,0.6461688571589632,0.002566659385606042,0.00033233886994405836,0.023077629286469902,0.0009124467153043058,0.23793178912191698,0.08203612053884984
hurricanes irma harvey apply brakes to us economy marketwatch econ,6,6,0.007441547553315717,0.028324334523493547,0.002503975473269962,0.00033009766900172447,0.08402378026940019,0.0009021041765857908,0.643487008105429,0.23298715222950403
hij de la bernarda directly from puerto ricoajust 3 weeks away tkts going fast click,7,7,0.028444553735375383,0.009661364298063694,0.002550428845279335,0.0003318240212356598,0.08131351651958299,0.0009026050341765763,0.22966812322039032,0.647127584325896
airmen from the kentucky ang deployed to caribbean for hurricanemaria relief operations,4,4,0.006985362757457098,0.02040079606191759,0.002491742626277614,0.0003316166271816356,0.650957050627598,0.0009060101881832561,0.23284766181681393,0.08507975929457091
san juan puerto rico cant wait to go back later this year livingthedream,7,7,0.00995764577988783,0.021479124371422572,0.0024908140106459455,0.00033117748263137637,0.08068471183673921,0.0009036185464078102,0.23406244674421864,0.6500904612280467
fake irma video explodes online irma stjohn barbuda from the weather channel iphone app,7,6,0.006948912132223947,0.08061322989003865,0.0025296943416988674,0.000906912160893811,0.024313342330310447,0.0003319121479982941,0.6466652278602194,0.23769076913661658
houston corpus christi beaumont amp se texas seeing mosquitoes w zika virus harvey texas,7,6,0.007997874591799585,0.03000758324203347,0.002534454071325478,0.0003314079588990444,0.08301909992413184,0.0009071940478456499,0.647122649503026,0.228079736660939
its been done hurricane irma in lewd anime form we have reached peak horny,6,6,0.007597433072224058,0.08349192278314863,0.002600170387052938,0.0003368787204773666,0.03067670889640478,0.0009178416149518524,0.6438787242260969,0.23050032029964362
yes there were 4,7,7,0.008654929632588577,0.023507716022653776,0.0025739530693432403,0.0003335210157135745,0.08027842015855136,0.0009112807563132534,0.23666535403268996,0.6470748253121462
from linkedin donts to trump in puerto rico this weeks top leadership stories,7,7,0.007284590794547746,0.023811694535079128,0.0025205890135711253,0.00033239945615088165,0.08429367485407635,0.000904534286552786,0.23281695056959456,0.6480355664904274
gov scotts tour of irma s impact on swfl today travels around collier county hear what he had to say in marcoa,6,6,0.007570591507595397,0.022959224634747193,0.002529357345811596,0.0003315653873011813,0.08192844401942356,0.0009119593520126007,0.6478549426910664,0.23591391506204218
kris jenner poses showing off her wealth meanwhile in puerto rico,7,7,0.007519493498689527,0.02757562121731044,0.0025695814959062423,0.000914305251127115,0.08432397389733705,0.0003308270262067695,0.22850276185896848,0.6482634357544544
busy weekend new ropes from robinson cano billy hamilton and puerto ricos debut wbc game in 2006 sodomofo,7,7,0.00703228530347006,0.027782090628021273,0.0027171686413997136,0.0009026591482049389,0.08406717600681692,0.0003310378817558709,0.22911947228667554,0.6480481101036558
icymi mexicos second earthquake in two weeks leaves over 200 dead,2,2,0.00275147577167795,0.0270312769748037,0.6462554858444767,0.0009066610982549076,0.008708859892717614,0.00033219173897277877,0.22994517462302688,0.08406887405606947
call antinori construction to rebuild after irma 3867612805 eastcoastdockandseawall irma,1,6,0.007144233196618758,0.08413239167186214,0.002472794237324916,0.0009017790835082731,0.23316872629323068,0.0003308801507703987,0.6427630769160498,0.029086118450635037
puerto rico mayor and montana firm feud on twitter over restoring power,7,7,0.006970218327903947,0.02927230766971679,0.002740313517306783,0.0003312700006247322,0.07896757210553411,0.000901762011862166,0.2334519592740391,0.6473645970930123
the second disaster facing the victims of harvey and irma climatechange tfb f4f,0,6,0.02831448066386994,0.010190501538669829,0.002646792834253042,0.00033026889697538605,0.2297120005776591,0.0009001396415688495,0.6465327122710464,0.08137310357595746
happeningtoday tracking irma hurricane harvey relief efforts eat fit br campaign,6,4,0.00774044424158046,0.021517002219622695,0.0025042787792717673,0.00033233652943435375,0.648896176424279,0.0009063639160125477,0.23386746561256705,0.08423593227723208
update hurricane maria winds remain at 110 mph may increase in days,6,6,0.007852001828532762,0.23012638003656857,0.0025969107281595028,0.0003331531987673147,0.023369105907668063,0.0009051748370353017,0.6532309316601356,0.0815863418031329
newsletter endangered earth harveys toxic toll,6,6,0.0026471327410434965,0.23261047991932082,0.010627496617935321,0.0003346166482943998,0.0264235464848599,0.0009107793339497741,0.6416312603778835,0.08481468787671277
asian traders look to snap up us crude in wake of hurricane harvey,6,6,0.029086381625069466,0.008504517435905886,0.002588781364172633,0.0003302386518897555,0.2336941434957145,0.0009064981647803099,0.6413158907688565,0.08357354849361108
yaall look at my presidenta12 c puertoricorelief mexicoearthquake,7,7,0.0026070276162585815,0.08197934113176578,0.007887954963029483,0.0003347489470205857,0.030596025234041264,0.0009112740519645604,0.23168155219473502,0.6440020758611847
update northern california wildfires water tender operator killed in vehicle accident,2,2,0.002663006437161627,0.08238685040549865,0.6517635599219703,0.0009041163192549247,0.007463980761098407,0.00033361012330008084,0.2321225040630401,0.022362371968675816
this song starts a fire in me losangeles blink182 california a12s4,7,7,0.0075259921554406365,0.08137137108890521,0.002565743033071455,0.0009056031333895078,0.029966287570248464,0.0003335432268819099,0.23362867608642007,0.6437027837056426
mexico city earthquake triggers migration wave toa cancun,6,6,0.0025811896448308946,0.028161454624499403,0.0096758021868849,0.000915894743888112,0.08244759787707476,0.0003315193000779096,0.6406976864856859,0.23518885513705812
hurricane irma aftermath schools seek to regain normalcy,6,6,0.007734699293063126,0.0829259740655494,0.0025405609340370242,0.0003317215914901114,0.22982892620746218,0.0009076991398224223,0.6463426174526768,0.02938780131589883
opinion column harvey irma and 911 we can replace the stuff,6,6,0.008723652324185037,0.027412442212959597,0.0025088936757880495,0.0003325628896923274,0.23218709783044553,0.0009139372104311592,0.6414106304869708,0.08651078336952754
donate today a12fa14da12fa14da12fa14da12fa14da14y5a14y7a14y5a14y7a14y5a14y7a14y5a14y7,4,4,0.0075868111403137725,0.026287672239109407,0.0025161321981673037,0.000330948333153795,0.64638742681663,0.0009007162563088424,0.08234675829885695,0.23364353471746
harris feinstein raise concerns about wireless emergency alert system deficiencies duringa,7,6,0.007389972979436409,0.02912488270796701,0.0025519539072714563,0.0009113489028422091,0.08310918438748915,0.00033327865239537265,0.6428998076504776,0.23367957081212085
bill murray is the man 20 donation to puertoricorelief for an autograph,4,7,0.007499610516471005,0.022418680283011555,0.0025918058407625624,0.0009124629927837676,0.23561707265147327,0.0003341272995045129,0.08549407988883237,0.6451321605271608
hurricane irma symphony of compensation,0,6,0.007301616138577087,0.242487450333997,0.0026249513205891897,0.000337948963154399,0.05728264535145784,0.0009279648805180422,0.6703593249154416,0.01867809809626476
85 of puerto rico remains without power 40 of people still dont have access to drinking water,0,1,0.010415117809335957,0.6424311940869454,0.0026439351241106133,0.00033302808444917906,0.0832069474443904,0.0009069283584955094,0.029533887110999607,0.23052896198127334
house approves harvey relief bill among debt ceiling controversy,7,7,0.009163911536159726,0.030301150242365966,0.002536300692315122,0.0003319531505129639,0.08390652678463054,0.0009066162820691902,0.23054451426142028,0.6423090270505263
friend sent me this picture of a building on her street mexicoearthquake,1,7,0.007146188272337538,0.2320264044527381,0.0025315976581127054,0.0009100218410320757,0.027964853912746414,0.0003341121979405148,0.08459626105361244,0.6444905606114804
tracking this area of heavy rain that produced a tornado warning tracking now on cbs47,6,6,0.006899360987029746,0.23253265020958694,0.002638694937755585,0.0003307470898984971,0.025808799796161668,0.0009045717297795771,0.6456155336013524,0.08526964164843567
our power just came back on we lost it for about 3 hours i thought about puerto rico the whole time,7,7,0.007081716500734073,0.029382702514863628,0.0025352317874354677,0.00033200320187710557,0.08284880952344874,0.0009017388047327193,0.23297649690241903,0.6439413007644893
combined harvey amp irma losses could strain some reinsurers fitch,6,6,0.007899478562195939,0.23422590942336521,0.0024969697472881133,0.00033111051636220817,0.02824696633041357,0.000917426233846486,0.6431599908949914,0.08272214829153703
seth troxler donates 10k to earthquake relief efforts challenges fellow umf mexico,4,4,0.007123330593504605,0.021220740863007213,0.00255386563968018,0.0009090029858570402,0.6524942588478587,0.000331143152001538,0.08403244738601723,0.2313352105320734
come out and donate or volunteer to support those impacted by hurricane irma sat 923 pgcacirmadrive,4,4,0.008475252413935824,0.025859094222512334,0.002544667533198104,0.00033270336012129016,0.6591688019550223,0.0009140912270636086,0.0796197321593313,0.22308565712881537
our staffroom cake sale to help with irma,4,4,0.007516425217798834,0.02092765227930295,0.002492284607163357,0.0009073559524683168,0.65229219561758,0.00033186840594799725,0.08253493927965858,0.23299727864007996
benjamin mora reveals his thoughts on the penalty for ceres read,7,7,0.0071121871922213385,0.022821089714524043,0.0025769964444894524,0.0003343822452347827,0.08238761457938933,0.0009084812781571751,0.2365041103920619,0.6473551381539222
walt disney world in hurricane irma,6,6,0.007930928541769964,0.028813661701565275,0.0026035635919286686,0.00033341338464656575,0.081146964962686,0.0009066936825911157,0.6432444746764527,0.23502029945835964
hurricane maria important stuff for nc pm monday sept 25a 2017,6,6,0.0074331357037198025,0.026261797164680727,0.0025657738764120756,0.000332800971601427,0.2284595696024456,0.0009033015437711853,0.6495332154211838,0.08451040571618547
watch multiple buildings collapse during earthquake in mexico city,1,1,0.002769922171761902,0.6421802965548482,0.00840795776087503,0.0009304122709997827,0.03050996270966452,0.00033570199569205614,0.2328060636454935,0.08205968289066509
you can hurt me and try to break me but ill always rise and ill tear you the fuck up like a tornado,7,7,0.0073429337524362264,0.02192313667537344,0.0026165625141876684,0.00033052743480166196,0.08329832290315621,0.0009021207936419891,0.23574001943989728,0.6478463764865054
when an earthquake struck this rural corner of mexico city the flimsy shacks,7,6,0.007008064014160198,0.029138182231937638,0.002576125852219836,0.0009078550908386239,0.08052187197126406,0.00033304457855988593,0.6432327209220315,0.2362821353389883
more evidence of high winds from irma in south florida head south,6,6,0.007039304134338503,0.2280083317594362,0.0025570498175589785,0.0003307917757689263,0.08304367386641666,0.0009019704579808156,0.6489708910344076,0.029147987154092364
harrowing footage shows plane flying through hurricane irma,7,6,0.007203417922732849,0.23456074710455166,0.0025338263194225586,0.0003341368961006083,0.026272100265668865,0.0009237100480876753,0.648909216784179,0.07926284465925672
things still bad in puerto rico while more weather misery on the way,6,7,0.006854771028577443,0.02881679095922564,0.0026035384959146807,0.0009122914309343988,0.07625436298053288,0.0003311798402663136,0.23439445074027537,0.6498326145242731
bill quigley warning letter to harvey and irma survivors from katrina survivor,6,6,0.030243914248350462,0.007564418525849295,0.002505691949589424,0.00033419103994977945,0.08359719783945735,0.00090382113841591,0.6483576902011516,0.22649307505723626
deals todaysdeals nwt lularoe irmamystery sale extra large deals todaysdeals,7,7,0.007305620935587297,0.03019660483278216,0.0025571767348046377,0.0003326468695668925,0.07998332974037128,0.0009058864830203031,0.23248767313760482,0.6462310612662625
wildfires raging through northern california are terrifying,6,6,0.009585187711968052,0.23294026002574855,0.0026870083573382175,0.0003339784995692028,0.023769109123166595,0.0009158859127529113,0.6497778679958742,0.07999070237358218
watching maria tropical storm watch issued for nc coast,6,6,0.0074528158749110045,0.025697982875660278,0.00253320543905404,0.0009091307165423818,0.0816831445999202,0.0003320293800049423,0.6518954979184711,0.22949619319543615
keep sharing the mexicoquake everyday,6,7,0.007150160449708917,0.029059174351253523,0.002540592035886047,0.0003316824559019216,0.08382306177366339,0.0009024447944577729,0.23479301699578964,0.6413998671433387
dynamo and dash players recount harvey experiences foreverorange,7,7,0.23018852720248428,0.008621501454225676,0.002536194081405391,0.0003314451714483237,0.03020546510954744,0.0009075846955102138,0.08509421631432584,0.6421150659710528
pelosi wants the disaster relief package updated to include aid to california victims of the wildfires,4,4,0.021270920411008976,0.007559288247161317,0.0026888035973441243,0.00033074797642116224,0.6553889667533579,0.0008992530084072075,0.2298028377437211,0.08205918226257804
quilting club in kewanee illinois made 75 quilts for puerto rico thank you ladies,4,7,0.0070430702064717575,0.02032088797376157,0.0026215140563875966,0.0009030919204883482,0.2366012294837499,0.00033120198664825755,0.08499309832033955,0.6471859060521531
video news via cnn zakarias grand bargain to rebuild puerto rico,7,7,0.007124895904693077,0.028500617197126373,0.002503798113638983,0.0009075562025111687,0.23288388788096168,0.00033113549514602117,0.08485741327202437,0.6428906959338982
el fogon de jule has been offering a taste of puerto rico in readingpa for 25 years,7,7,0.00684269904431462,0.029387785683597453,0.0025774329829489633,0.00032958956670588733,0.23127762378885736,0.000903174382074543,0.08427860004018703,0.6444030945113142
imagine math students donate thousands to hurricane harvey relief,4,4,0.22970771006399215,0.007332931832914545,0.0024857322378698714,0.000327924785695888,0.648054029257593,0.0008983102830860207,0.08180145650286708,0.029391905035981457
queue of blooddonation after the destructive earthquake iran sympathy,4,1,0.007876540500009048,0.6410877002086625,0.002647792902473634,0.000908371333473973,0.027668615829825903,0.00033300477576493815,0.23525302032505913,0.08422495412473092
chef juan jose cuevas speaks to puerto ricos resiliencyaand why you should visit in 2018,7,7,0.007072629833982206,0.028750584273429563,0.0025131379321713743,0.0003299142956973709,0.22993509859568045,0.0009002156634717793,0.08435930316105103,0.6461391162445161
hurricane harvey and irma disasters bring potential of 700b unpaid mortgage balances,6,6,0.008303297009006954,0.07892957195606257,0.002514980256605302,0.0003312505879658887,0.029752761332092294,0.0009067450393735813,0.6517642931947768,0.22749710062411657
this worked for detroit and puerto ricolol,7,7,0.00709051424263246,0.021232204198437972,0.0025279271137016424,0.0003325813725722222,0.2334145267310321,0.0009064403846525847,0.08527003921818657,0.6492257667387844
hurricane harvey victims waiting for food houston texas 2017 colorized,0,4,0.23306775583245287,0.007223837951811134,0.0025116645289715482,0.00032943782297203093,0.6465777323415102,0.0009087924143923277,0.08581565791060201,0.02356512119728781
gov edwards announces statewide blood drive to help victims of hurricane harvey nwlanews,4,4,0.027821521638986615,0.007147428736247198,0.0025561208982325945,0.0003302591105603793,0.6555510718241536,0.0009032769320420675,0.2293140485083824,0.07637627235139506
i just had to evacuate my home in california due to the wildfire obviously i took the essentials,0,7,0.010098265397582445,0.08337105759442787,0.0027431859291564527,0.0009147689867756045,0.03039414116185496,0.00033459168757107605,0.2300931843284824,0.6420508049141493
birds parrots irma take care little birdies,7,7,0.007114287523485058,0.08335345375131695,0.0025405742879765747,0.00033274321349734256,0.029641822393444844,0.0009094679896408616,0.2347615553435121,0.6413460954971263
dead ass a12 2a12 2a12 2 harveyirma kenneka jenkins iphone x,7,7,0.0026469535191376435,0.009087594355136324,0.2252744581591475,0.00033380148227012173,0.028246190877262205,0.0009090167867979984,0.0842154307453239,0.6492865540749242
hurricane maria intensified explosively today from cat 3 to cat 5 loop,6,6,0.008610175128640814,0.02743659884568196,0.002551820671808269,0.0003316656308738649,0.08147497650563092,0.0009021193665561183,0.6485117615317386,0.23018088231906958
matt harvey fucks,7,7,0.008932003256534687,0.027785904132905753,0.00251864254985075,0.0003309090713836191,0.0812189936686256,0.0009077687618307096,0.23119207999684147,0.6471136985620275
needing irma resources visit for an updated list dial 211 or text your zip code to 898a,4,7,0.0072081294599931605,0.02541842454416121,0.0025717484295416522,0.0003324869200970559,0.08391407395032635,0.0009059075959581802,0.2362996154719909,0.6433496136279314
sandy survivors warn harvey and irma victims about whats ahead,6,0,0.6444368746358784,0.0071782599720887855,0.0025335098320359915,0.00033059314731189967,0.02984321836779475,0.0008990811183353133,0.23149375025012764,0.08328471267642723
hurricane marias predicted path twitter,6,6,0.007686840877515321,0.08318331591513055,0.002548668406258634,0.00033196575000682724,0.02834456194000678,0.0009041321119901026,0.6428125143294907,0.23418800066960116
fundraiser for hurricane irma and harvey with women beyond survival,4,4,0.0075702982283876626,0.020749979742766086,0.0025608962504019006,0.0003326010733090133,0.647003832902022,0.0009084290720633428,0.2358502593122185,0.08502370341883152
they did it supplies at ix to leave for puerto rico reports,4,4,0.008925570434310758,0.02239600275093043,0.002537672751993431,0.00033263976630705343,0.642291876092051,0.0009094154463763168,0.08589004953423507,0.23671677322379595
attagirl aracely way to get out there today to clean up for our neighbors a12saa14da127a128sd6workin4u harvey,7,4,0.008183407260777171,0.019743975888965013,0.002470160949873568,0.0003300834267453074,0.6467935320772267,0.0009082475475280682,0.08487283398027866,0.23669775886860553
jose is expected to weaken as he moves north along the e coast while maria is expected to strengthen as she movea,7,6,0.0071257199918301675,0.028018703799999677,0.0025970060047122894,0.0003294604165636412,0.08179200203850273,0.0008979147440736571,0.6485930912391208,0.230646101765197
lets help to make them strong again hurricanemaria,6,4,0.024951527452219315,0.007166676359076523,0.002485652165644313,0.000333565437809867,0.6464937661183416,0.00091039562037058,0.08546960616110338,0.23218881068543437
need a job fema needs texans to help with harvey recovery,4,4,0.030020064222791687,0.006933457609614614,0.0024552294139010902,0.00033071234431685605,0.6518386638780315,0.0008972788977138366,0.2314780556936455,0.07604653793998511
sent this to irma and he left me on read,6,6,0.00743235798110409,0.027410963094650628,0.0024982926224796204,0.00033209273311158075,0.08382787856626261,0.0009057138089691528,0.6419548353949234,0.23563786579849896
uw experts weigh in hurricane irmaaos unique magnitude future recovery response,6,6,0.00794778074759376,0.02850403772599647,0.0025683734675908967,0.00033141595049148575,0.23112100295643168,0.0009008965128042665,0.6470538167529912,0.08157267588610019
oh my god i never actually tried using the tornado in lego dimensions before this is cute,7,7,0.008160280386210432,0.08253615198127623,0.0025876155860419837,0.0003317473113085558,0.027636398236949963,0.0009040255933267651,0.23236596811647378,0.6454778127884123
thousands homeless as mexico quakes death toll tops 300,2,2,0.07849872843963249,0.002871289495130794,0.6518170236345654,0.000906174628830721,0.009230251608804065,0.00033283113793949605,0.02888508291215301,0.22745861814294424
major hurricane 0 maria category 3 115 mph windmapapp,6,6,0.007301793086541485,0.08189601010514302,0.0026700174828324695,0.0003336746005061701,0.02649478165496859,0.0009058272757614213,0.6524051191131407,0.22799277668110615
rich rodriguez ranked 38th best college coach by athlon,7,7,0.0074260662939584525,0.029297566106406672,0.0025413063914301814,0.0003320749319550178,0.08220842360085741,0.000907712289069839,0.2319391443728153,0.645347706013507
3monthold girl who was ripped from fathers arms during hurricane harvey found dead,2,2,0.00298336826811975,0.008435433574650578,0.6448206986874049,0.0009344560797441838,0.02781369837804621,0.00034020131825380096,0.23094257888350822,0.08372956481027238
expert warns harvey will be us most expensive natural disaster via,6,6,0.0077166758173331,0.027940324224223517,0.002537764753788748,0.0003309855300770569,0.07922849157230627,0.0009058335473506937,0.6486785597213148,0.2326613648336056
this is where one of the best computer models predicts harvey will besix days from now,6,7,0.009136381930037978,0.07847348607563882,0.0025264238072048675,0.0003300892559612311,0.025942254296642552,0.0009088735797805905,0.23632211124636945,0.6463603798083644
looking for answers times reporters tested the water in houston,6,6,0.00837482369516466,0.030492823201628626,0.002597301284846276,0.00033404942941229543,0.23379101720627507,0.0009106997743337302,0.6390171268496012,0.08448215855873809
matt harvey fits in with the mets highly questionable rotation,7,7,0.010237510096239664,0.029792491314630833,0.0025578357291218493,0.0003337606291795808,0.0819907462374221,0.0009140140963727694,0.2223590597135848,0.6518145821834483
tornado warnings popping up in south florida as irma nears,6,6,0.008074728235058145,0.09158154488286507,0.0029445390412213114,0.00036720782636666583,0.08938118094997788,0.0010081489792801975,0.7200587998414343,0.08658385024379649
from a one on onea documentary shows puerto rico school before the storm,7,7,0.007521580319455132,0.02930298461769497,0.002577455175662539,0.0009101718711974059,0.08194172820004578,0.0003337507111513075,0.23603077430885291,0.6413815547959401
my son playing in prospect park jnj hurricaneirma2017 hurricanemaria,7,7,0.007893701168343644,0.22787567870291592,0.0025605464461209526,0.00033483157448281425,0.030536324371670632,0.0009149592919456416,0.08241955833216913,0.6474644001123514
california and wines postfire wine sommelier sfrfoodies,1,7,0.007703834689352378,0.08529409965606695,0.0026803894597258286,0.0009092095745408839,0.02209479681927184,0.00033367686084085854,0.2359637898930803,0.6450202030471209
puerto rico is a ghost town as visitors stay away after storm,6,6,0.009941643829686644,0.0807538173818089,0.0025668279141785304,0.0009014521632076215,0.026903545867332894,0.00033033435147759887,0.6458784321257455,0.23272394636656235
key largo couple says hurricane irma took water away from florida bay,1,6,0.009068011058255889,0.030111555744739622,0.002708410061115593,0.00033533442465208103,0.22901533236300306,0.000921761409119769,0.6459567839868576,0.08188281095225623
lots of our forest to haul away thanks irma,6,7,0.007248529097141822,0.028931670330605418,0.0025011651498934428,0.0003316134309776939,0.08478762665835254,0.0009024607080088748,0.23513092349634265,0.6401660111286774
are harvey and irma good enough reasons to dump mcdonaldas stock via,7,6,0.008367396823587867,0.022466547427384926,0.0025068475800991154,0.0003323323059689994,0.08271428710110344,0.0009415163546473153,0.6470879276634384,0.23558314474376996
she died in california wildfire trying to rescue hera puppy,2,2,0.0083957997571185,0.002714294855709688,0.6450965202503484,0.0009114197822915236,0.22885414974368246,0.0003326542004329797,0.028927812752182463,0.0847673486582341
i came back from hurricane marias aftermath to annoying fan wars but what was i expecting rly,7,6,0.007287673540741168,0.08277091521217309,0.00252044543118283,0.0003302093094646967,0.02982316179318343,0.0009076886081720565,0.6430224959020922,0.2333374102029906
powerful 71 magnitude earthquake hits southern mexico,6,6,0.002576098019960121,0.027966202766001487,0.08170790964913055,0.0009222927985314626,0.008488823483174066,0.0003333626780891588,0.6566200532479759,0.2213852573571373
warmer waters are fueling hurricane harveyas power,6,6,0.007557339881538564,0.0847680137151238,0.002558325606908869,0.00033284009253229226,0.030091356989877728,0.0009128901770240091,0.6442925487741163,0.22948668476287842
hurricane harvey strikes a powerful blow to texas and lingers,6,6,0.009192024122587438,0.02938497033196675,0.0025543905140356492,0.0003305147437994168,0.08286894070971906,0.0009054204858806189,0.6469288056543279,0.22783493343768327
a few anxious faces around gintime o8 irma,7,6,0.008312416677875602,0.0773360167805023,0.002526650457353697,0.00033324399136552607,0.027969005660436686,0.0009065319091482536,0.6471998927682978,0.23541624175502013
held a miracle minute and raised 900 to aid victims of hurricaneharvey,4,4,0.02217946707036106,0.0071554866165936554,0.002587462946942899,0.0003305394190575575,0.6516149237559682,0.0009046979623047584,0.2305355534168912,0.08469186881188072
after irma solar plus storage a small beacon of light in a sea of darkness,7,6,0.007275796200981733,0.2310871166499848,0.002552792792265668,0.00033307287112666756,0.03070250390777744,0.0009059819462032168,0.6426216259260359,0.08452110970562454
rockport tx 08272017 video footage via harvey hmrd,7,1,0.007787874489525768,0.6438977738879046,0.0025222863259498174,0.0003340568586930897,0.022405428759697258,0.0009090568650931967,0.23619627250798123,0.085947250305155
1 oz silver coin 2015 proof blue marlin guy harvey designed gainsville,7,7,0.007630199531555462,0.028224251435440714,0.0025328354572030634,0.00033129442175089635,0.08253102544897066,0.0009058081366298153,0.23300437412177202,0.6448402114466775
live qampa hurricane irma slams florida,6,6,0.00709463037784035,0.0838257441709264,0.0026339288661226855,0.0003337375509601206,0.027705015949783987,0.0009082109774926591,0.6494848043862406,0.22801392772063317
confirmed tornado with storm north of south lake tahoe california cawx,7,6,0.007890563002591867,0.23118940928828033,0.0026396958756139833,0.0003329204559976715,0.02498385840276214,0.00090628627987082,0.6481667013874204,0.08389056530746293
hurricane maria not getting same amount of coverage as harvey ora irma,6,6,0.009181991159634232,0.2302321973958581,0.0025594476415310703,0.00033240382681295187,0.02100724286081748,0.0009131797766791962,0.6519673269918391,0.08380621034682799
guy fieri cooking 5000 meals day wildfire victims,7,4,0.007675401446692396,0.020509936756657916,0.002672270037703325,0.0009070737081369192,0.6482000386839599,0.0003334520845091887,0.0842167264572429,0.2354851008250974
trump tells people of puerto rico not to believe the fake news about response to,7,7,0.007644289501322145,0.021620255136212047,0.0025073808888324933,0.0003309335337041615,0.08470657687831115,0.0009021700123635832,0.23163997407062756,0.650648419978627
hurricane maria is pounding our hotel in fajardo puerto rico tourism,6,6,0.007697791448497639,0.03051526283436972,0.0025227971869289803,0.0009048791320546617,0.08262232125656477,0.0003302616790095915,0.6436015670504203,0.23180511941215434
distributing tarps in huamuchil oaxaca mexicoearthquake,4,7,0.007439017986624603,0.029071286451739918,0.0026993728993004837,0.0003331711134734216,0.0832456244855043,0.0009058102809178142,0.23300301976868307,0.6433026970137563
in this afternoons matinee performance mr harvey thorne will be playing the part of al jolson,7,7,0.007323862589997194,0.028666281782299453,0.0025299189860259856,0.0003302239322081617,0.08074225633908542,0.0009070554680634145,0.23398180293674478,0.6455185979655756
anura were you scraping coconut for one year via lka srilanka floodsl,7,7,0.00963701037423731,0.020042171298587885,0.0025330053118047774,0.00033367326438969394,0.08398892222871701,0.0009098822364966654,0.23415940990667444,0.6483959253790923
these photos show how residents are coping in puerto rico nearly one month after maria,6,7,0.13022681308637304,0.3562865742322489,0.0038988271658175135,0.001400539824742284,0.01624651054088262,0.0005150932763745158,0.1304827133041054,0.3609429285694557
espn puerto rico tipoff relocated to ccu because of hurricane maria,7,7,0.007425156384080144,0.028756819077842593,0.00251514729237797,0.00033137234180506285,0.08554715234483272,0.0008992339806600188,0.2354599471232057,0.6390651714551957
the ocean is already picking up irma didnt do anything this soon,6,6,0.007086894525988544,0.028656534641432918,0.0025599224739013475,0.0003319136214641135,0.08457687433711576,0.0009083323574692645,0.6403258101759763,0.2355537178666517
harvey a storm like no other by creationcare healthykids,6,6,0.009627671289222256,0.08309657507463006,0.002496536558412061,0.00033099284805047046,0.027477616755931505,0.0009048484890252098,0.6440243517435964,0.23204140724113206
irma harvey florida have mercy blacks just trying to feed their starving families,7,6,0.029585714905105535,0.009785527973262575,0.0025976071175309594,0.0003367848299319386,0.08426225560408987,0.0009121839238623882,0.6379529832115409,0.23456694243467593
schilling defends trump on puerto rico yet warns of grave consequences ahead,7,6,0.007116848711593983,0.08227215992993613,0.002522462380738872,0.0003317295291787678,0.02742558913771916,0.0009016870489395357,0.6428087023003994,0.23662082096149398
portorico hurricanemaria scam spam they keep on trying,7,6,0.0077584677921137156,0.026245800530262254,0.0025597717105786946,0.00033385466222940176,0.07668056788786445,0.0009201262473844459,0.6484643124949033,0.23703709867466366
urgent support needed for dominica island hardesthit by hurricanea maria,4,4,0.007203431048715003,0.03088356728240327,0.002524152746933803,0.00033279782771498826,0.6431988631595125,0.0009045082644952074,0.23194170775370787,0.0830109719165174
first indulgence since irma still no power but i have my caramelmacchiato,1,7,0.00749611053649189,0.23569469809344817,0.0026907730827874735,0.0009222186107492455,0.01974050068029029,0.00033517488129378224,0.08516878323555298,0.6479517408793863
dallas readies itself for influx of hurricaneharvey evacuees hurricanerelief,0,6,0.008033761057339621,0.024434967168962367,0.0025583652986135245,0.00033329121601408676,0.23431608268817777,0.0009119298585970654,0.6435651378587244,0.08584646485357125
south florida peeps we need volunteers hurricanemaria puertorico,4,4,0.007806245517791765,0.029796585239807393,0.002522764088828864,0.00033827570928079997,0.6359464367590002,0.0009367373552826658,0.0856109895904355,0.23704196573957276
is out of patience with democrats who think we cant afford nice things like saving the planet,7,7,0.008235520541389808,0.026620908938354698,0.002555104282125843,0.0003316352378979606,0.08022872384178258,0.0009083294815071916,0.23013538563677044,0.6509843920401714
mexico city earthquake a rescuers battle to save children trapped beneath rubble of schoola,4,4,0.007532157560067288,0.023249815878931216,0.002750577274746137,0.0009432307261360548,0.6570873879536256,0.00033410335500137534,0.22967058086545683,0.07843214638603548
mexico city a risk from earthquake tremorsbuiltup on top of,7,6,0.007118315366052508,0.07711381586019875,0.0026584928922570444,0.0003366859035787686,0.027808145140563817,0.0009379642204429835,0.649406189222471,0.23462039139443525
captive blackfish tokitae left 2 fend 4 herself during irma v freelolita,6,6,0.007935196163528804,0.08222427138795906,0.0025250718136831034,0.00033493309226610316,0.028122451101450417,0.000913867089075055,0.6478126982735308,0.23013151107850652
we want to make floridians aware of an important issue called assignment of benefits heretohelp irma,4,7,0.007648790298365686,0.028038766296869244,0.002556127057281578,0.0003324523349310501,0.0830447159483282,0.0009080552331101992,0.2307042400820701,0.6467668527490439
classless trump insults california by sending warm respects during wildfire a resist za,7,6,0.007801091382527086,0.02861121095039924,0.0025974703645275233,0.0009119364164236037,0.07900863578767589,0.00033432154139231493,0.6458490796122969,0.2348862539447576
a couple of middle school students are raising money to help californias fire victims,4,4,0.02954452018019184,0.007232517809585027,0.002538274128448665,0.00033069366570270174,0.6509586573351882,0.000903008757700874,0.23037440683806298,0.0781179212851196
far from baseball norm charlton looks to rebuild his hometown after hurricane harvey,4,6,0.01024508839665738,0.08407236843280431,0.0025294973150364695,0.0003323946256477466,0.2308166977701295,0.000906601521869246,0.6410826503503727,0.03001470158748264
hurricane irma took their homes and possibly their future news,1,6,0.22789535075187384,0.08431524476514254,0.0025667324146421517,0.00033513500118338664,0.010391952995706999,0.0009109714073371622,0.6438046871768838,0.02977992548723013
harvey did next to nothing for oil in comparison to katrina,6,6,0.00755377371022215,0.02615748954555862,0.0025058218720228646,0.00032987283146389376,0.08493556562528418,0.0009014063304381279,0.6446070016593111,0.23300906842569918
one of our safety patrols escorting 2 of our prek students to class our first day back after hurricane irmaa,4,7,0.0075936015469020126,0.029825904616662072,0.0025026903122734694,0.000914398746629814,0.08601973838451694,0.0003343088301526916,0.23333868938915045,0.6394706681737126
barry bonds among pro athletes who fled golf club ahead of california wildfires,0,6,0.010102130570254136,0.07898287251776924,0.002908660640858908,0.0009438601421629674,0.025746437807987285,0.00033625095691861706,0.6525473015765535,0.22843248578749523
our little town of nome hurricaneharvey texasstrong,7,6,0.00713787025652378,0.030920894088631863,0.0025196485811614954,0.00033307219206404524,0.08437429546408337,0.0009088084340575737,0.6398859459769599,0.23391946500651803
california suburb destroyed by fire last night,1,1,0.007048243282042727,0.649669402910643,0.002641309019349632,0.00033247986392897653,0.02119373941332073,0.0009196522023900615,0.23469077920232198,0.08350439410600284
dad where are the lights its been one month son the politicians of puerto rico stole the lights,7,7,0.0073820142998731325,0.02846410248822165,0.0025253154161045026,0.00033025546794493183,0.0810639890085333,0.0009084760258905904,0.2353936389037671,0.6439322083896649
new new hurricane maria puerto rico officials describe apocalyptic conditions,7,6,0.009436562432587845,0.027073413898603935,0.0025863757613984657,0.0009077372025412962,0.07688288266858415,0.0003317238891147227,0.6473214300175242,0.23545987412964547
woman at las vegas shooting loses california home to wildfires,1,1,0.30571535650771575,0.3163472103409045,0.004978773878519468,0.0012657083394293706,0.04072737460135739,0.0004672453340543781,0.01533089071857584,0.3151674402794433
harvey aftermath houston open for business other cities suffering,6,7,0.007247220736122705,0.026345907132057013,0.002497191531278636,0.00033139003896147124,0.08595860455154483,0.000910955903114607,0.2357573679511072,0.6409513621558134
5am advisory maria weakens significantly overnight but it is still a hurricane with winds up to 80 mph,6,6,0.00770600136933493,0.22895519602998232,0.002543502353462697,0.0003317817274152566,0.02853133848562753,0.000910640541016753,0.647108222612852,0.08391331688030872
hurricane irma charleston flooded neighborhoods watch now 9,1,1,0.007789513629934409,0.6538636882956812,0.0027026997837079764,0.0003385257405191375,0.022820742399125012,0.0009228587003837267,0.23896603306777614,0.0725959383828725
hurricane irma could hit us by this weekend after harvey devastation,6,6,0.02956580296025472,0.23337112437922514,0.0024725756732096637,0.0003302264799648346,0.08033407634765184,0.0009089001936436978,0.6457968285994856,0.007220465366564542
much like harvey hurricaneirma could bring rain to arkansas as it fizzles out arwx,6,6,0.007261848297287721,0.08289775223705462,0.00251926067568165,0.0003292478906788933,0.03000152529277499,0.0009108131400830113,0.646937303129703,0.229142249336736
oil amp gas operators increase number of evacuated platforms due to harvey oilandgasnews,6,6,0.00723537775043386,0.029497541866776514,0.0025216589440093928,0.0003294703419558392,0.08316732946803915,0.0009009237038279434,0.6428312139780143,0.23351648394694302
tropical stormhurricane lee will likely interact with mariamary later this week,6,6,0.007586214513785654,0.08161895025922411,0.00252610068445605,0.0003319817509237938,0.028836757916779185,0.0009109117680253549,0.6448722017125138,0.2333168813942921
michael buffer had his steve harvey moment with carlos estrada winning the fight,7,7,0.009868775677177392,0.026999366285332782,0.002514686669590957,0.0003314379511207797,0.07998931651978634,0.0009121147575255149,0.22999732355797958,0.6493869785814865
republikkklans rnc gop voted against 4disasters harvey irma katrina thank a democrat,6,6,0.007292335174655324,0.028398091986218045,0.0025123500331013433,0.0003317302833777023,0.0821534657248077,0.0009118247113166704,0.6427161467053905,0.2356840553811328
mims family of 7 loses everything to tornado during irma gt,0,1,0.02905500696497119,0.6410845140517943,0.002722020164374788,0.0009170321944697988,0.008728772204634635,0.00033719775339047307,0.23494512007841886,0.08221033658794588
thats cause steve harvey did the announcinga,7,7,0.007580621038772554,0.02981273261862999,0.0025040543820402154,0.00033035734197831837,0.08081096139015063,0.0009020693125003692,0.23096442056411412,0.6470947833518138
provides shelter for evacuated zoo animals during hurricane irma,4,4,0.007810399212318047,0.021717132125709575,0.0025380101826870936,0.0009200377719313429,0.6561455085888376,0.00033700415074797006,0.24111918339371427,0.0694127245740541
as i pleas bring these supplies everything will be donated to those impacted by hurricane harveyas i,4,4,0.01020374740441036,0.028585801407912177,0.002511040264154121,0.0003299479486302296,0.6500674764129727,0.0009092383942904302,0.22842949540450733,0.07896325276312266
did the dark state create harvey fakenews propaganda,6,7,0.0072952766351998665,0.0811010177307916,0.0025166305249588626,0.0003304501632551263,0.029011620377543533,0.0009020377097596024,0.2343685052672944,0.6444744615911968
california architects begin to assess the catastrophic wildfire damage,6,6,0.007844440343187676,0.2366165353436546,0.0025685552291529893,0.0009075975745711503,0.023321732737423273,0.0003338863653308863,0.6429497837923341,0.0854574686143453
this graphic feels like a very poor representation of actual real life hurricane maria,6,6,0.007260192132037431,0.08524820901264055,0.002561393604015294,0.00033234605366641617,0.019754721827098507,0.0009068952558858144,0.6488474080743986,0.2350888340402574
first time i text mora in months and he thinks all im trying to do is get drunk smh,7,7,0.007388293848124963,0.02419718103552997,0.002660377668139682,0.00033238316368404847,0.08176482741750711,0.0009087610955315315,0.2290968949976598,0.6536512807738228
pre august 11th at 730am and post september 18th at 730am irma fortunate and resilient,6,6,0.007171554527796852,0.0270905176262627,0.002768659897141137,0.0003326532548485181,0.07887398816015692,0.000905798576550958,0.6467603704567747,0.23609645750046826
mexico earthquake relief paypal donations donativosrescatetoposorg toposmx,4,4,0.02046992828964841,0.00717156109275836,0.002599800164822923,0.0009164774970604298,0.6567330924554133,0.00033081905809763157,0.08172365430554723,0.23005466713665162
irma will cost disneyworld other theme parks millions via orlando sentinel,7,6,0.0071040420091535925,0.08241857065352333,0.002528419108252541,0.00033166363579588247,0.02718835437465908,0.0009012952727638289,0.6464968508259231,0.2330308041199286
northern california wildfires are devastating the areas cannabis crop cannabis,1,6,0.010006370133661366,0.23224121022856836,0.0026930419181818953,0.0009086407897070228,0.02758768879136743,0.00033362777650127514,0.6422083211114916,0.08402109925052113
join the pro bono attorneys helping with californias fire recovery,4,4,0.007235118854760818,0.02686419904344681,0.002478212137144412,0.0003304542904202687,0.6467510515017694,0.0009089777634939972,0.23365866926081916,0.08177331714814513
day 8 no power irma sarasota,1,7,0.007021442816236982,0.23317233912247043,0.0025981502804720423,0.0009073573332236688,0.027489709336732223,0.00033276782331960095,0.08599554454499299,0.642482688742552
deadly aftershock volcanic ash spread alarm in mexico,6,6,0.00289019978138653,0.028405878086864914,0.007935717795095639,0.0009262248612740293,0.07890772627971775,0.00033415617967087654,0.6512178306169144,0.22938226639907577
to show you how scary hurricane harvey is,6,7,0.009355862744455047,0.02988242522344244,0.0024821619774149854,0.0003289242379228328,0.08352351082321677,0.0009024151785215883,0.23433185729227055,0.6391928425227559
this was taken the day we left summerland key floridakeys irma hurricaneirma missing the keys pretty bad today,6,6,0.006904773054303003,0.08178268691408003,0.0025506918475730047,0.0003454024921999824,0.027747134385872556,0.0009417929566092345,0.643373326320894,0.23635419202846822
know your hurricane evacuation zone,6,6,0.008083509559758246,0.02947769080822808,0.002553888274954198,0.0003340904806758177,0.23288499887899944,0.0009075962232092122,0.6406674287626302,0.08509079701154487
ever since harvey melania has looked like secretservice,7,7,0.007189732383679257,0.08254239836822276,0.00254947466910675,0.00033238442198133244,0.026660480663436507,0.0009054938827606307,0.23429176161896959,0.6455282739918431
top charity found scamming hundred of harvey victims out of food do not donate,4,4,0.028695621326976967,0.007610963608216583,0.002656489934876402,0.00033662617669619806,0.6525107980238979,0.000918285874147884,0.08133844234897544,0.2259327727062127
this really puts things in perspective please help houston however you can harvey,4,7,0.008486621885261555,0.029658144594132456,0.0024876278681741307,0.000332713469676352,0.2339709869237697,0.0009066802146612242,0.08528408888042169,0.6388731361639031
ibec emergency housing wkh puerto rico,6,4,0.007494532674326295,0.08354274542900532,0.0024905693817020937,0.0009010570805322597,0.6394578736273753,0.00032976376419606397,0.030236418967813962,0.23554703907504876
govt donates b2m to help floodstricken sria lanka,4,4,0.007115086031554173,0.02286271950806385,0.0025283867733653675,0.0003323980902996936,0.6559007095289328,0.0009027114672657895,0.08037274175855318,0.22998524684196522
introducing the new 2017 puerto rico a14y5a14y7state seal,7,7,0.00698267722746627,0.02218839812687429,0.0025440424879884494,0.0009014404386701534,0.0830764728650899,0.0003293371503794109,0.23154011521360934,0.6524375164899222
final 49 knox webb 22 blue tornado improve to 31 gobigblue,7,6,0.007667669426970696,0.029977641927898018,0.0025783993399629106,0.00033242920121364115,0.08247080894051183,0.0009065467801454149,0.6410587054330459,0.2350077989502516
forcecast track of hurricane irma has trumps maralago club in its sights,6,6,0.007209668282677285,0.22892425794702814,0.0026176274165380657,0.0003313050633831095,0.028801107748521546,0.0009046927370314824,0.6491253763534824,0.08208596445133791
liga fully sustainable and disaster resistant living environments irma harvey,6,6,0.007542616886192137,0.02744504511338295,0.00256588740761643,0.00033164713341062507,0.08284608995525215,0.0009054806091495048,0.6431697128727986,0.23519352002219768
bryn amp harvey all the way from england whos the bigger kid bbl06 turnuptheheat,7,7,0.007140200272211315,0.027377479974142856,0.0025098808395326716,0.00032982963943026494,0.08275486149051496,0.0009039413894053604,0.23462980623535917,0.6443540001594035
harvey victims worried irma could slow recovery read more victims,0,4,0.08103236809988203,0.0072911845276314585,0.0025790346054317837,0.0003300393110244697,0.6444264159839974,0.000902770912601007,0.2355240438130583,0.02791414274637349
is puerto rico part of the us another katrina should we help them heres how to donate,4,4,0.007529538400804164,0.025231685395745242,0.0024950452276531,0.0003301073062405785,0.6426871325164067,0.0009013297181875924,0.085631960507291,0.2351932009276716
aztf1 has been demobilized from harvey were heading home,7,6,0.008002905363395561,0.030340140498771987,0.002621416804204884,0.0003338797691774568,0.08306525176990862,0.000926261215917266,0.6421821490219096,0.23252799555671455
donald trump is yet to address the deadly iraniraq earthquake but has had time to tweet,6,7,0.0026263303323543485,0.023724500378775475,0.00925185929479233,0.0009199842921770361,0.0722177883956693,0.0003368360773224221,0.2392675535026283,0.651655147726281
mexico im sad i think of wenchuan earthquake in chinaa123a123,7,7,0.002933055089076525,0.08009323647643367,0.008178364011439038,0.0009119361634258204,0.026022966041519057,0.00033460382840912406,0.234526193458734,0.6469996449309627
abannon says bush 43 a most destructivea,7,6,0.007737592501946676,0.02839163402896085,0.0026128814090799835,0.0003329380921047101,0.08208023416499,0.0009063870964409102,0.6430804489461691,0.23485788376030775
de mora just landed,7,7,0.007359979216328391,0.028102460859089157,0.00256860196689586,0.0009094877237704514,0.08158634623413674,0.00033250989030233,0.22957512249703274,0.6495654916124444
if youre looking for a way to help my church has a few good options hurricane harvey relief cottonwoodfamily,4,4,0.007601228297160268,0.021672568250062214,0.0024728024706115364,0.0003319327905730917,0.6499135628462396,0.0009077245344882233,0.08493711542337291,0.23216306538749226
ozarksfirst kolr hurricane irma death toll at 9 as florida awaits storm,2,2,0.002577353603147849,0.028778781106000826,0.6475870590048127,0.0003311879714640754,0.0074307059475751565,0.0009012051039898689,0.2348309034554781,0.07756280380753142
iraqiran earthquake from bhuj to haiti the deadliest quakes of this century worldnews,6,6,0.0026245994299140553,0.02732787214839463,0.008672567828102046,0.000333343105966691,0.08419919705635376,0.0009081407523422375,0.6433131461313248,0.2326211335476019
stepupfortexas help our kxly radio stations raise money for victims of hurricaneharvey,4,4,0.020205854211651192,0.007152590379262271,0.0025361052543686076,0.00033257190629479256,0.6553382633652313,0.0009045233841833696,0.22909622564486987,0.0844338658541386
mexico drops harvey aid to texas citing its own natural disasters,4,4,0.007230367707761772,0.027495028239800306,0.002481144199885138,0.0003295904072235839,0.6444171988532735,0.0008992522655326103,0.233144011201326,0.08400340712519709
coast guard investigative service agents inspect sailboats damaged by hurricane irma in key west floridaa,5,4,0.00711866431197428,0.23767494250837362,0.002533011958987014,0.00033278684695550216,0.6475195762148449,0.0009293485972699406,0.08429061506097354,0.019601054500621246
34 pot farms have burned down in california wildfires via socialmedia mlm,1,1,0.007581250276796878,0.6469043665290348,0.0027922260645948604,0.0009156044395674004,0.023343378580225838,0.00033382761736367486,0.08522024675702164,0.23290909973539478
funnel cloud reported w tornado warning d sdwx,6,6,0.00707491342344951,0.08133243564313399,0.002662495936574318,0.00033172927438716605,0.02667335233052748,0.0009023149111727977,0.6508963377079895,0.2301264207727654
four tornadoes have been confirmed so far from irma full report scwx gawx,6,6,0.007462199103690243,0.07976910139093991,0.002811472945934064,0.00033345953832585414,0.02698385138011768,0.000909875314929009,0.6523985838667503,0.22933145645931283
carlton church plans fundraiser on oct 29 for community in puerto rico,4,4,0.007141096224361396,0.022441257859250358,0.0025585360048395235,0.0009085632910365085,0.650379926788069,0.00033127119228755806,0.08229110182674285,0.23394824681341275
so sad to hear about the earthquake in mexico city my thoughts go out to everyone there a12ca12c mexicocity,6,7,0.007244120462032462,0.02459860259162763,0.002566220580707828,0.0009063592978852112,0.08300945498820564,0.0003316015018779212,0.23713352350286943,0.6442101170747939
powerful hurricane irma slams caribbean eyes us,6,6,0.007179334755812758,0.08249613520498679,0.002647274953276079,0.00033243442415369795,0.028180137453403725,0.0009072863264817262,0.6484065863409769,0.22985081054090825
tesla starts energy storage at hospital to help puerto rico,4,4,0.007166429348554412,0.02281097729315633,0.0024877339251246047,0.0009058767804416007,0.6505658598608699,0.00032981132920739523,0.08150569264049863,0.23422761882214696
huge earthquake could strike today says prophet who predicted iraniraq killer quake,6,6,0.0027970641090859032,0.0782709215003398,0.008956181024045471,0.0009099188119557191,0.028962439867205855,0.000334453304222105,0.6450971142702259,0.23467190711291924
tell us how you really feel obx hurricanemaria,7,7,0.008016506226502159,0.026837827041023547,0.0025086677797539598,0.00033065714692611026,0.0822386016546399,0.0009042102767257028,0.23237962419049704,0.6467839056839316
also had to replace my tryb thanks to harvey fuckoffharvey,7,7,0.008088571386575191,0.027116328304790962,0.0024876623868069878,0.0003308893409225595,0.23193370646772535,0.0009226531971037881,0.08471518885475718,0.6444050000613178
kids open lemonade stand to help raise money for animals displaced by hurricane harvey,4,4,0.028196882030668207,0.007587375179120039,0.0024724725186320387,0.00033137595432206074,0.6586675780672494,0.0009107744482941362,0.0814885991435757,0.22034494265813848
dr jim denison california wildfires whose door will you knock ona today,7,7,0.00819194668007987,0.026253508394501336,0.002616357560305587,0.0009103455759223322,0.08417000289519665,0.0003342012457877729,0.23638595443902644,0.64113768320918
thankfully we are free of damage and are back in full swing post hurricane irma,6,1,0.007365669023101592,0.6361075749293854,0.0025585691658188523,0.00033404329214035305,0.03014416283998292,0.0009335900944901833,0.23670891450737824,0.08584747614770236
raytheon coyote uavs help noaa track and model hurricane maria,6,6,0.007534314723486617,0.029009128894234182,0.0025630621618812142,0.0009076383375368328,0.2303976139537973,0.00033340280409976215,0.6451820140618593,0.08407282506310478
although i got this care package after irma my girlfriend is still the best dd,7,7,0.007558171454443705,0.02789684972978585,0.0025100642527926134,0.0009073528300897823,0.08505179079856556,0.00033300410696059357,0.23307121041629436,0.6426715564110675
horses sheep amp turkeys evacuated from fire how to help after california fires,6,4,0.0072415050802831825,0.02788064320617929,0.0025459395580310342,0.0009014278257762899,0.6459181520209023,0.0003298645088654344,0.23197617525784298,0.08320629254211968
fl irma preliminary needs on bigpinekey distribution center 30250 overseas hwy big pine key fl 33043a,4,6,0.006927716131646578,0.02890504735711286,0.0025137702113651583,0.00033335459519853136,0.08347273235807715,0.0009406818749535346,0.6426744045532732,0.2342322929183731
and get puertorico users cell service,7,7,0.007642308080285608,0.08349458645825884,0.0025279426907258975,0.0009071322255596432,0.02940024567636835,0.00033260943822495945,0.23109458215988846,0.6446005932706883
rain brings breath of fresh air to areas hit hard by california wildfires,6,6,0.010073264896318677,0.2320786035490318,0.0025320550250497484,0.0008989884175303759,0.08166479187182692,0.0003308081255087975,0.6468085442332553,0.02561294388147842
how to help victims of the northern california wildfire,6,4,0.08145430319216158,0.0027293076066649737,0.00918225625633314,0.000901047984230832,0.6486579388437846,0.0003288136599289058,0.2300839728855762,0.026662359571319686
looking for a new pet dogs rescued from puerto rico are looking for new homes in nyc,6,4,0.007046875253685563,0.021651713265813832,0.0025538580480250887,0.000909587651000788,0.6478507518512987,0.0003339437786736285,0.08230705924067387,0.23734621091082855
71km ssw of paredon mexico earthquake mag 57 september 24 2017 060612 100612 gmt,6,6,0.007884391488482639,0.0290208402945944,0.002705437641440216,0.000913109205135461,0.08058273343603779,0.0003329578207316318,0.6446248302354868,0.23393569987809099
53000 people made homeless by hurricane harvey what happens next,0,0,0.6404234525893628,0.010269525843164033,0.00256782089904343,0.0003349686197269649,0.030161580320101154,0.0009466038822263524,0.23503387783984991,0.08026217000652529
puerto ricans in ct wait anxiously for news about hurricane,6,7,0.009685261069603875,0.02195679361235073,0.002586280762189282,0.0009115853975615543,0.08589372677182039,0.0003351905737282398,0.23656935552734648,0.6420618062853994
la mina in earlier this year i cant imagine what hurricanemaria has done to this rainforest amp ecology,1,7,0.007260901430727468,0.02746327474596251,0.00252034145507614,0.00033146845084115246,0.08229875174950968,0.0009128875644514429,0.2347674272655506,0.6444449473378809
land ofrost chipped in time and person power to provide relief supplies to hurricaneharvey victims in houston,4,4,0.008422680635250488,0.02697138127175512,0.0026069176127194744,0.0003323915959611509,0.6603421814354806,0.0009075308009185194,0.22258740417427436,0.07782951247364021
harveyas heroes area man steps up when no one else will patxnews,7,7,0.007595883528522297,0.027852598349048123,0.002527291950167421,0.00033836654107481705,0.08432014310543806,0.0009180412651757685,0.23570259867862095,0.6407450765819527
from the archive macron i will help st martin recover from irma,6,4,0.008712699359055456,0.025370140031574232,0.0024952287459747524,0.0009075476549293842,0.6417674517913633,0.0003324328989421632,0.23615024617239444,0.08426425334576633
an update from about disaster relief in response to hurricanemaria,4,4,0.007378174019748475,0.022473925926468657,0.0025755490111454803,0.00033338952685980043,0.642768815123921,0.0009120790127202517,0.08700579708442525,0.23655227029471107
creating new voters daily a343,7,7,0.007086598160140786,0.024959916705665476,0.002708466854339332,0.0003333135331707286,0.08163997538705646,0.0009055859003096606,0.23275019488854598,0.6496159485707715
maria is still a major hurricane and will actually have a positive effect on our weather this weekend dry,6,6,0.00748629991910671,0.08163725379111375,0.0025869428675347034,0.0009115457288446698,0.02232244155063701,0.00033331439202834807,0.6524449207032714,0.2322772810474632
raiders release statement on central mexico earthquake,7,6,0.02782869172922649,0.07920080251674644,0.00261922177734077,0.0009137610511024503,0.008292545259604276,0.00033294101241003026,0.6462382241939701,0.23457381245959935
earthquake ml 39 eastern iran emsc,6,6,0.003429415417421849,0.025681702460286896,0.00989785777194064,0.0009155605883545997,0.07530966469319401,0.00033548496863331493,0.6496611240162443,0.2347691900839243
hurricane harvey another crushing burden for houstons poorest and most vulnerable,6,6,0.007948275555431473,0.02494746487034825,0.0025171247172469276,0.00033116932916002825,0.23319038032428688,0.0009116642293902686,0.645620049624426,0.08453387134971008
after hurricane irma group handing out bulk bbq at germain arena,4,6,0.00864854116585322,0.030535104714678935,0.0026457162033545435,0.0009155084990332898,0.23154735705476343,0.0003357520444454012,0.6446024566520013,0.08076956366586975
when you try to figure out how pellegri salcedo mora60m nainggolan60m,7,7,0.007728279374935573,0.024250375337822278,0.0025194159220060987,0.0003315909246263461,0.08228828537607379,0.000906964536877833,0.23419027295234393,0.6477848155753142
hurricane maria has left a path of devastation behind it heres how you can help gtgt,6,6,0.007806589789542297,0.2310537763037716,0.0024946651636617422,0.0003310253401341735,0.0823720929360381,0.0008996470173399723,0.6513730591332005,0.023669144316311397
bayarea restaurants join forces help north bay fire,7,4,0.007254979924338668,0.027889870894473232,0.0024989412838718928,0.0009041886794314376,0.6414988222884878,0.0003318965932713248,0.23537615975502527,0.08424514058110046
shop kipsongo and help us support rebuilding efforts in the virgin islands post hurricane irma shop kenyaa,4,4,0.007176644483016516,0.029447861136617976,0.0025426126116448846,0.0009075453257823848,0.6472702068380493,0.0003308305967910155,0.23271779873171172,0.07960650027638619
radio reports on california wildfires,7,6,0.002653159947182057,0.23275545822129123,0.007779101121167343,0.0009180289622214109,0.021761546380009135,0.00033711216624570934,0.6475464560109488,0.0862491371909343
large tree fell in mount mora cemetery no tombs seem to be damaged,7,1,0.007041220100347612,0.6527373043123186,0.002518386773106802,0.0003331311981945922,0.0215485253180798,0.0009566681867243564,0.08162932631770446,0.23323543779352385
apartment residents angry displaced after irma,7,0,0.6374591642926454,0.029047380873598268,0.0024841293903830725,0.0009078777950650505,0.08487156274520986,0.00033205851805064593,0.23634198570387624,0.008555840681171331
need something to get your over hump day come out to b3 brew beats amp bites at perry harvey park starting at 5 pm,7,7,0.008744994159931272,0.0277941753262771,0.002525357736732017,0.00032951069791976,0.08329696156159482,0.0009002432994343761,0.2327232661653748,0.6436854910527358
beautiful samoan firefighters sing moving hymn in midst of california wildfiresa,6,6,0.007279118779171423,0.030025211090783824,0.0026167586679982533,0.0009125427239238097,0.08486166119425874,0.00033349562278627465,0.6418444716046583,0.2321267403164195
telegraph pics landlords demand rent for flooded homes from hurricane harvey victims,1,4,0.009399910913883482,0.23224629609764438,0.002550403468706585,0.00033283838129754325,0.6452889365977086,0.0009206102269390824,0.08665133286604443,0.022609671447775998
insurers and reinsurers struggling to assess the damage of hurricane harvey,4,1,0.01084099270777855,0.639855165053542,0.0025097757412698486,0.0003307712993509967,0.03004170551434026,0.0009077764281366914,0.2351456883282276,0.080368124927354
106th rescue wing returns from harvey irma missions,6,4,0.008971353006294019,0.025149894476045157,0.0024964855064799184,0.00033108031540979126,0.6471629621966384,0.0009133746712803957,0.23154923139339523,0.08342561843445714
hurricane maria a the aftermath a st croixa usvi,1,6,0.007698948387927785,0.23032614152126657,0.0025019342697905054,0.000331098369447467,0.08356764913100227,0.0009042274339216618,0.648666100940396,0.026003899946247865
if hurricane maria kills me gets my warhammer stuff this is a legally binding tweet,7,7,0.0026279640866870174,0.08293506449411649,0.02944779899772554,0.0003339135437317542,0.009058750870326055,0.0009098205969882965,0.2333034454214843,0.6413832419889406
do you have boat damage due to hurricane irma we can assist you with filing a claim with your insurance company,1,1,0.007161951527027195,0.6356956949604715,0.0025428604008321328,0.00033616263922105975,0.08623598639604602,0.0009226898508909252,0.030861032405693066,0.23624362181981806
icymi raradio samaritans purse ramping up aid efforts in caribbean after hurricane maria,4,4,0.007619038764390562,0.08131279150648511,0.002623713908030725,0.0009234088394429714,0.6501629417517764,0.00033458037042375207,0.22901068806761515,0.02801283679183525
trending in scuba hurricane maria relief,7,4,0.008637077060516425,0.029139253452590712,0.0025825976663578923,0.0009069421422392938,0.6413658862304092,0.0003320603856530846,0.2347369931818643,0.08229918988036906
wh releases pic of trump signing harvey aid etc into law earlier at camp david,6,7,0.0076743763693140335,0.028224278112508282,0.002544091679118698,0.00033263811229358216,0.08541870810890193,0.0009115683930404696,0.2331239794833754,0.6417703597414476
new assessment data on hurricaneirma irma,6,6,0.006811325065362851,0.07967705518061886,0.002530736057174505,0.00033186522995729825,0.02934334094723578,0.0009098806109999242,0.6476866802268308,0.23270911668181998
perspective amp fright cat 5 irma from the virgin islands ht fox35,6,6,0.007305139130603436,0.029942062734681186,0.0025241115369844776,0.0003329087100307198,0.08124778156769917,0.0009039912728845905,0.6422228224742389,0.2355211825728774
weighing the hazards as i via,7,6,0.007586314971386108,0.0842813570363249,0.0028139756423698273,0.00033403173463168344,0.028702455966507678,0.0009084707790755427,0.6405934556486873,0.2347799382210168
icymi maria will be joining monica in puerto rico on monday to help distribute supplies a12fa14bai a14y5a14y7 beblessed,4,4,0.007035989287201548,0.020983910852364385,0.0025280223447471588,0.0009021647488915594,0.6487031117331874,0.0003312697059569139,0.08515562157836673,0.23435990974928433
harvey and ruby waiting to settle down and watch crufts2017,7,6,0.03040148138951523,0.009307898037754494,0.002514387516808699,0.0003322450380899845,0.0841011719725996,0.0009030034813258822,0.638339036345014,0.23410077621889205
irma the savage rat ripshelia,7,7,0.007217750371847545,0.029120807791785518,0.002536457756517269,0.00033274223734684717,0.08191762656478616,0.0009038414143671933,0.2358635690431331,0.6421072048202163
watch teaming up for texas telethon with coach cal and the cats on from 330630 pm,7,4,0.02680397789557293,0.007191215522389241,0.0025332006531530856,0.0003334919575245976,0.6410825963262624,0.0009089802617538822,0.23532899391634912,0.08581754346699466
how about getting some power to the american citizens in puerto rico you hopeless asswipe,6,7,0.0071610661302949265,0.03011751364705473,0.0025026341167412756,0.00032923923613187707,0.23071437061355266,0.0008970315977266776,0.08395628797080379,0.644321856687694
kill people burn shit fuck school 666 ofwgkta i punch bitches stop kony 2012 fuck steve harvey,7,7,0.00812201561520724,0.02940351828498133,0.0027205212942771843,0.00033480112619230955,0.08123233779609997,0.0009118187949861429,0.22841776991671017,0.6488572171715457
not irma anymore his name is dukeaf,7,7,0.00789751243941386,0.07485827481665605,0.002570587569494425,0.0003338294815674459,0.02563861658894676,0.0009133215317706481,0.23832960672208842,0.6494582508500624
join us in the clubhouse on sunday 18th june for a special three course fathersday lunch,7,6,0.007173727263192912,0.027395148947981604,0.0026323392979649336,0.00033243183610639116,0.08478778011152543,0.0009048261037065123,0.6405468518703165,0.23622689456920573
oh snap darrell issa,7,7,0.0072675416496068386,0.028067944656994095,0.002557295179350458,0.00033208551274675296,0.0839194739923129,0.0009048245756366409,0.23324321383311855,0.6437076206002338
twitter erupted over president trumps federal g tweet about hurricane irma,7,7,0.0071348832358613355,0.08221702316802171,0.002583401515079576,0.00033275242718349183,0.022579120170345048,0.0009070742447881951,0.23785851646847822,0.6463872287702425
in hot weather a power outage can be deadly check on friends neighbors amp loved ones,7,6,0.007009515420336261,0.08262732627259782,0.002573166099516649,0.00033044122708493745,0.02719964256698097,0.0009016357736535792,0.6463555165420677,0.23300275609776203
congrats on hitting yoir goal guys im sure the victims of harvey will appreciate it greatly,7,7,0.00919742805096086,0.028636137400950112,0.002632861127175212,0.00033397264385057765,0.08312884431135209,0.0009121793175558337,0.2351908394173891,0.6399677377307663
ive never flown in one of these what a beauty tornado,7,7,0.007561244930289067,0.08500016894999557,0.002587330083785487,0.0003333685549793559,0.02240784671051727,0.0009183006001317953,0.23528553910864936,0.6459062010616521
21 kids among dead found in school after mexico earthquake,2,2,0.029986742975041947,0.0030802497878653677,0.6861804439668331,0.0010478749928689618,0.030438777193396098,0.00035306354670605307,0.21826525712371306,0.030647590413575523
one volunteer me helping another for hurricaneharvey rescues,4,4,0.006941379215278472,0.019304653398027047,0.002481072082238905,0.00033054460014710643,0.6568119419468494,0.0009132183381581738,0.22942964383490275,0.083787546584398
california nurse flees wildfires nurse nurses nurselife nursepractitioner nurseblog,7,6,0.00849178427441732,0.029953321229282927,0.002661149590736699,0.0009133324386302987,0.08385516826311111,0.00033488086693962357,0.6395899204113471,0.2342004429255349
tropical cyclone mora by eumetsat composite image of tropical cyclone mora approaching banga,6,6,0.007378415920333925,0.029394963791009067,0.002568401154172476,0.0009057136656660933,0.08210539408938626,0.0003325309087752921,0.645084229748126,0.2322303507225309
champions for puerto rico medical relief in ny nhma2017,7,4,0.007071041791105993,0.023121737699530513,0.002503852215418849,0.0008989965803881365,0.6502136891729315,0.00032941164773968334,0.08133664291908917,0.23452462797379608
a lesson from hurricane irma bury the utility poles by unknown author via nyt,6,6,0.007183146238329088,0.083909183907527,0.002624155176725562,0.0003331534216919071,0.029575346751842712,0.0009100128370997845,0.6462723096156789,0.22919269205110496
jonny gomes bringing huge truck to help california fire victims the kansa royals,4,4,0.007290673215483361,0.02063039676916204,0.002536745891236089,0.00033226881894264995,0.6536297288437856,0.000909761326176169,0.22944974888897243,0.08522067624624176
on air sur np fedo mora amp camurri after the rain pochette,7,7,0.007130959717355623,0.030373492825758085,0.002503486174666347,0.0009058002968004677,0.08193148077827925,0.00033195792157835466,0.23555708962677407,0.6412657326587877
image of the week irma churns up sediment in the florida keys video,6,6,0.0073030141240652754,0.08431008183784403,0.002779875091164256,0.0003322012226496722,0.024506591812845754,0.0009037398865191235,0.6496076754023818,0.23025682062253008
paralympics body postpones world championship over mexicoa earthquake,6,6,0.007265967751803198,0.02421006739675278,0.0027981336548601513,0.0009084330523197918,0.0819939955944893,0.00033381136817008155,0.6465416586424789,0.23594793253912583
so puerto rico was already part of the us somethings fishy with whitefish,7,7,0.008651464361997135,0.08007379372614212,0.002532697058637426,0.00032970418754214674,0.029636574695487652,0.0008969443488655978,0.23307919472506433,0.6447996268962635
before hurricane irma quinn street flood clean up,1,4,0.007144461123930934,0.030227559759780958,0.0025582088202929197,0.000332439290931192,0.6413169931015519,0.0009137622911043422,0.23668495926261926,0.08082161634978853
local sheriff smacks down breitbart for bigoted lie about california wildfires,7,6,0.007981516357942949,0.02975862640449375,0.00263165086542753,0.0009095720364784859,0.08260679026127701,0.0003320578638094803,0.643466757912579,0.23231302829799172
breaking tornado warning has been cancelled houston may see some tornadoes overnight tonight harvey,6,6,0.007450789729616918,0.2284154631103849,0.002562783425997881,0.0003329300494762318,0.022275590999929304,0.0009226964847739568,0.6537871877057023,0.0842525584941185
pretty sure yall got investigate reporters,7,7,0.009358829818736954,0.022846890580374174,0.0025597534206505965,0.000333062250906094,0.08113164036107054,0.0009060748587038658,0.2311002253984372,0.6517635233111204
iran survivors struggle in aftermath of years most deadly earthquake,0,6,0.03416144073015932,0.010270830086939749,0.011603949746960458,0.00107338378752397,0.09514853400411023,0.0003929551908840404,0.759903536564592,0.08744536988883032
losangelestimes the package includes 5765 million for california wildfire,7,6,0.007494609933231024,0.03088204826137402,0.002636935987190314,0.0009214164011504185,0.23245622440955138,0.00033633625168581185,0.6393191675079805,0.08595326124783653
s a f e b o y e s ready to look for people after earthquake in mexico,4,4,0.007488273507003893,0.0026258690027200814,0.0284381488977392,0.0009231115457480847,0.6419425269694231,0.00033219041292837227,0.2333702424065901,0.08487963725784722
thesciencemic nasa map of wildfire damage helps california recovery effort science,6,4,0.00706330354894148,0.08452055027444648,0.0025485345023831857,0.0009105528917888668,0.6370374064538632,0.00033419465456923226,0.23740746738744614,0.030177990286561446
harvey damage could reach 180 billion,1,1,0.008164101437592618,0.6435993067023275,0.0025030040644956884,0.0003316665451257221,0.02758458079191691,0.0009194094615024017,0.23198216745921257,0.08491576353782652
maria wants to do the work irma couldnt completely do 34,7,7,0.00710759897227645,0.029632628638970523,0.0025828680644800458,0.00033185412271550803,0.08334956289217439,0.0009024242123620985,0.23576094887620744,0.6403321142208137
