tweet_clean,y_true,y_pred,prob_informative
has a great event tomorrow for both byu and utah fans to support hurricane harvey relief,1,1,0.68306816
now also carlo surf band at 8pm pwyc mexicoearthquake fund,0,0,0.030151442
guaynabo resident efrain diaz stands by a bridge washed out by rains carrying debris from hurricane maria cnn,1,1,0.98973656
after harvey irma leaves its own trail of destruction metals,1,1,0.9844786
dawn just won 400 and were gonna match the amount for hurricane maria relief,0,1,0.3498168
harvey forces national weather service to add new color to its rainfall map,1,1,0.9835042
hurrican harvey transposed over illinois to show widespread heavyrain,1,1,0.9864912
wotv news presssec the primary focus right now in puerto rico is relief and support in the rebuilding effo,1,1,0.9749035
harvey bashes texas coast leaving homes damaged residents injured amp without power,1,1,0.990928
puerto rico is now a country dont believe me read,0,0,0.020334795
so many faves on one track for puerto rico a14y5a14y7 almostlikepraying supportpr,0,0,0.019722953
puerto rico power massive logistics challenge the commander of the us a usa news,0,1,0.4875125
raises big bucks for mexico earthquake relief,1,1,0.85164404
cyclone mora storm makes landfall in bangladesh six killed,1,1,0.98970056
trump on hurricane harvey we will endure and we will overcome,1,1,0.5104901
m56 earthquake 119km ssw of tres picos mexico 20170929t040022z depth 2166km 94a 2 47 w 14a 54 14 n,1,1,0.55460316
how to help mexico recover from its devastating earthquake from wherever you are,1,1,0.9255655
schools feed studentsao need after hurricane irma,1,1,0.9887826
hurricane experts on harvey irma and whats next,1,1,0.89197356
are california forest fire memes worth investing in,0,1,0.19740686
helmetcam video amp radio traffic from california apartment fire firefighters,1,1,0.61674255
north woodlands area church of christ delivers nearly 95k in supplies to harvey victims,1,1,0.98945975
money irma business itaos not just toys r us more credit weak spots are emerging ai a,0,0,0.04052648
a very hota weather fire danger expected in southern california algeria u2,1,1,0.88307244
wheel wednesday all the way from puerto rico a14y5a14y7a12f jeepwrangler offroad wheelwednesday,0,0,0.021206554
at mexican school hit by quake heartbreak and dwindling hope by paulina villegas via nyt,1,1,0.9713814
tornado signature right outside of polygon moving inland from the coast flwx hurricaneirma,1,1,0.990466
good morning puerto rico oldsanjuan saturdayvibes,0,0,0.016240455
first harvey then irma and jose why its the season,0,1,0.304125
boat and car mechanics in high demand after storms harvey and irma rip through texas and la gulf fla coastal s,1,1,0.96503764
video shows dog being pulled to safety following earthquake in mexico,1,1,0.5952389
and ahead of hurricanemaria and hurracaineirma the fakenewsmedia never reported this,0,1,0.90166324
inbox issues harveyrelated interim charges txlege,0,1,0.1643306
talkback with cbs manuel bojorquez from mexico city following devastating earthquake,1,1,0.36746404
missing puerto rico amp watching the sun sets at the beach prselevanta ai a14y5a14y7,0,0,0.023087326
trump at a church in puerto rico from jonathan ernst,0,0,0.021287328
the struggle is real harvey recovery for many houstonians has just begun please remember and be patient,1,1,0.97354794
grabbing hurricane harvey by the pussy fakenews cant keep ignoring this heroism,0,1,0.06123529
badass rescue dog who has rescued 52 lives is now saving people affected bya,1,1,0.98437667
nations lean on pacific disaster center to prepare for hurricane irma hawaii,1,1,0.9827408
an iconic moras icon,0,0,0.022412805
i think these new mhts are going to do just fine a12cjnj hurricaneharvey,0,1,0.1813942
harvey has got a busy footballing week football twice today football twice on thursday and once sunday,0,0,0.03517575
over half of puerto ricos schools remain closed,1,1,0.917388
so was californiawild fire w trees standing cars burned wmelted rims bs,1,1,0.97386444
usd adds exhibition against arizona state to aid hurricane maria victims,1,1,0.98413926
how bout these fine folks in jax tryna pray and sing irma away,1,1,0.13599193
babies and stress the facts babies harvey ece,0,0,0.02005854
unconsolidated soil partly to blame for mexico city earthquake ksatnews,1,1,0.98660684
918 post irma information please continue to handle storm waste safely in the event of an emergency dial 911,1,1,0.9407153
maria looks more posttropical this morning look for the storm to begin moving out to sea later thanks,1,1,0.9900233
hemingways house and cats spared by hurricane irma,1,1,0.9784413
tornado of learning learn powerfully like the vacuum of a tornado involving knowledge that you need,0,1,0.13872957
hernandezs big game means dodgers owner owes 1m for pr relief,0,0,0.045969106
video of live tv interview shows the moment a powerful earthquake hit iraq,1,1,0.88315326
hurricane irma creates carnage when it hits south florida,1,1,0.99075
stop playing golfsit your fat ass wellit is down and figure out a way to help puerto rico,0,1,0.2148797
femail rosie perez trump tweets nonsense puerto rico suffers the 53yearold aca,0,0,0.019576326
tampa bay residents can apply for federal unemployment services after irma,1,1,0.9484746
tx diaper bank in urgent need of volunteers for harvey victims,1,1,0.9879019
local pig rescue will shelter barnyard animals in hurricane irmas path,1,1,0.974718
look at this very dangerous hurricane maria with winds of 175 mph,1,1,0.9463882
irma evacuees find shelter in demopolis locals lend helping hand,1,1,0.9673401
us coast guard saves texans from storm harvey flooding,1,1,0.9898623
listening to beni mora by gustav holst on gustav holst orchestral works,0,0,0.023047496
how ending daca could affect harvey victims hounews,1,1,0.9439125
breaking news second earthquake rattles central mexico in 4 days breakinga,1,1,0.98462915
pimp cs wife revealed all ugk archives were lost in hurricane harvey,1,1,0.80206597
denver7 journalist recounts mexico earthquake firsthand fund set up for denvers,1,1,0.9417571
20170915 hurricane irma florida keys a boat not where itaos supposed to be in duck key gettyimagesa,1,1,0.90252286
hurricane maria loves you hurricanemaria via sandydelgado,0,1,0.15991172
hurricane marias eye remains 485 miles from miami and slowly moving north,1,1,0.9907122
alert tornado warning near columbia river mouth,1,1,0.9746969
thiago alves loses dog to hurricane irma,1,1,0.63610905
illegal started cali fires,0,1,0.092117615
how the trauma of a storm like harvey affects your brain hurricaneharvey trauma ptsd,0,1,0.934512
coloradobased supertanker takes on california wildfires,1,1,0.913593
metallica to perform at northern california wildfire concertannouncementcharityconcert,0,0,0.031574614
new tropical storm watches posted for coastal north carolina with winds that could gust 60 mph ncwx maria,1,1,0.9908104
hurricanemaria the devastation captured by joe raedlegetty,1,1,0.9624756
gfs has quite the et cyclone over the uk and ireland from the remnants of maria,1,1,0.976977
cloud storage offers data safe haven from harveys deluge cloud,0,1,0.9735029
the size of a tornado compared to the size of wind turbines via,0,1,0.8418012
know where to go in case of a tornado a hurricaneirma irma,1,1,0.8948745
how donald trumps failure to help puerto rico could haunt him in 2020,0,1,0.10128773
how irma and harvey may impact our food supply,1,1,0.9524963
hurricanes like harvey and irma make life even more miserable for allergy sufferers,1,1,0.9276619
i texas hog hunters private pilots provide airlift to hurricane victims a8,1,1,0.97108656
four texas gop lawmakers voted against harvey aid package,1,1,0.96900606
fifteen daysjust over two weeks since harvey came to town,0,1,0.9597
what it means to be a community in the wake of hurricane maria,0,1,0.9209078
biggest beneficiary from harvey and irma floor amp decor tts fnd,0,1,0.26396757
im out helping those affected by harvey a feels good helping others fight back rebuild 5,1,1,0.97669995
many volusia residents still suffering one week after irma,1,1,0.99361163
help cenotaph drummer rebuild his home destroyed by earthquake in mexicoa city,0,1,0.9889733
were focused on recovery efforts after irma learn how the work continues even after the storm has passed,1,1,0.97876966
black scout reviews mora bushcraft survival black knife,0,0,0.042313244
please keep praying for our bible society colleagues in the caribbean prayer irma,1,1,0.27318272
helping to pack personalcare kits at warehouse those gallon ziploc bags hold a lot harvey,1,1,0.9760808
tree tunnels to control colombo floods flood srilanka colombo,1,1,0.96116644
a homage to early new york spiritual house valentino mora body nostalgia,0,0,0.014474069
california wildfires evacuees offered free haircuts amp chiropractica care,1,1,0.60899734
help to close the zoo located in mayaga14ez puerto rico for animal mistreatment plz sign,1,1,0.9285798
harvey trailers sells utility car enclosed dump snowmobile trailers in maine trailera,0,1,0.25033966
my brother amp his family added another family member added to the packa12 d also a harvey rescuea125,1,1,0.7936146
dreamers saving lives during harvey still trump says get them outta here daca haiku,1,1,0.5403591
breaking large and extremely dangerous tornado on the ground in broward county florida irma,1,1,0.9877939
hosts dinner tonight to raise money for hurricane maria victims,1,1,0.96783185
fabric of srilanka torn apart by cyclonemora,1,1,0.9454356
how many fire fighters are illegal aliens in california jerry brown use you dear loved citizens,0,0,0.025511576
hurricane irma recovery update,1,1,0.9749858
take a trip to spanish speaking caribbean cuba dominican republic puerto rico,0,0,0.023027724
need to talk the toll from harvey is more than just material,1,1,0.94867826
sacramento group cares for florida pets displaced by hurricane irma,1,1,0.9761545
islamic state celebrates but does not claim responsibility for california wildfires,1,1,0.50460327
please helpwestie found after mexicos earthquake,0,1,0.9546024
hurricane irma terrifying path latest models show it will hit miami as category 5 storm,1,1,0.99157
hurricane harvey threatens largest flood insurer,1,1,0.9864488
another dog of harvey named jimmy amp flown into bay area from texas he needs a home abc7news,1,1,0.7249362
orlando schools welcome students from puerto rico edchat hurricanemaria,0,1,0.10884349
evelyn says her neighbor javier who doesnt speak english rescued her from harvey javier we are all family,1,1,0.83757824
favourite line about irma,1,0,0.054892126
puerto rico getting the food out to the forgotten citizens,1,1,0.64544463
good friend of mine found this in his hurricaneharvey cleanup a12e,0,1,0.582685
seen from above entire california communities reduced to ash,1,1,0.93983424
money irma foxbusiness emmys ratings crater trumpbashing to blame foxnews fox b,0,0,0.030509027
fees waived at landfill for hurricane irma debris more infogtgtgt,1,1,0.8900033
94 tonnes of tin on route to anguilla to help after the destruction of irma,1,1,0.9815562
scientists have run out of adjectives to describe hurricane marias devastating power,1,1,0.9480961
lets talk about hurricane maria,1,1,0.8166486
yaaas finally bought it i havent felt this happy since before hurricane mariaa12 2 i cant wait to start reading,0,0,0.05082864
irma poses us145bn sales hit to us retailers worse than harvey,1,1,0.97281873
isso porque a dona do post n mora em svp triste realidade,0,0,0.015986998
well thats new good for you james harvey hylton arca,0,0,0.016706802
iam so proud to be born in puerto rico,0,0,0.018201414
john mora doubles and scores in the 1st 10 mets top 3 stlmets,0,0,0.017067557
texas countys long recovery from hurricane harvey begins,1,1,0.98964536
the agriculture sector of puertorico faces lost crops and property damage from hurricane irma,1,1,0.9835602
more than 11000 in shelters as hurricane maria lashes puert tisnews click link,1,1,0.9932613
a hard days work cleaning up irma debris always goes up in smoke at horsemintfarm,1,1,0.9138323
hurricane maria damages dominicas main hospital leaves war zone conditions,1,1,0.9912143
sinkholes are being found in florida postirma are you covered for that irma harvey,1,1,0.9620899
pregnant with twins mother helped to get back on feet after harvey kprc2,1,1,0.4697452
dont forget a pictures worth a thousand details puerto rico after maria,1,1,0.5685685
indian ship delivers aid for cyclone victims burma myanmar cyclone cyclonemora,1,1,0.99065316
on their way to encourage the victims of hurricane irma,1,1,0.9846436
tropical storm harvey triggers toxic air pollutants telesur english full coverage via,1,1,0.9614593
lcec hurricane irma update september 18th restored to 190104 lcec customers th,1,1,0.8972384
season over we could use able bodies at earthquake in mexico dig in,0,1,0.38186598
the eric and andre show featuring special guest the california forest fire,0,0,0.0483096
do you remember now where is jesus to help you in hurricane irma amp hurricane harvey,1,1,0.7524809
marketsgtpolitic gt amid puerto ricos water crisis unions step in markets,1,1,0.0884627
iraniraq earthquake nsa leaks apple face id hacked and more security safety,1,0,0.025695315
irma aftermath st martin residents are now struggling just to survive propaganda,0,1,0.9922948
helping the keys this am calvary church in jupiter sending a team down w supplies post irma,1,1,0.9874752
calm is here with a california newt also called a fire belly,0,1,0.05850495
news startling footage shows california wildfire impact,1,1,0.9718394
passenger jet races against hurricane irma guess who won reports,1,1,0.82341826
tornado watch for most of south florida until 12am sept 10th,0,1,0.9897015
irma makes a slow exit from the tristate irma makes a slow exit cincy link,1,1,0.9534859
despite the rain wyeast middle school yard sale in the couv goes til 400 raising money for trip amp puerto rico,1,1,0.9325526
a post hurricanemaria update from stbarths caribbean stbarts,0,1,0.7541979
help people replace books lost to harvey flooding everything helps,1,1,0.9886652
video shows california family reuniting with pet dog presumed dead in wildfire,0,1,0.8971522
guest attacks man who let him stay during hurricane irma florida police say abc15,0,1,0.2783747
dont worry folks just got off an important conference call with hurricane irma well be fine,1,1,0.80040234
un migration agency appeals for usd 495 million to support communities in wake of irmaa,1,1,0.9907749
hurricane irma track update dominican republic amp cuba next 9 dead amp 49 million at risk,1,1,0.9885874
youre trending in puerto rico i miss you 57 hrvypreorder,0,0,0.02150257
iran used haarp technology which caused earthquake in kurdistan,0,1,0.39797255
what microbes may be lurking in floodwaters from hurricane harvey,1,1,0.94903785
tickling bondage footworship licking hurricane maria in revenge of the tongue tickles,1,0,0.04456991
harvey amp irma came diesel generators instantly kicked inkeeping internet ops uninterrpted,0,1,0.9366141
we are indivisible 100 of profits benefit aid for puerto rico,1,1,0.9434361
modular container home is d fastest ampmost efficient way 2 build strong durable buildings anywherea,0,0,0.042381387
the wait continues irma,0,1,0.5567402
mmmmm plus i made sure my cookie went towards the donation for harvey,1,1,0.5579796
irma is still leaving her mark in some areas of fl,1,1,0.992388
first harvey and now irma relentless storms strain rescue workers,1,1,0.9809303
6 scenes of sentinel ingested to hdds for event 201709hurricaneirma irma hurricane,0,1,0.7037981
how biglaw in hurricane maria ravaged puerto rico are pressing on,1,1,0.9795455
harvey nash hr business partner,0,0,0.017632367
sheriff suspect shot wounded during irma burglary,0,1,0.60133
cloudy water from irma as the waves continue to roll in,1,1,0.9860931
the stream what can be done to help caribbean nations recover from irma,1,1,0.956873
major hurricane maria has now strengthened 60 mph in 24 hours,1,1,0.99126923
heres a midmorning update on harveys future forecast in the houston area,1,1,0.9768016
sampc week 6 for harvey todays focus was explosive power a1414ba14d istrengthandconditioning basketball rugby athlete,0,1,0.1673938
the us embassy shows the reality of a devastating earthquake hitting iraq and iran,1,1,0.88132006
crude oil weekly hurricanes harvey irma lifts oil prices,1,1,0.31129187
local soccer tourney includes tx teams and money being raised for harvey relief,1,1,0.9605642
scenes from mexicos devastating earthquake by ro water filter,1,1,0.66023135
praying for those yet suffering from harvey i had the pleasure of volunteering with blmhtx in hard hit areas,1,1,0.9438339
fema approves loans to keep harvey damaged cities working to repair damage,1,1,0.9913288
this is what stupid looks like earthquake hurricanemaria hurricaneirma,0,1,0.12903903
harvey by the numbers thx for hosting eco recovery brief today,1,1,0.8771732
gofundme how to immediately help those impacted by the california wildfires webdesigna,0,1,0.9851098
blog energy department responders are on the ground assisting hurricane recovery n irma,1,1,0.9805156
love seeing my kiddos in puerto rico,0,0,0.05243914
behavior of donald j trump as president and leader of the united states of america in hurricane irma,1,1,0.33530912
thanks to uncle sam and hurricane irma for the best 10 days ever see you in 2 months friend keep rockin,0,1,0.13199577
new activation emsr244 earthquake in central mexico copernicus earthquake eucivpro,0,1,0.1562576
dang near everybody was affected by irma,1,1,0.9929877
and not one irma model was right only one was close but it had her hit miami and the panhandle,1,1,0.9461162
texas struggles with harvey flooding could still see water rise,1,1,0.9939873
hurricane irma ai aowonder girlsao help in georgia shelter redcross redcrosser,0,1,0.9878369
look at with a great graphic on how big hurricane irma is compared to the state of oklahoma,1,1,0.94506294
245 dead as school collapse during massive earthquake in mexico naijapals gistmania,1,1,0.981723
hurricane irma minutebyminute animation,1,1,0.5910854
hurricane irma path and track live noaa update as models show direct hit on florida,1,1,0.992458
fema insurance chief harvey may end in 11 billion in payouts to homeowners,1,1,0.78092563
air canada suspends flights to st maarten due to hurricane maria impact travel,1,1,0.9791126
trump appears to side against federal government in lawsuit over harvey relief unitedstates,1,1,0.28363532
why irma and harvey could finally get republicans to care about climate change,1,1,0.26572344
rick brown what to do in the aftermath of harvey,1,1,0.9053234
iran health minister meeting to discuss relief plan earthquake,1,1,0.6139613
harvey looks to slow cubs in 3rd start off dl mlb mets baseball,0,0,0.039190367
with congressman luis gutierrez and pedro soler at the dsfs event supporting the mexico amp puerto rico relief fund,1,1,0.16913968
is that a shark in naples houston whatever someone is jumping it irma harvey impeachtrump,0,1,0.6190571
so to for holding and i down while we report from puerto rico a14y5a14y7,0,0,0.017378831
bill clinton also shared a pretty awkward puberty photo for puerto rico hurricane relief,0,0,0.032254852
science hurricane irma before and after images these satellite images show the destr,1,1,0.9786066
in case you missed it new story rolling hills to collect items for harvey victoms,0,1,0.9677444
this was actually taken at a benefit for puerto rico gaga is wearing a white pantsuityes on purpose,0,0,0.027644258
wrt irma forming over cool water heres judith curry an expert on hurricanes a,1,1,0.9452315
harvey cancels houston wedding louisiana city donates 1 us news amp world report,0,1,0.8888462
steve harvey tells how youtube has changed the daytime talk show,0,0,0.047582027
deadly california wildfires spark needed debate about current spending,1,1,0.8130693
heres how bad the mosquitos are after hurricane harvey,1,1,0.97114134
in marathon key irma on search amp rescue mission and bringing aid,1,1,0.97754693
harvey and irma arent natural disasters theyre climate change disasters,1,1,0.9594964
mexico earthquake navy says no missing child in collapsed school,1,1,0.9795091
northern california fire survivors aitas shameful they didnat warn usa,0,1,0.8855258
market screwed up for sure eqf hires feye to fix mess feye goes down cpst has only working power after,1,1,0.092687055
thinking of our friends in california as they begin recovery efforts from devastating wildfires,1,1,0.911132
bridgeport family mourns relatives lost to hurricane maria,1,1,0.98971015
sabanas go go power rangers 3 arte de dan mora,0,0,0.012514336
what hurricane harvey says about risk climate and resilience,1,1,0.94120437
i will never tire of this photojnj hurricaneharvey,0,1,0.13894077
scranton woman returns home from aid trip to puerto rico scranton timestribune,0,1,0.9021421
raging wildfires caught sleeping californians by surprise usrc,1,1,0.9760251
collecting items in parker for harvey relief drive,1,1,0.97072697
two new inquiries into controversial puerto rico power topstories,0,0,0.039881486
as deadly fires ravage california wine country officials prepare for further fatalities,1,1,0.9902293
wish i could find out are these tornado clouds rolls around coral springs often very bad trees down from irma,1,1,0.8511781
south floridians irma the ppl in tampa say git and not jit 1 irma ight bet,1,1,0.6212543
taking supplies to all of those affected by harvey harvey relief donations appraisalmc houston,1,1,0.98916465
this is a line for gas people have been getting up at 3 am to make long lines like these,0,1,0.11745533
hurricane irma reminds us of an important truth about financial models,1,1,0.92170775
more florida keys residents return home to survey irmas destruction,1,1,0.9900205
algeria us sanctions snag donations to iran earthquake victims,1,1,0.93885976
money irma business a government crisis gives icelandaos pirate party a second chance a,0,0,0.024451781
sign language interpreter at press conference sparks outrage,0,0,0.02547203
drafts from irma,1,1,0.55644464
downtown dallas megashelter for harvey evacuees to close wednesday,1,1,0.981564
bermudians david strong and jeff ryall survive brush with hurricane harvey,1,1,0.9880492
5pm sunday maria update cat 2 storm centered well east of the jacksonville florida coast heading north,1,1,0.9896746
portrait double exposure ai ai ai ai ai antonio mora ai,0,0,0.016016336
cyclone mora wreaks havoc cuts power in maungtaw,1,1,0.9810606
president donaldtrump push back when it comes to puerto rico,0,0,0.020773469
mexico may now have too much earthquake aid,1,1,0.9677769
i love you 8 from puerto rico is biutiful so cute,0,0,0.015727017
quake leaves trail of death and destructions iraq earthquake bahrain,1,1,0.9892755
deadly fires ravage californiaas wine country leaving at least 15 dead more than 150 missi,1,1,0.98336834
emergency broadcast martial law in wake of hurricane harvey amp irma,1,1,0.97108924
the gekko files the qb and the coach try to get ucla righted we preview the 2017 bruins,0,0,0.033223495
shout out to louisianas at aap17 by for exemplary humanitarian efforts during harvey,1,1,0.9810003
harvey irma us homebuilder sentiment falls on stormrelated supply concern,1,1,0.973395
goodbye hurricane irma click link to view amp comment,0,1,0.8814376
usgsm 41 51km wsw of paredon mexico earthquake,0,1,0.20197394
biych i just got the text for tornado warning pray for me and all my floridian people rip,1,1,0.34968683
brandi harvey live tonight downtown at the 40 east grill,0,0,0.030065158
letter after rokitas vote against harvey relief lets pray,1,1,0.2763486
leonel cardenas mora campeon panamericano jr de squash 2017 orgullosamente cdmx,0,0,0.013511584
raising funds to put rockport texas back together after hurricane harvey,1,1,0.9798465
hurricane irma bring it bitchna,0,1,0.8203371
the floor was rippling professor who survived mexico earthquake tells story,1,1,0.9537426
dont forget ususvi hurricanemaria,0,0,0.02163517
join us in praying for those affected by the california wildfires psalm 911 esv,1,1,0.50277233
hurricane irmas trail of havoc in sintmaarten,1,1,0.9847825
hellish california wildfires inspire haunting web comic,0,1,0.71314484
hurricane marias track shifting closer to midatlantic coast via,1,1,0.9886413
rep castro insists on harvey aid without any games,1,1,0.9732748
west bank flea market in harvey,0,1,0.16785574
google firm flies balloons to deliver internet cellphone signals in devastated puerto rico,1,1,0.9746397
as a class apostolic project pk3 pk4 collected items for hurricane harvey evacuees in irving shelters,1,1,0.9693263
skynews hurricane marias path along the coast of the unitedstates,1,1,0.99104965
south bay latino community devastated by mexico earthquake destruction sanfrancisco,1,1,0.9882039
rebuild dominica partners with project cure amp other global allies posthurricane maria,1,1,0.9713946
flood risks will be mitigated considerably by 2020 patali read more lka srilanka,1,1,0.91424257
bond insurer proposes timeout for puerto rico litigation,0,0,0.027047122
puerto rico braces for visit from hurricane maria via,1,1,0.98796135
a tamilenglish translator needed floodsl srilanka,0,0,0.04395206
is it true that an earthquake will reach kuwait soon,0,1,0.6386873
events in nyc aim to help hurricane battered puerto rico,1,1,0.9930708
woman accused of assaulting woman preparing for hurricane irma,1,1,0.3602879
hurricaneharvey texas moves toward recovery gas prices slip,0,1,0.9492383
hey world this is the real batmanday mexicoearthquake mexicoestadepie,0,0,0.014705769
ummmm lol harvey norman have online,1,0,0.021895712
thing you can rndmly find at best coworking space in puerto rico,0,0,0.018958751
1105 lake moraine pl raleigh nca 27607,0,0,0.029071651
lebst du notch mexico earthquake puert rico dominca,0,0,0.027856288
a rabbi aid drive after irma devestation on by,1,1,0.97326106
redditors donate wedding dresses to houston brides following hurricane harvey,1,1,0.96411407
history shows we dont need big government to clean up after harvey and irma,1,1,0.9535815
our power our future puerto ricoas road to a justrecovery,0,0,0.023126327
you can support mexicoquake victims right now,1,1,0.9412111
california pizza kitchen shits fire af,0,1,0.17709292
googles project loon seems to be having trouble with stationkeeping above puerto rico,0,1,0.7202807
a team of american experts is in mexico to assist with search and rescue efforts followinga,1,1,0.98934466
this is a mirrored image from a wild fire in california this this is a susano,1,1,0.29489174
california wildfire probes hammer pgampeas value,0,1,0.61148643
hillary caught on tape laughing about irma wiping out all of those florida hillbillies,0,1,0.22831905
irma flooding last week pumped more h2o into lakeo than armycorp released that stops today,0,1,0.9651635
sun 7am maria is no longer a major hurricane winds have dropped to 110mph heading toward cape hatteras nc,1,1,0.9875387
strategic planning business viability using publicly available data irs help for harvey,1,1,0.77237606
el paso to orange soldiers travel 1000 miles in wake of harvey,1,1,0.97282416
eating tornado potato and drinking beer while waiting for taeyeon albmusicfest albatrossmusicfestival,0,0,0.026315993
harvey city asks residents to remove parked cars from street for debris pickup,1,1,0.9904203
cleanup from hurricane harvey by skmiller photography beautiful,1,1,0.9520587
still standing after hurricane irma,1,1,0.7117868
california wildfiresa devastating effect on marijuana industry,1,1,0.96592605
even governor moonbeam is sight unseen,0,0,0.047969405
13 toxic waste sites damaged by harvey houston awash in chemicals,1,1,0.99010277
pioneer woman ree drummond holding harvey fundraiser news9,0,1,0.9339454
les harveyables actors stage musical amid piles of debris in floodimpacted houston,1,1,0.9871048
bb i just been eating like crazy since irma had me home for two weeks,0,1,0.4033059
eastside fire spent week helping california crews,1,1,0.9780968
after a flood inspect all medicines harvey,1,1,0.97021234
look at harvey simply embracing it,0,1,0.11596703
srilankas food gap widens in wake of regional floods and drought warn and,1,1,0.9777825
hurricane irma orlando assesses the damage photos,1,1,0.9876859
proud to work w to get fl lawyers amp their clients back on their feet nationwide access free,0,0,0.03822413
southern california prepares for potential wildfires,1,1,0.970168
claudia harvey of dig it apparel to be featured on cutv news radio,0,0,0.022483552
california wildfires kill 10 destroy 1500 buildings,1,1,0.9842578
the cone of uncertain continues to shift west putting atl on e side of irma meaning greater tornado threat gawx,1,1,0.98869866
do good today stop hogan street by from 11am6pm to donate supplies to help puerto rico after hurricane maria,1,1,0.99028987
irma update from highlands county next on,1,1,0.9336422
what is the future of puerto ricos energy grid techbuzz,0,1,0.080542244
thats indiana and thats how large hurricane irma is oh my,1,1,0.96192783
call the texas immigrant rights hotline if you have experienced an instance of hate or discrimination sb4 harvey,0,1,0.16861193
harvey spins deeper inland full scope of damage is unknown from,1,1,0.9930524
been a rough 3 weeks in the antilles backtobacktoback major hurricanes irma jose maria,1,1,0.88342535
i am alive he recalled thinking over and over again alive iran earthquake,1,1,0.09345396
student asks to bring dog to class before hurricane irma professor has the best response via rupliftingnews,1,1,0.72391117
pray for all those families in californiawhy how did this fire startso very sada12b,0,1,0.2046028
reload miami conference irma update,1,1,0.3090854
here are some explanations for the mysterious lights that follow earthquakes,1,1,0.6766471
thank you to those who purchased in support of hurricaneharvey enjoy your crunchi,1,1,0.9280897
harveys floodwaters flexed earths crust pushing it down as much as 2 centimeters,1,1,0.97886837
in key west stayed for irmathis is our tree in the back of our townhouse,1,1,0.9176581
time lapse video shows rapid rise of water in houston bayou during hurricane harvey,1,1,0.99081624
houses damaged roofs blown off as hurricane maria batters usvi,1,1,0.99303037
tytlive situation in usvi just as dire as puertorico,1,1,0.31180826
here is the new guyharvey aruba long sleeve guys tribute to that enchanting island,0,0,0.032251783
flooding from irma prompts a new look at marshfront surge,1,1,0.9899839
watch expert frank mora discuss uscuba policy on,0,0,0.022187477
if hurricane irmas eye was over phoenix thats scary azfamily,1,1,0.9451764
releases statement on hurricane irma,1,1,0.9404188
put your hands up if ur not workn the mora,0,0,0.03033972
rainbow right over the tornado hit homes lady next to me says mother nature saying shes sorry,1,1,0.8998313
pray for all in the path of hurricane irma we are worried,1,1,0.88625824
john besh delivers hot bowls of gumbo and red beans to harvey evacuees,1,1,0.9251132
seismograms from yesterdays earthquake on the iran iraq border,1,1,0.9194349
24 and 48 hour rainfall amounts and most of this occurred in the last 12 hours harvey houstonflood,1,1,0.9927336
hurricane irma victims jesus saved us,1,1,0.8696237
tropical storm maria still making waves but will pick up speed over next few days and continue to move away,1,1,0.988962
oh nice how about you send that money to puerto rico,1,0,0.027043289
amommy donat crya a 4yearold girl surviving hurricane maria unicef connect,1,1,0.97708625
an earthquake just shook la after mexico now we get hit after irma now maria5 hitting the caribbean but argue w,1,1,0.9820395
12 years ago my parents opened a museum a week ago it looked like this a127 harvey harveyflood,1,1,0.19018035
irma nfl right on the a0a0a0 top 5 throws of week 2 via twitter,0,0,0.029570019
some in texas begrudge aide to puerto rico,1,0,0.035719063
theres still a lot of work to do heres how to help,1,1,0.6126511
mexico we are the crack they are the collapse mexicoearthquake sismosmexico2017,0,1,0.099085696
hurricane irma storm batters caribbean islands as florida emergency declared,1,1,0.99250233
irma deals an unprecedented blow to floridas citrus industry,1,1,0.97813886
joel osteen asks new yorkers for charity after harvey in spoof read more money,1,1,0.22090606
sunny day landscape flooded area due to hurricane maria,1,1,0.9887285
chef cooks barbecue for california wildfire victims,0,1,0.7246242
familiar weather pattern for fl although satellite shows hurricane maria in distant e amp upper low pressure in gulf,1,1,0.98640823
were on the road to jacksonville to coordinate our response to irma in florida see you soon,0,1,0.9683509
after irma communities look at the long road ahead,1,1,0.95650226
pnnl scientists weigh the factors that power a hurricane like harvey or irma,1,1,0.96179473
photographer spotlight nick leggio owner ig mikemora photo by apin1k full feature,0,0,0.016788715
thousands of iranians homeless after strong iraqiran earthquake phnews,1,1,0.9921462
looting thugs take to streets during hurricane then get what they deserve video,1,1,0.76207757
forecast models indicated hurricane irma will turn north amp move over or near southflorida sunday cbs4,1,1,0.9901376
would you be prepared if a disaster like harvey or irma struck greater cincinnati,1,1,0.9439511
researcher claims to have predicted the iraniraqearthquake through planetary alignments,1,1,0.4973689
high tide hurricanemaria,1,1,0.16148686
rescue work suspended at earthquake collapse site in mexico city ap,1,1,0.99036
dcsdfootball hurricane irma delayed them but week 4 stats are up online now,1,1,0.45370212
a reminder of what happened as evacuated passengers ahead of irma earlier this month,1,1,0.9785679
harvey disaster food boxes available in impacted areas visit to learn more,1,1,0.9851863
find out how you can join disaster relief efforts by clicking the link,1,1,0.9533781
president trump on tuesday raised the prospect of wiping out hurricaneravaged puerto ricos,0,1,0.9021208
vw audi nissan production hit by mexico earthquake,1,1,0.8312874
teen suffering health crisis during hurricane harvey uses siri to call for her own rescue,1,1,0.96618485
new 11pm advisory from the nhc no change irma still a very dangerous storm heading toward fl amp ga,1,1,0.98902625
univision news weekly brief a month after the mexico quake and hurricane maria,0,1,0.9451826
tubbsfire victim karen aycock 54 wouldnat leave the house without her animals,0,1,0.96236604
mexico earthquake leaves historical churches in countrya hit,0,1,0.9885902
it takes no compromise to give people their rights harvey milk,0,1,0.10321472
fsu students community send hurricane irma relief supplies to south florida,1,1,0.98684746
dog protects livestock from california wildfires,1,1,0.8914681
i am alive survivors of iran earthquake mourn as government scrambles to help,1,1,0.91759014
afpphoto a14yaa14y8 thousands evacuate as california wildfires kill 10 a127 frederic jbrown joshedelson robynbeck afp,1,1,0.8299156
a list of what u can donate and where u can send your donations to for hurricane harvey victims,1,1,0.9836353
popular on 500px collection of classic bmws saved from california wildfires by karnadi39,1,1,0.38673115
austins turnkey vacation rentals takes a hit from harvey on texas coast,1,1,0.98380464
get started tax help for small businesses hit by harvey and irma usa today,1,1,0.9863868
as expected one 12hr tornado watch expires another is issued hurricane irma jaxwx savwx flwx gawx,1,1,0.96477014
chefs aiding puerto rico find redients difficult to come,1,1,0.60600525
td15 expected to become hurricanemaria next week threatening parts of caribbean hit by irma,1,1,0.9927003
hurricane harvey was no match for the boxing family fightnewsasia fightnews,0,1,0.964353
azerbaijan offers assistance to iran after earthquake iranian envoy,1,1,0.9616501
the same islands that took a direct hit from irma will not take a direct hit from maria however puertorico isa,1,1,0.99149233
strong earthquake in iran had no effect on yesterdays earthquake in azerbaijan,1,1,0.9827288
yeah ive been ready to gojnj hurricaneharvey,0,1,0.108773805
news on npr a week after irma florida families still living in the dark,1,1,0.97906166
sandy beach mora psaria at the northern coastline of rizokarpaso cyprus,0,1,0.21186103
virginia beach woman chartered plane to rescue 300 animals as hurricane maria bore dow,1,1,0.98811835
how irma got her own wifi,0,1,0.17220573
see how we are moving forward together postirma fumccg news and happenings gablesstrong,1,1,0.6926095
whatas happening in puerto rico after hurricane maria is environmental injustice,0,1,0.91961414
this is the most adorable pic ive seen from visit a12 dai houston beygood hurricaneharvey,0,0,0.045299884
workplace gratitude in action helping harvey amp irma hurricane victims beinspired,1,1,0.9720149
sine mora ex dev on the new coop mode,0,0,0.01697252
hurricane harvey downgraded to category 1 will likely become a tropical storm d27,1,1,0.9862347
tracking irma this morning as it passes north of dominican republic dangerous category 5 storm gt,1,1,0.98948085
copped tho right before my mom forced me to sit in the bathroom for tornado warning,0,0,0.03334277
irma maria jose forestfires earthquakes s song so much trouble in the world so true wheres the,0,1,0.19579946
yes thats a cadillac stuck in water the driver had to be rescued harvey,1,1,0.92048097
hurricane maria left puerto rico absolutely devastated,1,1,0.9923315
weekend soccer games called off after mexicoa earthquake,1,1,0.274911
hurricane marias effect on us not ruled out forecasters say,1,1,0.97714305
in kingwood texas where many families are picking up the pieces after hurricaneharvey,1,1,0.99217004
family houston young professionals volunteered at the giving hub to help families in need after harvey,1,1,0.9895851
kenny chesney helps teen brothers reunite with mother after hurricane irma,1,1,0.9666567
20 of every order at squeezedonline goes towards hurricane harvey relief until sep 14th,1,1,0.94458646
relatives say children missing after a school collapsed in mexicos deadly earthquake have sent whatsapp messages,1,1,0.98694813
nationaldayofprayer is bullshit you really wanna help those impacted by harvey donate timemoneysupplies,1,1,0.9720186
breaking tornado warning for adams and yorkcounties in pa until 445 pm edt,1,1,0.9850616
fire crew shares video of what they faced battling californiaa blaze,1,1,0.9812459
linmanuel miranda talks helping puerto rico amp notching first top 40 hit exclusive,0,0,0.043208584
artists send thoughts amp prayers to mexico city following the devastating earthquake,1,1,0.9478801
northern california wildfire interactive map esri gis waze,1,1,0.37530982
good tuesday morning we hope things are back to normal at your home following irmajoin us now until 7am,1,1,0.82115114
uns global emergency response fund enables humanitarians to provide urgent aid for victims of hurricane irma,1,1,0.97428066
click here finance politics business three storms raging in atlantic with one aimi,1,1,0.9276946
check out new 61 magnitude earthquake hits mexico again hoodnews,1,1,0.96364635
baby born during hurricane harvey gets most apropos name,1,1,0.3938443
state aid to puerto rico has also been delayed by a mix of slow requests and money woes,1,1,0.8288665
fire storm california a geoterrorism a no justice aa justus,1,1,0.11256587
everybody go give eagle alum a120mora a follow at,0,0,0.022205183
after earthquake mexico holds out hope for those trapped under rubble a not givinga upa,1,1,0.90378445
iran turns down offers of earthquake aid including from its archfoe israel,1,1,0.87201434
hurricanemaria relief just dropped off first baptist orlando,1,1,0.97162205
power slowly being restored after hurricane irma,1,1,0.9885279
california wildfires moment familys dog is found alive in ruins of home a video,1,1,0.8347169
enjoying the golden tornado band from home in erie,0,0,0.031298496
mexicans turn to church as earthquake death toll hits 320,1,1,0.9920433
business expert president trump signs hurricane harvey relief bill creditrepair jobs,1,1,0.74069333
democrat mocks trump with paper towels in congress after puerto rico fiasco,0,0,0.025840992
get to mora and try the whole menu,0,0,0.03421351
rainierwildflower one of the first flowers of spring coltsfoot already gone to seed kl,0,0,0.05467829
hillary clinton links climate change to wildfires hurricanes in california speech,0,1,0.41755205
this drone footage shows the devastation caused by the 71 magnitude earthquake in mexico,1,1,0.9913837
bun b on hurricane harvey a itas worse than everyone music,0,1,0.08677092
latest update on hurricane irma with links to resources,1,1,0.960925
ontiermexico will provide free legal advice to those affected by the earthquake,1,1,0.97435486
still havent taken down the plywood from irma im waiting to see what maria does f pray she heads north after,1,1,0.96262604
newsgraphic satellite view of hurricane irma traversing the caribbean on wednesday,1,1,0.9861093
orlando city wins friendly 61 helps puerto rico orlandocity,0,1,0.08161539
irmas twisted sister hurricanemaria maria2017 wx weather prayforpuertorico,1,1,0.86214805
frequentou one direction mora londres,0,0,0.015371099
tornado watch continues for the tri county and the nearby atlantic ocean water until midnight chswx irma,1,1,0.9904428
hurricane maria knocks out power across all of puerto rico nbc nightly news,1,1,0.9901286
welcome back titans finally back to school post irma bcpsfirst knownova backinbusiness,0,1,0.0645465
a damaged apartment is seen after the earthquake in the narrate neighborhood in mexico city,1,1,0.977927
californias notorious winds feed wildfires,1,1,0.9701412
the dominican president expresses his amost sincere condolencesa to mexico fora,0,1,0.106970794
so trumps new nasa adm is also a climate skeptic see irma harvey,0,1,0.16438815
after 3 weeks of delay and one messy harvey my backpack was delivered at 1055 pm,0,1,0.50145566
puerto rico se levanta med students unite to help those in need,1,1,0.89987886
all my family is there boston restaurateur relieved after mexico earthquake,1,1,0.535907
so proud of our kids who raised nearly 600 for puerto rico a14y5a14y7 hurricane relief with a bake sale today fwsu ai a14a,1,1,0.804237
how hurricanemaria could affect mentalhealth edchat naturaldisaster,0,1,0.6013878
opening 19 locations postharvey kprc2,1,1,0.09506497
commanders of irgc irans army visit earthquake areas in western iran,0,1,0.9338228
30a tv update jazzfest star to play irma benefit friday 30atv 30a,1,1,0.11480446
smoke from californias wildfires will harm people beyond the flames reach,1,1,0.97571474
hurricane harvey could create 1m salvage vehicles,1,1,0.9693462
ian harvey offers us a brief insight into the history of passwords in his latest blog post,0,1,0.08104988
maria still roiling central florida beaches lee becomes hurricane,1,1,0.989939
hurricane irma recovery fund for our island neighbours,1,1,0.98184925
supplies to fight off my post irma cold stress longhours loweredimmunity,0,1,0.96248895
tech labs reach out to researchers hit by harvey,1,1,0.99131256
the ghost of jose being absorbed by hurricane maria as she slowly heads north,1,1,0.98977697
congress looking into how tiny company from zinkes hometown gets 300 million contract to,0,0,0.027042203
harvey rainfall so far houston,1,1,0.9885483
my harvey always knows when i aint well a121,0,0,0.019922074
british troops help fix home wrecked by hurricane irma,1,1,0.9891472
tell that hurricane bitch irma to come this way i keep that mf thang on me,0,1,0.27363878
thank youuuu d irma,1,1,0.058398258
pizza hut workers paddle through harvey floodwaters to deliver free pies,1,1,0.98666173
blakpac member has not stopped assisting hurricane irma victims,1,1,0.9757244
irma resources for homeowners businesses amp workers,1,1,0.98436856
earthquake in kermanshah irans new genocide against religious and ethnic minorities,1,1,0.92551595
this photographer captured the devastation of hurricane maria from above,1,1,0.98935354
houston office market sees slight increase in vacancy post harvey cre,1,1,0.9458521
a jesuits firsthand account of hurricane harvey via,1,1,0.7435654
him amp his family lost a lot during harvey amp theyre just opening back up check them out,0,1,0.97419196
delivering aid to floodravaged sri lanka jewish sandiego,1,1,0.98718655
how i watched hurricane maria terrorize my home from a distance,1,1,0.8554254
classicmsinthebiz awhy donat you try acting like a womana by gia mora,0,0,0.011871337
the stahl boys doing a little cleaning up after hurricane irma dadepba thinblueline maria,1,1,0.9571101
recent hurricane hunters flying through maria find flight level winds of 120mph maria could be cat 3 again soon,1,1,0.9913707
evidently somebody didnat want to risk putting orlando under a tornado warning,1,1,0.9259392
one of the first solar storage tesla energy projects in puerto rico has come online,0,0,0.03913615
puerto rican farm saved from hurricanemaria thanks to solarpower via,1,1,0.9682597
dogs rescued from puerto rico after hurricane maria are being adopted tech technology,1,1,0.97771806
behind the scenes with mora a124a12a,0,0,0.011295037
tornado low light,1,1,0.97850674
collapsed school in mexico earthquake is checked for a hidden defectsa,1,1,0.62365687
xmen gold 11 cover by dan mora omega red returns xmen marvel,0,0,0.011334158
lucky duck irma sits on eggs even during hurricaneforce winds,0,1,0.6279391
ashe members offer engineering support to puerto rico hospitals by,1,1,0.7383178
mexico further updates and advice to british nationals following the 19 sept earthquake,0,1,0.9149801
skutchi wants to help businesses affected by hurricaneharvey and irma call us today 8889933757,1,1,0.990122
auto abs issuers pull pools back from harvey irma impacted areas,1,1,0.9752103
hurricane maria latest winds 105 mph about 475 miles sse of cape hatteras nc,1,1,0.989193
my beloved friend is doing godas work in puertorico right now hurricanemaria crytime keepgoing,0,1,0.6083106
comparto con ustedes mi columna con ustedes en the hill congress must fund puerto ricos new electrical grid,1,1,0.28853917
lee has a massive eye maria now a tropical storm not looking as healthy as it once did,0,1,0.98578066
many islands devastated by irma will get hit again by maria your forecast at 4 pm,1,1,0.99305034
dominica hurricanemaria first cases of anarchy receiving whatsapp messages reports sos security,1,1,0.11248918
11 pm update on hurricane maria hurricane warnings discontinued for pr,1,1,0.98763055
f you ao atca ed ta is afl house soyluna2 vuelvemdt3 hurricane maria middendrenthe,0,0,0.021182735
great puerto rico project solar energy presents a great opportunity for puerto rico prstrong,0,1,0.06710448
puerto rico is so grateful thanks mr president,0,0,0.03135176
fuck all no wall no clinton arrest zero help for puerto rico,0,0,0.04987506
tofu section during harvey hit texas,1,1,0.7786883
tracking hurricane irma,1,1,0.85476243
exxonmobil us branded wholesale network teams up to provide harvey relief,1,1,0.96614635
statement attributable to the on the earthquake in iran humanrights,0,1,0.13366216
houston mayor pushes storm surge spine to protect city,1,1,0.9907086
storm harvey flood victims face displaced alligators,1,1,0.97413117
yalls president has a networth of 35 billion dollars but could only donate 1 mill to harvey victims,1,1,0.9847655
harvey james was born on this day,0,0,0.049166396
just in tornado warnings spike across florida via,1,1,0.9919327
house washed away by river during hurricanemaria sadly 5 people were taken dominica dauki dausa,0,1,0.99041617
hurricane maria takes aim at battered caribbean florida could be next,1,1,0.99083906
damn i forgot how much of a shitshow bernies puerto rico operation was,0,1,0.07442775
wells fargo building in downtown jax flooded during irma forcing the doors to close for a while,1,1,0.99326396
harvey in any language volunteer translators for farsi arabic vietnamese answer thea call,1,1,0.10922272
hurricane irma millions fleeing storm could bring highways to halt,1,1,0.99248403
permitting fees for irmarelated repairs have been waived contact us to report hurricane damage to start the repa,1,1,0.9854467
savannahaos undergoing repairs after irma damage,1,1,0.97285175
investigations on image search on mexico earthquakehave ss debating over a caption lies or not,0,1,0.10612357
just saw the duke unc score has hurricane maria made it to chapel hill already unc starts the season 13,1,1,0.7580905
15 stark videos expose reality of california wildfires,1,1,0.80268055
buy a solar light amp spread the word lets light aguadilla puerto rico letslightaguadilla,0,0,0.049347837
first alert hurricane maria continues moving on northern track,1,1,0.99090075
lifeline animal project and atlanta humane society to hold postirma mega adoption event,1,1,0.67274773
please support my gofundme campaign,0,1,0.13835715
damage caused by hurricanemaria in roseau dominica strafpgetty images,1,1,0.9900641
because record floods just arent enough theres another couplet and tor warning harvey txwx,1,1,0.9369994
arirang news wildfires ravage california,1,1,0.97972715
help michael bailey amp his family recover from the california wildfires a signala boost,1,1,0.9798069
when all the meat thawed after irma,0,1,0.350705
so hurricane harvey left a lot of dogs without homesmax just found onea12 aa12 aa12 a,0,1,0.89576805
tornado watch cancelled for two counties,1,1,0.9923104
home from houston east texas needs a lot of help and time to recover you can help here,1,1,0.9170413
video of cu collecting donations for hurricane harvey cuboulder cubuffs boulder,1,1,0.9850048
navy marine corps providing aroundtheclock hurricane maria relief,1,1,0.9822694
langevin applauds passing of supplemental funding package for hurricane harvey relief,1,1,0.82517445
nofollowtwitter for iphonea,0,0,0.024493981
hurricane blame harvey amp irma punishment for trump amp gay mayor internet says,0,0,0.040066812
grand chandelier rocked by earthquake from the weather channel iphone app,0,1,0.61810416
glen cove park kemah texas houstonflood kemah texas hurricaneharvey,0,1,0.40982458
the local seismograph detected the iraniraq earthquake making the detector ringing for more than 12 minutes,0,1,0.7065818
bankrupt puerto rico set for fresh hit from hurricane irma,1,1,0.9930379
is serving victims of harvey emdayofservice might even help,1,1,0.9816989
hadley brown join forces to aid puerto rico,1,1,0.982346
flooded cars could flood usedcar market irma harvey,0,1,0.9871727
congrates we are waiting of loon in india as well,0,1,0.07061088
flew through the very outer edge of hurricane mariaas cloud cover no desire to fly any closer,0,1,0.9447213
21 dead in catastrophic california wildfires,1,1,0.97478807
students raise 1000 for puerto rico by dressing down one day,0,1,0.8565241
travel simulation reveals what its like inside a tornado in the new simulation from,1,1,0.41682944
miami football resumes practice following hurricane irma canes,1,1,0.9124116
some new brunswickers are doing a really great job helping florida reconstruct from irma power restored to over 6a,1,1,0.9511369
tolls to be reinstated following irma,1,1,0.86492646
wet mora a12a uom,0,0,0.013447814
puerto ricos governor says island is on steady path to improvement after hurricane maria,1,1,0.98704255
linmanuel mirandas releases starstudded song for puerto rico,0,0,0.017947474
please consider donating if you can hurricaneharvey houstonstrong chartwells,1,1,0.95785505
as hurricane irma nears hospitals in floridas southernmost county are evacuating patients a,1,1,0.9938286
in addition to hurricane irma hurricanes katia and jose formed on wednesday,1,1,0.9912901
matches of the cup of mexico are postponed because of a powerful earthquake,0,1,0.25007847
if anyone can hear us help cry lost in the trump maelstrom,0,1,0.15754119
ilustradora joanna mora obtiene premio mundial en los gourmand word cookbook awards,0,0,0.022094963
a country torn to bits puerto rico,1,1,0.07199576
a painting of the hurricane irma chainsaw nun this acrylic pain painting,0,1,0.36036682
winstonsalem native back in nc from st thomas after irma,0,1,0.27116644
please note that fiu is not a dropoff site for donations how to help irma,0,1,0.9868836
a121 soldes a14oe sine mora ex nintendo switch a bonplan,0,0,0.007697424
vegasnewsnow hurricane harvey hits texas hard vegas,1,1,0.9669319
winds from hurricane irma peeled away this stop sign at horizons elementary,1,1,0.96994925
from cajun navy to houston midwives zello is goto app for harvey rescues,1,1,0.8956181
demand for just recovery battles shock doctrine in puerto rico,0,1,0.59411705
festival gives boost to puerto rico for hurricane maria relief wmc5 gtgt,1,1,0.93572617
congratulations to our new missnewmexicousa ashley moraa12 1,0,0,0.010900569
mariana velasquez mora proud alumni of rennes school of business a14z8a14y4 rsbgrad,0,0,0.016194185
what a great organization is providing free propaganda tshirts and hats to the victims of hurricane maria,1,1,0.9373866
how the big tree got devastated and the small one untouched is beyond me luck of the draw or a tornado,1,1,0.88979685
puerto ricoas coffee industry 6 weeks on,0,0,0.030362628
hurricaneharvey by the numbers according to houstonstrong wfaa more,0,1,0.97469974
high confidence that hurricane maria wont affect south carolina,1,1,0.9844127
irans mullah regime imposes new measures to quell earthquake victims,1,1,0.90853304
icymi earthquake aftershocks shake iraqiran border,1,1,0.9852367
when she says shes going to puerto rico with her friends,0,0,0.034065574
we just had a hurricane just hits florida big bad irma,1,1,0.979229
survivors of mexico citys earthquake land in las vegas with stories of horror and heroics,1,1,0.98078835
hero alert please share a1414da12s8a motorcycle,0,0,0.039888572
view from bridge into orange from bridge city lots of neighborhoods still flooded out setxnews harvey,1,1,0.9870595
ppr volunteers jill amp kimberly at parc pet suites are caring for hurricane irma dogs that continue to arrivea,1,1,0.9827434
saw so much of this before during and after irma amazing people,0,1,0.7539473
56 magnitude undersea earthquake off chiapas mexico,1,1,0.9776225
puerto rico has incomparable beautiful beaches do you agree prstrong isladelencanto islabendita,0,0,0.05184303
irma nfl 0 to wish tysonpedro a happy birthday ufcpittsburgh ufc september 17 2017,0,0,0.009260407
damn nature you scary 8 irma,0,1,0.062115356
prayers for those who suffering the natural disaster in iran e7 and iraq e6 f earthquake,0,1,0.31051597
florida keys reopens for residents to assess damage after hurricane irma,1,1,0.9929963
aerial view of a damaged road caused by a landslide in barranquitas puerto rico fema,1,1,0.99066216
lularoe irma and leggings lularoe jamie bigley lularoe lularoeleggings llr lulaaddict howiroe,0,0,0.023554068
328 die as massive earthquake hit kermanshah province of iran along iraq border iran,1,1,0.98982364
frank lopez on puerto rico toxic water amp fema candy,1,1,0.7296823
a week after irma puerto rico faces far worse from maria ai miami herald,1,1,0.9874796
people seek tents for temporary housing and breathing mask after mexicoearthquake,1,1,0.9899038
hurricane harvey unites a 083117 video,1,1,0.9492116
sharapova puig to bring supplies to hurricanehit puerto rico,1,1,0.9892592
financiallystrapped puerto rico faces hurricane maria after 1 billion hit by irma,1,1,0.99161327
oped philadelphians provide ten helping hands for relief work in puerto rico,1,1,0.99069995
puerto rico sees scores of college students leave in hurricanes aftermath college,1,1,0.9925753
a week after irma caribbean devastation is laid bare hurricaneirma environment,1,1,0.99278
here are two ways to support mexicoearthquake survivors 1 prayformexico 2 donate,1,1,0.97426593
thehuffingtonposthurricane maria slams into puerto rico,0,1,0.9871945
the 2017 iraniraq earthquake from sentinel1 copenricus sentinel data esa snap,1,1,0.55023724
dog rescued from earthquake in mexico city xinhuaalamy,1,1,0.7603197
mastercard lends support 2 flood relief efforts in srilanka,1,1,0.9792402
radar indicated tornado in nw osceola co over west lake toho moving west 35 mph take shelter if here or near by,1,1,0.9908496
new artwork for sale fort san juan puerto rico,0,0,0.054958764
san diegans helping california wildfire victims sandiego,1,1,0.9647481
harvey aid tax reform lead busy congressional todo list nbc news,0,1,0.27859673
hurricane harvey airline flies plane of abandoned animals out of texas to safety,1,1,0.9841361
five of 32 first coast bank of america branches open postirma,1,1,0.340161
harveys unlikely hero meteorologist jeff linder fakenews propaganda,0,1,0.21631028
another successful trip to puerto rico to deliver much needed medical amp other aid bstrongglobalbetter wedobetter,1,1,0.95606595
harveyas canada coupons chicken wrap amp drink for just 749,0,0,0.032142855
and arrived in puerto rico this morning to deliver life saving supplies wedobetter,1,1,0.97713476
help adlcrc make a difference in puerto rico,0,1,0.6743473
iraniraq border earthquake death toll tops 200 officials say,1,1,0.9909031
guys new article out nowa126a126a126link is in the bio a14 3a14 3a14da14ea14fa12yai a1412di a12s8 was harvey and irma really disasters foodforthought,1,1,0.46305394
pm of israel more why did israel offer medical aid to victims of the earthquake on the,1,1,0.83877087
harvey destroyed dairy treet im officially pissed2,1,1,0.9801901
countdown to hurricane irma from orlando florida the lancescurv show,1,1,0.9311059
breaking tornado warning for lantana rd south to boca raton besafe,1,1,0.9877773
media confirmations about wildfires in california predicted by clairvoyant dimitrinkaa,0,1,0.6051193
finally garnidelia speedstar mora hires,0,0,0.015107525
tree down in nw hillshurricaneharvey,1,1,0.10871493
starting on on discussing irma and clean up after harvey congress and the debt ceiling,0,1,0.555726
houston one week on relief religion recovery in pictures,0,1,0.8161719
emergencymanager resigns in puertorico army ends its mission head,0,1,0.31755298
f1 force india driver sergio perez donated three million pesos to victims of the earthquake in his native mexico,0,1,0.93679935
shes a tornado with pretty eyes and an invincible heartbeat a,0,0,0.039407928
video shows flood waters from hurricane maria rush down street,1,1,0.9933977
linmanuel miranda is not throwing away his shot will reprise lead role in hamilton fora,0,0,0.020266673
hurricane irma a practically impossible storm,1,1,0.9817622
california couple hid in pool as deadly wildfires swallowed everything around themgtgt,1,1,0.98891544
irma hits cotton in southeast especially in georgia,1,1,0.9877592
santa rosa pd nuns fire rapidly approaches oakmont residents must leave now,1,1,0.9537925
hurricane maria eye nears turks and caicos islands news world media,1,1,0.9893985
kempa mens tornado xl handball shoes white wei weimarinefluo grn 02 size 48 eu 13,0,0,0.013682982
pets orphaned by hurricane harvey headed to san diego the san diego uniontribune,1,1,0.9899041
james harvey cameron sentenced to 11 years in jail,0,0,0.03992268
watching for some coastal storm surge but not as bad as matthew gusty amp tornado threat higher here,0,1,0.9857867
crews to return today after helping with irma recovery in georgia vt,1,1,0.97481185
canadian cargo plane sent to texas to aid posthurricane harvey relief effort,1,1,0.98172563
raymond james supports its associates and communities impacted by hurricanes harvey and irmaa,1,1,0.9895377
covering the army corps of engineers efforts to save the gujataca dam in puerto rico,1,1,0.9025236
california fires how this picture of a cat sums up the horror of wildfires sweepinga usa,1,1,0.6260363
wait wasnt mexico city suffered from an earthquake last week just asking,0,1,0.5836378
jennifer lopez and alex rodriguez raise 26m for puerto rico relief efforts christian post,1,1,0.9825075
follow me linmanuel miranda to return to a hamiltona role in puerto rico followforfollow,0,0,0.018181512
irmas devastating impact on caribbean islands nbc news,1,1,0.98965096
are irma and harvey godaos punishment for electing trump,0,0,0.048927024
modular expandable office unit is a clean and modern environment i irma,0,1,0.2673285
what will maria do after punishing puerto rico find out more in the latest tropical update,1,1,0.47423074
magnitude 61 aftershock hits mexico as search for people and pets continues a a1a 2a,1,1,0.9906337
iraq strong earthquake hits iraqiran border area six killed in iran humanitarian newzealand auckland,1,1,0.9906633
my hubby is at today on the column of harvey schachter business influencers,0,0,0.027134681
the waters in irmas path are 88 degrees thats like a hot tub of fuel for a category 5 storm,1,1,0.97854495
my administrators are the best 7 goodbye irma we are back in business 0dbd8,1,1,0.1655552
moore church dedicates new sanctuary 14 years after being destroyed in tornado,1,1,0.9306069
words cant describe how grateful we are for the hard work amp generosity of those who responded to our plea for clea,1,1,0.47082096
while most were worried about storm surge from hurricaneirma many actually witnessed waters recedinga,1,1,0.9919007
modular homes match the quality and appearance of traditional stickbuilt houses irmaa,0,1,0.271847
icymi mississippi natl guard helps with hurricane harvey response,1,1,0.9751501
dollar stabilises after selloff focus on north korea hurricane irma,0,1,0.6278535
time for me to visit saydrith mora home of the telvanni mages and their slaves,0,0,0.038113665
in puerto rico can you upgrade your taps to the ones that are in toronto more durable and strong,0,1,0.08092987
heres a close up look at the forecast track of maria thru friday staying a major hurricane,1,1,0.9744222
labrador helping mexicoas earthquake efforts earns presidential thanks,0,1,0.8677704
high school football returns this week in broward after hurricane irma,0,1,0.96679205
california basically on fire internet 90s mc donalds saaauuuuuce,0,1,0.1494221
mora builds on its 126year heritage with a new drive in the uk outdoor industry news,0,0,0.044111002
feds team with texas to provide postharvey relief,1,1,0.9654946
north east india worst hit by cyclone mora,1,1,0.9919139
how east coast dudes look making fun of hurricane harvey while irma is coming for them,1,1,0.18817662
networks join forces for hurricane harvey telethon featuring george clooney beyonce others,1,1,0.8646698
hes shaking peoples hands and then preparing food trump harvey houston,0,1,0.24907368
mexico earthquake prophecy fulfilled official video,0,1,0.1831621
puerto rican menas volleyball championship canceled due to hurricane maria,1,1,0.315563
mexico revokes permits of schools that collapsed ina earthquake,1,1,0.7582111
viequeslove raises nearly 900000 in hurricane maria assistance,1,1,0.9618429
a ray of hope tesla brings solarpower to childrens hospital in puerto rico solar,1,1,0.7545195
california wildfire by bachirbadaoui1 photography beautiful,0,1,0.37551472
new texas law amid harvey eases home insurer penalties on damage claims,1,1,0.9687072
red flag warnings today october 22 in california nebraska kansas and colorado wildfires,0,1,0.9672413
irma gonna getchya is all smiles in fairbanks ak get the entire weeks geek in review here,0,1,0.24728806
all wet resist harvey presidential,0,1,0.9462848
together we are stronger strongertogether hurricanemaria here is how you can help,1,1,0.9781502
beyonca and her mom eat at their favorite houston spot after serving meals to harveya,0,1,0.44200185
dtmag secshulkin provides an update on harvey recovery efforts,1,1,0.9874427
adventist review online adventist relief personnel mobilize to help earthquake victims,1,1,0.9722126
twitter erupts after iraniraq earthquake,0,1,0.2004195
cyclone mora hits bangladesh destroys refugee homes news dw 30052017,1,1,0.99007064
what a great welcome back to work after hurricane irma by of course no notifications for the huge delay,1,1,0.54205453
president trump says he will travel to stormravaged puerto rico next tuesday,0,1,0.8630542
satellite images show harveys impact on texas towns,1,1,0.9905585
california fire crew gain control damage could reach a 3b,1,1,0.982643
irma and harvey trump man nothing could save this ye,0,1,0.67696565
600 celebrities tweet your puberme for puerto rico relief lssc,1,1,0.05607031
irma nfl and its only halftime 1 gopats nevsno via twitter,0,0,0.015338989
mlb baseball melvin mora bobblehead baltimore orioles sga with box,0,0,0.00942055
mexico earthquake forces postponement of clasico nacional a soccer,0,1,0.819997
breaking red cross to relaunch harvey assistance site on sept 21,0,1,0.9879964
no power from irma but this raised our spirits from lgm seeyounextspring,1,1,0.8239442
wildfires continue to burn across california oregon and utah,1,1,0.9665136
tornado damage canton fruitvale tx 43017 drone 000157,1,1,0.9761019
sensational alex harvey band livepenthouse tapes a699 arrived in stock see,0,0,0.018405575
puerto rico will rise again,0,0,0.037671525
reporting from houston on hurricaneharvey great job and please be safe,1,1,0.925314
read more on how delivering good is helping harvey victims,1,1,0.95078933
10 benefit shows you can attend to stand with victims of the mexico earthquake,1,1,0.9295963
they are taking away early release days because of irma,0,1,0.31874222
we cant forget the victims of harvey amp irma their path was destructive staystrong,1,1,0.9897361
here are key messages for hurricane irma from flwx flkeys keywest,1,1,0.97220707
on hurricane irma aftermath news duty today for miami herald,1,1,0.92614406
were all feeling puerto ricos pain tweets and social posts from disasters change how we help breaking,1,1,0.91052
deadly hurricane irma leaves hundreds of thousands without power in puerto rico,1,1,0.9921714
gary ferman column team needs to regain edge after hurricane irma,1,1,0.79285026
the navy has been gearing up to help respond to hurricane irma,1,1,0.9913429
photo of cop carrying woman baby through harvey floodwaters goes viral,1,1,0.9307345
1 week after irma and walmart still cleared out,1,1,0.9548043
sunearthquake model matches m81 in mexico,1,1,0.122206174
aect president amp ceo julia rathgeber discussing hurricane harvey response with legislative staff txlege,1,1,0.8679586
california wildfires wow what a crazy month in the states,0,1,0.9326643
man who killed ex before harvey knew exactly what he was doing,0,1,0.67304623
help us support puerto rico 1116 you can win a shoveit snow sleeve among other cool prizes maria,0,1,0.33408225
puerto rico part ii national grid and tesla team up to solve nantucket islands energy woes,0,1,0.5837283
mexico city earthquake cristiano ronaldo and top clubs lead tributes to victims of disaster,0,1,0.28710386
mora companion get the point,0,0,0.023518918
does the us honestly expect puerto rico to reimburse them for whitefishas outrageous rates,0,0,0.03880592
one restaurant donated 3000 falafel sandwiches to the earthquake victims kermanshah iran,1,1,0.95725375
a12c yasss its time for livemes show magaaa a1439a340a1439moraa12b,0,0,0.013152019
caughtoncamera amp write new song for hurricane harvey relief,0,1,0.42588094
kim kardashian showcases sexy looks in vogue mexico cover shoot and makes a plea to help earthquake victims,0,0,0.051995125
a horrific time in puerto rico and the caribbean generally,0,1,0.1549546
underweight and overweight mainly overweight v high in central america data from alberto mora,0,1,0.067032516
did i use the wrong hashtag ayto jeugdzorg bergen2017 hurricane maria paulo freire,0,0,0.02337233
dozens of employees members lose home in california wildfires,1,1,0.9817883
arescuers save dog trapped under rubble after mexicoas earthquakea a121a14y2a14yd,1,1,0.9004891
lebron and the cavs may be sounding like jim mora soon i just hope we can win a game nbafinals2017,0,0,0.014077347
harvey katia irma jose our planet is screaming for help 2e,1,1,0.97951114
aphrodite born on the waves antonio mora photography,0,0,0.030369172
because the mississippi delta was my home for 10 days while outrunning hurricane irma,0,1,0.8501979
chickfila manager organizes jet ski rescue for harvey victims,1,1,0.9568909
puerto rico was dope last nightstorm,0,1,0.15731506
hurricane irma might not have gotten us but we got a whole new storm thats about to destroy us,1,1,0.97254455
florida man dies in police custody after violating irma curfew,0,1,0.90975857
hurricane irma gov deal expands state of emergency to all georgia,1,1,0.96875036
quick someone find mike ross harvey needs the talk help him mike quickly darvey,0,1,0.59544474
irma nfl frank gore is in for the colts touchdown colts azvsind via twittera,0,0,0.014770966
what i learned from hurricaneirma or rather what i didnt know before it tuesdaythoughts,0,1,0.32541367
last of the irma rations until next time,0,1,0.544548
their fault for not whipping out their own hurricane and kicking marias ass s puertorico lasvegas,1,1,0.12908287
small tornadoes unfortunately are part of tropical systems currently six tornado warnings are in effect in fl,1,1,0.9844124
this man cares nothing about puerto rico,0,0,0.020876953
mora impact port city sees heavy rain waterlogging tisnews click link,1,1,0.9919824
most mexico city museums have reopened,0,1,0.09190233
sentedcruz sbasouthcentral individual sba disaster loan assist now available harvey portaransas 8006,1,1,0.97112614
hurricane irma would stretch from san francisco to los angeles 3,1,1,0.9925465
maria is now a category 2 hurricane as it approaches the leeward islands track has it taking a more northerly roua,1,1,0.98693955
watch cnn ignore hurricaneharvey to keep complaining about trump,0,1,0.714582
treasure coast family recounts vacation in the caribbean during irma,1,1,0.75981826
impressive thermal image of hurricanea maria,1,1,0.8319081
nana tornado at afia schwaras house celebrating her yawa of week lol animguaasea wakekeeping,0,1,0.78922933
hey your bio is redundant puerto ricous youare welcome,0,0,0.016137155
my fuji gotten to lean on everything in puerto rico lvpr16 lamblas,0,0,0.038485967
happy birthday to carlos moras biological son and brother chris gonzalez,0,0,0.020777717
military mission to help puerto rico contact me for details you are not alone,1,1,0.8224503
rutgers chabad helping puertoa rico,1,1,0.69926757
dropoff centers throughout valley collecting items for puerto rico,1,1,0.9704223
a huge crane just collapsed on top of building in down town miami irma,1,1,0.98778814
stormtech ii hurricane maria edition,0,1,0.520939
hurricane irma dislocated worker program,1,1,0.9543219
i just liked this song the wind by pj harvey musicmedicine playlist,0,0,0.024791526
crews fanned out across dekalb county today to assess damage to homes businesses left by irma has thea,1,1,0.9931293
irma update free roof help available,1,1,0.931087
there is a lot of good info in here hurricaneirma irma scwx,1,1,0.6994686
watch 2 men film their narrow escape from raging california wildfire heatwave wildfires,0,1,0.95409006
minn women caught in california wildfires are home safe looking to help,1,1,0.9856494
selena gomez tears up talking about hurricane harvey victims via instyle celebrity entertainment lifestyle,1,1,0.7452026
this is what hurricane harvey will mean for trucking,1,1,0.95985407
on this day in 1991 a fire swept through oakland california burning thousands of homes tbt ccltbt,1,1,0.98248625
how the california wildfires will ravage the weed economy,1,1,0.76198894
puerto rico got leveled by hurricane maria and all i got was this lousy tshirt from cnn,0,1,0.9807711
usatoday raw over 400 known dead in iran earthquake,1,1,0.98561895
couldnt be happier to help those who were impacted by hurricane harvey 7,1,1,0.9604786
ucla head coach jim mora and db coach demetrice martin watching at the bruin elite camp,0,0,0.025694393
and i wouldnt drink from this if it were the only water on puerto rico staples,0,1,0.059900485
from hurricane watches will likely be issued for parts of fl today irma,1,1,0.9764165
hurricane maria downgraded to a category 2 storm here is the 5 pm advisory,1,1,0.98916465
puerto ricos massive blackout underscores islands fragile electrical system,1,1,0.9790462
interesting day volunteering for the red cross houstonstrong harvey logistics irmahurricane a121a121a121a121,1,1,0.34114406
3 jawdropping videos from the california wildfires,1,1,0.14859644
california woman stole from fire evacuees in santaa rosa,0,1,0.4139058
irs disaster relief info for hurricane maria available,1,1,0.97742486
pay con mora 3,0,0,0.017659966
earthquake swarming continues near yellowstone popocatapetl volcano erupts in mexico,1,1,0.9408435
nancy pelosi demands probe into montana firmas a highly suspecta contract to repaira,0,0,0.022941185
news lata reassures visitors to mexico following huge earthquake,1,1,0.96213335
when i say sko you say mora sko,0,0,0.01901418
thehill fema chief harvey should be a wake up call to states to fully fund emergency management a,1,1,0.89064085
puerto rico is still in emergency mode hope of improvement is fading,1,1,0.95097464
diehard cyclist rides bike through hurricane irma,1,1,0.94887227
money irma business bull market loses this particular wind at its back via gadfly ai ba,0,1,0.405424
marcus luttrell texas residents helping world war ii vet rebuild home hit by harvey for 100th birthday,1,1,0.9873723
did i fail in helping a harvey evacuee hcldr pinksocks a122,0,1,0.5192518
byeharvey i do feel for anyone named harvey right now though,0,1,0.16815096
apuerto ricos posthurricane recovery efforts have been largely a grassroots impulsea,1,1,0.97549427
centralfinance provided medicine for the flood affected communities floodsl,1,1,0.9926596
firefighters gain ground on california wildfires theresistance will maga follow,1,1,0.96623415
rescue workers continue to search through rubble following earthquake in iran and iraq,1,1,0.9849877
a modular home is not a mobile home it is simply a home that is built offsite as opposed to onsite irmaa,0,1,0.5338963
just liked sangre gitana y mora by lole y manuel,0,0,0.016003102
world leaders offer condolences to iran and earthquake survivors,1,1,0.69005316
blackedout puerto rico makes a longshot pitch for amazons hq2,0,0,0.039399862
a12c yasss its time for a great show a12bgabmaleno a12bhelping harvey amp i,0,0,0.011037942
while he insults them from a golf resort his second golf vacation since hurricane maria hit,0,0,0.05381902
steve harveys 6th grade teacher doubted him and he didnt forget it,0,0,0.035997517
this is why its so difficult to get supplies across puerto rico all major highways are blocked by utility poles,1,1,0.9787496
get your irma relief blowjob tshirt to help us rebuild in the spirit of george carlin at,1,1,0.97056055
wildfires in californiaas winelands economy finnacial,1,1,0.62274915
all clear issued for the turksandcaicos islands by hurricane maria recovery underway cometogether a14y9a14z8,1,1,0.9204659
whats happening harvey damage testing texas infrastructure,1,1,0.98853266
a why morataas move to manchester united is not done yetaa agent,0,0,0.018054843
the mets 6179 nimmo goes deep twice as harvey beats the reds 6180 72 this evening at citi field,0,1,0.17163391
just in readout of briefing on hurricanes harvey and irma,1,1,0.16741858
news boris johnson calls for greater cooperation in wake of hurricane irma,1,1,0.573354
hurricane harveys impact on the us oil industry,1,1,0.9899616
lessons from hurricane irma we need to embrace science and address outdated infrastructure irma study science,1,1,0.93497545
our furry friend safely returned home after boarding with us during hurricane irma chestercounty vetlife,1,1,0.9183414
flood damage 8 problems to watch out for harvey propertydamage,1,1,0.98889136
lpd officers return from harvey disaster relief,1,1,0.9407717
storm clouds near the area under a tornado warning in st lucie county,1,1,0.9917882
hurricane maria crushed puerto rico farms this activist wants to grow resilience through,1,1,0.98191637
texasstrong harvey aid debt on todo list as congress gets back to work houstonproud,1,1,0.95181626
amazing dogs help rescuers in mexico earthquake,1,1,0.963168
abbreviated pundit roundup puerto rico is still there,0,0,0.018472593
icymi asks for 2nd collection for irma needs in us parishes this weekend,1,1,0.9827136
dear harvey specter wake the hell up now seriouslynow darvey suits,0,0,0.020899842
from space hurricane irma looks like a superstorm from another planet,1,1,0.9777876
made it clear that there isnt a policy dictating leave from natural disaster like irma,1,1,0.39501643
the latest irma news usa headline 0 by,1,1,0.46871987
lee harvey leyton orient lofc great player,0,0,0.014880331
im done being politically correct,0,0,0.026857115
scotx issues emerg order suspending dismissal deadline in cps cases where judge finds harvey precluded compliance,0,0,0.05342955
smoke smolders from a wildfireravaged home in sonoma california marcio jose sanchezap photo,1,1,0.9493426
cleanup begins in puerto rico where landfills are already filled to capacity,0,1,0.926799
51617 mclean tx to elk city ok tornadohail,1,1,0.4941137
iraniraq earthquake 450 dead 7000 injured as iranian rescue missions wind down,1,1,0.9854284
israelis report feeling iran earthquake no local injuries or damage,1,1,0.97959054
navy delivers supplies to mexico hours after deadly earthquake,1,1,0.9878148
florida irma evacuee wins 10k in nc lottery,0,1,0.19387424
power lines and electrical equipment are a leading cause of california wildfires,1,1,0.96676594
clouds from tropical storm maria lucky its not coming any closer 9,1,1,0.9883156
hosa members collecting blood for hurricane harvey and irma victims,1,1,0.9706296
tropical storm harvey set to hit us motorists at the pumpa a financial times tropicala via,1,1,0.99080527
these women dressed up and were among dozens of volunteers running kids activities in a park mexicoearthquake,0,1,0.6614156
my ideal holiday sunny floridafortunately this area suffered very little damage from irma,0,1,0.98821557
remarks by vice president mike pence after briefing on california wildfires,1,1,0.08231676
devastating earthquake in iran has civilians begging for help ciaravinoecon,1,1,0.98969615
scdoc director bryan sterling says will recruit corrections officers in puerto rico,0,1,0.09588629
sat fam 20 homes cleared amp 60k meals prepd 4 harvey affected ppl texasstrong jesusstrong,1,1,0.975199
clive smith no sympathy for those tax exiles hit by hurricane irmaa columnistsa,1,1,0.4954013
rihanna educates donaldtrump on the puertorico hurricanemaria crisis,0,1,0.29813305
watch houston caught in crosshairs of harvey read more abc rain storm,0,1,0.98857725
its so sad to hear about the families in iran iraq has lost so many people doing a earthquake f,1,1,0.70287424
tornado watch now in effect through noon sunday,1,1,0.98964816
yes tasted new tequila but this is more important theyre taking hurricaneharvey,0,1,0.10169601
bumper to bumper traffic in to beaumontnormally not backed up here in lumberton harvey,0,1,0.9009539
hurricane maria live updates catastrophic flooding in puerto rico,1,1,0.99116755
st augustine bed amp breakfast picking up the pieces after hurricane irma,0,1,0.9675253
tx gop delegation on harvey relief,1,1,0.7113539
firefighters gain edge in battle with deadly california blazes usnews usrc,1,1,0.9819124
hurricane harvey update from klein isd superintendent bret champion,1,1,0.62425333
amazing photo of neighborhood postwildfire from,1,1,0.164285
looking into joses eye in awe of natures power stay safe everyone irma katia vitamission,1,1,0.33437994
thousands still without power this morning 1 week after irmalatest were hearing from the power companies livea,1,1,0.9871846
hurricane harvey rescue dogs looking for new homes in connecticut,1,1,0.98471826
just another tornado flooding kinda day,1,1,0.8218785
in harveyas wake will abbott still deny climatea change,1,1,0.2936042
hurricane mariaabout 400 miles se of ncis weakening some tonight no direct landfall expected for us coast,1,1,0.99222684
metallica has lined up a benefit gig for the california wildfires awe hope youall join us on november 9 a348,1,1,0.24788468
hurricane maria has redeveloped an eye it is now getting better organized,1,1,0.99038064
asking austinites to donate toys for harvey evacuees,1,1,0.9506304
cyclone mora hits mizoram damages houses triggers landslides,1,1,0.9907656
together for mexico fundraising event for mexicos earthquake victims join us october 1 vancouver bc,0,1,0.9635841
hands of hope foundation extends irmaharvey relief aid project,1,1,0.991573
52013 moore ok ef5 tornado,1,1,0.7394995
hushed crews listen for survivors after mexico earthquake toll tops 200,1,1,0.9621784
rescuers search rubble as dawn breaks in mexico city earthquake toll hits 217,1,1,0.9919538
a benefit concert in savannah ga to help those effected by hurricane irma on september 24th starting at 6pm,1,1,0.99158
hellacious hurricane maria earthcastsos,1,1,0.16985889
bay area residents rallied in oakland to demand aid for puerto rico,0,1,0.969992
harveyrelated scams on the rise guns 2a,0,1,0.21620752
a doctor who survived katrina now tends victims of harvey,1,1,0.9911611
mainline establishes fund with feeding florida to aid hurricane irma victims,1,1,0.9864638
subsistence helps send aid to mexico earthquake victims,1,1,0.983365
puerto rico knows whats what ht fipi lele,0,0,0.02497136
cut puerto rico loose wallow in your deliberate fiscal hell,0,0,0.02532179
money irma business an 18500 home bar for the most aspirational of cocktail makers,1,0,0.03453795
nh donation drive for puerto rico exceeds expectations,1,1,0.92160845
1 messages of solidarity from mexico to irans earthquake victims in seeyouiniran,0,1,0.54948884
lessons learned from irma via psychology hurricaneirma goodreads,1,1,0.85969585
two confirmed drowning deaths from harvey in fort bend county deputies say,1,1,0.9925046
thank you to roxburyct for collecting donations to help danburyct help danburytx harveyrelief hurricaneharvey,1,1,0.9834879
moron trump will do this when he visits fire ravaged california,0,0,0.03596591
aoe tala hunter renfroe wildplassen dna20m hurricane maria sean spicer,0,0,0.01588201
style nike air 323085164 puerto rico jordan size 9,0,0,0.017523607
teaching saturday nov 11 at 4pm in bmore 10 all proceeds go to those impacted by the hurricane in puerto rico,1,1,0.9698767
6th grade maryland student collects 3000 cases of drinking water for puerto rico,1,1,0.9407512
we did it home in ct roadwarriors texasaftproud hurricaneharvey,0,1,0.6363396
florida had its flag with irma texas had its flag with harvey,1,1,0.79780966
the effects of harvey,1,1,0.9840239
mora 740 mg fixed blade bushcraft knife review,0,0,0.024437612
surprised by this preirma only 8 cat 3 hurricanes had tracked win 75 mi of ctrl puerto rico in noaa databasea,1,1,0.9187212
business a puerto rico is one of the worldas biggest centers for pharmaceutical manufacturing,0,1,0.06162125
irma displaces worlds best quant now hes on a climate mission,0,1,0.49310318
category 3 major hurricane maria continues to track nnw some uncertainty in track beyond tuesday,1,1,0.98928154
a serene environment and a fierce ride photo by adrian mora maroto ds5 dsperformanceline,0,0,0.04136889
scattered covered and irmad,0,1,0.7322918
dark goddess antonio mora,0,0,0.012427659
news wrap trump signs 15 billion hurricane harvey relief bill uspolitics via,1,1,0.5460215
hey puerto rico here are some paper towels oh by the way you screwed up our budget,0,0,0.019059205
aau news hurrican harvey amp irma updates aau sports youthsports weareaau,1,1,0.16907422
frustration mounts over puerto ricos new normal as federal troops leave the island,1,1,0.7906102
donates 100k to mexico earthquake relief gtgtgt etalk,1,1,0.94564664
pr ham radio update hamradio huracanmaria hurricanemaria,1,0,0.016703056
weird during irma an earthquake hit mexico and now during maria it happens again coincedense does this maka,1,1,0.81466836
sorry to see the round barn in santa rosa destroyed by fire,1,1,0.8754539
what katrina can teach us about disrupted cardiac care after hurricane harvey ahanews,1,1,0.94750774
death toll from harvey surpasses 60,1,1,0.9924973
hurricane harvey 5 die in floodwaters while hundreds rescued from flood areas,1,1,0.99161
nfl star goes above and beyond for victims of harvey in amazing gesture,1,1,0.9257337
hundreds leave homes near dangerously crumbling puerto rico dam,1,1,0.9834684
steve harvey cant come to the phone right now why oh cause hes dead,0,0,0.02926901
my whole worlda12fa12fa12fa12f you are best actor in whole the world mora saiyaaa superstar,0,0,0.011839372
day 4 clearing the backyard part 2 taking the deck to the pile hurricaneharvey cleanup aftermath,1,1,0.95561934
money irma business lawmakers subpoena new jersey transit over railsafety project,0,0,0.037575465
toxic plant may have sprung undisclosed leak during hurricane harvey,1,1,0.68161476
mountains of aid are languishing on the docks in puerto rico,1,1,0.97482884
volunteers filling semi trailer for mexico earthquake relief,0,1,0.98051906
mexico still open for tourists travelnews mexico earthquake tourism,0,1,0.21100497
hurricane irma forces cancelation of miami at arkansas state with no makeup date,1,1,0.9912846
information for canadian and us citizens affected by mexicoa earthquake,1,1,0.9706204
nasa satellites capture breadth of northern california wildfires,1,1,0.9626275
economic impact from harvey irma likely to be shortlived,1,1,0.9897417
praying for the devastated rain forest 3 of puerto rico 57 f the only rain forest in america a,1,1,0.7772631
unitednations appeals for more resources for floodhit srilanka,1,1,0.9853704
can puerto rico be the model for a renewablespowered energy system business,0,0,0.033156015
follow this list of trusted accounts for uptodate information as irma unfolds,1,1,0.83687425
playa team joined red cross mexico to help sort amp package donations for the earthquake victims gvitravel gviplaya,1,1,0.9864762
worcester state sga joins in puerto rico disaster relief effort woostate news,1,1,0.9619907
this is quite frankly the only reason i watch instagram stories rn i live for harvey the calf updates,0,1,0.096462004
swimming not advised at collier co beaches today there is possible bacterial contamination flwx swfl yuck irma,1,1,0.5893562
new fire danger threatens to worsen most disastrous wildfire season in california historya,1,1,0.937726
donald porter as larry mason looks like lee harvey oswald 711oceandrive noiralley darknessatnoon,0,0,0.025625983
so this song just reminds me of hurricane irma that just happened,0,1,0.63021636
seawalls across swfl crumbling in wake of irma,1,1,0.9933339
fuente de las nereidas fountain of the nymphs1903 by argentine pioneering sculptor lola mora womensart,0,1,0.072949596
california is obviously shaking the ring of fire is restless,1,1,0.9141963
program to issue id cards to flood victims read more lka srilanka,1,1,0.9520391
miami florida right now irma,1,1,0.9096243
as california burns trump displays little interest,1,1,0.13482781
cash donations can be made at mampt banks hurricanemariarelieffund,1,1,0.9839841
on fire just like california gayfever,0,0,0.03599865
hurricane harvey texas electricity update ercot,1,1,0.960818
hurricane marias aftermath photos reveal devastation on caribbean islands science,1,1,0.9921904
toxic sites hit by harvey threaten texans,1,1,0.9905387
we have your back john velazquez help as much as you can with hurricane maria relief ai,0,1,0.9710269
puerto rico gets aid from waterstep future efforts in the works,1,1,0.98541945
returning savannah evacuee gives birth in hardeeville irma,0,1,0.87867534
disaster management officials visit cyclone mora affected areas,1,1,0.99015766
iraniraq earthquake rouhani vows action over collapsed buildings,0,1,0.9807535
fhsaa launches web portal to coordinate sports aid to schools after irma,1,1,0.9887977
great coverage on the struggles still going on in puerto rico,1,1,0.21962991
irma nfl texans release wr jaelen strong via jamespalmertv,0,0,0.035218935
the aftermath of the moral and social bankruptcy orchestrated in the bbnaijaa show,0,0,0.049485452
map of 2017pueblamexicoearthquake,0,1,0.34436908
recovery timing from irma and harvey will differ for business homeowners,1,1,0.9879417
irma pummels cuban economy cuba standard your best source for cuban business news,1,1,0.80246544
earthquake gfz m 39 gulf of mexico forecast,0,1,0.79105616
palm trees have very little left on them sanjuan puertorico hurricanemaria cnn,1,1,0.57109404
prayers for the millions people affected by the powerful earthquake in mexico a12aa14y2a14ydai mexicofuerte mexicocity,0,1,0.29613006
no aessential oilsa will not clear the california fire smoke out of your air mother jones,0,1,0.1362698
a massive earthquake struck mexico yesterday if youre interested to help please contact me,1,1,0.7630247
hurricane maria two naval mines wash up on north carolina beaches,1,1,0.98354083
hurricane harvey diss freestyle by michael white underground texas hip hop,0,1,0.080588706
after over two weeks in darkness after harvey light is finally returning to port aransas,1,1,0.96651125
texans are unstoppable houstonstrong texasstrong harvey harveyrecovery sundaymorning americans a14yaa14y8a,0,1,0.25871727
suzana peric fashion show the mora smoothie,0,0,0.012185166
local residentas a hurricane magneta family impacted by harvey irma arlingtonva,1,1,0.9915091
animals colorado rescue groups to open doors for harvey animals fox31 denver,1,1,0.9795909
irmas winds ripped down many of our millennium signs and damaged a few locations please pardon our appearance as,1,1,0.9915712
vegetation fire burns at least 30 acres ina dublin,1,1,0.9633624
i like to wake up to good news this is not it irma stcroix,1,1,0.31368288
oregon strike teams return home from battling wildfires in california liveonk2,1,1,0.97676486
firefighters quickly contain clifftop brush fire sf,1,1,0.97187567
puerto rico utility regulators push back on feds in new court filing,1,1,0.08639354
had a blast djing larisalove salon in benefit of hurricaneharvey a12s4ai,0,0,0.031255893
maria wind whipping up in anguilla living on hope irma,1,1,0.98085475
talks to our exec committee about state rebuild from harvey amp prep for future storms,1,1,0.95644325
us economy hit by harvey sky news australia econ,1,1,0.97067744
aflac and tsys give to hurricane harvey relief others urged to help,1,1,0.9883073
after mexico earthquake bike brigade delivers muchnee muchnee news,0,1,0.7660525
the 500year storm quantifying marias destruction smart cities dive,1,1,0.98227596
central california sunset tonight lots of wildfire smoke to punch up the color pallet,0,1,0.1941687
follow me donald trump iran earthquake nfl your monday briefing followforfollow,1,0,0.020623073
michigan state volleyball to only play one match in florida due to hurricane irma,1,1,0.72707844
maria has been a hurricane for six days now could be around 6 more,1,1,0.99137664
arkansas national guard assists in response of hurricane harvey watch now a129,1,1,0.9917908
civil air patrol illinois wing to help survey damage from hurricane harvey,1,1,0.9904981
fema actually can stay in puerto rico indefinitely,0,1,0.16994084
after harvey amp irma using recovery to build stronger and safer communities by,1,1,0.9882448
pro football club raises funds for california fire,0,1,0.68907684
deadly earthquake hits iran and iraq nbc nightly news,1,1,0.9790598
purchased buymigenteremix hurricane earthquake houston mexico puertorico,0,1,0.13790324
remember our brethren throughout the world tonight mexicoearthquake,0,1,0.08923475
hoping everyone is able to get back on track post hurricane irma wishing everyone well,0,1,0.894101
port canaveral provides pipeline of fuel for postirma relief,1,1,0.9244652
after 200000 initial goal jj wattas harvey fund hits 20 million,1,1,0.8262944
hurricane harvey irma jose and now maria americans brace for new danger,1,1,0.9531216
san juan flights still on hold in wake of hurricane maria,1,1,0.98399955
trend alert hurricane irma more trends at trndnl,1,1,0.9635421
please irma evacuee from fl still in nc looking for her missing dog my friend is desperatea,1,1,0.63429606
harvey levinas objectified gives glimpse of celebsa prized possessions,0,0,0.024529522
hurricane irma cat5 165mph will be near stcroix midnight tonight and eastern puerto rico around 8am tomorrow,1,1,0.989952
us govat pesticide spraying in wake of harvey a toxic boon to agrochemicala giants,1,1,0.92607623
help puerto rico get free rare beer at dock street cannery,0,1,0.5909723
helping harvey move into uwe today doing my bit by watching the game,0,1,0.83866817
briefshell midstream partners hurricane harvey operational update,1,1,0.91567636
issued directive on hurricane irma response,1,1,0.78838116
tailgating in a different lot thanks to irmabut the hardcore tailgaters will not be denied,1,1,0.08206574
cyclonemora as usual buddhist monks are door to door to their peoples,0,1,0.07270952
stay strong puertorico and mexico hurricanemaria earthquake,0,1,0.70870185
harvey and irma are causing some people to have hurricane anxiety in robeson county,1,1,0.9859583
cmu student raises more than 100000 for puerto rico charters third rescue plane,1,1,0.9695566
we are still in need of donations to repair damage from irma donations are taxdeductible,1,1,0.9898057
trumps fix for puerto rico communications issues,1,0,0.025409237
update every county in yellow is under a tornado watch until 10 pm irmacsra,1,1,0.9873138
is california the deep state,0,0,0.032593872
liam anderson talks about impact of california wildfires after big race at mt sac,0,1,0.38172325
earthquake relief in iran and iraq a difficult task,1,1,0.9399409
third day in a row of recordbreaking temperatures brings critical fire conditions across southern california,0,1,0.9749961
at times he felt that he had almost rather not be in love with her for it brought him no peace antonio mora,0,0,0.024946313
harvey boyer arlington tx,0,0,0.01651258
iran criticised for earthquake response details,0,1,0.65801704
harvey all over industrial production gt read more,0,1,0.1285728
hurricane irma 10 challenges for employers,1,1,0.9580779
fire at kuna mora cole roads stretches 280 acres,1,1,0.93354356
moras midnight bakery a moon sea jellya149,0,0,0.014208347
mr richmond hates mr mora doesnt stop talking about soccer has never spoken to a female student,0,0,0.011771606
a budding masterchef maybe wilf in the kitchen by matt harvey oilpainting,0,0,0.018910835
irmas aftermath with seigonie mohammed cnc3,1,1,0.91660684
thanks for donating to irma bvi appeal,1,1,0.72678
the situation in puerto rico is dire please help your fellow clinicians and donate today,1,1,0.9353501
believe the meteorologists harvey is incredibly dangerous,1,1,0.9232291
37 days after hurricanemaria pure ineptitude or lack of any sense of urgency,0,1,0.91977787
as wildfires blazed on in santa rosa california help was needed from all over fire,1,1,0.9807581
aa pope francis offers prayer for victims of california wildfires news online,1,1,0.3750407
harvey wonat help flagging housing market,0,1,0.9915325
turn any keyword into article article makemoney former steve harvey writer a,0,0,0.019849727
so the state of california is pretty much on fire your move pres trump,0,0,0.025748163
congratulations on a beautiful wedding coach mora,0,0,0.013794119
a new fire threatens dozens of homes in california prompting more evacuations,1,1,0.98917025
satellite images show just how bad californiaas wildfires really are,1,1,0.97417146
maria grows to a cat 3 nears already battered caribbean 0 by,1,1,0.9267244
final day skinnycocares irmarecovery irmarelief hurricaneirmaaftermath irma,0,1,0.06349734
california fire survivors respond unexpectedly to loss of homes,1,1,0.991265
usarmy soldiers from texas prepare to convoy south in support of harvey relief efforts,1,1,0.9849681
irma nfl browns fear wr corey coleman broke his hand via tw,1,0,0.03294375
prolife attorney puts his life at risk to save victims of hurricane harvey,1,1,0.9189232
i swear harvey and irma both boutta catch these hands 4,1,1,0.15688749
so proud of our kindergarten eagles taking pride in helping keep our campus beautiful following irma,1,1,0.5557244
puerto rico power grid deal under scrutiny nbc nightly news,1,1,0.084385626
maria to batter after irma second hurricane to strike eastern caribbean,1,1,0.9692054
night before puerto rico trip,0,0,0.021348555
puerto rico this seems like the kind of thing one would remembera121,0,0,0.029902473
colonialismas legacy neglect in puerto rico suffocation in dc,0,1,0.27996105
carmen mcreynolds victim of tubbsfire was a doctor and a western gala,0,1,0.9441323
fox news harvey fallout 53 of houstonas schools have a majora damage at least 22 will bea,1,1,0.98882455
via rand paul wants harvey relief to come from spending cuts p2 tcot,1,1,0.76269835
medtronic evacuates california facilities because of wildfires via startribune,1,1,0.9871084
new questions about areciboas future swirl in the wake of hurricane maria,0,1,0.9640519
20 of gbp 25 and free shipping harvey striped cotton cutout shoulder d gbp 1099,1,0,0.028338853
we could feel some effects from hurricane maria this week,1,1,0.98774093
this book arrived back in my hands after surviving hurricane maria in puerto rico itsasign thankiu nextread a12fa,0,1,0.9433899
tubb fire victims visit the remains of their home,1,1,0.9829921
how climate change hurricanes are rapidly accelerating the militarization of america,1,1,0.88708806
hurricane tracker carolinas midatlantic should watch maria forecasters say,1,1,0.97348595
news via foxnews the latest fires smoke reaches california beach town,1,1,0.9772578
children unable to attend school in devastated puerto rico,1,1,0.9384972
see hurricane irmas massive eye engulf an island,1,1,0.9908976
a selection of sunday front pages focusing on the california wildfires,0,1,0.34429765
we called they answered showing up outside section 8 housing closed after irma residents wait to get b,1,1,0.9815695
irma blues latest speed test on verizon unlimited plan i hope spectrum services return soon,0,1,0.2544623
i wanted to get mora i didnt get her but at least i got lyonesse,0,0,0.0199019
beyond harvey and irma,1,1,0.86608803
please donate generously for the flood victims of sri lanka,1,1,0.9516478
everything dog lovers need to know about hurricane harvey,1,1,0.32991695
tesla is helping puerto rico get its power back via fastcompany,1,1,0.7679309
harvey victims nerves fray as days drag in houston shelter,1,1,0.9918835
this is a disaster money is running out in hurricaneravaged puerto rico,1,1,0.95834583
the national academy jury of 1907 francis luis mora,0,0,0.016914511
a pic of the mexican government helping mexicos earthquake recovery,0,1,0.8995271
lloyds of london estimates net claims for hurricane maria of 900 mln,1,1,0.9848355
domenica se atlantic coast hamlets devastated by hurricanemaria says,1,1,0.99225605
more than 400 killed in iraniraq quake state media says,1,1,0.99039954
bravo helping in puertorico,1,1,0.9547467
3 weeks the mora until cancun a12 1a12 1,0,0,0.022412553
the sarasota heraldtribune from wednesday 96 friday 915 irma sarasota,0,1,0.67258024
trump blames delayed message to mexican quake victims on bad phone reception,0,1,0.6356075
this newborn photo shoot celebrates hurricane harvey rescue,1,1,0.9159747
week review beat mtsu harvey relief drive practice hard rti we noticed anchor down,1,1,0.90218645
mortgage rates rise monday as irmaaos impact becomes clearer,1,1,0.94404083
ancient artifacts saved from deadly earthquake hold clues to mysteries of iraqs past,0,1,0.94268626
billboard is streaming the drag race queens puerto rico benefit show,0,1,0.12664896
broward county public schools to reopen on monday september 18 following hurricane irma,1,1,0.9922478
hurricane jose ambles off us coast as new tropical storm maria tracks irmas early path,1,1,0.99038154
cute totes proceeds to united ways mexico earthquake relief fund,0,1,0.9568637
usa today sees a template in its hurricane irma email newsletter,1,1,0.8054449
dont forget about puerto rico,0,0,0.0151348775
breaking tornado watch in orlando area hurricaneirma,1,1,0.98244894
is postponing the floridapeppi due to the impact of hurricane irma on florida new date and venue wil,1,1,0.48129672
popular on 500px before hurricane irma by lindahammad streetphotography,0,1,0.27487543
sarasota group escapes ca wildfire usa vacation travel,0,1,0.85220706
donald drumpf puerto rico wants everything to be done for them,0,0,0.033305336
electricity is something you dont notice until its gone report from puerto rico,1,1,0.10197031
raradio israel sends aid to mexico after devastating earthquake claims 248 lives,1,1,0.99058306
my tattoo so so so in love credit simon mora at hollow crown tattoo liverpool anime tattoo,0,0,0.010838747
postkatrina lessons for harveys returning students,0,1,0.9228204
if you dont like our president then dont accept federal fund relief help for hurricane maria dont be a hipocrite,0,1,0.5371416
one california doctoras dangerous mission to save his newborn patients from fire,1,1,0.89765215
trending this week operators prepare for irma restaurant serves as shelter,1,1,0.97857124
charter communications commits 135 million to hurricane irma relief efforts,1,1,0.9753879
tonight is dedicated to you puerto rico make sure to tune in on nbc at 10 et 9 ct a12ca12c,0,0,0.040942464
i live in puerto rico and its hella hot but who cares imma be rocking this shit for days,0,0,0.050222486
roundup bitcoin blowing up california fire survival story amp college basketball player,0,1,0.17775981
i had a great time packing meal for puerto rico yesterday a14y5a14y7a14y5a14y7a14y5a14y7,0,0,0.040807717
junk food dirty water and disease a month later puerto rico is still suffering,1,1,0.842714
flesheating bacteria cancercausing chemicals and mold harvey and irmas lingering health threats,1,1,0.66158175
he collected donations for tx after hurricaneharvey now lorain councilman sends supplies to fl for hurricaneirma,1,1,0.9878974
california native loses everything in fire just two wee topstories,1,1,0.9469524
fema to rush recovery money for insurance claims related to harvey algeria,1,1,0.9781204
new death toll in californias wildfires has jumped to 21 details,1,1,0.9896604
league city tx this morning harvey,0,1,0.7883526
midnight circus is so cool for the whole family link for tix,0,0,0.02647616
beyoncas list of climate change disasters seem to include the mexico 81 earthquake,1,1,0.9136957
fire jumps southern california highway in rancho cucamonga a nbc 7 sana diego,1,1,0.9317221
tropical update tropical storm maria is bigger hurricane lee is stronger no issue for fl moving away swfl,1,1,0.97751075
harvey houstonstrong watch gulf 20 chance tropical development next 5 days would likely move toward tx,1,1,0.99054235
dont get sick helping w harvey,1,1,0.947419
early morning reminder to do your part californiawildfires california,1,1,0.07354547
homes and lives in ruins in california wildfires nbc nightly news,1,1,0.98680437
jose andres wants to use school kitchens in puerto rico to feed more people,1,1,0.71570086
meet harvey and irma a love thatas weathered 75 years fitnessworldabs,0,1,0.06392752
icymi trump pushes to run for senate during irma recovery visit,0,1,0.17185178
why couldnt and have come to puerto rico instead of,0,0,0.018844368
the gym above subway got destroyed the cement wall got blown out hurricanemaria,1,1,0.98467505
5am irma update national hurricane center still has irma making landfall near miami sunday as cat 4 storm,1,1,0.99190146
waiting for answers in corpus christi,0,1,0.09488823
gospel singer performs for harvey evacuees in conroe,0,1,0.50184524
tampa news polk county flower shop struggling with business after damage from hurricane irma,1,1,0.9924959
proposed rewiring for puerto rico,0,0,0.031446707
from the ap archives old san juan mainly untouched by hurricane maria,1,1,0.9827215
whats left of the mighty hurricane maria is now passing harmlessly to the south of us,1,1,0.9909843
the caribbean has been hit by a lot of storms this year but we still have 72 days until hurricane season ends,1,1,0.98691314
nature at its fiercest and humanity at its best,0,1,0.059670415
rescue workers in iran search for survivors after blocks in town of 30000 people collapsed,1,1,0.9884984
help raise money for harvey amp irma victims at on 920 ticket link,1,1,0.98599863
a message from the queen to the president of mexico following the recent earthquake,0,1,0.08983411
same region different islands distinct difference between irma and maria tracks in the caribbean,1,1,0.94225556
now i know why trump is spoiled he switch to imported milk please share i am hungry in puerto rico,0,0,0.019611757
sabine pass lng terminal receives first tanker since disruption from hurricane harvey,1,1,0.869928
help is urgently needed in cuba through friday 922 cda will collect donations for irma,1,1,0.99243754
austin stands with houston scenes from weekend hurricane harvey benefits,1,1,0.9323392
forget about can you hear me now under this cell phone coverage scenario 13th day mariapr hurricanemaria,0,1,0.13093981
good gear morakniv garberg fixedblade knife,0,0,0.02351535
us to provide rs350mn flood relief to srilanka,1,1,0.9842167
hurricane harvey victims take shelter in san angelo,1,1,0.99174774
days of national mourning over life and traffic getting back to normal mexicoearthquake mexicocity,0,1,0.9805335
if you havent seen the destruction from harvey heres what our rv park looks like im standing at the front door,1,1,0.8905732
hurricane maria wont impact directly but indirectly bring high surf to our coastline the next two days,1,1,0.9916397
letters hard to know if trump will learn anything from hurricane harvey,1,1,0.4340503
new 00z gfs shows irma as intense hurricane just offshore of miami sunday am tropics,1,1,0.9913936
oliveharvey collegehonoring the us powmia war veterans on today,0,1,0.17402859
hmmmm todays weather map vs the one from the day after tomorrow irma doomsday,1,1,0.82139516
sislovesme moka mora hush hush big brother full video porn sexy hot,0,0,0.009100426
father dies of asthma attack from californiaa wildfires,1,1,0.6733136
iom plans more help for floodhit srilanka top news,1,1,0.98386186
harvey still causing damage and flooding,1,1,0.98984957
still doesnt have the majority of menu items a whole week after irma hit 2,0,1,0.69687414
watch now 330 killed earthquake 75 magnitude in iraq and kuwait,1,1,0.9894484
leepride red raiders helping with hurricane harvey disaster relief a12ea128pts,1,1,0.97176504
found with an injured wing this little owl is now receiving the care he deserves at our affiliate swfc irma,1,1,0.7112368
losangelestimes another fire has broken out in southerncalifornia,1,1,0.7456584
money irma business what us decline the world still watches the fed via bv ai blooma,0,1,0.105715856
2017 joins a list of elite years with multiple category 5s in the atlantic maria irma,1,1,0.1471476
wsbtv reports bmonahanwsb maria is actually a hurricane again barely wind at 75 mph but its headed ou,1,1,0.9894894
new bbe blog post telemedicine provides care for hurricane harvey victims,1,1,0.9677183
live at this am awaiting arrival of on his way to puerto rico abc7ny,0,0,0.031184256
extension granted due to hurricane irma amp harvey,1,1,0.34508237
meet carmen yulan cruz the woman taking on donald trump after hurricane maria a newsweea,0,1,0.12735891
cnn when hurricane maria knocked out power and phone phoneservices puertorico,1,1,0.95634806
puerto rico board asks congress for backing in fight with governor,0,1,0.07435547
photos show destruction and scramble for survivors after deadly mexico earthquake,1,1,0.9873548
homes of the rich and famous in the path of hurricane irma,1,1,0.9901031
visit our infrastructure map at the hurricane maria portal,0,1,0.9688112
latest update on maria slow movement of storm could enhance impacts especially over the outer banks,1,1,0.9864978
1994a1 aministry of soundadj harveya12 6a a a,0,0,0.014756803
harvey was not a product of climate caused by change,1,1,0.98103195
over 15 million people exposed to strong shaking after mexicoearthquake report,1,1,0.98696494
is mentoring a moral obligation,0,0,0.029881695
hope was just 10 days old when her family was rescued following harvey photo by noelle mills,1,1,0.9880547
everyone is welcome zumba for puerto rico,0,0,0.016735984
tumi morake and martin bester join forces on jacaranda fmas new breakfast show,0,0,0.025029978
storm heads north off u s coast as irma like system eyes florida keys usnews,1,1,0.9891049
sundayas paper has zero mention of the california wildfires unbelievable not even a teaser at the bottom,0,1,0.25689733
what hurricane irma taught me by rebecca sherry eshraghi bahai,1,1,0.5567701
hurricane harvey drenches texas one stormrelated death reported,1,1,0.99260616
a we lost everything but we will rebuilda,1,1,0.6007806
condor survival craft amp mora clipper knifea comparison,0,1,0.06880485
hi douglas wilbur here had a scary time last plane from orlando b4 irma hope all in florida r ok,0,1,0.08933605
oucou7 release on the arrival of hurricane irma in the dominican republic,1,1,0.92686146
student saves dozens of birds injured by hurricanemaria in puerto rico,1,1,0.9659299
first day back in class after hurricane irma todays word goal set goals today to become a better you tomorrow,1,1,0.16407609
me and my cousins waiting on the power to come back on hurricaneharvey,1,1,0.89667904
mexico tallying economic cost of big earthquake,1,1,0.8942419
federal loans approved to help cities in hurricane harveys wake independentie,1,1,0.98277444
only 2 more days to apply for this years mora award at,0,0,0.020118386
uk weather warning met office issues rain warnings for uk as maria arrives,1,1,0.98852473
remarkable growth of solar industry in maryland climateaction podcast,0,1,0.1052493
lots of backyard work can be time consuming but linemen do whateverittakes to get the lights back on irma,1,1,0.8047585
chp sends stern message to drone operators near californiaa wildfires,1,1,0.91391855
us brigade working hard to reestablish power in puerto rico,1,1,0.95798326
hurricane maria path update shock spaghetti model warning a usa must watch out,1,1,0.976223
edaccessiblert jugosocial amorality is simply an attitude we adopt toward people we dislikea oscarwilde moraa,0,0,0.014635708
mexico withdrew its offer of harvey aid to texas after last weeks powerful earthquake,1,1,0.9925014
mike grabow 40 identified as among those killed in tubbs fire,1,1,0.95270723
news artists grapple with devastation caused by california wildfires,1,1,0.9899648
a shrinking shrinking shrinkinga puerto rico faces a demographica disaster,1,0,0.05194963
early expert opinion is that hurricane irma will have little if any lasting effect on reala,1,1,0.98486924
deadly wildfires threaten thousands of acres of pot farms in california,1,1,0.969912
iran pledges swift aid after major quake kills 400,1,1,0.986511
icymi tandberg joined at the hip climatesilence climatechange renewables harvey irma maria auspol,0,1,0.09448513
puerto rico aid bill named for slang that means cool,0,1,0.17225835
my heart goes with iran and iraq 73 earthquake pray for sarpole zahab and kurdistan fff444,0,1,0.08090477
letter to the editor who will pay for houston work hurricaneharvey,1,1,0.91300243
furry responder brings hope to mexico earthquakea victims,1,1,0.95051634
powerful earthquake slams into mexico city,1,1,0.98302656
silverado lending help to hurricane irma victims,1,1,0.98909134
a join us oct 1st 1000am 6pm show your support and love for victims of mexicos earthquake,1,1,0.4255157
a picture worth a thousand words hurricaneharvey,0,1,0.8328676
us carriers offer free calls texts and data after hurricane maria and mexicoa,1,1,0.98844844
hurricane maria has flooded multiple roads on ocracoke island again today,1,1,0.9896936
hurricanes irma harvey apply brakes to us economy marketwatch econ,1,1,0.6163583
hij de la bernarda directly from puerto ricoajust 3 weeks away tkts going fast click,0,0,0.027733734
airmen from the kentucky ang deployed to caribbean for hurricanemaria relief operations,1,1,0.98571
san juan puerto rico cant wait to go back later this year livingthedream,0,0,0.021825602
fake irma video explodes online irma stjohn barbuda from the weather channel iphone app,0,1,0.6087238
houston corpus christi beaumont amp se texas seeing mosquitoes w zika virus harvey texas,0,1,0.8856217
its been done hurricane irma in lewd anime form we have reached peak horny,1,1,0.20363338
yes there were 4,0,0,0.033678
from linkedin donts to trump in puerto rico this weeks top leadership stories,0,0,0.04017091
gov scotts tour of irma s impact on swfl today travels around collier county hear what he had to say in marcoa,1,1,0.6881222
kris jenner poses showing off her wealth meanwhile in puerto rico,0,0,0.026281342
busy weekend new ropes from robinson cano billy hamilton and puerto ricos debut wbc game in 2006 sodomofo,0,0,0.01326061
icymi mexicos second earthquake in two weeks leaves over 200 dead,1,1,0.9862227
call antinori construction to rebuild after irma 3867612805 eastcoastdockandseawall irma,1,1,0.927483
puerto rico mayor and montana firm feud on twitter over restoring power,0,0,0.032681666
the second disaster facing the victims of harvey and irma climatechange tfb f4f,1,1,0.989465
happeningtoday tracking irma hurricane harvey relief efforts eat fit br campaign,1,1,0.9664992
update hurricane maria winds remain at 110 mph may increase in days,1,1,0.98982984
newsletter endangered earth harveys toxic toll,1,1,0.93534774
asian traders look to snap up us crude in wake of hurricane harvey,1,1,0.34168917
yaall look at my presidenta12 c puertoricorelief mexicoearthquake,0,0,0.015194606
update northern california wildfires water tender operator killed in vehicle accident,1,1,0.9228383
this song starts a fire in me losangeles blink182 california a12s4,0,0,0.017139679
mexico city earthquake triggers migration wave toa cancun,1,1,0.9475975
hurricane irma aftermath schools seek to regain normalcy,1,1,0.9897832
opinion column harvey irma and 911 we can replace the stuff,1,1,0.8451992
donate today a12fa14da12fa14da12fa14da12fa14da14y5a14y7a14y5a14y7a14y5a14y7a14y5a14y7,1,1,0.113992885
harris feinstein raise concerns about wireless emergency alert system deficiencies duringa,0,1,0.4636187
bill murray is the man 20 donation to puertoricorelief for an autograph,1,1,0.15207723
hurricane irma symphony of compensation,1,1,0.787763
85 of puerto rico remains without power 40 of people still dont have access to drinking water,1,1,0.9430503
house approves harvey relief bill among debt ceiling controversy,0,1,0.5140525
friend sent me this picture of a building on her street mexicoearthquake,1,1,0.2234581
tracking this area of heavy rain that produced a tornado warning tracking now on cbs47,1,1,0.98916173
our power just came back on we lost it for about 3 hours i thought about puerto rico the whole time,0,1,0.6272077
combined harvey amp irma losses could strain some reinsurers fitch,1,1,0.98159605
seth troxler donates 10k to earthquake relief efforts challenges fellow umf mexico,1,1,0.9846038
come out and donate or volunteer to support those impacted by hurricane irma sat 923 pgcacirmadrive,1,1,0.98552066
our staffroom cake sale to help with irma,1,1,0.9249146
benjamin mora reveals his thoughts on the penalty for ceres read,0,0,0.02551601
walt disney world in hurricane irma,1,1,0.9739977
hurricane maria important stuff for nc pm monday sept 25a 2017,1,1,0.88960963
watch multiple buildings collapse during earthquake in mexico city,1,1,0.9874479
you can hurt me and try to break me but ill always rise and ill tear you the fuck up like a tornado,0,0,0.043563172
when an earthquake struck this rural corner of mexico city the flimsy shacks,0,1,0.93197966
more evidence of high winds from irma in south florida head south,1,1,0.99256647
harrowing footage shows plane flying through hurricane irma,0,1,0.98182034
things still bad in puerto rico while more weather misery on the way,1,1,0.85504055
bill quigley warning letter to harvey and irma survivors from katrina survivor,1,1,0.9709001
deals todaysdeals nwt lularoe irmamystery sale extra large deals todaysdeals,0,0,0.048099477
wildfires raging through northern california are terrifying,1,1,0.97156346
watching maria tropical storm watch issued for nc coast,1,1,0.9843844
keep sharing the mexicoquake everyday,1,0,0.03717278
dynamo and dash players recount harvey experiences foreverorange,0,1,0.661053
pelosi wants the disaster relief package updated to include aid to california victims of the wildfires,1,1,0.9815108
quilting club in kewanee illinois made 75 quilts for puerto rico thank you ladies,1,1,0.31514594
video news via cnn zakarias grand bargain to rebuild puerto rico,0,1,0.8673909
el fogon de jule has been offering a taste of puerto rico in readingpa for 25 years,0,0,0.03757018
imagine math students donate thousands to hurricane harvey relief,1,1,0.9758866
queue of blooddonation after the destructive earthquake iran sympathy,1,1,0.822081
chef juan jose cuevas speaks to puerto ricos resiliencyaand why you should visit in 2018,0,1,0.15953061
hurricane harvey and irma disasters bring potential of 700b unpaid mortgage balances,1,1,0.8446825
this worked for detroit and puerto ricolol,0,0,0.04016753
hurricane harvey victims waiting for food houston texas 2017 colorized,1,1,0.98387617
gov edwards announces statewide blood drive to help victims of hurricane harvey nwlanews,1,1,0.99062777
i just had to evacuate my home in california due to the wildfire obviously i took the essentials,1,1,0.92898726
birds parrots irma take care little birdies,0,1,0.58803266
dead ass a12 2a12 2a12 2 harveyirma kenneka jenkins iphone x,0,0,0.015617083
hurricane maria intensified explosively today from cat 3 to cat 5 loop,1,1,0.9895572
matt harvey fucks,0,0,0.016301133
needing irma resources visit for an updated list dial 211 or text your zip code to 898a,1,1,0.8555179
sandy survivors warn harvey and irma victims about whats ahead,1,1,0.9890109
hurricane marias predicted path twitter,1,1,0.97920144
fundraiser for hurricane irma and harvey with women beyond survival,1,1,0.9495777
they did it supplies at ix to leave for puerto rico reports,1,1,0.5825543
attagirl aracely way to get out there today to clean up for our neighbors a12saa14da127a128sd6workin4u harvey,0,1,0.864579
jose is expected to weaken as he moves north along the e coast while maria is expected to strengthen as she movea,0,1,0.9885932
lets help to make them strong again hurricanemaria,1,1,0.972874
need a job fema needs texans to help with harvey recovery,1,1,0.9817452
sent this to irma and he left me on read,1,1,0.282316
uw experts weigh in hurricane irmaaos unique magnitude future recovery response,1,1,0.9791595
oh my god i never actually tried using the tornado in lego dimensions before this is cute,0,0,0.03930241
thousands homeless as mexico quakes death toll tops 300,1,1,0.9913696
major hurricane 0 maria category 3 115 mph windmapapp,1,1,0.9760064
rich rodriguez ranked 38th best college coach by athlon,0,0,0.0303389
3monthold girl who was ripped from fathers arms during hurricane harvey found dead,1,1,0.97891885
expert warns harvey will be us most expensive natural disaster via,1,1,0.96319216
this is where one of the best computer models predicts harvey will besix days from now,1,1,0.9474008
looking for answers times reporters tested the water in houston,1,1,0.79118997
matt harvey fits in with the mets highly questionable rotation,0,0,0.048064854
tornado warnings popping up in south florida as irma nears,1,1,0.9923178
from a one on onea documentary shows puerto rico school before the storm,0,1,0.6759916
my son playing in prospect park jnj hurricaneirma2017 hurricanemaria,0,0,0.02155656
california and wines postfire wine sommelier sfrfoodies,1,0,0.023868302
puerto rico is a ghost town as visitors stay away after storm,1,1,0.9817821
key largo couple says hurricane irma took water away from florida bay,1,1,0.9930147
lots of our forest to haul away thanks irma,1,1,0.94456095
are harvey and irma good enough reasons to dump mcdonaldas stock via,0,1,0.27096984
she died in california wildfire trying to rescue hera puppy,1,1,0.7805185
i came back from hurricane marias aftermath to annoying fan wars but what was i expecting rly,0,1,0.09133609
powerful 71 magnitude earthquake hits southern mexico,1,1,0.9857318
warmer waters are fueling hurricane harveyas power,1,1,0.9725375
hurricane harvey strikes a powerful blow to texas and lingers,1,1,0.99281067
a few anxious faces around gintime o8 irma,0,1,0.16147915
held a miracle minute and raised 900 to aid victims of hurricaneharvey,1,1,0.991819
after irma solar plus storage a small beacon of light in a sea of darkness,0,1,0.97463554
rockport tx 08272017 video footage via harvey hmrd,0,1,0.6633634
1 oz silver coin 2015 proof blue marlin guy harvey designed gainsville,0,0,0.020855034
live qampa hurricane irma slams florida,1,1,0.9774973
confirmed tornado with storm north of south lake tahoe california cawx,0,1,0.98002476
hurricane maria not getting same amount of coverage as harvey ora irma,1,1,0.9872729
guy fieri cooking 5000 meals day wildfire victims,0,1,0.7919178
trump tells people of puerto rico not to believe the fake news about response to,0,0,0.03243486
hurricane maria is pounding our hotel in fajardo puerto rico tourism,1,1,0.98935306
distributing tarps in huamuchil oaxaca mexicoearthquake,1,1,0.6123344
in this afternoons matinee performance mr harvey thorne will be playing the part of al jolson,0,0,0.020885235
anura were you scraping coconut for one year via lka srilanka floodsl,0,0,0.03471483
these photos show how residents are coping in puerto rico nearly one month after maria,1,1,0.9912212
espn puerto rico tipoff relocated to ccu because of hurricane maria,0,1,0.19700687
the ocean is already picking up irma didnt do anything this soon,1,1,0.95385706
harvey a storm like no other by creationcare healthykids,1,1,0.9703038
irma harvey florida have mercy blacks just trying to feed their starving families,0,1,0.9857611
schilling defends trump on puerto rico yet warns of grave consequences ahead,0,0,0.0307297
portorico hurricanemaria scam spam they keep on trying,0,0,0.0218535
urgent support needed for dominica island hardesthit by hurricanea maria,1,1,0.9914697
first indulgence since irma still no power but i have my caramelmacchiato,1,0,0.025637202
dallas readies itself for influx of hurricaneharvey evacuees hurricanerelief,1,1,0.9719678
south florida peeps we need volunteers hurricanemaria puertorico,1,1,0.96709454
is out of patience with democrats who think we cant afford nice things like saving the planet,0,0,0.03017315
mexico city earthquake a rescuers battle to save children trapped beneath rubble of schoola,1,1,0.97635865
mexico city a risk from earthquake tremorsbuiltup on top of,0,1,0.98482925
captive blackfish tokitae left 2 fend 4 herself during irma v freelolita,1,1,0.5902133
we want to make floridians aware of an important issue called assignment of benefits heretohelp irma,1,1,0.38082257
classless trump insults california by sending warm respects during wildfire a resist za,0,0,0.02183131
a couple of middle school students are raising money to help californias fire victims,1,1,0.9611033
far from baseball norm charlton looks to rebuild his hometown after hurricane harvey,1,1,0.5496796
hurricane irma took their homes and possibly their future news,1,1,0.9909738
harvey did next to nothing for oil in comparison to katrina,1,1,0.9867371
one of our safety patrols escorting 2 of our prek students to class our first day back after hurricane irmaa,1,1,0.9483725
barry bonds among pro athletes who fled golf club ahead of california wildfires,1,1,0.60111827
our little town of nome hurricaneharvey texasstrong,0,1,0.82016736
california suburb destroyed by fire last night,1,1,0.98413754
dad where are the lights its been one month son the politicians of puerto rico stole the lights,0,0,0.029552784
new new hurricane maria puerto rico officials describe apocalyptic conditions,0,1,0.9914914
woman at las vegas shooting loses california home to wildfires,1,1,0.7724651
harvey aftermath houston open for business other cities suffering,1,1,0.9896716
5am advisory maria weakens significantly overnight but it is still a hurricane with winds up to 80 mph,1,1,0.99034625
hurricane irma charleston flooded neighborhoods watch now 9,1,1,0.9918867
hurricane irma could hit us by this weekend after harvey devastation,1,1,0.99218595
much like harvey hurricaneirma could bring rain to arkansas as it fizzles out arwx,1,1,0.98557657
oil amp gas operators increase number of evacuated platforms due to harvey oilandgasnews,1,1,0.9202673
tropical stormhurricane lee will likely interact with mariamary later this week,1,1,0.98865485
michael buffer had his steve harvey moment with carlos estrada winning the fight,0,0,0.027345031
republikkklans rnc gop voted against 4disasters harvey irma katrina thank a democrat,1,1,0.058827884
mims family of 7 loses everything to tornado during irma gt,1,1,0.96886843
thats cause steve harvey did the announcinga,0,0,0.02062683
provides shelter for evacuated zoo animals during hurricane irma,1,1,0.9731881
as i pleas bring these supplies everything will be donated to those impacted by hurricane harveyas i,1,1,0.9918932
did the dark state create harvey fakenews propaganda,1,1,0.18045382
california architects begin to assess the catastrophic wildfire damage,1,1,0.98780835
this graphic feels like a very poor representation of actual real life hurricane maria,1,1,0.8492323
first time i text mora in months and he thinks all im trying to do is get drunk smh,0,0,0.01637185
pre august 11th at 730am and post september 18th at 730am irma fortunate and resilient,1,1,0.89033705
mexico earthquake relief paypal donations donativosrescatetoposorg toposmx,1,1,0.9533786
irma will cost disneyworld other theme parks millions via orlando sentinel,0,1,0.9644529
northern california wildfires are devastating the areas cannabis crop cannabis,1,1,0.92574173
join the pro bono attorneys helping with californias fire recovery,1,1,0.91787267
day 8 no power irma sarasota,1,1,0.97327495
deadly aftershock volcanic ash spread alarm in mexico,1,1,0.9870712
to show you how scary hurricane harvey is,1,1,0.7770359
this was taken the day we left summerland key floridakeys irma hurricaneirma missing the keys pretty bad today,1,1,0.9646378
know your hurricane evacuation zone,1,1,0.909488
ever since harvey melania has looked like secretservice,0,0,0.040736243
top charity found scamming hundred of harvey victims out of food do not donate,1,1,0.95701635
this really puts things in perspective please help houston however you can harvey,1,1,0.9608989
ibec emergency housing wkh puerto rico,1,1,0.29951915
govt donates b2m to help floodstricken sria lanka,1,1,0.97788894
introducing the new 2017 puerto rico a14y5a14y7state seal,0,0,0.019900806
final 49 knox webb 22 blue tornado improve to 31 gobigblue,0,1,0.847815
forcecast track of hurricane irma has trumps maralago club in its sights,1,1,0.90645486
liga fully sustainable and disaster resistant living environments irma harvey,1,1,0.7569772
bryn amp harvey all the way from england whos the bigger kid bbl06 turnuptheheat,0,0,0.017993677
harvey victims worried irma could slow recovery read more victims,1,1,0.98469526
is puerto rico part of the us another katrina should we help them heres how to donate,1,1,0.964088
aztf1 has been demobilized from harvey were heading home,0,1,0.98412687
donald trump is yet to address the deadly iraniraq earthquake but has had time to tweet,1,1,0.49979174
mexico im sad i think of wenchuan earthquake in chinaa123a123,0,0,0.03977405
abannon says bush 43 a most destructivea,0,1,0.35448363
de mora just landed,0,0,0.04126633
if youre looking for a way to help my church has a few good options hurricane harvey relief cottonwoodfamily,1,1,0.7373455
ozarksfirst kolr hurricane irma death toll at 9 as florida awaits storm,1,1,0.9906765
iraqiran earthquake from bhuj to haiti the deadliest quakes of this century worldnews,1,1,0.9583211
stepupfortexas help our kxly radio stations raise money for victims of hurricaneharvey,1,1,0.9856031
mexico drops harvey aid to texas citing its own natural disasters,1,1,0.9907115
coast guard investigative service agents inspect sailboats damaged by hurricane irma in key west floridaa,1,1,0.99312055
34 pot farms have burned down in california wildfires via socialmedia mlm,1,1,0.9776692
funnel cloud reported w tornado warning d sdwx,1,1,0.9895215
four tornadoes have been confirmed so far from irma full report scwx gawx,1,1,0.9894343
carlton church plans fundraiser on oct 29 for community in puerto rico,1,1,0.9600753
so sad to hear about the earthquake in mexico city my thoughts go out to everyone there a12ca12c mexicocity,1,1,0.19649154
powerful hurricane irma slams caribbean eyes us,1,1,0.9896834
tesla starts energy storage at hospital to help puerto rico,1,1,0.9544709
huge earthquake could strike today says prophet who predicted iraniraq killer quake,1,1,0.92345035
tell us how you really feel obx hurricanemaria,0,1,0.21769914
also had to replace my tryb thanks to harvey fuckoffharvey,0,1,0.09943265
kids open lemonade stand to help raise money for animals displaced by hurricane harvey,1,1,0.98117274
dr jim denison california wildfires whose door will you knock ona today,0,0,0.026539356
thankfully we are free of damage and are back in full swing post hurricane irma,1,1,0.98680913
raytheon coyote uavs help noaa track and model hurricane maria,1,1,0.95901996
although i got this care package after irma my girlfriend is still the best dd,0,1,0.20307466
horses sheep amp turkeys evacuated from fire how to help after california fires,1,1,0.98202366
fl irma preliminary needs on bigpinekey distribution center 30250 overseas hwy big pine key fl 33043a,1,1,0.9378692
and get puertorico users cell service,0,0,0.04882325
rain brings breath of fresh air to areas hit hard by california wildfires,1,1,0.98601645
how to help victims of the northern california wildfire,1,1,0.9715228
looking for a new pet dogs rescued from puerto rico are looking for new homes in nyc,1,1,0.5973042
71km ssw of paredon mexico earthquake mag 57 september 24 2017 060612 100612 gmt,1,1,0.5843839
53000 people made homeless by hurricane harvey what happens next,1,1,0.99164104
puerto ricans in ct wait anxiously for news about hurricane,1,1,0.98842967
la mina in earlier this year i cant imagine what hurricanemaria has done to this rainforest amp ecology,1,1,0.8440169
land ofrost chipped in time and person power to provide relief supplies to hurricaneharvey victims in houston,1,1,0.9873046
harveyas heroes area man steps up when no one else will patxnews,0,1,0.17637879
from the archive macron i will help st martin recover from irma,1,1,0.97082347
an update from about disaster relief in response to hurricanemaria,1,1,0.94599223
creating new voters daily a343,0,0,0.046433005
maria is still a major hurricane and will actually have a positive effect on our weather this weekend dry,1,1,0.9820992
raiders release statement on central mexico earthquake,0,1,0.8243276
earthquake ml 39 eastern iran emsc,1,1,0.9153307
hurricane harvey another crushing burden for houstons poorest and most vulnerable,1,1,0.9921618
after hurricane irma group handing out bulk bbq at germain arena,1,1,0.96507096
when you try to figure out how pellegri salcedo mora60m nainggolan60m,0,0,0.026756043
hurricane maria has left a path of devastation behind it heres how you can help gtgt,1,1,0.9904777
bayarea restaurants join forces help north bay fire,0,1,0.98022205
shop kipsongo and help us support rebuilding efforts in the virgin islands post hurricane irma shop kenyaa,1,1,0.98600304
radio reports on california wildfires,0,1,0.8171445
large tree fell in mount mora cemetery no tombs seem to be damaged,0,1,0.97983587
apartment residents angry displaced after irma,0,1,0.9928663
need something to get your over hump day come out to b3 brew beats amp bites at perry harvey park starting at 5 pm,0,0,0.02677937
beautiful samoan firefighters sing moving hymn in midst of california wildfiresa,1,1,0.39254403
telegraph pics landlords demand rent for flooded homes from hurricane harvey victims,1,1,0.97739214
insurers and reinsurers struggling to assess the damage of hurricane harvey,1,1,0.99000657
106th rescue wing returns from harvey irma missions,1,1,0.9517642
hurricane maria a the aftermath a st croixa usvi,1,1,0.98941576
if hurricane maria kills me gets my warhammer stuff this is a legally binding tweet,0,1,0.12885065
do you have boat damage due to hurricane irma we can assist you with filing a claim with your insurance company,1,1,0.98776186
icymi raradio samaritans purse ramping up aid efforts in caribbean after hurricane maria,1,1,0.98581
trending in scuba hurricane maria relief,0,1,0.8023358
wh releases pic of trump signing harvey aid etc into law earlier at camp david,1,1,0.46415874
new assessment data on hurricaneirma irma,1,1,0.91378355
perspective amp fright cat 5 irma from the virgin islands ht fox35,1,1,0.9749518
weighing the hazards as i via,0,1,0.13288699
icymi maria will be joining monica in puerto rico on monday to help distribute supplies a12fa14bai a14y5a14y7 beblessed,1,1,0.9903619
harvey and ruby waiting to settle down and watch crufts2017,0,0,0.02870189
irma the savage rat ripshelia,0,1,0.142803
watch teaming up for texas telethon with coach cal and the cats on from 330630 pm,0,0,0.026357433
how about getting some power to the american citizens in puerto rico you hopeless asswipe,1,0,0.052933738
kill people burn shit fuck school 666 ofwgkta i punch bitches stop kony 2012 fuck steve harvey,0,0,0.013260741
not irma anymore his name is dukeaf,0,1,0.1114685
join us in the clubhouse on sunday 18th june for a special three course fathersday lunch,0,0,0.024089532
oh snap darrell issa,0,0,0.0126288785
twitter erupted over president trumps federal g tweet about hurricane irma,0,1,0.13831723
in hot weather a power outage can be deadly check on friends neighbors amp loved ones,0,1,0.9145511
congrats on hitting yoir goal guys im sure the victims of harvey will appreciate it greatly,0,1,0.8921009
ive never flown in one of these what a beauty tornado,0,0,0.035777677
21 kids among dead found in school after mexico earthquake,1,1,0.98087895
one volunteer me helping another for hurricaneharvey rescues,1,1,0.9797339
california nurse flees wildfires nurse nurses nurselife nursepractitioner nurseblog,0,1,0.76270765
tropical cyclone mora by eumetsat composite image of tropical cyclone mora approaching banga,1,1,0.9835933
champions for puerto rico medical relief in ny nhma2017,0,1,0.7894516
a lesson from hurricane irma bury the utility poles by unknown author via nyt,1,1,0.9126003
jonny gomes bringing huge truck to help california fire victims the kansa royals,1,1,0.9748784
on air sur np fedo mora amp camurri after the rain pochette,0,1,0.568661
image of the week irma churns up sediment in the florida keys video,1,1,0.9894108
paralympics body postpones world championship over mexicoa earthquake,1,1,0.1315752
so puerto rico was already part of the us somethings fishy with whitefish,0,0,0.035782184
before hurricane irma quinn street flood clean up,1,1,0.9590055
local sheriff smacks down breitbart for bigoted lie about california wildfires,0,1,0.06646405
breaking tornado warning has been cancelled houston may see some tornadoes overnight tonight harvey,1,1,0.98847276
pretty sure yall got investigate reporters,0,0,0.032479167
iran survivors struggle in aftermath of years most deadly earthquake,1,1,0.984162
losangelestimes the package includes 5765 million for california wildfire,0,1,0.73078924
s a f e b o y e s ready to look for people after earthquake in mexico,1,1,0.27330118
thesciencemic nasa map of wildfire damage helps california recovery effort science,1,1,0.9868946
harvey damage could reach 180 billion,1,1,0.99107224
maria wants to do the work irma couldnt completely do 34,0,1,0.95464545
