tweet_clean,y_true,y_pred,prob_informative
has a great event tomorrow for both byu and utah fans to support hurricane harvey relief,1,1,0.6979911098344855
now also carlo surf band at 8pm pwyc mexicoearthquake fund,0,0,-0.3533452873428119
guaynabo resident efrain diaz stands by a bridge washed out by rains carrying debris from hurricane maria cnn,1,1,1.602875448499229
after harvey irma leaves its own trail of destruction metals,1,1,1.626639825233421
dawn just won 400 and were gonna match the amount for hurricane maria relief,0,1,0.948308552455644
harvey forces national weather service to add new color to its rainfall map,1,1,0.6441021219796084
hurrican harvey transposed over illinois to show widespread heavyrain,1,0,-0.22174179762291987
wotv news presssec the primary focus right now in puerto rico is relief and support in the rebuilding effo,1,1,0.30893579723208014
harvey bashes texas coast leaving homes damaged residents injured amp without power,1,1,2.2516531123650556
puerto rico is now a country dont believe me read,0,0,-0.3349671451251914
so many faves on one track for puerto rico a14y5a14y7 almostlikepraying supportpr,0,0,-0.8703109206070854
puerto rico power massive logistics challenge the commander of the us a usa news,0,1,0.3201821159839992
raises big bucks for mexico earthquake relief,1,1,0.758183325489711
cyclone mora storm makes landfall in bangladesh six killed,1,1,2.0201454663614915
trump on hurricane harvey we will endure and we will overcome,1,1,0.07528951064348827
m56 earthquake 119km ssw of tres picos mexico 20170929t040022z depth 2166km 94a 2 47 w 14a 54 14 n,1,1,0.20579331301152876
how to help mexico recover from its devastating earthquake from wherever you are,1,1,0.9132629114771562
schools feed studentsao need after hurricane irma,1,1,1.9279177852423466
hurricane experts on harvey irma and whats next,1,1,0.33046241877072363
are california forest fire memes worth investing in,0,1,0.29537825169835835
helmetcam video amp radio traffic from california apartment fire firefighters,1,0,0.010737209126240266
north woodlands area church of christ delivers nearly 95k in supplies to harvey victims,1,1,2.8177833723241683
money irma business itaos not just toys r us more credit weak spots are emerging ai a,0,0,-0.9333077405969856
a very hota weather fire danger expected in southern california algeria u2,1,1,1.038172890507179
wheel wednesday all the way from puerto rico a14y5a14y7a12f jeepwrangler offroad wheelwednesday,0,0,-0.8273496220149208
at mexican school hit by quake heartbreak and dwindling hope by paulina villegas via nyt,1,1,1.2786267452784998
tornado signature right outside of polygon moving inland from the coast flwx hurricaneirma,1,1,0.538122568772994
good morning puerto rico oldsanjuan saturdayvibes,0,0,-1.5771011792119083
first harvey then irma and jose why its the season,0,0,-0.17677627046745178
boat and car mechanics in high demand after storms harvey and irma rip through texas and la gulf fla coastal s,1,1,1.025183479589699
video shows dog being pulled to safety following earthquake in mexico,1,0,-0.11561048722653916
and ahead of hurricanemaria and hurracaineirma the fakenewsmedia never reported this,0,0,-0.04146509218588157
inbox issues harveyrelated interim charges txlege,0,0,-0.27215144298413824
talkback with cbs manuel bojorquez from mexico city following devastating earthquake,1,1,0.37888638197005936
missing puerto rico amp watching the sun sets at the beach prselevanta ai a14y5a14y7,0,0,-1.5711484220288747
trump at a church in puerto rico from jonathan ernst,0,0,-0.8585870783337171
the struggle is real harvey recovery for many houstonians has just begun please remember and be patient,1,0,-0.0007682127692025253
grabbing hurricane harvey by the pussy fakenews cant keep ignoring this heroism,0,1,0.43077803310255985
badass rescue dog who has rescued 52 lives is now saving people affected bya,1,1,0.9808767783282473
nations lean on pacific disaster center to prepare for hurricane irma hawaii,1,1,1.8308388539800298
an iconic moras icon,0,0,-1.0616620494773585
i think these new mhts are going to do just fine a12cjnj hurricaneharvey,0,0,-0.4573054216407604
harvey has got a busy footballing week football twice today football twice on thursday and once sunday,0,1,0.10509467917371124
over half of puerto ricos schools remain closed,1,0,-0.3447778306935471
so was californiawild fire w trees standing cars burned wmelted rims bs,1,1,0.2314229849836324
usd adds exhibition against arizona state to aid hurricane maria victims,1,1,1.9756036475711003
how bout these fine folks in jax tryna pray and sing irma away,1,0,-0.3332588568471341
babies and stress the facts babies harvey ece,0,0,-0.6740019677059257
unconsolidated soil partly to blame for mexico city earthquake ksatnews,1,0,-0.014101212410807973
918 post irma information please continue to handle storm waste safely in the event of an emergency dial 911,1,1,0.5374092724189525
maria looks more posttropical this morning look for the storm to begin moving out to sea later thanks,1,1,0.641641116963483
hemingways house and cats spared by hurricane irma,1,1,1.7299745494941332
tornado of learning learn powerfully like the vacuum of a tornado involving knowledge that you need,0,1,0.2044308876899928
hernandezs big game means dodgers owner owes 1m for pr relief,0,1,0.4778723970171345
video of live tv interview shows the moment a powerful earthquake hit iraq,1,1,0.6334857963966081
hurricane irma creates carnage when it hits south florida,1,1,0.8269650976433105
stop playing golfsit your fat ass wellit is down and figure out a way to help puerto rico,0,0,-0.430470614886758
femail rosie perez trump tweets nonsense puerto rico suffers the 53yearold aca,0,0,-2.126669527649963
tampa bay residents can apply for federal unemployment services after irma,1,1,0.8059009656286231
tx diaper bank in urgent need of volunteers for harvey victims,1,1,2.1820127455390983
local pig rescue will shelter barnyard animals in hurricane irmas path,1,1,2.3989848917745142
look at this very dangerous hurricane maria with winds of 175 mph,1,1,1.3434214758339929
irma evacuees find shelter in demopolis locals lend helping hand,1,1,1.8069581345117496
us coast guard saves texans from storm harvey flooding,1,1,2.0059282304846375
listening to beni mora by gustav holst on gustav holst orchestral works,0,0,-0.4246487983035711
how ending daca could affect harvey victims hounews,1,1,0.49426102082680706
breaking news second earthquake rattles central mexico in 4 days breakinga,1,1,1.0466007970554896
pimp cs wife revealed all ugk archives were lost in hurricane harvey,1,1,0.9688672711057416
denver7 journalist recounts mexico earthquake firsthand fund set up for denvers,1,1,0.16835610744807894
20170915 hurricane irma florida keys a boat not where itaos supposed to be in duck key gettyimagesa,1,1,0.6740410834636268
hurricane maria loves you hurricanemaria via sandydelgado,0,1,1.304914528670436
hurricane marias eye remains 485 miles from miami and slowly moving north,1,1,1.472513931516447
alert tornado warning near columbia river mouth,1,1,1.8370527672442205
thiago alves loses dog to hurricane irma,1,1,0.6625177282584858
illegal started cali fires,0,0,-1.5964961578495906
how the trauma of a storm like harvey affects your brain hurricaneharvey trauma ptsd,0,1,0.23641405213606953
coloradobased supertanker takes on california wildfires,1,1,0.9968290693799711
metallica to perform at northern california wildfire concertannouncementcharityconcert,0,1,0.676032854182657
new tropical storm watches posted for coastal north carolina with winds that could gust 60 mph ncwx maria,1,1,1.2909661309495728
hurricanemaria the devastation captured by joe raedlegetty,1,1,0.5117024140172921
gfs has quite the et cyclone over the uk and ireland from the remnants of maria,1,1,1.3237111016081515
cloud storage offers data safe haven from harveys deluge cloud,0,1,0.8683328016760905
the size of a tornado compared to the size of wind turbines via,0,1,0.6713187689785167
know where to go in case of a tornado a hurricaneirma irma,1,1,0.9056562372777186
how donald trumps failure to help puerto rico could haunt him in 2020,0,1,0.16868625223638295
how irma and harvey may impact our food supply,1,1,0.8916207708048605
hurricanes like harvey and irma make life even more miserable for allergy sufferers,1,1,0.2443827417685847
i texas hog hunters private pilots provide airlift to hurricane victims a8,1,1,1.2003320688011105
four texas gop lawmakers voted against harvey aid package,1,1,0.4840217217233001
fifteen daysjust over two weeks since harvey came to town,0,0,-0.018009626397129663
what it means to be a community in the wake of hurricane maria,0,1,1.6719747894547383
biggest beneficiary from harvey and irma floor amp decor tts fnd,0,1,0.7804628900151052
im out helping those affected by harvey a feels good helping others fight back rebuild 5,1,1,0.8125376936416238
many volusia residents still suffering one week after irma,1,1,1.046077678627454
help cenotaph drummer rebuild his home destroyed by earthquake in mexicoa city,0,1,1.3715981394155594
were focused on recovery efforts after irma learn how the work continues even after the storm has passed,1,1,1.245241610555395
black scout reviews mora bushcraft survival black knife,0,0,-0.988978499712176
please keep praying for our bible society colleagues in the caribbean prayer irma,1,0,-0.17671013525966991
helping to pack personalcare kits at warehouse those gallon ziploc bags hold a lot harvey,1,1,1.3824937050653407
tree tunnels to control colombo floods flood srilanka colombo,1,1,1.0035855744131434
a homage to early new york spiritual house valentino mora body nostalgia,0,0,-0.7964618703385726
california wildfires evacuees offered free haircuts amp chiropractica care,1,1,1.259629840390464
help to close the zoo located in mayaga14ez puerto rico for animal mistreatment plz sign,1,0,-0.10283038149865092
harvey trailers sells utility car enclosed dump snowmobile trailers in maine trailera,0,0,-0.2320590520302051
my brother amp his family added another family member added to the packa12 d also a harvey rescuea125,1,0,-0.3542177482937392
dreamers saving lives during harvey still trump says get them outta here daca haiku,1,0,-0.3036875081798764
breaking large and extremely dangerous tornado on the ground in broward county florida irma,1,1,0.8897039239038094
hosts dinner tonight to raise money for hurricane maria victims,1,1,1.2698710983007317
fabric of srilanka torn apart by cyclonemora,1,1,0.5701462594822873
how many fire fighters are illegal aliens in california jerry brown use you dear loved citizens,0,0,-0.21698876257102206
hurricane irma recovery update,1,1,3.074304246962156
take a trip to spanish speaking caribbean cuba dominican republic puerto rico,0,0,-0.5219095791044981
need to talk the toll from harvey is more than just material,1,1,0.9734523081291437
sacramento group cares for florida pets displaced by hurricane irma,1,1,1.8232535724933054
islamic state celebrates but does not claim responsibility for california wildfires,1,1,0.310895141176089
please helpwestie found after mexicos earthquake,0,1,0.88640144580589
hurricane irma terrifying path latest models show it will hit miami as category 5 storm,1,1,1.6437441965414394
hurricane harvey threatens largest flood insurer,1,1,2.003021418168386
another dog of harvey named jimmy amp flown into bay area from texas he needs a home abc7news,1,1,1.2826684535245132
orlando schools welcome students from puerto rico edchat hurricanemaria,0,0,-1.2401070224466164
evelyn says her neighbor javier who doesnt speak english rescued her from harvey javier we are all family,1,0,-0.14450846117903735
favourite line about irma,1,0,-0.7188510393368818
puerto rico getting the food out to the forgotten citizens,1,0,-0.009739054891766574
good friend of mine found this in his hurricaneharvey cleanup a12e,0,0,-0.40636925466813534
seen from above entire california communities reduced to ash,1,1,0.6632347519007995
money irma foxbusiness emmys ratings crater trumpbashing to blame foxnews fox b,0,0,-1.189914780888722
fees waived at landfill for hurricane irma debris more infogtgtgt,1,1,2.100683901185494
94 tonnes of tin on route to anguilla to help after the destruction of irma,1,1,1.8736666680649807
scientists have run out of adjectives to describe hurricane marias devastating power,1,1,1.4897851399126194
lets talk about hurricane maria,1,1,0.5380547214269495
yaaas finally bought it i havent felt this happy since before hurricane mariaa12 2 i cant wait to start reading,0,0,-0.7848571441008694
irma poses us145bn sales hit to us retailers worse than harvey,1,1,0.07583782499678049
isso porque a dona do post n mora em svp triste realidade,0,0,-1.3773467486675035
well thats new good for you james harvey hylton arca,0,0,-1.1720599069559887
iam so proud to be born in puerto rico,0,0,-0.6274338728021696
john mora doubles and scores in the 1st 10 mets top 3 stlmets,0,0,-1.403761004847891
texas countys long recovery from hurricane harvey begins,1,1,1.1554547790407448
the agriculture sector of puertorico faces lost crops and property damage from hurricane irma,1,1,1.848936581458307
more than 11000 in shelters as hurricane maria lashes puert tisnews click link,1,1,1.71543364102709
a hard days work cleaning up irma debris always goes up in smoke at horsemintfarm,1,1,1.4548425663287052
hurricane maria damages dominicas main hospital leaves war zone conditions,1,1,1.3968284530961497
sinkholes are being found in florida postirma are you covered for that irma harvey,1,1,0.4562229138958827
pregnant with twins mother helped to get back on feet after harvey kprc2,1,0,-0.29069233295976216
dont forget a pictures worth a thousand details puerto rico after maria,1,1,0.4677224257528206
indian ship delivers aid for cyclone victims burma myanmar cyclone cyclonemora,1,1,1.851370815405358
on their way to encourage the victims of hurricane irma,1,1,1.4748072003642976
tropical storm harvey triggers toxic air pollutants telesur english full coverage via,1,1,1.1812408426671939
lcec hurricane irma update september 18th restored to 190104 lcec customers th,1,1,0.9515363386910725
season over we could use able bodies at earthquake in mexico dig in,0,1,0.5175014831165252
the eric and andre show featuring special guest the california forest fire,0,0,-0.46687382987991827
do you remember now where is jesus to help you in hurricane irma amp hurricane harvey,1,1,1.9660187156427962
marketsgtpolitic gt amid puerto ricos water crisis unions step in markets,1,1,0.08184520851145055
iraniraq earthquake nsa leaks apple face id hacked and more security safety,1,0,-0.23613350277567943
irma aftermath st martin residents are now struggling just to survive propaganda,0,1,1.9333690988100996
helping the keys this am calvary church in jupiter sending a team down w supplies post irma,1,1,1.386909864974
calm is here with a california newt also called a fire belly,0,0,-0.130211505595034
news startling footage shows california wildfire impact,1,1,1.283658181214627
passenger jet races against hurricane irma guess who won reports,1,1,0.5739240531408287
tornado watch for most of south florida until 12am sept 10th,0,1,1.4336838438320452
irma makes a slow exit from the tristate irma makes a slow exit cincy link,1,1,0.4003741864971115
despite the rain wyeast middle school yard sale in the couv goes til 400 raising money for trip amp puerto rico,1,1,0.12006902967614996
a post hurricanemaria update from stbarths caribbean stbarts,0,1,0.2051018726857446
help people replace books lost to harvey flooding everything helps,1,1,1.8603207974314788
video shows california family reuniting with pet dog presumed dead in wildfire,0,1,0.8400791477020013
guest attacks man who let him stay during hurricane irma florida police say abc15,0,1,0.05476684942096638
dont worry folks just got off an important conference call with hurricane irma well be fine,1,1,0.17296969053913303
un migration agency appeals for usd 495 million to support communities in wake of irmaa,1,1,1.2909325236366218
hurricane irma track update dominican republic amp cuba next 9 dead amp 49 million at risk,1,1,2.2834448291825375
youre trending in puerto rico i miss you 57 hrvypreorder,0,0,-0.9633075469429433
iran used haarp technology which caused earthquake in kurdistan,0,1,0.2695560595075202
what microbes may be lurking in floodwaters from hurricane harvey,1,1,1.6150316098087962
tickling bondage footworship licking hurricane maria in revenge of the tongue tickles,1,1,1.4359084690949038
harvey amp irma came diesel generators instantly kicked inkeeping internet ops uninterrpted,0,0,-0.3931160092007179
we are indivisible 100 of profits benefit aid for puerto rico,1,1,0.4108291084841485
modular container home is d fastest ampmost efficient way 2 build strong durable buildings anywherea,0,0,-0.45625656638120726
the wait continues irma,0,1,0.37787351605796154
mmmmm plus i made sure my cookie went towards the donation for harvey,1,1,0.2712366761958454
irma is still leaving her mark in some areas of fl,1,1,0.8327387932526449
first harvey and now irma relentless storms strain rescue workers,1,1,1.1261846483337221
6 scenes of sentinel ingested to hdds for event 201709hurricaneirma irma hurricane,0,0,-0.279019534035978
how biglaw in hurricane maria ravaged puerto rico are pressing on,1,1,1.1797141398991324
harvey nash hr business partner,0,0,-0.9625809082080306
sheriff suspect shot wounded during irma burglary,0,1,0.7653435650060754
cloudy water from irma as the waves continue to roll in,1,1,1.9589011063721493
the stream what can be done to help caribbean nations recover from irma,1,1,0.5426319013001211
major hurricane maria has now strengthened 60 mph in 24 hours,1,1,1.6017839665448887
heres a midmorning update on harveys future forecast in the houston area,1,1,1.6162619292463283
sampc week 6 for harvey todays focus was explosive power a1414ba14d istrengthandconditioning basketball rugby athlete,0,1,0.2116168959142098
the us embassy shows the reality of a devastating earthquake hitting iraq and iran,1,1,1.0880849461237707
crude oil weekly hurricanes harvey irma lifts oil prices,1,1,0.06932270918264394
local soccer tourney includes tx teams and money being raised for harvey relief,1,1,0.9709007428404239
scenes from mexicos devastating earthquake by ro water filter,1,1,0.7634043618229462
praying for those yet suffering from harvey i had the pleasure of volunteering with blmhtx in hard hit areas,1,1,0.4925041058960183
fema approves loans to keep harvey damaged cities working to repair damage,1,1,0.8491388673692328
this is what stupid looks like earthquake hurricanemaria hurricaneirma,0,0,-0.6765532206411178
harvey by the numbers thx for hosting eco recovery brief today,1,1,0.6242255668430072
gofundme how to immediately help those impacted by the california wildfires webdesigna,0,1,1.3320577888361425
blog energy department responders are on the ground assisting hurricane recovery n irma,1,1,1.1146320382693362
love seeing my kiddos in puerto rico,0,0,-0.9988166995244914
behavior of donald j trump as president and leader of the united states of america in hurricane irma,1,1,0.21129180809258247
thanks to uncle sam and hurricane irma for the best 10 days ever see you in 2 months friend keep rockin,0,0,-0.8391048330278807
new activation emsr244 earthquake in central mexico copernicus earthquake eucivpro,0,0,-0.4540684118271753
dang near everybody was affected by irma,1,1,1.6449346199855008
and not one irma model was right only one was close but it had her hit miami and the panhandle,1,0,-0.4447445800644746
texas struggles with harvey flooding could still see water rise,1,1,1.707892864083202
hurricane irma ai aowonder girlsao help in georgia shelter redcross redcrosser,0,1,2.217941134527508
look at with a great graphic on how big hurricane irma is compared to the state of oklahoma,1,1,1.1637886224938305
245 dead as school collapse during massive earthquake in mexico naijapals gistmania,1,1,1.5534380890174806
hurricane irma minutebyminute animation,1,1,4.201918489548215
hurricane irma path and track live noaa update as models show direct hit on florida,1,1,1.5901424783182287
fema insurance chief harvey may end in 11 billion in payouts to homeowners,1,1,0.8021373186913008
air canada suspends flights to st maarten due to hurricane maria impact travel,1,1,0.633994688607119
trump appears to side against federal government in lawsuit over harvey relief unitedstates,1,1,0.9463803571425371
why irma and harvey could finally get republicans to care about climate change,1,0,0.01939946597216269
rick brown what to do in the aftermath of harvey,1,1,1.3221693370127938
iran health minister meeting to discuss relief plan earthquake,1,1,0.7545489044460041
harvey looks to slow cubs in 3rd start off dl mlb mets baseball,0,0,-0.5964402731587626
with congressman luis gutierrez and pedro soler at the dsfs event supporting the mexico amp puerto rico relief fund,1,0,-0.4286338891577299
is that a shark in naples houston whatever someone is jumping it irma harvey impeachtrump,0,1,0.11060822645641216
so to for holding and i down while we report from puerto rico a14y5a14y7,0,0,-1.771040507292192
bill clinton also shared a pretty awkward puberty photo for puerto rico hurricane relief,0,0,-0.39817139163514664
science hurricane irma before and after images these satellite images show the destr,1,1,1.4435046412990922
in case you missed it new story rolling hills to collect items for harvey victoms,0,0,-0.31143115042849107
this was actually taken at a benefit for puerto rico gaga is wearing a white pantsuityes on purpose,0,0,-0.83921081438845
wrt irma forming over cool water heres judith curry an expert on hurricanes a,1,1,1.1051591699294803
harvey cancels houston wedding louisiana city donates 1 us news amp world report,0,1,0.7343814343955943
steve harvey tells how youtube has changed the daytime talk show,0,0,-0.8024840274697196
deadly california wildfires spark needed debate about current spending,1,1,0.36740828082373717
heres how bad the mosquitos are after hurricane harvey,1,1,1.6973913358418984
in marathon key irma on search amp rescue mission and bringing aid,1,1,1.014422946309043
harvey and irma arent natural disasters theyre climate change disasters,1,1,0.6451013798568486
mexico earthquake navy says no missing child in collapsed school,1,1,1.2676719620548935
northern california fire survivors aitas shameful they didnat warn usa,0,1,0.8335438874128167
market screwed up for sure eqf hires feye to fix mess feye goes down cpst has only working power after,1,0,-0.0012263582848613397
thinking of our friends in california as they begin recovery efforts from devastating wildfires,1,1,1.334710562306168
bridgeport family mourns relatives lost to hurricane maria,1,1,1.2803639305729908
sabanas go go power rangers 3 arte de dan mora,0,0,-1.327696321431798
what hurricane harvey says about risk climate and resilience,1,1,1.0888851254912246
i will never tire of this photojnj hurricaneharvey,0,1,0.48367773680157705
scranton woman returns home from aid trip to puerto rico scranton timestribune,0,0,-0.23609753229598418
raging wildfires caught sleeping californians by surprise usrc,1,1,0.930454070993876
collecting items in parker for harvey relief drive,1,1,2.219311149616682
two new inquiries into controversial puerto rico power topstories,0,0,-1.0287773469447155
as deadly fires ravage california wine country officials prepare for further fatalities,1,1,1.1426381189134327
wish i could find out are these tornado clouds rolls around coral springs often very bad trees down from irma,1,1,1.1035322998114296
south floridians irma the ppl in tampa say git and not jit 1 irma ight bet,1,1,0.4289604488572247
taking supplies to all of those affected by harvey harvey relief donations appraisalmc houston,1,1,2.4861375384541025
this is a line for gas people have been getting up at 3 am to make long lines like these,0,0,-0.594097006625399
hurricane irma reminds us of an important truth about financial models,1,1,0.7686866521576114
more florida keys residents return home to survey irmas destruction,1,1,1.2358602136096402
algeria us sanctions snag donations to iran earthquake victims,1,1,1.5783086185306785
money irma business a government crisis gives icelandaos pirate party a second chance a,0,0,-0.4440967526286788
sign language interpreter at press conference sparks outrage,0,0,-0.27289978377601604
drafts from irma,1,1,1.5264249652447486
downtown dallas megashelter for harvey evacuees to close wednesday,1,1,0.8497997579386813
bermudians david strong and jeff ryall survive brush with hurricane harvey,1,1,0.6528735381518393
5pm sunday maria update cat 2 storm centered well east of the jacksonville florida coast heading north,1,1,1.2241279670724992
portrait double exposure ai ai ai ai ai antonio mora ai,0,0,-1.2600442604231425
cyclone mora wreaks havoc cuts power in maungtaw,1,1,0.4600610896964931
president donaldtrump push back when it comes to puerto rico,0,0,-1.2244757997805855
mexico may now have too much earthquake aid,1,1,0.3668521141642734
i love you 8 from puerto rico is biutiful so cute,0,0,-1.4977240443712958
quake leaves trail of death and destructions iraq earthquake bahrain,1,1,0.8319040356699465
deadly fires ravage californiaas wine country leaving at least 15 dead more than 150 missi,1,1,0.7477079382192791
emergency broadcast martial law in wake of hurricane harvey amp irma,1,1,1.751184347747666
the gekko files the qb and the coach try to get ucla righted we preview the 2017 bruins,0,0,-1.230825248415504
shout out to louisianas at aap17 by for exemplary humanitarian efforts during harvey,1,1,0.7549223679890542
harvey irma us homebuilder sentiment falls on stormrelated supply concern,1,1,0.5548911422579574
goodbye hurricane irma click link to view amp comment,0,1,0.9911992117379995
usgsm 41 51km wsw of paredon mexico earthquake,0,1,0.15583730615773483
biych i just got the text for tornado warning pray for me and all my floridian people rip,1,0,-0.44588554618703874
brandi harvey live tonight downtown at the 40 east grill,0,1,0.18434895516002942
letter after rokitas vote against harvey relief lets pray,1,1,0.6544269103208833
leonel cardenas mora campeon panamericano jr de squash 2017 orgullosamente cdmx,0,0,-1.86744554933114
raising funds to put rockport texas back together after hurricane harvey,1,1,0.7788107795112931
hurricane irma bring it bitchna,0,1,1.566610761952857
the floor was rippling professor who survived mexico earthquake tells story,1,1,0.31396569364897137
dont forget ususvi hurricanemaria,0,1,0.18351119876003924
join us in praying for those affected by the california wildfires psalm 911 esv,1,1,0.5550407569732059
hurricane irmas trail of havoc in sintmaarten,1,1,1.9013272655989155
hellish california wildfires inspire haunting web comic,0,1,0.5239766497469014
hurricane marias track shifting closer to midatlantic coast via,1,1,1.2330945241249138
rep castro insists on harvey aid without any games,1,1,0.4747611042581091
west bank flea market in harvey,0,1,0.4493738066384175
google firm flies balloons to deliver internet cellphone signals in devastated puerto rico,1,1,0.300991338639881
as a class apostolic project pk3 pk4 collected items for hurricane harvey evacuees in irving shelters,1,1,2.2462971081006984
skynews hurricane marias path along the coast of the unitedstates,1,1,1.25249424109851
south bay latino community devastated by mexico earthquake destruction sanfrancisco,1,1,1.5750656510786913
rebuild dominica partners with project cure amp other global allies posthurricane maria,1,1,0.35570912716836994
flood risks will be mitigated considerably by 2020 patali read more lka srilanka,1,1,0.7653980674554455
bond insurer proposes timeout for puerto rico litigation,0,0,-0.6540769262449181
puerto rico braces for visit from hurricane maria via,1,1,0.16857157473834866
a tamilenglish translator needed floodsl srilanka,0,1,0.30527627388271145
is it true that an earthquake will reach kuwait soon,0,0,0.038064020559273326
events in nyc aim to help hurricane battered puerto rico,1,1,0.945417653601252
woman accused of assaulting woman preparing for hurricane irma,1,1,1.3259674745271444
hurricaneharvey texas moves toward recovery gas prices slip,0,1,0.812257448961238
hey world this is the real batmanday mexicoearthquake mexicoestadepie,0,0,-1.6737845540655663
ummmm lol harvey norman have online,1,0,-0.773566957102312
thing you can rndmly find at best coworking space in puerto rico,0,0,-1.1771721273323563
1105 lake moraine pl raleigh nca 27607,0,0,-0.09563330901988584
lebst du notch mexico earthquake puert rico dominca,0,0,-0.127080600441302
a rabbi aid drive after irma devestation on by,1,1,2.1226389768230507
redditors donate wedding dresses to houston brides following hurricane harvey,1,1,1.839495810459503
history shows we dont need big government to clean up after harvey and irma,1,1,0.8734601091241614
our power our future puerto ricoas road to a justrecovery,0,0,-0.023695227819596043
you can support mexicoquake victims right now,1,1,0.5778859715490983
california pizza kitchen shits fire af,0,1,0.5057537445683566
googles project loon seems to be having trouble with stationkeeping above puerto rico,0,0,-1.6425372666908664
a team of american experts is in mexico to assist with search and rescue efforts followinga,1,1,1.0176595379790712
this is a mirrored image from a wild fire in california this this is a susano,1,0,-0.005034188685072105
california wildfire probes hammer pgampeas value,0,1,0.09236917833612829
hillary caught on tape laughing about irma wiping out all of those florida hillbillies,0,1,0.13925875211358713
irma flooding last week pumped more h2o into lakeo than armycorp released that stops today,0,1,1.1713336684898004
sun 7am maria is no longer a major hurricane winds have dropped to 110mph heading toward cape hatteras nc,1,1,1.1281327776812073
strategic planning business viability using publicly available data irs help for harvey,1,1,0.3580630665654068
el paso to orange soldiers travel 1000 miles in wake of harvey,1,1,0.5975831054709848
eating tornado potato and drinking beer while waiting for taeyeon albmusicfest albatrossmusicfestival,0,0,-0.6264885902738875
harvey city asks residents to remove parked cars from street for debris pickup,1,1,1.2216578273643428
cleanup from hurricane harvey by skmiller photography beautiful,1,1,0.7563923819887806
still standing after hurricane irma,1,1,1.510809453565199
california wildfiresa devastating effect on marijuana industry,1,1,0.37038632309630243
even governor moonbeam is sight unseen,0,0,-0.3279467549235226
13 toxic waste sites damaged by harvey houston awash in chemicals,1,1,1.5279413162710225
pioneer woman ree drummond holding harvey fundraiser news9,0,1,0.08048244225713175
les harveyables actors stage musical amid piles of debris in floodimpacted houston,1,1,1.1383851518931714
bb i just been eating like crazy since irma had me home for two weeks,0,0,0.015236494966025027
eastside fire spent week helping california crews,1,1,2.314851320629874
after a flood inspect all medicines harvey,1,1,0.4630451762614603
look at harvey simply embracing it,0,1,0.42246972270342326
srilankas food gap widens in wake of regional floods and drought warn and,1,1,1.3291766992474796
hurricane irma orlando assesses the damage photos,1,1,1.6501523649154357
proud to work w to get fl lawyers amp their clients back on their feet nationwide access free,0,0,-0.6648144318064979
southern california prepares for potential wildfires,1,1,1.4820966665183808
claudia harvey of dig it apparel to be featured on cutv news radio,0,0,-0.0054157685088021545
california wildfires kill 10 destroy 1500 buildings,1,1,1.2132497682520023
the cone of uncertain continues to shift west putting atl on e side of irma meaning greater tornado threat gawx,1,1,1.6216663478614322
do good today stop hogan street by from 11am6pm to donate supplies to help puerto rico after hurricane maria,1,1,2.323480820268684
irma update from highlands county next on,1,1,0.5933602338877404
what is the future of puerto ricos energy grid techbuzz,0,0,-1.36020563308001
thats indiana and thats how large hurricane irma is oh my,1,1,0.582130249102278
call the texas immigrant rights hotline if you have experienced an instance of hate or discrimination sb4 harvey,0,0,-0.12040814626580823
harvey spins deeper inland full scope of damage is unknown from,1,1,1.3118928262649932
been a rough 3 weeks in the antilles backtobacktoback major hurricanes irma jose maria,1,1,1.8035619005929484
i am alive he recalled thinking over and over again alive iran earthquake,1,0,-0.04617432972198798
student asks to bring dog to class before hurricane irma professor has the best response via rupliftingnews,1,0,-0.1257309522457518
pray for all those families in californiawhy how did this fire startso very sada12b,0,0,-0.707749218086651
reload miami conference irma update,1,1,0.6014296769056255
here are some explanations for the mysterious lights that follow earthquakes,1,0,-0.18787112367864903
thank you to those who purchased in support of hurricaneharvey enjoy your crunchi,1,1,0.07414356471324168
harveys floodwaters flexed earths crust pushing it down as much as 2 centimeters,1,1,0.719931950921431
in key west stayed for irmathis is our tree in the back of our townhouse,1,1,1.262752040070465
time lapse video shows rapid rise of water in houston bayou during hurricane harvey,1,1,1.8941518022214634
houses damaged roofs blown off as hurricane maria batters usvi,1,1,1.6316334799600405
tytlive situation in usvi just as dire as puertorico,1,1,0.3528629676706834
here is the new guyharvey aruba long sleeve guys tribute to that enchanting island,0,0,-0.6155644825509872
flooding from irma prompts a new look at marshfront surge,1,1,1.033766173044177
watch expert frank mora discuss uscuba policy on,0,0,-0.931033990168042
if hurricane irmas eye was over phoenix thats scary azfamily,1,1,0.338548463245168
releases statement on hurricane irma,1,1,0.7890605334732108
put your hands up if ur not workn the mora,0,0,-1.378363497814595
rainbow right over the tornado hit homes lady next to me says mother nature saying shes sorry,1,1,0.3389922601791367
pray for all in the path of hurricane irma we are worried,1,1,0.5582280150645915
john besh delivers hot bowls of gumbo and red beans to harvey evacuees,1,1,1.0539107962510195
seismograms from yesterdays earthquake on the iran iraq border,1,0,-0.038822215488139356
24 and 48 hour rainfall amounts and most of this occurred in the last 12 hours harvey houstonflood,1,1,0.346385015101734
hurricane irma victims jesus saved us,1,1,2.0093403433232835
tropical storm maria still making waves but will pick up speed over next few days and continue to move away,1,1,2.0570843679196575
oh nice how about you send that money to puerto rico,1,0,-1.986836614273562
amommy donat crya a 4yearold girl surviving hurricane maria unicef connect,1,1,0.7806297230849124
an earthquake just shook la after mexico now we get hit after irma now maria5 hitting the caribbean but argue w,1,1,1.4208966421859992
12 years ago my parents opened a museum a week ago it looked like this a127 harvey harveyflood,1,1,0.23851949811232925
irma nfl right on the a0a0a0 top 5 throws of week 2 via twitter,0,0,-0.8719228248951008
some in texas begrudge aide to puerto rico,1,1,0.08113679077839797
theres still a lot of work to do heres how to help,1,1,0.8687757209340747
mexico we are the crack they are the collapse mexicoearthquake sismosmexico2017,0,0,-0.23881154951373618
hurricane irma storm batters caribbean islands as florida emergency declared,1,1,1.8125139661697904
irma deals an unprecedented blow to floridas citrus industry,1,0,0.0005861701171797629
joel osteen asks new yorkers for charity after harvey in spoof read more money,1,1,0.2582324420676239
sunny day landscape flooded area due to hurricane maria,1,1,1.5388426670354534
chef cooks barbecue for california wildfire victims,0,1,0.37473304514640343
familiar weather pattern for fl although satellite shows hurricane maria in distant e amp upper low pressure in gulf,1,1,1.5094438282695573
were on the road to jacksonville to coordinate our response to irma in florida see you soon,0,1,0.6452790721722597
after irma communities look at the long road ahead,1,1,1.4864168782645102
pnnl scientists weigh the factors that power a hurricane like harvey or irma,1,0,0.018682100287798098
photographer spotlight nick leggio owner ig mikemora photo by apin1k full feature,0,0,0.02780524863646705
thousands of iranians homeless after strong iraqiran earthquake phnews,1,1,1.3008032664956661
looting thugs take to streets during hurricane then get what they deserve video,1,0,-0.16773974668213076
forecast models indicated hurricane irma will turn north amp move over or near southflorida sunday cbs4,1,1,1.7408369791462524
would you be prepared if a disaster like harvey or irma struck greater cincinnati,1,0,-0.5221135818699374
researcher claims to have predicted the iraniraqearthquake through planetary alignments,1,1,0.5899562395548803
high tide hurricanemaria,1,1,0.3969894637248302
rescue work suspended at earthquake collapse site in mexico city ap,1,1,1.1877273943593263
dcsdfootball hurricane irma delayed them but week 4 stats are up online now,1,1,1.6585670804493746
a reminder of what happened as evacuated passengers ahead of irma earlier this month,1,1,0.4329411250165864
harvey disaster food boxes available in impacted areas visit to learn more,1,1,0.5708922623502151
find out how you can join disaster relief efforts by clicking the link,1,1,1.7426986577520025
president trump on tuesday raised the prospect of wiping out hurricaneravaged puerto ricos,0,0,-0.4345834258734464
vw audi nissan production hit by mexico earthquake,1,1,0.9070423368817597
teen suffering health crisis during hurricane harvey uses siri to call for her own rescue,1,1,1.3058128718909774
new 11pm advisory from the nhc no change irma still a very dangerous storm heading toward fl amp ga,1,1,0.4988710828411151
univision news weekly brief a month after the mexico quake and hurricane maria,0,1,1.1149759381915607
tubbsfire victim karen aycock 54 wouldnat leave the house without her animals,0,1,0.22967175710280557
mexico earthquake leaves historical churches in countrya hit,0,1,1.0712069668260202
it takes no compromise to give people their rights harvey milk,0,1,0.15197017606502478
fsu students community send hurricane irma relief supplies to south florida,1,1,2.8661792713774834
dog protects livestock from california wildfires,1,1,0.6232662021342537
i am alive survivors of iran earthquake mourn as government scrambles to help,1,1,1.7820787512896161
afpphoto a14yaa14y8 thousands evacuate as california wildfires kill 10 a127 frederic jbrown joshedelson robynbeck afp,1,1,0.6648045707191186
a list of what u can donate and where u can send your donations to for hurricane harvey victims,1,1,2.590291789773119
popular on 500px collection of classic bmws saved from california wildfires by karnadi39,1,1,0.5809005037070216
austins turnkey vacation rentals takes a hit from harvey on texas coast,1,1,1.1837344564581722
get started tax help for small businesses hit by harvey and irma usa today,1,1,0.9197260642494165
as expected one 12hr tornado watch expires another is issued hurricane irma jaxwx savwx flwx gawx,1,1,2.329753594598689
chefs aiding puerto rico find redients difficult to come,1,0,-0.3784103779886557
td15 expected to become hurricanemaria next week threatening parts of caribbean hit by irma,1,1,1.8726580764642065
hurricane harvey was no match for the boxing family fightnewsasia fightnews,0,1,0.5090234439745656
azerbaijan offers assistance to iran after earthquake iranian envoy,1,1,1.533838318100532
the same islands that took a direct hit from irma will not take a direct hit from maria however puertorico isa,1,1,1.3094745217718857
strong earthquake in iran had no effect on yesterdays earthquake in azerbaijan,1,1,0.39518126882172994
yeah ive been ready to gojnj hurricaneharvey,0,1,0.08929527490944938
news on npr a week after irma florida families still living in the dark,1,1,0.8594602653249199
sandy beach mora psaria at the northern coastline of rizokarpaso cyprus,0,0,-0.346315056626256
virginia beach woman chartered plane to rescue 300 animals as hurricane maria bore dow,1,1,1.5904302887751924
how irma got her own wifi,0,0,-0.7499673725580874
see how we are moving forward together postirma fumccg news and happenings gablesstrong,1,1,0.15771015909196495
whatas happening in puerto rico after hurricane maria is environmental injustice,0,1,0.6709476491821589
this is the most adorable pic ive seen from visit a12 dai houston beygood hurricaneharvey,0,0,-0.25973734184605274
workplace gratitude in action helping harvey amp irma hurricane victims beinspired,1,1,2.3345005455750414
sine mora ex dev on the new coop mode,0,0,-1.6002466886904454
hurricane harvey downgraded to category 1 will likely become a tropical storm d27,1,1,1.6950428223735394
tracking irma this morning as it passes north of dominican republic dangerous category 5 storm gt,1,1,1.0062601262553617
copped tho right before my mom forced me to sit in the bathroom for tornado warning,0,0,-0.01871992336281536
irma maria jose forestfires earthquakes s song so much trouble in the world so true wheres the,0,1,0.15461626807373002
yes thats a cadillac stuck in water the driver had to be rescued harvey,1,1,0.3961822911962614
hurricane maria left puerto rico absolutely devastated,1,1,0.625479008332793
weekend soccer games called off after mexicoa earthquake,1,1,0.15205055382193056
hurricane marias effect on us not ruled out forecasters say,1,1,0.7972789750294405
in kingwood texas where many families are picking up the pieces after hurricaneharvey,1,1,1.4574898742600884
family houston young professionals volunteered at the giving hub to help families in need after harvey,1,1,1.9902031973446506
kenny chesney helps teen brothers reunite with mother after hurricane irma,1,1,1.0816924294487165
20 of every order at squeezedonline goes towards hurricane harvey relief until sep 14th,1,1,1.5472540049631451
relatives say children missing after a school collapsed in mexicos deadly earthquake have sent whatsapp messages,1,1,1.5373496052957274
nationaldayofprayer is bullshit you really wanna help those impacted by harvey donate timemoneysupplies,1,1,0.9596970490530723
breaking tornado warning for adams and yorkcounties in pa until 445 pm edt,1,1,1.4363663766882233
fire crew shares video of what they faced battling californiaa blaze,1,1,0.07755701416181687
linmanuel miranda talks helping puerto rico amp notching first top 40 hit exclusive,0,1,0.09205097847560129
artists send thoughts amp prayers to mexico city following the devastating earthquake,1,1,0.6937616031017368
northern california wildfire interactive map esri gis waze,1,1,0.9043365970428889
good tuesday morning we hope things are back to normal at your home following irmajoin us now until 7am,1,0,-0.7841052587632883
uns global emergency response fund enables humanitarians to provide urgent aid for victims of hurricane irma,1,1,2.5142401472741778
click here finance politics business three storms raging in atlantic with one aimi,1,1,0.05553981848503503
check out new 61 magnitude earthquake hits mexico again hoodnews,1,1,0.7733319356918995
baby born during hurricane harvey gets most apropos name,1,1,0.8802514221638544
state aid to puerto rico has also been delayed by a mix of slow requests and money woes,1,0,-0.5992646821090342
fire storm california a geoterrorism a no justice aa justus,1,1,0.826943586608688
everybody go give eagle alum a120mora a follow at,0,0,-0.4813495705499278
after earthquake mexico holds out hope for those trapped under rubble a not givinga upa,1,1,0.8207310218438368
iran turns down offers of earthquake aid including from its archfoe israel,1,1,1.0341207559929535
hurricanemaria relief just dropped off first baptist orlando,1,1,0.18141105173107702
power slowly being restored after hurricane irma,1,1,1.8794291870471174
california wildfires moment familys dog is found alive in ruins of home a video,1,1,0.48169334077364684
enjoying the golden tornado band from home in erie,0,0,-0.037406812569618975
mexicans turn to church as earthquake death toll hits 320,1,1,1.4937581002135005
business expert president trump signs hurricane harvey relief bill creditrepair jobs,1,1,0.1457099804561569
democrat mocks trump with paper towels in congress after puerto rico fiasco,0,0,-1.2196830659267281
get to mora and try the whole menu,0,0,-1.0050959319275037
rainierwildflower one of the first flowers of spring coltsfoot already gone to seed kl,0,0,-0.05780021604304808
hillary clinton links climate change to wildfires hurricanes in california speech,0,1,0.360466024373627
this drone footage shows the devastation caused by the 71 magnitude earthquake in mexico,1,1,1.6114349262773067
bun b on hurricane harvey a itas worse than everyone music,0,0,0.02408715224300617
latest update on hurricane irma with links to resources,1,1,1.3719631490001702
ontiermexico will provide free legal advice to those affected by the earthquake,1,1,0.47310428741463245
still havent taken down the plywood from irma im waiting to see what maria does f pray she heads north after,1,1,0.7391020191256541
newsgraphic satellite view of hurricane irma traversing the caribbean on wednesday,1,1,1.6500709994251657
orlando city wins friendly 61 helps puerto rico orlandocity,0,0,-0.12718913161721404
irmas twisted sister hurricanemaria maria2017 wx weather prayforpuertorico,1,1,0.37175565669584915
frequentou one direction mora londres,0,0,-1.6560802259402594
tornado watch continues for the tri county and the nearby atlantic ocean water until midnight chswx irma,1,1,1.4137700443539305
hurricane maria knocks out power across all of puerto rico nbc nightly news,1,1,0.8252208905730658
welcome back titans finally back to school post irma bcpsfirst knownova backinbusiness,0,0,-0.5203397964643103
a damaged apartment is seen after the earthquake in the narrate neighborhood in mexico city,1,1,1.3033226764482775
californias notorious winds feed wildfires,1,1,1.60647871613209
the dominican president expresses his amost sincere condolencesa to mexico fora,0,0,-0.3827989310513227
so trumps new nasa adm is also a climate skeptic see irma harvey,0,1,0.10449074096832717
after 3 weeks of delay and one messy harvey my backpack was delivered at 1055 pm,0,0,-0.20482371377380504
puerto rico se levanta med students unite to help those in need,1,1,0.8225081244995722
all my family is there boston restaurateur relieved after mexico earthquake,1,0,-0.08484678117032687
so proud of our kids who raised nearly 600 for puerto rico a14y5a14y7 hurricane relief with a bake sale today fwsu ai a14a,1,1,0.42944706824861806
how hurricanemaria could affect mentalhealth edchat naturaldisaster,0,0,-0.053482623185758416
opening 19 locations postharvey kprc2,1,0,-0.31372106151482243
commanders of irgc irans army visit earthquake areas in western iran,0,1,1.1949146426852004
30a tv update jazzfest star to play irma benefit friday 30atv 30a,1,0,-0.17892886163044838
smoke from californias wildfires will harm people beyond the flames reach,1,1,0.823509019508464
hurricane harvey could create 1m salvage vehicles,1,1,1.1156827540555094
ian harvey offers us a brief insight into the history of passwords in his latest blog post,0,0,0.016126310237494612
maria still roiling central florida beaches lee becomes hurricane,1,1,1.6706870455468612
hurricane irma recovery fund for our island neighbours,1,1,2.2355821794120403
supplies to fight off my post irma cold stress longhours loweredimmunity,0,0,0.02907165018665414
tech labs reach out to researchers hit by harvey,1,1,1.157396543991365
the ghost of jose being absorbed by hurricane maria as she slowly heads north,1,1,1.4893403161893553
congress looking into how tiny company from zinkes hometown gets 300 million contract to,0,1,0.1501169312594527
harvey rainfall so far houston,1,1,1.3372106440762654
my harvey always knows when i aint well a121,0,0,-1.4389734667353484
british troops help fix home wrecked by hurricane irma,1,1,2.374900365431528
tell that hurricane bitch irma to come this way i keep that mf thang on me,0,0,-0.589223865504395
thank youuuu d irma,1,0,0.03288677319373157
pizza hut workers paddle through harvey floodwaters to deliver free pies,1,1,0.7829026140242417
blakpac member has not stopped assisting hurricane irma victims,1,1,1.317232677299775
irma resources for homeowners businesses amp workers,1,1,1.2134746497187936
earthquake in kermanshah irans new genocide against religious and ethnic minorities,1,1,0.58406404662222
this photographer captured the devastation of hurricane maria from above,1,1,1.271709427829245
houston office market sees slight increase in vacancy post harvey cre,1,1,0.3790023432587067
a jesuits firsthand account of hurricane harvey via,1,1,1.1296801816008382
him amp his family lost a lot during harvey amp theyre just opening back up check them out,0,1,0.37317612496919167
delivering aid to floodravaged sri lanka jewish sandiego,1,1,1.3813223820523364
how i watched hurricane maria terrorize my home from a distance,1,1,0.14746149436668932
classicmsinthebiz awhy donat you try acting like a womana by gia mora,0,0,-1.5886198448939552
the stahl boys doing a little cleaning up after hurricane irma dadepba thinblueline maria,1,1,1.6437405899011674
recent hurricane hunters flying through maria find flight level winds of 120mph maria could be cat 3 again soon,1,1,1.4162141721259618
evidently somebody didnat want to risk putting orlando under a tornado warning,1,1,0.8255432166230563
one of the first solar storage tesla energy projects in puerto rico has come online,0,0,-1.363140589196468
puerto rican farm saved from hurricanemaria thanks to solarpower via,1,0,-0.4743196357452558
dogs rescued from puerto rico after hurricane maria are being adopted tech technology,1,1,0.7396005045660377
behind the scenes with mora a124a12a,0,0,-1.3864185984104036
tornado low light,1,1,1.0722823341959697
collapsed school in mexico earthquake is checked for a hidden defectsa,1,1,0.611536834955519
xmen gold 11 cover by dan mora omega red returns xmen marvel,0,0,-1.0414832225522808
lucky duck irma sits on eggs even during hurricaneforce winds,0,1,0.7104996850375473
ashe members offer engineering support to puerto rico hospitals by,1,1,0.19573583516602594
mexico further updates and advice to british nationals following the 19 sept earthquake,0,0,-0.042872133535283574
skutchi wants to help businesses affected by hurricaneharvey and irma call us today 8889933757,1,1,1.4837759570541025
auto abs issuers pull pools back from harvey irma impacted areas,1,1,0.3481045769525956
hurricane maria latest winds 105 mph about 475 miles sse of cape hatteras nc,1,1,1.1656004103224225
my beloved friend is doing godas work in puertorico right now hurricanemaria crytime keepgoing,0,0,-0.139091628987529
comparto con ustedes mi columna con ustedes en the hill congress must fund puerto ricos new electrical grid,1,0,-0.5522395368181126
lee has a massive eye maria now a tropical storm not looking as healthy as it once did,0,1,1.4800290004101568
many islands devastated by irma will get hit again by maria your forecast at 4 pm,1,1,1.2512514914904795
dominica hurricanemaria first cases of anarchy receiving whatsapp messages reports sos security,1,1,0.3779306911588019
11 pm update on hurricane maria hurricane warnings discontinued for pr,1,1,1.920477678252309
f you ao atca ed ta is afl house soyluna2 vuelvemdt3 hurricane maria middendrenthe,0,1,1.0993974319118929
great puerto rico project solar energy presents a great opportunity for puerto rico prstrong,0,0,-1.96974783175252
puerto rico is so grateful thanks mr president,0,0,-1.5538338643530476
fuck all no wall no clinton arrest zero help for puerto rico,0,0,-1.1014233897577284
tofu section during harvey hit texas,1,1,1.1548368581805357
tracking hurricane irma,1,1,0.7064105477806626
exxonmobil us branded wholesale network teams up to provide harvey relief,1,1,1.3029741699322268
statement attributable to the on the earthquake in iran humanrights,0,1,0.7867748605979403
houston mayor pushes storm surge spine to protect city,1,1,1.2361810107210542
storm harvey flood victims face displaced alligators,1,1,1.6597209954333887
yalls president has a networth of 35 billion dollars but could only donate 1 mill to harvey victims,1,1,2.0660962081003045
harvey james was born on this day,0,0,-1.2094224107320664
just in tornado warnings spike across florida via,1,1,1.395184320942961
house washed away by river during hurricanemaria sadly 5 people were taken dominica dauki dausa,0,1,0.9351995294596198
hurricane maria takes aim at battered caribbean florida could be next,1,1,1.1048806904030117
damn i forgot how much of a shitshow bernies puerto rico operation was,0,0,-0.479332951157428
wells fargo building in downtown jax flooded during irma forcing the doors to close for a while,1,1,0.6878132043550935
harvey in any language volunteer translators for farsi arabic vietnamese answer thea call,1,1,0.42470788601382375
hurricane irma millions fleeing storm could bring highways to halt,1,1,1.9685529692138375
permitting fees for irmarelated repairs have been waived contact us to report hurricane damage to start the repa,1,1,0.9718500825024221
savannahaos undergoing repairs after irma damage,1,1,2.361074088054379
investigations on image search on mexico earthquakehave ss debating over a caption lies or not,0,0,-0.18052832569643598
just saw the duke unc score has hurricane maria made it to chapel hill already unc starts the season 13,1,1,1.2136410814301963
15 stark videos expose reality of california wildfires,1,1,1.423930066049454
buy a solar light amp spread the word lets light aguadilla puerto rico letslightaguadilla,0,1,0.09468942890909998
first alert hurricane maria continues moving on northern track,1,1,2.0144994507290623
lifeline animal project and atlanta humane society to hold postirma mega adoption event,1,0,-0.3537871379460224
please support my gofundme campaign,0,0,-0.9999509241923736
damage caused by hurricanemaria in roseau dominica strafpgetty images,1,1,1.5819803179190106
because record floods just arent enough theres another couplet and tor warning harvey txwx,1,1,0.8897382354694787
arirang news wildfires ravage california,1,1,1.1640013316237086
help michael bailey amp his family recover from the california wildfires a signala boost,1,1,0.9251192055908126
when all the meat thawed after irma,0,1,0.6073235037579381
so hurricane harvey left a lot of dogs without homesmax just found onea12 aa12 aa12 a,0,1,0.5305743613358191
tornado watch cancelled for two counties,1,1,0.9383919522177107
home from houston east texas needs a lot of help and time to recover you can help here,1,1,1.6902523779862832
video of cu collecting donations for hurricane harvey cuboulder cubuffs boulder,1,1,2.0990785254017053
navy marine corps providing aroundtheclock hurricane maria relief,1,1,1.8922314514492569
langevin applauds passing of supplemental funding package for hurricane harvey relief,1,1,1.9745594106191633
nofollowtwitter for iphonea,0,1,0.8676731014646344
hurricane blame harvey amp irma punishment for trump amp gay mayor internet says,0,1,0.23068979748275237
grand chandelier rocked by earthquake from the weather channel iphone app,0,1,0.3621076774447321
glen cove park kemah texas houstonflood kemah texas hurricaneharvey,0,1,1.233227084835899
the local seismograph detected the iraniraq earthquake making the detector ringing for more than 12 minutes,0,1,0.5654372087860378
bankrupt puerto rico set for fresh hit from hurricane irma,1,1,1.0515407084868218
is serving victims of harvey emdayofservice might even help,1,1,2.2890031194408182
hadley brown join forces to aid puerto rico,1,1,0.2833473797823533
flooded cars could flood usedcar market irma harvey,0,1,1.5048883719680035
congrates we are waiting of loon in india as well,0,0,-0.40290404494449145
flew through the very outer edge of hurricane mariaas cloud cover no desire to fly any closer,0,1,0.8793908248891931
21 dead in catastrophic california wildfires,1,1,2.0688556933466824
students raise 1000 for puerto rico by dressing down one day,0,0,-0.5446873981977194
travel simulation reveals what its like inside a tornado in the new simulation from,1,0,-0.291172521653428
miami football resumes practice following hurricane irma canes,1,1,0.5759807565789972
some new brunswickers are doing a really great job helping florida reconstruct from irma power restored to over 6a,1,1,0.9123783356545998
tolls to be reinstated following irma,1,1,0.13004633668330984
wet mora a12a uom,0,0,-1.9180055627766928
puerto ricos governor says island is on steady path to improvement after hurricane maria,1,1,1.3080957490085725
linmanuel mirandas releases starstudded song for puerto rico,0,0,-0.8868395671046354
please consider donating if you can hurricaneharvey houstonstrong chartwells,1,0,0.03189725854731151
as hurricane irma nears hospitals in floridas southernmost county are evacuating patients a,1,1,1.6128557123505265
in addition to hurricane irma hurricanes katia and jose formed on wednesday,1,1,1.2683422783244038
matches of the cup of mexico are postponed because of a powerful earthquake,0,1,0.3890041650338127
if anyone can hear us help cry lost in the trump maelstrom,0,1,0.36186462780566103
ilustradora joanna mora obtiene premio mundial en los gourmand word cookbook awards,0,0,-0.9642551593768014
a country torn to bits puerto rico,1,0,-0.44898943923895396
a painting of the hurricane irma chainsaw nun this acrylic pain painting,0,1,0.0999661179197412
winstonsalem native back in nc from st thomas after irma,0,1,0.29549426735802725
please note that fiu is not a dropoff site for donations how to help irma,0,1,0.6757180697615821
a121 soldes a14oe sine mora ex nintendo switch a bonplan,0,0,-1.287059018496868
vegasnewsnow hurricane harvey hits texas hard vegas,1,1,1.5809314038347304
winds from hurricane irma peeled away this stop sign at horizons elementary,1,1,0.9178465187375249
from cajun navy to houston midwives zello is goto app for harvey rescues,1,1,1.208454453003387
demand for just recovery battles shock doctrine in puerto rico,0,0,0.046383805450775084
festival gives boost to puerto rico for hurricane maria relief wmc5 gtgt,1,1,1.1916632215633562
congratulations to our new missnewmexicousa ashley moraa12 1,0,0,-1.0977732199220118
mariana velasquez mora proud alumni of rennes school of business a14z8a14y4 rsbgrad,0,0,-0.5713055778857339
what a great organization is providing free propaganda tshirts and hats to the victims of hurricane maria,1,1,0.7354648895823612
how the big tree got devastated and the small one untouched is beyond me luck of the draw or a tornado,1,0,-0.6638333897893847
puerto ricoas coffee industry 6 weeks on,0,0,-0.7530987871532304
hurricaneharvey by the numbers according to houstonstrong wfaa more,0,1,0.32718412511636913
high confidence that hurricane maria wont affect south carolina,1,1,1.1692996611585036
irans mullah regime imposes new measures to quell earthquake victims,1,1,0.8724975318413013
icymi earthquake aftershocks shake iraqiran border,1,1,0.6245489493507761
when she says shes going to puerto rico with her friends,0,0,-1.6174098782569968
we just had a hurricane just hits florida big bad irma,1,1,0.6716999672380559
survivors of mexico citys earthquake land in las vegas with stories of horror and heroics,1,1,0.8551061315055426
hero alert please share a1414da12s8a motorcycle,0,0,-0.5514509440549422
view from bridge into orange from bridge city lots of neighborhoods still flooded out setxnews harvey,1,1,0.6092473483986554
ppr volunteers jill amp kimberly at parc pet suites are caring for hurricane irma dogs that continue to arrivea,1,1,2.003476932143222
saw so much of this before during and after irma amazing people,0,1,1.0428878775841488
56 magnitude undersea earthquake off chiapas mexico,1,1,1.097315869715184
puerto rico has incomparable beautiful beaches do you agree prstrong isladelencanto islabendita,0,0,-1.444742077129965
irma nfl 0 to wish tysonpedro a happy birthday ufcpittsburgh ufc september 17 2017,0,0,-1.808830655411088
damn nature you scary 8 irma,0,0,-1.0533352148236796
prayers for those who suffering the natural disaster in iran e7 and iraq e6 f earthquake,0,1,0.5248652220119101
florida keys reopens for residents to assess damage after hurricane irma,1,1,2.0156599554789305
aerial view of a damaged road caused by a landslide in barranquitas puerto rico fema,1,1,0.8783310913160298
lularoe irma and leggings lularoe jamie bigley lularoe lularoeleggings llr lulaaddict howiroe,0,0,-0.9287419322550301
328 die as massive earthquake hit kermanshah province of iran along iraq border iran,1,1,1.7330987502890105
frank lopez on puerto rico toxic water amp fema candy,1,0,-0.21055883837088898
a week after irma puerto rico faces far worse from maria ai miami herald,1,1,1.2356921095072433
people seek tents for temporary housing and breathing mask after mexicoearthquake,1,1,0.47432069015093076
hurricane harvey unites a 083117 video,1,1,1.1578332766451738
sharapova puig to bring supplies to hurricanehit puerto rico,1,1,0.33160688904394214
financiallystrapped puerto rico faces hurricane maria after 1 billion hit by irma,1,1,2.6533884179366005
oped philadelphians provide ten helping hands for relief work in puerto rico,1,1,0.9045849335819371
puerto rico sees scores of college students leave in hurricanes aftermath college,1,1,0.14835156856846554
a week after irma caribbean devastation is laid bare hurricaneirma environment,1,1,1.4852924199864892
here are two ways to support mexicoearthquake survivors 1 prayformexico 2 donate,1,1,1.1834188125625085
thehuffingtonposthurricane maria slams into puerto rico,0,0,-0.27107620467691584
the 2017 iraniraq earthquake from sentinel1 copenricus sentinel data esa snap,1,1,0.3009239785613244
dog rescued from earthquake in mexico city xinhuaalamy,1,1,0.4061971458586588
mastercard lends support 2 flood relief efforts in srilanka,1,1,2.108876983238171
radar indicated tornado in nw osceola co over west lake toho moving west 35 mph take shelter if here or near by,1,1,1.5624357735887946
new artwork for sale fort san juan puerto rico,0,0,-1.209545162911908
san diegans helping california wildfire victims sandiego,1,1,2.0447560028704563
harvey aid tax reform lead busy congressional todo list nbc news,0,1,1.0698991964025488
hurricane harvey airline flies plane of abandoned animals out of texas to safety,1,1,1.346441105713196
five of 32 first coast bank of america branches open postirma,1,1,0.41524273978813814
harveys unlikely hero meteorologist jeff linder fakenews propaganda,0,1,0.08819642891670237
another successful trip to puerto rico to deliver much needed medical amp other aid bstrongglobalbetter wedobetter,1,1,0.48684994843541235
harveyas canada coupons chicken wrap amp drink for just 749,0,0,-0.993030879096781
and arrived in puerto rico this morning to deliver life saving supplies wedobetter,1,1,0.35926485083843945
help adlcrc make a difference in puerto rico,0,0,-0.16556540589103208
iraniraq border earthquake death toll tops 200 officials say,1,1,1.3915076856956896
guys new article out nowa126a126a126link is in the bio a14 3a14 3a14da14ea14fa12yai a1412di a12s8 was harvey and irma really disasters foodforthought,1,0,-0.3162349656084541
pm of israel more why did israel offer medical aid to victims of the earthquake on the,1,1,1.5171325434488088
harvey destroyed dairy treet im officially pissed2,1,0,-0.49478811184467575
countdown to hurricane irma from orlando florida the lancescurv show,1,1,0.8579430874551417
breaking tornado warning for lantana rd south to boca raton besafe,1,1,1.392858676674734
media confirmations about wildfires in california predicted by clairvoyant dimitrinkaa,0,1,0.682710993140387
finally garnidelia speedstar mora hires,0,0,-2.1623480075544914
tree down in nw hillshurricaneharvey,1,1,0.5350484505395037
starting on on discussing irma and clean up after harvey congress and the debt ceiling,0,1,0.6084008000619578
houston one week on relief religion recovery in pictures,0,1,1.7721419785988908
emergencymanager resigns in puertorico army ends its mission head,0,0,-0.12788091218676736
f1 force india driver sergio perez donated three million pesos to victims of the earthquake in his native mexico,0,1,0.3311323242298175
shes a tornado with pretty eyes and an invincible heartbeat a,0,0,-0.9913000037262738
video shows flood waters from hurricane maria rush down street,1,1,1.3358103388073554
linmanuel miranda is not throwing away his shot will reprise lead role in hamilton fora,0,0,-0.4853389173921193
hurricane irma a practically impossible storm,1,1,2.6260598452135833
california couple hid in pool as deadly wildfires swallowed everything around themgtgt,1,1,0.980695652732184
irma hits cotton in southeast especially in georgia,1,1,0.7871309225860255
santa rosa pd nuns fire rapidly approaches oakmont residents must leave now,1,1,0.4601813440682218
hurricane maria eye nears turks and caicos islands news world media,1,1,0.9532802329838328
kempa mens tornado xl handball shoes white wei weimarinefluo grn 02 size 48 eu 13,0,1,0.41128410570663204
pets orphaned by hurricane harvey headed to san diego the san diego uniontribune,1,1,1.2314677026663448
james harvey cameron sentenced to 11 years in jail,0,1,0.18863983368189224
watching for some coastal storm surge but not as bad as matthew gusty amp tornado threat higher here,0,1,1.5489047849414752
crews to return today after helping with irma recovery in georgia vt,1,1,2.0396750260981977
canadian cargo plane sent to texas to aid posthurricane harvey relief effort,1,1,1.7210818293713213
raymond james supports its associates and communities impacted by hurricanes harvey and irmaa,1,1,1.165003903653276
covering the army corps of engineers efforts to save the gujataca dam in puerto rico,1,1,0.4821475713117301
california fires how this picture of a cat sums up the horror of wildfires sweepinga usa,1,1,0.7001771610194276
wait wasnt mexico city suffered from an earthquake last week just asking,0,1,0.0515590106825638
jennifer lopez and alex rodriguez raise 26m for puerto rico relief efforts christian post,1,1,0.19738274127725947
follow me linmanuel miranda to return to a hamiltona role in puerto rico followforfollow,0,1,0.2773341588964115
irmas devastating impact on caribbean islands nbc news,1,1,1.4752491461714343
are irma and harvey godaos punishment for electing trump,0,1,0.11376619961913215
modular expandable office unit is a clean and modern environment i irma,0,0,-0.24272319571600054
what will maria do after punishing puerto rico find out more in the latest tropical update,1,1,0.6804581937509704
magnitude 61 aftershock hits mexico as search for people and pets continues a a1a 2a,1,1,1.400189758957819
iraq strong earthquake hits iraqiran border area six killed in iran humanitarian newzealand auckland,1,1,1.1401829473391276
my hubby is at today on the column of harvey schachter business influencers,0,0,0.04536444705071213
the waters in irmas path are 88 degrees thats like a hot tub of fuel for a category 5 storm,1,1,0.8944660848681141
my administrators are the best 7 goodbye irma we are back in business 0dbd8,1,0,-1.4411922722954464
moore church dedicates new sanctuary 14 years after being destroyed in tornado,1,1,0.9595341420804344
words cant describe how grateful we are for the hard work amp generosity of those who responded to our plea for clea,1,1,0.6476544757798159
while most were worried about storm surge from hurricaneirma many actually witnessed waters recedinga,1,1,0.5500146602968485
modular homes match the quality and appearance of traditional stickbuilt houses irmaa,0,1,0.4145208931165462
icymi mississippi natl guard helps with hurricane harvey response,1,1,0.9525301261891086
dollar stabilises after selloff focus on north korea hurricane irma,0,1,0.6788080527077014
time for me to visit saydrith mora home of the telvanni mages and their slaves,0,0,-0.9855409252712817
in puerto rico can you upgrade your taps to the ones that are in toronto more durable and strong,0,0,-0.7357470814198606
heres a close up look at the forecast track of maria thru friday staying a major hurricane,1,1,1.8477153666487727
labrador helping mexicoas earthquake efforts earns presidential thanks,0,1,0.5720029959789514
high school football returns this week in broward after hurricane irma,0,1,1.9632077374425658
california basically on fire internet 90s mc donalds saaauuuuuce,0,1,0.1158775339030183
mora builds on its 126year heritage with a new drive in the uk outdoor industry news,0,0,-0.26934204156535757
feds team with texas to provide postharvey relief,1,1,0.6320659071169079
north east india worst hit by cyclone mora,1,1,1.5392843898189426
how east coast dudes look making fun of hurricane harvey while irma is coming for them,1,1,0.529494262913
networks join forces for hurricane harvey telethon featuring george clooney beyonce others,1,1,0.23708592876002837
hes shaking peoples hands and then preparing food trump harvey houston,0,1,0.12252400634299071
mexico earthquake prophecy fulfilled official video,0,0,-0.5047972975847156
puerto rican menas volleyball championship canceled due to hurricane maria,1,1,0.21900713539064837
mexico revokes permits of schools that collapsed ina earthquake,1,1,0.3362204142876641
viequeslove raises nearly 900000 in hurricane maria assistance,1,1,2.14102418333857
a ray of hope tesla brings solarpower to childrens hospital in puerto rico solar,1,1,0.19121241549387397
california wildfire by bachirbadaoui1 photography beautiful,0,0,-0.06794685350700924
new texas law amid harvey eases home insurer penalties on damage claims,1,1,1.1138776286049148
red flag warnings today october 22 in california nebraska kansas and colorado wildfires,0,1,0.987027859432065
irma gonna getchya is all smiles in fairbanks ak get the entire weeks geek in review here,0,0,-0.44763903233052654
all wet resist harvey presidential,0,0,-0.7115571628251549
together we are stronger strongertogether hurricanemaria here is how you can help,1,1,0.8161751404735413
beyonca and her mom eat at their favorite houston spot after serving meals to harveya,0,1,0.22938921546854824
dtmag secshulkin provides an update on harvey recovery efforts,1,1,0.7905769932997959
adventist review online adventist relief personnel mobilize to help earthquake victims,1,1,1.0223675389682605
twitter erupts after iraniraq earthquake,0,0,-0.2648629669943477
cyclone mora hits bangladesh destroys refugee homes news dw 30052017,1,1,1.6145919216948972
what a great welcome back to work after hurricane irma by of course no notifications for the huge delay,1,1,0.2838176106162758
president trump says he will travel to stormravaged puerto rico next tuesday,0,0,-0.2393241296362376
satellite images show harveys impact on texas towns,1,1,1.4349552236320204
california fire crew gain control damage could reach a 3b,1,1,1.0401014981264831
irma and harvey trump man nothing could save this ye,0,0,-1.0145335763064718
600 celebrities tweet your puberme for puerto rico relief lssc,1,0,-1.2264748418846585
irma nfl and its only halftime 1 gopats nevsno via twitter,0,0,-1.5586992254212568
mlb baseball melvin mora bobblehead baltimore orioles sga with box,0,0,-1.5652357845344893
mexico earthquake forces postponement of clasico nacional a soccer,0,1,0.18065912387453126
breaking red cross to relaunch harvey assistance site on sept 21,0,1,1.1273214321171106
no power from irma but this raised our spirits from lgm seeyounextspring,1,1,0.7381882593361373
wildfires continue to burn across california oregon and utah,1,1,1.2662422136174343
tornado damage canton fruitvale tx 43017 drone 000157,1,1,1.3750442673056351
sensational alex harvey band livepenthouse tapes a699 arrived in stock see,0,0,-0.29674526444212584
puerto rico will rise again,0,0,-0.8707284217659266
reporting from houston on hurricaneharvey great job and please be safe,1,1,0.30974903833062467
read more on how delivering good is helping harvey victims,1,1,1.8192748152982707
10 benefit shows you can attend to stand with victims of the mexico earthquake,1,1,0.5547944461824619
they are taking away early release days because of irma,0,1,0.5771250483388024
we cant forget the victims of harvey amp irma their path was destructive staystrong,1,1,1.359824638175826
here are key messages for hurricane irma from flwx flkeys keywest,1,1,1.6196949842982697
on hurricane irma aftermath news duty today for miami herald,1,1,1.781578950634806
were all feeling puerto ricos pain tweets and social posts from disasters change how we help breaking,1,0,-0.7228550688896638
deadly hurricane irma leaves hundreds of thousands without power in puerto rico,1,1,1.5536601371126515
gary ferman column team needs to regain edge after hurricane irma,1,1,1.5295024424824155
the navy has been gearing up to help respond to hurricane irma,1,1,1.7729015071943106
photo of cop carrying woman baby through harvey floodwaters goes viral,1,1,1.0045540149262897
1 week after irma and walmart still cleared out,1,1,1.388873298220602
sunearthquake model matches m81 in mexico,1,1,0.1984790175300813
aect president amp ceo julia rathgeber discussing hurricane harvey response with legislative staff txlege,1,1,0.3486252353025982
california wildfires wow what a crazy month in the states,0,1,0.38866769616778457
man who killed ex before harvey knew exactly what he was doing,0,0,-0.38194500629903894
help us support puerto rico 1116 you can win a shoveit snow sleeve among other cool prizes maria,0,1,0.34391121288095156
puerto rico part ii national grid and tesla team up to solve nantucket islands energy woes,0,0,-0.39518213273729585
mexico city earthquake cristiano ronaldo and top clubs lead tributes to victims of disaster,0,1,0.18079835604925826
mora companion get the point,0,0,-2.1197693749972086
does the us honestly expect puerto rico to reimburse them for whitefishas outrageous rates,0,0,-0.3211753310544687
one restaurant donated 3000 falafel sandwiches to the earthquake victims kermanshah iran,1,1,1.0509167944825648
a12c yasss its time for livemes show magaaa a1439a340a1439moraa12b,0,0,-0.8812195606908082
caughtoncamera amp write new song for hurricane harvey relief,0,1,0.7598260756445729
kim kardashian showcases sexy looks in vogue mexico cover shoot and makes a plea to help earthquake victims,0,0,-0.13378471021507005
a horrific time in puerto rico and the caribbean generally,0,0,-0.4505063620880474
underweight and overweight mainly overweight v high in central america data from alberto mora,0,0,-0.20322457439276143
did i use the wrong hashtag ayto jeugdzorg bergen2017 hurricane maria paulo freire,0,0,-0.07912612662863938
dozens of employees members lose home in california wildfires,1,1,1.167867944668014
arescuers save dog trapped under rubble after mexicoas earthquakea a121a14y2a14yd,1,1,0.5460260383145881
lebron and the cavs may be sounding like jim mora soon i just hope we can win a game nbafinals2017,0,0,-1.6352334070850623
harvey katia irma jose our planet is screaming for help 2e,1,1,1.2423058245110832
aphrodite born on the waves antonio mora photography,0,0,-1.3387317864260773
because the mississippi delta was my home for 10 days while outrunning hurricane irma,0,1,0.11829645218687179
chickfila manager organizes jet ski rescue for harvey victims,1,1,2.5583672096592776
puerto rico was dope last nightstorm,0,0,-1.6236475255613125
hurricane irma might not have gotten us but we got a whole new storm thats about to destroy us,1,1,0.6371641332043563
florida man dies in police custody after violating irma curfew,0,1,0.7813721497489861
hurricane irma gov deal expands state of emergency to all georgia,1,1,1.831100368619535
quick someone find mike ross harvey needs the talk help him mike quickly darvey,0,0,-0.32403668060595553
irma nfl frank gore is in for the colts touchdown colts azvsind via twittera,0,0,-0.9439520705601365
what i learned from hurricaneirma or rather what i didnt know before it tuesdaythoughts,0,0,-0.29943062215281385
last of the irma rations until next time,0,0,-0.1863023614545365
their fault for not whipping out their own hurricane and kicking marias ass s puertorico lasvegas,1,0,-0.192497774066522
small tornadoes unfortunately are part of tropical systems currently six tornado warnings are in effect in fl,1,1,0.7261675248113251
this man cares nothing about puerto rico,0,0,-1.7031753946715955
mora impact port city sees heavy rain waterlogging tisnews click link,1,1,0.3783869279615593
most mexico city museums have reopened,0,0,0.012708497473311708
sentedcruz sbasouthcentral individual sba disaster loan assist now available harvey portaransas 8006,1,1,0.45024924003356465
hurricane irma would stretch from san francisco to los angeles 3,1,1,0.8417971061768803
maria is now a category 2 hurricane as it approaches the leeward islands track has it taking a more northerly roua,1,1,1.750927708186167
watch cnn ignore hurricaneharvey to keep complaining about trump,0,0,-0.32149640674655416
treasure coast family recounts vacation in the caribbean during irma,1,1,1.5334004398336396
impressive thermal image of hurricanea maria,1,1,0.0764954804845675
nana tornado at afia schwaras house celebrating her yawa of week lol animguaasea wakekeeping,0,0,-0.2843528489035273
hey your bio is redundant puerto ricous youare welcome,0,0,-1.8099363040531866
my fuji gotten to lean on everything in puerto rico lvpr16 lamblas,0,0,-0.7364035379553565
happy birthday to carlos moras biological son and brother chris gonzalez,0,0,-1.3397372541490147
military mission to help puerto rico contact me for details you are not alone,1,0,-0.043919401059413
rutgers chabad helping puertoa rico,1,1,0.5676788533574555
dropoff centers throughout valley collecting items for puerto rico,1,1,0.16999263654913244
a huge crane just collapsed on top of building in down town miami irma,1,1,0.5740505741974653
stormtech ii hurricane maria edition,0,1,1.3093404994707571
hurricane irma dislocated worker program,1,1,1.5918947958718432
i just liked this song the wind by pj harvey musicmedicine playlist,0,0,-0.3652284921607437
crews fanned out across dekalb county today to assess damage to homes businesses left by irma has thea,1,1,1.9750246332253245
irma update free roof help available,1,1,1.1003020584952454
there is a lot of good info in here hurricaneirma irma scwx,1,1,0.7947058534944729
watch 2 men film their narrow escape from raging california wildfire heatwave wildfires,0,1,1.2733067915947847
minn women caught in california wildfires are home safe looking to help,1,1,2.216635070937112
selena gomez tears up talking about hurricane harvey victims via instyle celebrity entertainment lifestyle,1,1,0.46098319523561154
this is what hurricane harvey will mean for trucking,1,1,0.5111174162543182
on this day in 1991 a fire swept through oakland california burning thousands of homes tbt ccltbt,1,1,0.7506801932611862
how the california wildfires will ravage the weed economy,1,1,0.848508430769459
puerto rico got leveled by hurricane maria and all i got was this lousy tshirt from cnn,0,0,-0.6795493284305438
usatoday raw over 400 known dead in iran earthquake,1,1,1.096033095017795
couldnt be happier to help those who were impacted by hurricane harvey 7,1,1,1.7269777016894436
ucla head coach jim mora and db coach demetrice martin watching at the bruin elite camp,0,0,-1.3612583485798315
and i wouldnt drink from this if it were the only water on puerto rico staples,0,0,-0.7460933534429313
from hurricane watches will likely be issued for parts of fl today irma,1,1,0.898028986138989
hurricane maria downgraded to a category 2 storm here is the 5 pm advisory,1,1,1.2492805611427644
puerto ricos massive blackout underscores islands fragile electrical system,1,1,0.22753173084217454
interesting day volunteering for the red cross houstonstrong harvey logistics irmahurricane a121a121a121a121,1,1,0.2584969290399654
3 jawdropping videos from the california wildfires,1,1,0.7758021657100236
california woman stole from fire evacuees in santaa rosa,0,1,1.4337356655652749
irs disaster relief info for hurricane maria available,1,1,2.184728330813951
pay con mora 3,0,0,-1.6087684157956095
earthquake swarming continues near yellowstone popocatapetl volcano erupts in mexico,1,1,1.186841252498366
nancy pelosi demands probe into montana firmas a highly suspecta contract to repaira,0,0,-0.5956158431098371
news lata reassures visitors to mexico following huge earthquake,1,1,0.5317752644818932
when i say sko you say mora sko,0,0,-1.8278359251202703
thehill fema chief harvey should be a wake up call to states to fully fund emergency management a,1,1,0.2615836537066429
puerto rico is still in emergency mode hope of improvement is fading,1,1,0.6950038499141438
diehard cyclist rides bike through hurricane irma,1,1,1.761415152487197
money irma business bull market loses this particular wind at its back via gadfly ai ba,0,0,-1.2314528215244005
marcus luttrell texas residents helping world war ii vet rebuild home hit by harvey for 100th birthday,1,1,1.3446538035231856
did i fail in helping a harvey evacuee hcldr pinksocks a122,0,1,0.29203897402164386
byeharvey i do feel for anyone named harvey right now though,0,0,0.024191414025046265
apuerto ricos posthurricane recovery efforts have been largely a grassroots impulsea,1,1,0.30359621200539705
centralfinance provided medicine for the flood affected communities floodsl,1,1,0.8509340472550582
firefighters gain ground on california wildfires theresistance will maga follow,1,1,0.5483054233398477
rescue workers continue to search through rubble following earthquake in iran and iraq,1,1,1.7294479314514613
a modular home is not a mobile home it is simply a home that is built offsite as opposed to onsite irmaa,0,1,0.0712637141999315
just liked sangre gitana y mora by lole y manuel,0,0,-1.1904309901553813
world leaders offer condolences to iran and earthquake survivors,1,1,0.5006354020084498
blackedout puerto rico makes a longshot pitch for amazons hq2,0,0,-0.5250294338397083
a12c yasss its time for a great show a12bgabmaleno a12bhelping harvey amp i,0,0,-1.130365895642437
while he insults them from a golf resort his second golf vacation since hurricane maria hit,0,1,0.6519350102251904
steve harveys 6th grade teacher doubted him and he didnt forget it,0,0,-0.04302608766394567
this is why its so difficult to get supplies across puerto rico all major highways are blocked by utility poles,1,1,0.27443011348844654
get your irma relief blowjob tshirt to help us rebuild in the spirit of george carlin at,1,1,1.1306082948051241
wildfires in californiaas winelands economy finnacial,1,1,0.3779479232053868
all clear issued for the turksandcaicos islands by hurricane maria recovery underway cometogether a14y9a14z8,1,1,1.6463905729775883
whats happening harvey damage testing texas infrastructure,1,1,0.8701357535646101
a why morataas move to manchester united is not done yetaa agent,0,0,-0.34433884206277166
the mets 6179 nimmo goes deep twice as harvey beats the reds 6180 72 this evening at citi field,0,0,-0.5175692080691656
just in readout of briefing on hurricanes harvey and irma,1,1,0.6797312427155231
news boris johnson calls for greater cooperation in wake of hurricane irma,1,1,1.2370392158297236
hurricane harveys impact on the us oil industry,1,1,1.475656518084706
lessons from hurricane irma we need to embrace science and address outdated infrastructure irma study science,1,1,1.341461235690851
our furry friend safely returned home after boarding with us during hurricane irma chestercounty vetlife,1,1,1.654676244618517
flood damage 8 problems to watch out for harvey propertydamage,1,1,1.619213534705896
lpd officers return from harvey disaster relief,1,1,1.7774726055132364
storm clouds near the area under a tornado warning in st lucie county,1,1,1.8290329723110466
hurricane maria crushed puerto rico farms this activist wants to grow resilience through,1,1,0.7469704350001838
texasstrong harvey aid debt on todo list as congress gets back to work houstonproud,1,1,0.6015884393139745
amazing dogs help rescuers in mexico earthquake,1,1,0.8079296003825218
abbreviated pundit roundup puerto rico is still there,0,0,-0.781725985606366
icymi asks for 2nd collection for irma needs in us parishes this weekend,1,1,0.9450332445310929
dear harvey specter wake the hell up now seriouslynow darvey suits,0,0,-0.9032445805258342
from space hurricane irma looks like a superstorm from another planet,1,1,0.6667562174334396
made it clear that there isnt a policy dictating leave from natural disaster like irma,1,1,0.8505178845608845
the latest irma news usa headline 0 by,1,1,0.6035845678948171
lee harvey leyton orient lofc great player,0,0,-1.380979240445686
im done being politically correct,0,0,-1.757386149821928
scotx issues emerg order suspending dismissal deadline in cps cases where judge finds harvey precluded compliance,0,0,-0.448928390966723
smoke smolders from a wildfireravaged home in sonoma california marcio jose sanchezap photo,1,0,-0.2607415110573679
cleanup begins in puerto rico where landfills are already filled to capacity,0,1,0.7232867693390814
51617 mclean tx to elk city ok tornadohail,1,1,0.6414948030396019
iraniraq earthquake 450 dead 7000 injured as iranian rescue missions wind down,1,1,1.3858592855612417
israelis report feeling iran earthquake no local injuries or damage,1,1,1.0206942304515658
navy delivers supplies to mexico hours after deadly earthquake,1,1,1.296901324099526
florida irma evacuee wins 10k in nc lottery,0,0,-0.7986927756063069
power lines and electrical equipment are a leading cause of california wildfires,1,1,1.41560305208834
clouds from tropical storm maria lucky its not coming any closer 9,1,1,1.059179948935258
hosa members collecting blood for hurricane harvey and irma victims,1,1,2.1189884523651124
tropical storm harvey set to hit us motorists at the pumpa a financial times tropicala via,1,1,1.2906472456172915
these women dressed up and were among dozens of volunteers running kids activities in a park mexicoearthquake,0,1,0.5200083025260807
my ideal holiday sunny floridafortunately this area suffered very little damage from irma,0,1,0.39647199997838095
remarks by vice president mike pence after briefing on california wildfires,1,1,0.5743267535464895
devastating earthquake in iran has civilians begging for help ciaravinoecon,1,1,1.6119897647819605
scdoc director bryan sterling says will recruit corrections officers in puerto rico,0,0,-0.5426164816346373
sat fam 20 homes cleared amp 60k meals prepd 4 harvey affected ppl texasstrong jesusstrong,1,1,0.6354852995335258
clive smith no sympathy for those tax exiles hit by hurricane irmaa columnistsa,1,1,1.420308122059478
rihanna educates donaldtrump on the puertorico hurricanemaria crisis,0,0,-0.011705536272805406
watch houston caught in crosshairs of harvey read more abc rain storm,0,1,1.943218115772639
its so sad to hear about the families in iran iraq has lost so many people doing a earthquake f,1,1,0.670201503037688
tornado watch now in effect through noon sunday,1,1,1.3452411834211402
yes tasted new tequila but this is more important theyre taking hurricaneharvey,0,0,-0.5414987280193778
bumper to bumper traffic in to beaumontnormally not backed up here in lumberton harvey,0,1,0.703143391966212
hurricane maria live updates catastrophic flooding in puerto rico,1,1,1.2223117202653038
st augustine bed amp breakfast picking up the pieces after hurricane irma,0,1,0.8416765726436677
tx gop delegation on harvey relief,1,1,0.74973670750125
firefighters gain edge in battle with deadly california blazes usnews usrc,1,1,1.151869107890913
hurricane harvey update from klein isd superintendent bret champion,1,1,0.5809517415558616
amazing photo of neighborhood postwildfire from,1,1,0.22804005753442363
looking into joses eye in awe of natures power stay safe everyone irma katia vitamission,1,1,1.012766387626724
thousands still without power this morning 1 week after irmalatest were hearing from the power companies livea,1,1,0.8208791219925851
hurricane harvey rescue dogs looking for new homes in connecticut,1,1,1.553139116829902
just another tornado flooding kinda day,1,1,0.7479046281043495
in harveyas wake will abbott still deny climatea change,1,1,0.3159164546023761
hurricane mariaabout 400 miles se of ncis weakening some tonight no direct landfall expected for us coast,1,1,1.7830206304078087
metallica has lined up a benefit gig for the california wildfires awe hope youall join us on november 9 a348,1,1,0.31572523893033017
hurricane maria has redeveloped an eye it is now getting better organized,1,1,0.6509603485763129
asking austinites to donate toys for harvey evacuees,1,1,1.0841844076253295
cyclone mora hits mizoram damages houses triggers landslides,1,1,1.0245687211587742
together for mexico fundraising event for mexicos earthquake victims join us october 1 vancouver bc,0,1,0.6370187497313935
hands of hope foundation extends irmaharvey relief aid project,1,1,0.5273619233703841
52013 moore ok ef5 tornado,1,1,0.27857200035665236
hushed crews listen for survivors after mexico earthquake toll tops 200,1,1,1.495945086645541
rescuers search rubble as dawn breaks in mexico city earthquake toll hits 217,1,1,1.0925654647336696
a benefit concert in savannah ga to help those effected by hurricane irma on september 24th starting at 6pm,1,1,1.5043701745862346
hellacious hurricane maria earthcastsos,1,1,3.7641740721316155
bay area residents rallied in oakland to demand aid for puerto rico,0,1,1.0402717656008835
harveyrelated scams on the rise guns 2a,0,1,0.30824841160205924
a doctor who survived katrina now tends victims of harvey,1,1,1.7030051100370636
mainline establishes fund with feeding florida to aid hurricane irma victims,1,1,1.9922431413235238
subsistence helps send aid to mexico earthquake victims,1,1,1.9727793457578917
puerto rico knows whats what ht fipi lele,0,0,-1.613186634149654
cut puerto rico loose wallow in your deliberate fiscal hell,0,0,-1.003046302746935
money irma business an 18500 home bar for the most aspirational of cocktail makers,1,0,-1.0628135136974435
nh donation drive for puerto rico exceeds expectations,1,1,0.2144106299525575
1 messages of solidarity from mexico to irans earthquake victims in seeyouiniran,0,1,1.363185770339819
lessons learned from irma via psychology hurricaneirma goodreads,1,1,0.8478498168213953
two confirmed drowning deaths from harvey in fort bend county deputies say,1,1,0.9541358219653662
thank you to roxburyct for collecting donations to help danburyct help danburytx harveyrelief hurricaneharvey,1,1,2.2453742148025557
moron trump will do this when he visits fire ravaged california,0,0,-0.6691752042731277
aoe tala hunter renfroe wildplassen dna20m hurricane maria sean spicer,0,1,0.784494114306374
style nike air 323085164 puerto rico jordan size 9,0,0,-0.9049020653993296
teaching saturday nov 11 at 4pm in bmore 10 all proceeds go to those impacted by the hurricane in puerto rico,1,1,1.1037653350825192
6th grade maryland student collects 3000 cases of drinking water for puerto rico,1,1,0.1470896953918917
we did it home in ct roadwarriors texasaftproud hurricaneharvey,0,0,-0.004866058257654904
florida had its flag with irma texas had its flag with harvey,1,0,-0.07062938898356186
the effects of harvey,1,1,0.547017828848424
mora 740 mg fixed blade bushcraft knife review,0,0,-1.5323872161931218
surprised by this preirma only 8 cat 3 hurricanes had tracked win 75 mi of ctrl puerto rico in noaa databasea,1,0,-0.7604193206286987
business a puerto rico is one of the worldas biggest centers for pharmaceutical manufacturing,0,0,-1.0338543821132544
irma displaces worlds best quant now hes on a climate mission,0,0,-0.13586437538469034
category 3 major hurricane maria continues to track nnw some uncertainty in track beyond tuesday,1,1,2.0644759352937543
a serene environment and a fierce ride photo by adrian mora maroto ds5 dsperformanceline,0,0,-0.8113238137483254
scattered covered and irmad,0,0,-0.012320913519745735
dark goddess antonio mora,0,0,-1.971214548442214
news wrap trump signs 15 billion hurricane harvey relief bill uspolitics via,1,1,0.32767627062656185
hey puerto rico here are some paper towels oh by the way you screwed up our budget,0,0,-1.0461687293876494
aau news hurrican harvey amp irma updates aau sports youthsports weareaau,1,1,0.3256806437504601
frustration mounts over puerto ricos new normal as federal troops leave the island,1,1,0.4990466602114996
donates 100k to mexico earthquake relief gtgtgt etalk,1,1,1.0509305528743556
pr ham radio update hamradio huracanmaria hurricanemaria,1,0,-0.1959207176905466
weird during irma an earthquake hit mexico and now during maria it happens again coincedense does this maka,1,1,0.9310162286862593
sorry to see the round barn in santa rosa destroyed by fire,1,1,0.5194168396512056
what katrina can teach us about disrupted cardiac care after hurricane harvey ahanews,1,1,1.3764887441709044
death toll from harvey surpasses 60,1,1,1.4489231314517155
hurricane harvey 5 die in floodwaters while hundreds rescued from flood areas,1,1,1.9627447492930736
nfl star goes above and beyond for victims of harvey in amazing gesture,1,0,0.0019743213597032683
hundreds leave homes near dangerously crumbling puerto rico dam,1,1,0.7303347906447328
steve harvey cant come to the phone right now why oh cause hes dead,0,0,-0.7187317787575773
my whole worlda12fa12fa12fa12f you are best actor in whole the world mora saiyaaa superstar,0,0,-1.3487672543492664
day 4 clearing the backyard part 2 taking the deck to the pile hurricaneharvey cleanup aftermath,1,1,0.6323272008235656
money irma business lawmakers subpoena new jersey transit over railsafety project,0,0,-1.475479240122797
toxic plant may have sprung undisclosed leak during hurricane harvey,1,1,1.3090030970059592
mountains of aid are languishing on the docks in puerto rico,1,1,0.2594867144611141
volunteers filling semi trailer for mexico earthquake relief,0,1,1.2783991126009033
mexico still open for tourists travelnews mexico earthquake tourism,0,1,0.5318648692853363
hurricane irma forces cancelation of miami at arkansas state with no makeup date,1,1,0.7474308696311236
information for canadian and us citizens affected by mexicoa earthquake,1,1,0.6416492954159627
nasa satellites capture breadth of northern california wildfires,1,1,1.1055346749530048
economic impact from harvey irma likely to be shortlived,1,1,1.1100347334621594
praying for the devastated rain forest 3 of puerto rico 57 f the only rain forest in america a,1,0,-0.14819315708786052
unitednations appeals for more resources for floodhit srilanka,1,1,1.2108332662912982
can puerto rico be the model for a renewablespowered energy system business,0,0,-0.6999253365824504
follow this list of trusted accounts for uptodate information as irma unfolds,1,1,0.629642467714459
playa team joined red cross mexico to help sort amp package donations for the earthquake victims gvitravel gviplaya,1,1,2.201869945517466
worcester state sga joins in puerto rico disaster relief effort woostate news,1,1,1.2540650226753591
this is quite frankly the only reason i watch instagram stories rn i live for harvey the calf updates,0,0,-0.510424318820193
swimming not advised at collier co beaches today there is possible bacterial contamination flwx swfl yuck irma,1,1,0.19117276178897574
new fire danger threatens to worsen most disastrous wildfire season in california historya,1,1,0.6290997128012803
donald porter as larry mason looks like lee harvey oswald 711oceandrive noiralley darknessatnoon,0,0,-1.0197318040159065
so this song just reminds me of hurricane irma that just happened,0,1,0.37508856467590906
seawalls across swfl crumbling in wake of irma,1,1,1.2863284273769018
fuente de las nereidas fountain of the nymphs1903 by argentine pioneering sculptor lola mora womensart,0,0,-1.0433489520540635
california is obviously shaking the ring of fire is restless,1,1,0.6007841951517148
program to issue id cards to flood victims read more lka srilanka,1,1,1.1607641372175699
miami florida right now irma,1,1,0.14144233477769502
as california burns trump displays little interest,1,0,-0.5608642660942044
cash donations can be made at mampt banks hurricanemariarelieffund,1,1,0.7396364854465807
on fire just like california gayfever,0,0,-0.06648091279865886
hurricane harvey texas electricity update ercot,1,1,2.2981743931728915
hurricane marias aftermath photos reveal devastation on caribbean islands science,1,1,1.9911695644979646
toxic sites hit by harvey threaten texans,1,1,1.3337956206137147
we have your back john velazquez help as much as you can with hurricane maria relief ai,0,1,0.46440656395072627
puerto rico gets aid from waterstep future efforts in the works,1,1,0.21620159952092594
returning savannah evacuee gives birth in hardeeville irma,0,1,0.7855325119813521
disaster management officials visit cyclone mora affected areas,1,1,0.7113197200401047
iraniraq earthquake rouhani vows action over collapsed buildings,0,1,0.6850063657348262
fhsaa launches web portal to coordinate sports aid to schools after irma,1,1,1.4796888522709577
great coverage on the struggles still going on in puerto rico,1,0,-0.753452066423373
irma nfl texans release wr jaelen strong via jamespalmertv,0,0,-0.21634681354911567
the aftermath of the moral and social bankruptcy orchestrated in the bbnaijaa show,0,1,0.2670947685051214
map of 2017pueblamexicoearthquake,0,1,0.7658257164419096
recovery timing from irma and harvey will differ for business homeowners,1,1,0.48345201545246014
irma pummels cuban economy cuba standard your best source for cuban business news,1,0,-0.2553754839838377
earthquake gfz m 39 gulf of mexico forecast,0,1,0.6172826093018433
palm trees have very little left on them sanjuan puertorico hurricanemaria cnn,1,0,0.01563180466145858
prayers for the millions people affected by the powerful earthquake in mexico a12aa14y2a14ydai mexicofuerte mexicocity,0,1,0.9694384553564301
no aessential oilsa will not clear the california fire smoke out of your air mother jones,0,0,0.024034837198312342
a massive earthquake struck mexico yesterday if youre interested to help please contact me,1,1,0.5785819707794748
hurricane maria two naval mines wash up on north carolina beaches,1,1,1.3307546039763636
hurricane harvey diss freestyle by michael white underground texas hip hop,0,1,0.9412512608339016
after over two weeks in darkness after harvey light is finally returning to port aransas,1,1,1.1816106676282994
texans are unstoppable houstonstrong texasstrong harvey harveyrecovery sundaymorning americans a14yaa14y8a,0,0,0.029602994806846694
suzana peric fashion show the mora smoothie,0,0,-2.0132239412318556
local residentas a hurricane magneta family impacted by harvey irma arlingtonva,1,1,2.2705347669234466
animals colorado rescue groups to open doors for harvey animals fox31 denver,1,1,1.4160802835335309
irmas winds ripped down many of our millennium signs and damaged a few locations please pardon our appearance as,1,1,1.6854774213119423
vegetation fire burns at least 30 acres ina dublin,1,0,-0.04844538550253613
i like to wake up to good news this is not it irma stcroix,1,0,-0.018246416335216065
oregon strike teams return home from battling wildfires in california liveonk2,1,1,1.0558054242372137
firefighters quickly contain clifftop brush fire sf,1,0,-0.0236517251418919
puerto rico utility regulators push back on feds in new court filing,1,0,-0.9278117661551948
had a blast djing larisalove salon in benefit of hurricaneharvey a12s4ai,0,1,0.6181502516486528
maria wind whipping up in anguilla living on hope irma,1,1,1.4586960300057163
talks to our exec committee about state rebuild from harvey amp prep for future storms,1,1,0.7006239777591334
us economy hit by harvey sky news australia econ,1,1,1.2805741765449898
aflac and tsys give to hurricane harvey relief others urged to help,1,1,2.216176424527085
after mexico earthquake bike brigade delivers muchnee muchnee news,0,1,1.3128670991621538
the 500year storm quantifying marias destruction smart cities dive,1,1,0.8825342287372482
central california sunset tonight lots of wildfire smoke to punch up the color pallet,0,0,0.044411094413420005
follow me donald trump iran earthquake nfl your monday briefing followforfollow,1,0,-0.8022727473204203
michigan state volleyball to only play one match in florida due to hurricane irma,1,1,0.6165098170345589
maria has been a hurricane for six days now could be around 6 more,1,1,1.1994519179669225
arkansas national guard assists in response of hurricane harvey watch now a129,1,1,1.6434144789270664
civil air patrol illinois wing to help survey damage from hurricane harvey,1,1,1.6298091368224852
fema actually can stay in puerto rico indefinitely,0,0,-0.25778115425097264
after harvey amp irma using recovery to build stronger and safer communities by,1,1,1.0617587392030405
pro football club raises funds for california fire,0,1,0.8636116016246134
deadly earthquake hits iran and iraq nbc nightly news,1,1,0.8487901789431889
purchased buymigenteremix hurricane earthquake houston mexico puertorico,0,1,1.3977963419834398
remember our brethren throughout the world tonight mexicoearthquake,0,0,-0.4777879884947517
hoping everyone is able to get back on track post hurricane irma wishing everyone well,0,0,-0.6886121636342011
port canaveral provides pipeline of fuel for postirma relief,1,1,0.9839033550504694
after 200000 initial goal jj wattas harvey fund hits 20 million,1,1,0.8568577803930482
hurricane harvey irma jose and now maria americans brace for new danger,1,1,2.0144631594052917
san juan flights still on hold in wake of hurricane maria,1,1,1.419855336280597
trend alert hurricane irma more trends at trndnl,1,1,0.8226602117032946
please irma evacuee from fl still in nc looking for her missing dog my friend is desperatea,1,0,-0.4353096178575547
harvey levinas objectified gives glimpse of celebsa prized possessions,0,1,0.09055601542132535
hurricane irma cat5 165mph will be near stcroix midnight tonight and eastern puerto rico around 8am tomorrow,1,1,0.787301753917629
us govat pesticide spraying in wake of harvey a toxic boon to agrochemicala giants,1,1,1.2036954190119082
help puerto rico get free rare beer at dock street cannery,0,0,-0.20257861992768367
helping harvey move into uwe today doing my bit by watching the game,0,1,0.4274532811808524
briefshell midstream partners hurricane harvey operational update,1,1,1.500628642075918
issued directive on hurricane irma response,1,1,1.4384712170527316
tailgating in a different lot thanks to irmabut the hardcore tailgaters will not be denied,1,0,-0.5902349793730103
cyclonemora as usual buddhist monks are door to door to their peoples,0,1,0.5698488120483416
stay strong puertorico and mexico hurricanemaria earthquake,0,0,-0.06665948674160588
harvey and irma are causing some people to have hurricane anxiety in robeson county,1,1,1.3221785332749647
cmu student raises more than 100000 for puerto rico charters third rescue plane,1,1,0.6469951175430613
we are still in need of donations to repair damage from irma donations are taxdeductible,1,1,2.4013454704924038
trumps fix for puerto rico communications issues,1,0,-0.6340873551035355
update every county in yellow is under a tornado watch until 10 pm irmacsra,1,1,1.3013313001603606
is california the deep state,0,1,0.07948772123778186
liam anderson talks about impact of california wildfires after big race at mt sac,0,1,1.2689892613569365
earthquake relief in iran and iraq a difficult task,1,1,1.2354375231181516
third day in a row of recordbreaking temperatures brings critical fire conditions across southern california,0,1,1.229182953716474
at times he felt that he had almost rather not be in love with her for it brought him no peace antonio mora,0,0,-1.2903812161526955
harvey boyer arlington tx,0,1,0.3963117642935285
iran criticised for earthquake response details,0,1,0.6548512362279444
harvey all over industrial production gt read more,0,0,-0.20626264470789357
hurricane irma 10 challenges for employers,1,1,1.0443536220526282
fire at kuna mora cole roads stretches 280 acres,1,0,-0.4370130169099282
moras midnight bakery a moon sea jellya149,0,0,-0.0260841640132618
mr richmond hates mr mora doesnt stop talking about soccer has never spoken to a female student,0,0,-1.9595253305655962
a budding masterchef maybe wilf in the kitchen by matt harvey oilpainting,0,0,-0.7294847758729885
irmas aftermath with seigonie mohammed cnc3,1,1,1.2700768106827436
thanks for donating to irma bvi appeal,1,0,-0.42834902811650644
the situation in puerto rico is dire please help your fellow clinicians and donate today,1,1,0.34236174257707747
believe the meteorologists harvey is incredibly dangerous,1,0,-0.0625597862670117
37 days after hurricanemaria pure ineptitude or lack of any sense of urgency,0,1,1.0366144895012628
as wildfires blazed on in santa rosa california help was needed from all over fire,1,1,0.8129414120425791
aa pope francis offers prayer for victims of california wildfires news online,1,1,1.3127973628899472
harvey wonat help flagging housing market,0,1,0.800222768518291
turn any keyword into article article makemoney former steve harvey writer a,0,0,-0.4733313923360394
so the state of california is pretty much on fire your move pres trump,0,1,0.07054885440089081
congratulations on a beautiful wedding coach mora,0,0,-2.2288104622994473
a new fire threatens dozens of homes in california prompting more evacuations,1,1,1.1664697528751737
satellite images show just how bad californiaas wildfires really are,1,1,0.9363102703777995
maria grows to a cat 3 nears already battered caribbean 0 by,1,1,1.1577362636276962
final day skinnycocares irmarecovery irmarelief hurricaneirmaaftermath irma,0,0,-0.5204659439469487
california fire survivors respond unexpectedly to loss of homes,1,1,1.1090712526300952
usarmy soldiers from texas prepare to convoy south in support of harvey relief efforts,1,1,2.2411858593537453
irma nfl browns fear wr corey coleman broke his hand via tw,1,0,-0.6325014428252831
prolife attorney puts his life at risk to save victims of hurricane harvey,1,1,1.9989712219987004
i swear harvey and irma both boutta catch these hands 4,1,0,-0.06963024739887114
so proud of our kindergarten eagles taking pride in helping keep our campus beautiful following irma,1,1,1.0284351769051985
puerto rico power grid deal under scrutiny nbc nightly news,1,1,0.1723506741403621
maria to batter after irma second hurricane to strike eastern caribbean,1,1,1.855850580093421
night before puerto rico trip,0,0,-1.6020336904782673
puerto rico this seems like the kind of thing one would remembera121,0,0,-2.189911540837766
colonialismas legacy neglect in puerto rico suffocation in dc,0,0,-1.1029551191977651
carmen mcreynolds victim of tubbsfire was a doctor and a western gala,0,0,-0.18203204267305395
fox news harvey fallout 53 of houstonas schools have a majora damage at least 22 will bea,1,1,0.8707470009157459
via rand paul wants harvey relief to come from spending cuts p2 tcot,1,0,-0.17821586928514183
medtronic evacuates california facilities because of wildfires via startribune,1,1,0.7471407247219966
new questions about areciboas future swirl in the wake of hurricane maria,0,1,0.7709051736762065
20 of gbp 25 and free shipping harvey striped cotton cutout shoulder d gbp 1099,1,0,-0.008415669443775475
we could feel some effects from hurricane maria this week,1,1,0.9092690384047524
this book arrived back in my hands after surviving hurricane maria in puerto rico itsasign thankiu nextread a12fa,0,0,-0.23209877586855154
tubb fire victims visit the remains of their home,1,1,1.3630314226972327
how climate change hurricanes are rapidly accelerating the militarization of america,1,1,0.5388839457913777
hurricane tracker carolinas midatlantic should watch maria forecasters say,1,1,0.8814011861847886
news via foxnews the latest fires smoke reaches california beach town,1,1,0.16522273373989893
children unable to attend school in devastated puerto rico,1,1,0.36026824577302646
see hurricane irmas massive eye engulf an island,1,1,1.141373351083548
a selection of sunday front pages focusing on the california wildfires,0,1,0.8933532049710597
we called they answered showing up outside section 8 housing closed after irma residents wait to get b,1,1,0.14031071484931318
irma blues latest speed test on verizon unlimited plan i hope spectrum services return soon,0,1,0.330549675513969
i wanted to get mora i didnt get her but at least i got lyonesse,0,0,-1.2135047365721991
beyond harvey and irma,1,1,0.05967456925405057
please donate generously for the flood victims of sri lanka,1,1,2.1895957461391142
everything dog lovers need to know about hurricane harvey,1,1,0.4695111832526732
tesla is helping puerto rico get its power back via fastcompany,1,1,0.45481068021180665
harvey victims nerves fray as days drag in houston shelter,1,1,2.6768476403425576
this is a disaster money is running out in hurricaneravaged puerto rico,1,0,-0.7118784356449366
the national academy jury of 1907 francis luis mora,0,0,-0.9953326828682894
a pic of the mexican government helping mexicos earthquake recovery,0,1,1.4224251270019392
lloyds of london estimates net claims for hurricane maria of 900 mln,1,1,1.8940352061486925
domenica se atlantic coast hamlets devastated by hurricanemaria says,1,1,1.6748833666327947
more than 400 killed in iraniraq quake state media says,1,1,1.267433022607344
bravo helping in puertorico,1,1,0.6682080946333608
3 weeks the mora until cancun a12 1a12 1,0,0,-1.7828225110259996
the sarasota heraldtribune from wednesday 96 friday 915 irma sarasota,0,0,0.04020198095699684
trump blames delayed message to mexican quake victims on bad phone reception,0,0,-0.29182565974373925
this newborn photo shoot celebrates hurricane harvey rescue,1,1,0.9634215002727016
week review beat mtsu harvey relief drive practice hard rti we noticed anchor down,1,1,0.6708607287812203
mortgage rates rise monday as irmaaos impact becomes clearer,1,1,0.8165197448650052
ancient artifacts saved from deadly earthquake hold clues to mysteries of iraqs past,0,1,0.6940237894781078
billboard is streaming the drag race queens puerto rico benefit show,0,0,-0.9477644724198004
broward county public schools to reopen on monday september 18 following hurricane irma,1,1,1.2328014190172571
hurricane jose ambles off us coast as new tropical storm maria tracks irmas early path,1,1,2.2212819250741
cute totes proceeds to united ways mexico earthquake relief fund,0,1,0.6942326037590358
usa today sees a template in its hurricane irma email newsletter,1,1,0.5813672208193197
dont forget about puerto rico,0,0,-1.059226161417376
breaking tornado watch in orlando area hurricaneirma,1,1,1.423317395073763
is postponing the floridapeppi due to the impact of hurricane irma on florida new date and venue wil,1,1,1.5465166171986293
popular on 500px before hurricane irma by lindahammad streetphotography,0,1,1.1292341481129817
sarasota group escapes ca wildfire usa vacation travel,0,0,-0.4025161179948191
donald drumpf puerto rico wants everything to be done for them,0,0,-0.5596349629254767
electricity is something you dont notice until its gone report from puerto rico,1,0,-0.3417173399496708
raradio israel sends aid to mexico after devastating earthquake claims 248 lives,1,1,1.622336691484409
my tattoo so so so in love credit simon mora at hollow crown tattoo liverpool anime tattoo,0,0,-1.0045844330934006
postkatrina lessons for harveys returning students,0,1,1.1627602535208275
if you dont like our president then dont accept federal fund relief help for hurricane maria dont be a hipocrite,0,1,0.8290452124170868
one california doctoras dangerous mission to save his newborn patients from fire,1,1,0.8590702419203169
trending this week operators prepare for irma restaurant serves as shelter,1,1,0.924439609185713
charter communications commits 135 million to hurricane irma relief efforts,1,1,2.508689539107883
tonight is dedicated to you puerto rico make sure to tune in on nbc at 10 et 9 ct a12ca12c,0,0,-0.7607908917928958
i live in puerto rico and its hella hot but who cares imma be rocking this shit for days,0,0,-0.6499661411027554
roundup bitcoin blowing up california fire survival story amp college basketball player,0,0,-0.13032319089964106
i had a great time packing meal for puerto rico yesterday a14y5a14y7a14y5a14y7a14y5a14y7,0,0,-0.7167543382002661
junk food dirty water and disease a month later puerto rico is still suffering,1,0,-0.1772114070852781
flesheating bacteria cancercausing chemicals and mold harvey and irmas lingering health threats,1,1,0.4565278012451159
he collected donations for tx after hurricaneharvey now lorain councilman sends supplies to fl for hurricaneirma,1,1,2.4704751307700126
california native loses everything in fire just two wee topstories,1,0,-0.29388763751975433
fema to rush recovery money for insurance claims related to harvey algeria,1,1,0.7952915467115815
new death toll in californias wildfires has jumped to 21 details,1,1,1.4086055888735707
league city tx this morning harvey,0,1,0.06365913378856841
midnight circus is so cool for the whole family link for tix,0,1,0.8477312203453187
beyoncas list of climate change disasters seem to include the mexico 81 earthquake,1,1,0.9217431372035505
fire jumps southern california highway in rancho cucamonga a nbc 7 sana diego,1,1,0.9040526567402354
tropical update tropical storm maria is bigger hurricane lee is stronger no issue for fl moving away swfl,1,1,1.7546853945573169
harvey houstonstrong watch gulf 20 chance tropical development next 5 days would likely move toward tx,1,1,1.298029286908938
dont get sick helping w harvey,1,1,0.7832425836207122
early morning reminder to do your part californiawildfires california,1,0,-0.47921464114780354
homes and lives in ruins in california wildfires nbc nightly news,1,1,1.65622033219147
jose andres wants to use school kitchens in puerto rico to feed more people,1,0,-0.004040168824071766
meet harvey and irma a love thatas weathered 75 years fitnessworldabs,0,0,-0.48191364133309317
icymi trump pushes to run for senate during irma recovery visit,0,1,1.0879305336675722
why couldnt and have come to puerto rico instead of,0,0,-0.3004698422727294
the gym above subway got destroyed the cement wall got blown out hurricanemaria,1,0,-0.5123011364836572
5am irma update national hurricane center still has irma making landfall near miami sunday as cat 4 storm,1,1,1.8213027935514128
waiting for answers in corpus christi,0,1,0.30549500168973504
gospel singer performs for harvey evacuees in conroe,0,1,1.0061771585969528
tampa news polk county flower shop struggling with business after damage from hurricane irma,1,1,1.6809694166632578
proposed rewiring for puerto rico,0,0,-0.5170599960605682
from the ap archives old san juan mainly untouched by hurricane maria,1,1,0.5884492705692863
whats left of the mighty hurricane maria is now passing harmlessly to the south of us,1,1,1.818451361450086
the caribbean has been hit by a lot of storms this year but we still have 72 days until hurricane season ends,1,1,1.462198301841537
nature at its fiercest and humanity at its best,0,0,-0.5511848684849601
rescue workers in iran search for survivors after blocks in town of 30000 people collapsed,1,1,2.072019441117444
help raise money for harvey amp irma victims at on 920 ticket link,1,1,1.2878218738335745
a message from the queen to the president of mexico following the recent earthquake,0,1,0.20588349668663491
same region different islands distinct difference between irma and maria tracks in the caribbean,1,1,0.9908974689863441
now i know why trump is spoiled he switch to imported milk please share i am hungry in puerto rico,0,0,-1.0986055350849169
sabine pass lng terminal receives first tanker since disruption from hurricane harvey,1,1,0.6206602165302393
help is urgently needed in cuba through friday 922 cda will collect donations for irma,1,1,1.4917390514850697
austin stands with houston scenes from weekend hurricane harvey benefits,1,1,0.28843061495080186
forget about can you hear me now under this cell phone coverage scenario 13th day mariapr hurricanemaria,0,0,-1.199622055134516
good gear morakniv garberg fixedblade knife,0,0,-0.5406366983170175
us to provide rs350mn flood relief to srilanka,1,1,1.2664562271479682
hurricane harvey victims take shelter in san angelo,1,1,2.0989478958267247
days of national mourning over life and traffic getting back to normal mexicoearthquake mexicocity,0,1,0.27872490797300203
if you havent seen the destruction from harvey heres what our rv park looks like im standing at the front door,1,0,-0.07538680995179547
hurricane maria wont impact directly but indirectly bring high surf to our coastline the next two days,1,1,1.743925609284529
letters hard to know if trump will learn anything from hurricane harvey,1,1,0.1885114433485226
new 00z gfs shows irma as intense hurricane just offshore of miami sunday am tropics,1,1,0.6739122129541812
oliveharvey collegehonoring the us powmia war veterans on today,0,0,-0.1090016868412867
hmmmm todays weather map vs the one from the day after tomorrow irma doomsday,1,1,0.25633842897670195
sislovesme moka mora hush hush big brother full video porn sexy hot,0,0,-1.5097233524510563
father dies of asthma attack from californiaa wildfires,1,1,0.660342569032462
iom plans more help for floodhit srilanka top news,1,1,0.8529512404912682
harvey still causing damage and flooding,1,1,0.9691802262198721
still doesnt have the majority of menu items a whole week after irma hit 2,0,1,1.3777101904170077
watch now 330 killed earthquake 75 magnitude in iraq and kuwait,1,1,1.5155768706737984
leepride red raiders helping with hurricane harvey disaster relief a12ea128pts,1,1,2.770359550017257
found with an injured wing this little owl is now receiving the care he deserves at our affiliate swfc irma,1,0,-0.2274701963924447
losangelestimes another fire has broken out in southerncalifornia,1,1,0.9681482409896545
money irma business what us decline the world still watches the fed via bv ai blooma,0,0,-1.2199873476457077
2017 joins a list of elite years with multiple category 5s in the atlantic maria irma,1,1,1.2612956972528444
wsbtv reports bmonahanwsb maria is actually a hurricane again barely wind at 75 mph but its headed ou,1,1,1.6889297074755092
new bbe blog post telemedicine provides care for hurricane harvey victims,1,1,1.811352057327111
live at this am awaiting arrival of on his way to puerto rico abc7ny,0,0,-0.934108197580301
extension granted due to hurricane irma amp harvey,1,1,1.508601753935574
meet carmen yulan cruz the woman taking on donald trump after hurricane maria a newsweea,0,1,0.08856550547417041
cnn when hurricane maria knocked out power and phone phoneservices puertorico,1,1,0.6598608999853735
puerto rico board asks congress for backing in fight with governor,0,0,-0.9884856279080114
photos show destruction and scramble for survivors after deadly mexico earthquake,1,1,1.2591596089733916
homes of the rich and famous in the path of hurricane irma,1,1,1.3396287511858147
visit our infrastructure map at the hurricane maria portal,0,1,1.7712334835288166
latest update on maria slow movement of storm could enhance impacts especially over the outer banks,1,1,1.315226451133879
1994a1 aministry of soundadj harveya12 6a a a,0,1,0.37744755578185146
harvey was not a product of climate caused by change,1,1,0.47758829618509974
over 15 million people exposed to strong shaking after mexicoearthquake report,1,1,0.8255168955094516
is mentoring a moral obligation,0,0,-0.5535548482904343
hope was just 10 days old when her family was rescued following harvey photo by noelle mills,1,0,-0.018934370556136615
everyone is welcome zumba for puerto rico,0,0,-1.334416637456325
tumi morake and martin bester join forces on jacaranda fmas new breakfast show,0,0,-0.3637579418113568
storm heads north off u s coast as irma like system eyes florida keys usnews,1,1,1.3999148251452715
sundayas paper has zero mention of the california wildfires unbelievable not even a teaser at the bottom,0,1,0.16318687861083958
what hurricane irma taught me by rebecca sherry eshraghi bahai,1,1,0.09548716415476005
hurricane harvey drenches texas one stormrelated death reported,1,1,1.3573087892139553
a we lost everything but we will rebuilda,1,1,0.4198785968249626
condor survival craft amp mora clipper knifea comparison,0,0,-1.0323555195525007
hi douglas wilbur here had a scary time last plane from orlando b4 irma hope all in florida r ok,0,0,-0.3400232348075471
oucou7 release on the arrival of hurricane irma in the dominican republic,1,1,1.9469257757374034
student saves dozens of birds injured by hurricanemaria in puerto rico,1,1,0.6476156291256074
first day back in class after hurricane irma todays word goal set goals today to become a better you tomorrow,1,0,-0.4494082819951027
me and my cousins waiting on the power to come back on hurricaneharvey,1,0,-1.189112909059298
mexico tallying economic cost of big earthquake,1,1,0.4995200971264668
federal loans approved to help cities in hurricane harveys wake independentie,1,1,1.4641973866048024
only 2 more days to apply for this years mora award at,0,0,-0.8627079075160478
uk weather warning met office issues rain warnings for uk as maria arrives,1,1,1.2602755949304112
remarkable growth of solar industry in maryland climateaction podcast,0,0,-0.15715120670657226
lots of backyard work can be time consuming but linemen do whateverittakes to get the lights back on irma,1,0,-0.7227645368578985
chp sends stern message to drone operators near californiaa wildfires,1,1,0.9533806193655459
us brigade working hard to reestablish power in puerto rico,1,1,0.26460309057740233
hurricane maria path update shock spaghetti model warning a usa must watch out,1,1,1.7112335948792907
edaccessiblert jugosocial amorality is simply an attitude we adopt toward people we dislikea oscarwilde moraa,0,0,-0.5534282492823781
mexico withdrew its offer of harvey aid to texas after last weeks powerful earthquake,1,1,1.9200464968995958
mike grabow 40 identified as among those killed in tubbs fire,1,1,1.053059078541837
news artists grapple with devastation caused by california wildfires,1,1,1.4159583636792148
a shrinking shrinking shrinkinga puerto rico faces a demographica disaster,1,0,-0.3645356929830448
early expert opinion is that hurricane irma will have little if any lasting effect on reala,1,1,0.6333554215743835
deadly wildfires threaten thousands of acres of pot farms in california,1,1,1.2442510051419744
iran pledges swift aid after major quake kills 400,1,1,1.8086486913786453
icymi tandberg joined at the hip climatesilence climatechange renewables harvey irma maria auspol,0,1,0.266516121406943
puerto rico aid bill named for slang that means cool,0,0,-0.2555781099710331
my heart goes with iran and iraq 73 earthquake pray for sarpole zahab and kurdistan fff444,0,0,-0.6248674696611851
letter to the editor who will pay for houston work hurricaneharvey,1,1,0.6018037637968863
furry responder brings hope to mexico earthquakea victims,1,0,0.0034978585592687628
powerful earthquake slams into mexico city,1,1,1.2013283864400528
silverado lending help to hurricane irma victims,1,1,2.5238854526611223
a join us oct 1st 1000am 6pm show your support and love for victims of mexicos earthquake,1,1,1.0553188280267536
a picture worth a thousand words hurricaneharvey,0,0,-0.03029457941221686
us carriers offer free calls texts and data after hurricane maria and mexicoa,1,1,1.3414802935917414
hurricane maria has flooded multiple roads on ocracoke island again today,1,1,1.652955093081625
hurricanes irma harvey apply brakes to us economy marketwatch econ,1,1,0.5736368834015866
hij de la bernarda directly from puerto ricoajust 3 weeks away tkts going fast click,0,0,-0.9511878807330176
airmen from the kentucky ang deployed to caribbean for hurricanemaria relief operations,1,1,1.2066779127310798
san juan puerto rico cant wait to go back later this year livingthedream,0,0,-1.26431709790662
fake irma video explodes online irma stjohn barbuda from the weather channel iphone app,0,0,-0.05732149402863951
houston corpus christi beaumont amp se texas seeing mosquitoes w zika virus harvey texas,0,1,1.053246606555247
its been done hurricane irma in lewd anime form we have reached peak horny,1,1,0.9517090323401689
yes there were 4,0,0,-0.3089376331892338
from linkedin donts to trump in puerto rico this weeks top leadership stories,0,0,-0.9780898896864789
gov scotts tour of irma s impact on swfl today travels around collier county hear what he had to say in marcoa,1,1,0.2489889732168536
kris jenner poses showing off her wealth meanwhile in puerto rico,0,0,-1.0252871273937179
busy weekend new ropes from robinson cano billy hamilton and puerto ricos debut wbc game in 2006 sodomofo,0,0,-1.1119459704904253
icymi mexicos second earthquake in two weeks leaves over 200 dead,1,1,0.8334222756740985
call antinori construction to rebuild after irma 3867612805 eastcoastdockandseawall irma,1,1,2.04616509237825
puerto rico mayor and montana firm feud on twitter over restoring power,0,0,-0.9855651277771023
the second disaster facing the victims of harvey and irma climatechange tfb f4f,1,1,1.7923758548936957
happeningtoday tracking irma hurricane harvey relief efforts eat fit br campaign,1,1,1.6407917353797699
update hurricane maria winds remain at 110 mph may increase in days,1,1,1.7858165490951246
newsletter endangered earth harveys toxic toll,1,1,0.875694812284004
asian traders look to snap up us crude in wake of hurricane harvey,1,1,1.01764044707064
yaall look at my presidenta12 c puertoricorelief mexicoearthquake,0,0,-0.14601965629665553
update northern california wildfires water tender operator killed in vehicle accident,1,1,2.055914091577263
this song starts a fire in me losangeles blink182 california a12s4,0,0,-0.4132345859765325
mexico city earthquake triggers migration wave toa cancun,1,1,0.1921902383204755
hurricane irma aftermath schools seek to regain normalcy,1,1,1.6953156309207031
opinion column harvey irma and 911 we can replace the stuff,1,1,0.3831885826232914
donate today a12fa14da12fa14da12fa14da12fa14da14y5a14y7a14y5a14y7a14y5a14y7a14y5a14y7,1,1,0.83033387026948
harris feinstein raise concerns about wireless emergency alert system deficiencies duringa,0,1,0.839030044973917
bill murray is the man 20 donation to puertoricorelief for an autograph,1,0,-0.009430333948308556
hurricane irma symphony of compensation,1,1,4.530602746893186
85 of puerto rico remains without power 40 of people still dont have access to drinking water,1,1,0.8271559157019874
house approves harvey relief bill among debt ceiling controversy,0,0,-0.1672186599199162
friend sent me this picture of a building on her street mexicoearthquake,1,0,-0.5067471341758476
tracking this area of heavy rain that produced a tornado warning tracking now on cbs47,1,1,1.0020579900808633
our power just came back on we lost it for about 3 hours i thought about puerto rico the whole time,0,0,-0.5234011905062201
combined harvey amp irma losses could strain some reinsurers fitch,1,1,1.2543731257075088
seth troxler donates 10k to earthquake relief efforts challenges fellow umf mexico,1,1,1.4669293913506063
come out and donate or volunteer to support those impacted by hurricane irma sat 923 pgcacirmadrive,1,1,1.6872702820531487
our staffroom cake sale to help with irma,1,1,1.0750621949909296
benjamin mora reveals his thoughts on the penalty for ceres read,0,0,-0.5428765387981285
walt disney world in hurricane irma,1,1,0.7322460185082733
hurricane maria important stuff for nc pm monday sept 25a 2017,1,1,1.2215564512576542
watch multiple buildings collapse during earthquake in mexico city,1,1,1.5777811683888112
you can hurt me and try to break me but ill always rise and ill tear you the fuck up like a tornado,0,0,-0.7269505287944912
when an earthquake struck this rural corner of mexico city the flimsy shacks,0,0,-0.27318467149504655
more evidence of high winds from irma in south florida head south,1,1,1.76195278715634
harrowing footage shows plane flying through hurricane irma,0,1,1.7524735773368243
things still bad in puerto rico while more weather misery on the way,1,0,-0.9406527296139733
bill quigley warning letter to harvey and irma survivors from katrina survivor,1,1,1.2661532661670505
deals todaysdeals nwt lularoe irmamystery sale extra large deals todaysdeals,0,0,-0.8010743748903703
wildfires raging through northern california are terrifying,1,1,1.4728969187600893
watching maria tropical storm watch issued for nc coast,1,1,1.453607061751505
keep sharing the mexicoquake everyday,1,0,-0.23699909749638404
dynamo and dash players recount harvey experiences foreverorange,0,0,-0.12846437932751956
pelosi wants the disaster relief package updated to include aid to california victims of the wildfires,1,1,2.4728755563144986
quilting club in kewanee illinois made 75 quilts for puerto rico thank you ladies,1,0,-0.2262646729997793
video news via cnn zakarias grand bargain to rebuild puerto rico,0,0,-0.5369651236247759
el fogon de jule has been offering a taste of puerto rico in readingpa for 25 years,0,0,-0.6041126533031668
imagine math students donate thousands to hurricane harvey relief,1,1,1.8102604733958958
queue of blooddonation after the destructive earthquake iran sympathy,1,1,0.7950763508613943
chef juan jose cuevas speaks to puerto ricos resiliencyaand why you should visit in 2018,0,0,-0.9464432840465911
hurricane harvey and irma disasters bring potential of 700b unpaid mortgage balances,1,1,1.284273058491299
this worked for detroit and puerto ricolol,0,0,-1.0046689031466347
hurricane harvey victims waiting for food houston texas 2017 colorized,1,1,2.2268454069529655
gov edwards announces statewide blood drive to help victims of hurricane harvey nwlanews,1,1,2.254124332532912
i just had to evacuate my home in california due to the wildfire obviously i took the essentials,1,1,0.26663862832814483
birds parrots irma take care little birdies,0,0,-0.18709470473526024
dead ass a12 2a12 2a12 2 harveyirma kenneka jenkins iphone x,0,0,-0.8536311746899947
hurricane maria intensified explosively today from cat 3 to cat 5 loop,1,1,1.3039600847935628
matt harvey fucks,0,0,-1.187704020235217
needing irma resources visit for an updated list dial 211 or text your zip code to 898a,1,0,-0.11720267807453175
sandy survivors warn harvey and irma victims about whats ahead,1,1,0.9995714090169499
hurricane marias predicted path twitter,1,1,0.5786349838777605
fundraiser for hurricane irma and harvey with women beyond survival,1,1,0.9312868234062466
they did it supplies at ix to leave for puerto rico reports,1,1,0.3509107173309795
attagirl aracely way to get out there today to clean up for our neighbors a12saa14da127a128sd6workin4u harvey,0,0,-0.16343450020812814
jose is expected to weaken as he moves north along the e coast while maria is expected to strengthen as she movea,0,1,1.3368462451118712
lets help to make them strong again hurricanemaria,1,1,0.8063013982987717
need a job fema needs texans to help with harvey recovery,1,1,2.450950777573229
sent this to irma and he left me on read,1,0,-0.12049805864595003
uw experts weigh in hurricane irmaaos unique magnitude future recovery response,1,1,1.6020709294761264
oh my god i never actually tried using the tornado in lego dimensions before this is cute,0,0,-0.5400953751039445
thousands homeless as mexico quakes death toll tops 300,1,1,0.7572345896352801
major hurricane 0 maria category 3 115 mph windmapapp,1,1,1.30336954061092
rich rodriguez ranked 38th best college coach by athlon,0,0,-0.8234519012000243
3monthold girl who was ripped from fathers arms during hurricane harvey found dead,1,1,1.1075395194020636
expert warns harvey will be us most expensive natural disaster via,1,1,1.000064078428957
this is where one of the best computer models predicts harvey will besix days from now,1,0,-0.5128943274188398
looking for answers times reporters tested the water in houston,1,1,0.907593453069993
matt harvey fits in with the mets highly questionable rotation,0,0,-1.231238158938768
tornado warnings popping up in south florida as irma nears,1,1,1.9016982014257966
from a one on onea documentary shows puerto rico school before the storm,0,1,0.05457358858942596
my son playing in prospect park jnj hurricaneirma2017 hurricanemaria,0,0,-0.8080422455547613
california and wines postfire wine sommelier sfrfoodies,1,0,-0.03341950080202116
puerto rico is a ghost town as visitors stay away after storm,1,1,0.45233564034329615
key largo couple says hurricane irma took water away from florida bay,1,1,1.4629010796755086
lots of our forest to haul away thanks irma,1,1,0.2664740802117173
are harvey and irma good enough reasons to dump mcdonaldas stock via,0,1,0.2828063636929798
she died in california wildfire trying to rescue hera puppy,1,1,0.7936906238188297
i came back from hurricane marias aftermath to annoying fan wars but what was i expecting rly,0,1,0.44208502771454866
powerful 71 magnitude earthquake hits southern mexico,1,1,2.0798788775008874
warmer waters are fueling hurricane harveyas power,1,1,0.9605873161886793
hurricane harvey strikes a powerful blow to texas and lingers,1,1,1.0691008371588322
a few anxious faces around gintime o8 irma,0,1,0.09525631270949131
held a miracle minute and raised 900 to aid victims of hurricaneharvey,1,1,1.2156610014514726
after irma solar plus storage a small beacon of light in a sea of darkness,0,1,0.912869532316054
rockport tx 08272017 video footage via harvey hmrd,0,1,0.4192425056270567
1 oz silver coin 2015 proof blue marlin guy harvey designed gainsville,0,0,-0.735608319155335
live qampa hurricane irma slams florida,1,1,1.1052494119811753
confirmed tornado with storm north of south lake tahoe california cawx,0,1,1.4525595640598699
hurricane maria not getting same amount of coverage as harvey ora irma,1,1,0.8924885244379073
guy fieri cooking 5000 meals day wildfire victims,0,1,0.4709031238689065
trump tells people of puerto rico not to believe the fake news about response to,0,0,-1.368878428354562
hurricane maria is pounding our hotel in fajardo puerto rico tourism,1,1,0.818020279663727
distributing tarps in huamuchil oaxaca mexicoearthquake,1,0,-0.16345553906092505
in this afternoons matinee performance mr harvey thorne will be playing the part of al jolson,0,0,-1.2142844161454707
anura were you scraping coconut for one year via lka srilanka floodsl,0,0,-0.4509479141317221
these photos show how residents are coping in puerto rico nearly one month after maria,1,1,0.1043206615874473
espn puerto rico tipoff relocated to ccu because of hurricane maria,0,1,0.08700032703613092
the ocean is already picking up irma didnt do anything this soon,1,1,0.3052098583654074
harvey a storm like no other by creationcare healthykids,1,1,0.4545137802763352
irma harvey florida have mercy blacks just trying to feed their starving families,0,1,0.5050570513209547
schilling defends trump on puerto rico yet warns of grave consequences ahead,0,0,-0.3853821744529476
portorico hurricanemaria scam spam they keep on trying,0,0,0.02827041221552834
urgent support needed for dominica island hardesthit by hurricanea maria,1,1,1.2296938248491378
first indulgence since irma still no power but i have my caramelmacchiato,1,0,-0.5597440067733797
dallas readies itself for influx of hurricaneharvey evacuees hurricanerelief,1,1,0.460272238904397
south florida peeps we need volunteers hurricanemaria puertorico,1,1,0.24435529701136832
is out of patience with democrats who think we cant afford nice things like saving the planet,0,0,-1.2839128923024246
mexico city earthquake a rescuers battle to save children trapped beneath rubble of schoola,1,1,1.6836180807606635
mexico city a risk from earthquake tremorsbuiltup on top of,0,1,0.8152818367531975
captive blackfish tokitae left 2 fend 4 herself during irma v freelolita,1,1,1.039940265747514
we want to make floridians aware of an important issue called assignment of benefits heretohelp irma,1,0,-0.833444085211489
classless trump insults california by sending warm respects during wildfire a resist za,0,1,0.3671799576833002
a couple of middle school students are raising money to help californias fire victims,1,1,2.279465666772031
far from baseball norm charlton looks to rebuild his hometown after hurricane harvey,1,1,1.270286827181991
hurricane irma took their homes and possibly their future news,1,1,1.456150422589064
harvey did next to nothing for oil in comparison to katrina,1,1,0.6307366504784169
one of our safety patrols escorting 2 of our prek students to class our first day back after hurricane irmaa,1,1,0.25575453277578103
barry bonds among pro athletes who fled golf club ahead of california wildfires,1,1,0.9514588359695093
our little town of nome hurricaneharvey texasstrong,0,1,0.47418914004235574
california suburb destroyed by fire last night,1,1,1.096727236963108
dad where are the lights its been one month son the politicians of puerto rico stole the lights,0,0,-0.4722136925009889
new new hurricane maria puerto rico officials describe apocalyptic conditions,0,1,0.43153049750232036
woman at las vegas shooting loses california home to wildfires,1,1,1.0150427451360566
harvey aftermath houston open for business other cities suffering,1,0,-0.11488413267461323
5am advisory maria weakens significantly overnight but it is still a hurricane with winds up to 80 mph,1,1,1.3155820657463955
hurricane irma charleston flooded neighborhoods watch now 9,1,1,2.0471193173387467
hurricane irma could hit us by this weekend after harvey devastation,1,1,2.7825982089692936
much like harvey hurricaneirma could bring rain to arkansas as it fizzles out arwx,1,1,1.0631744445444729
oil amp gas operators increase number of evacuated platforms due to harvey oilandgasnews,1,1,0.23751697554709966
tropical stormhurricane lee will likely interact with mariamary later this week,1,1,0.676107645153398
michael buffer had his steve harvey moment with carlos estrada winning the fight,0,0,-1.1970462936561892
republikkklans rnc gop voted against 4disasters harvey irma katrina thank a democrat,1,0,0.01687801950009299
mims family of 7 loses everything to tornado during irma gt,1,1,1.3096351727033682
thats cause steve harvey did the announcinga,0,0,-1.3837349262777443
provides shelter for evacuated zoo animals during hurricane irma,1,1,2.198646353179832
as i pleas bring these supplies everything will be donated to those impacted by hurricane harveyas i,1,1,1.860186094176652
did the dark state create harvey fakenews propaganda,1,0,-0.8660302685047465
california architects begin to assess the catastrophic wildfire damage,1,1,0.8862713182580964
this graphic feels like a very poor representation of actual real life hurricane maria,1,1,0.16550213072547343
first time i text mora in months and he thinks all im trying to do is get drunk smh,0,0,-1.8460091572126134
pre august 11th at 730am and post september 18th at 730am irma fortunate and resilient,1,1,0.12539642938032186
mexico earthquake relief paypal donations donativosrescatetoposorg toposmx,1,1,1.816319241013233
irma will cost disneyworld other theme parks millions via orlando sentinel,0,1,0.5225927155184031
northern california wildfires are devastating the areas cannabis crop cannabis,1,1,0.9960322010891354
join the pro bono attorneys helping with californias fire recovery,1,1,1.823891277576581
day 8 no power irma sarasota,1,0,-0.3038947833186363
deadly aftershock volcanic ash spread alarm in mexico,1,1,1.203660959652183
to show you how scary hurricane harvey is,1,0,0.04470835050802685
this was taken the day we left summerland key floridakeys irma hurricaneirma missing the keys pretty bad today,1,1,0.20401383880410712
know your hurricane evacuation zone,1,1,0.5522667039697644
ever since harvey melania has looked like secretservice,0,0,-0.6774041974851737
top charity found scamming hundred of harvey victims out of food do not donate,1,1,1.5460304021039093
this really puts things in perspective please help houston however you can harvey,1,1,0.0638087636802464
ibec emergency housing wkh puerto rico,1,0,-0.27301086597243535
govt donates b2m to help floodstricken sria lanka,1,1,1.3360535648106744
introducing the new 2017 puerto rico a14y5a14y7state seal,0,0,-1.9093250555529246
final 49 knox webb 22 blue tornado improve to 31 gobigblue,0,1,0.33120507227393364
forcecast track of hurricane irma has trumps maralago club in its sights,1,1,1.476229869358134
liga fully sustainable and disaster resistant living environments irma harvey,1,1,0.07519863165385021
bryn amp harvey all the way from england whos the bigger kid bbl06 turnuptheheat,0,0,-0.6648683228221837
harvey victims worried irma could slow recovery read more victims,1,1,2.2346153557569877
is puerto rico part of the us another katrina should we help them heres how to donate,1,1,0.36808041765505234
aztf1 has been demobilized from harvey were heading home,0,1,0.6712728594870463
donald trump is yet to address the deadly iraniraq earthquake but has had time to tweet,1,0,-0.357502589838086
mexico im sad i think of wenchuan earthquake in chinaa123a123,0,0,-0.4818415089149394
abannon says bush 43 a most destructivea,0,1,0.18902525408428766
de mora just landed,0,0,-1.3678540142527635
if youre looking for a way to help my church has a few good options hurricane harvey relief cottonwoodfamily,1,1,1.0297680148982158
ozarksfirst kolr hurricane irma death toll at 9 as florida awaits storm,1,1,1.8020481105453512
iraqiran earthquake from bhuj to haiti the deadliest quakes of this century worldnews,1,1,0.7429618421846793
stepupfortexas help our kxly radio stations raise money for victims of hurricaneharvey,1,1,1.4525943862941901
mexico drops harvey aid to texas citing its own natural disasters,1,1,1.5584199486945982
coast guard investigative service agents inspect sailboats damaged by hurricane irma in key west floridaa,1,1,2.6674231995612745
34 pot farms have burned down in california wildfires via socialmedia mlm,1,1,0.35646449856161627
funnel cloud reported w tornado warning d sdwx,1,1,1.592580629326067
four tornadoes have been confirmed so far from irma full report scwx gawx,1,1,1.3653381403488851
carlton church plans fundraiser on oct 29 for community in puerto rico,1,1,0.2886831483481113
so sad to hear about the earthquake in mexico city my thoughts go out to everyone there a12ca12c mexicocity,1,0,-0.12495076236713529
powerful hurricane irma slams caribbean eyes us,1,1,1.0551191238600917
tesla starts energy storage at hospital to help puerto rico,1,1,0.6814803599774637
huge earthquake could strike today says prophet who predicted iraniraq killer quake,1,1,0.5557208966388529
tell us how you really feel obx hurricanemaria,0,0,-1.0873824301541448
also had to replace my tryb thanks to harvey fuckoffharvey,0,0,-0.35162613210553684
kids open lemonade stand to help raise money for animals displaced by hurricane harvey,1,1,1.7892430517850535
dr jim denison california wildfires whose door will you knock ona today,0,1,0.2175208026769861
thankfully we are free of damage and are back in full swing post hurricane irma,1,1,0.4941371767704866
raytheon coyote uavs help noaa track and model hurricane maria,1,1,1.3118349688166773
although i got this care package after irma my girlfriend is still the best dd,0,0,-0.4179954310061511
horses sheep amp turkeys evacuated from fire how to help after california fires,1,1,1.1764541060266602
fl irma preliminary needs on bigpinekey distribution center 30250 overseas hwy big pine key fl 33043a,1,1,0.4708331247962327
and get puertorico users cell service,0,0,-0.5240234990914244
rain brings breath of fresh air to areas hit hard by california wildfires,1,1,2.011814534855742
how to help victims of the northern california wildfire,1,1,2.310801932203512
looking for a new pet dogs rescued from puerto rico are looking for new homes in nyc,1,0,-0.2370220292022836
71km ssw of paredon mexico earthquake mag 57 september 24 2017 060612 100612 gmt,1,1,0.6535495977216308
53000 people made homeless by hurricane harvey what happens next,1,1,1.4393998796447167
puerto ricans in ct wait anxiously for news about hurricane,1,1,0.22830119222853146
la mina in earlier this year i cant imagine what hurricanemaria has done to this rainforest amp ecology,1,0,-0.3770478307450863
land ofrost chipped in time and person power to provide relief supplies to hurricaneharvey victims in houston,1,1,1.9805796609505921
harveyas heroes area man steps up when no one else will patxnews,0,1,0.25850057531872334
from the archive macron i will help st martin recover from irma,1,1,1.2150454976635183
an update from about disaster relief in response to hurricanemaria,1,1,0.33149866292170577
creating new voters daily a343,0,0,-1.0140773561174228
maria is still a major hurricane and will actually have a positive effect on our weather this weekend dry,1,1,1.3129609280418892
raiders release statement on central mexico earthquake,0,1,0.41770732040797315
earthquake ml 39 eastern iran emsc,1,1,0.6194780094338739
hurricane harvey another crushing burden for houstons poorest and most vulnerable,1,1,1.2655631987090616
after hurricane irma group handing out bulk bbq at germain arena,1,1,1.5778469735821865
when you try to figure out how pellegri salcedo mora60m nainggolan60m,0,0,-0.9934771129197897
hurricane maria has left a path of devastation behind it heres how you can help gtgt,1,1,2.569583885287996
bayarea restaurants join forces help north bay fire,0,1,1.3791126865582501
shop kipsongo and help us support rebuilding efforts in the virgin islands post hurricane irma shop kenyaa,1,1,1.8810176928576339
radio reports on california wildfires,0,1,0.5482187298169592
large tree fell in mount mora cemetery no tombs seem to be damaged,0,1,0.14137211702261493
apartment residents angry displaced after irma,0,1,1.9454730411157048
need something to get your over hump day come out to b3 brew beats amp bites at perry harvey park starting at 5 pm,0,0,-0.590401000037564
beautiful samoan firefighters sing moving hymn in midst of california wildfiresa,1,1,0.8166029808403252
telegraph pics landlords demand rent for flooded homes from hurricane harvey victims,1,1,2.236381544144099
insurers and reinsurers struggling to assess the damage of hurricane harvey,1,1,1.5690648695916147
106th rescue wing returns from harvey irma missions,1,1,1.4673791497755448
hurricane maria a the aftermath a st croixa usvi,1,1,2.2539543949212097
if hurricane maria kills me gets my warhammer stuff this is a legally binding tweet,0,0,-0.09529615523865764
do you have boat damage due to hurricane irma we can assist you with filing a claim with your insurance company,1,1,0.6086325937590131
icymi raradio samaritans purse ramping up aid efforts in caribbean after hurricane maria,1,1,1.8988472592314372
trending in scuba hurricane maria relief,0,1,1.5438408043051688
wh releases pic of trump signing harvey aid etc into law earlier at camp david,1,1,0.05539639708681188
new assessment data on hurricaneirma irma,1,1,0.7997753331243602
perspective amp fright cat 5 irma from the virgin islands ht fox35,1,1,0.130105824737632
weighing the hazards as i via,0,1,0.2003014951211391
icymi maria will be joining monica in puerto rico on monday to help distribute supplies a12fa14bai a14y5a14y7 beblessed,1,1,0.7875552060724746
harvey and ruby waiting to settle down and watch crufts2017,0,1,0.375436179706028
irma the savage rat ripshelia,0,0,-0.030021433479259174
watch teaming up for texas telethon with coach cal and the cats on from 330630 pm,0,1,0.6388029026784059
how about getting some power to the american citizens in puerto rico you hopeless asswipe,1,0,-0.8454809678990796
kill people burn shit fuck school 666 ofwgkta i punch bitches stop kony 2012 fuck steve harvey,0,0,-0.690744959176881
not irma anymore his name is dukeaf,0,0,-0.7056919093578811
join us in the clubhouse on sunday 18th june for a special three course fathersday lunch,0,1,0.062254588977895264
oh snap darrell issa,0,0,-0.4568165602519981
twitter erupted over president trumps federal g tweet about hurricane irma,0,0,-0.3798996805983
in hot weather a power outage can be deadly check on friends neighbors amp loved ones,0,1,0.5114848915790837
congrats on hitting yoir goal guys im sure the victims of harvey will appreciate it greatly,0,1,0.2379523066008869
ive never flown in one of these what a beauty tornado,0,0,-0.1919434865263206
21 kids among dead found in school after mexico earthquake,1,1,1.180800621720911
one volunteer me helping another for hurricaneharvey rescues,1,1,1.6539820830171303
california nurse flees wildfires nurse nurses nurselife nursepractitioner nurseblog,0,1,0.6713764444400492
tropical cyclone mora by eumetsat composite image of tropical cyclone mora approaching banga,1,1,0.622596718027659
champions for puerto rico medical relief in ny nhma2017,0,1,0.5475261168670797
a lesson from hurricane irma bury the utility poles by unknown author via nyt,1,1,1.23378580664023
jonny gomes bringing huge truck to help california fire victims the kansa royals,1,1,1.3575081647173883
on air sur np fedo mora amp camurri after the rain pochette,0,0,-0.32754175531712293
image of the week irma churns up sediment in the florida keys video,1,1,0.8652221846166093
paralympics body postpones world championship over mexicoa earthquake,1,1,0.21694121058950538
so puerto rico was already part of the us somethings fishy with whitefish,0,0,-0.6937791868629015
before hurricane irma quinn street flood clean up,1,1,1.6855810006928604
local sheriff smacks down breitbart for bigoted lie about california wildfires,0,1,0.722990920490677
breaking tornado warning has been cancelled houston may see some tornadoes overnight tonight harvey,1,1,1.4458751360379485
pretty sure yall got investigate reporters,0,0,-1.645473636783829
iran survivors struggle in aftermath of years most deadly earthquake,1,1,1.8187768691022375
losangelestimes the package includes 5765 million for california wildfire,0,1,1.0262985539582663
s a f e b o y e s ready to look for people after earthquake in mexico,1,1,0.9510652329050528
thesciencemic nasa map of wildfire damage helps california recovery effort science,1,1,2.0331522150301526
harvey damage could reach 180 billion,1,1,0.4621763431666818
maria wants to do the work irma couldnt completely do 34,0,1,0.064423239810811
