tweet_clean,y_true,y_pred,prob_informative
has a great event tomorrow for both byu and utah fans to support hurricane harvey relief,1,1,0.17677347
now also carlo surf band at 8pm pwyc mexicoearthquake fund,0,0,0.03861927
guaynabo resident efrain diaz stands by a bridge washed out by rains carrying debris from hurricane maria cnn,1,1,0.8466059
after harvey irma leaves its own trail of destruction metals,1,1,0.9677298
dawn just won 400 and were gonna match the amount for hurricane maria relief,0,1,0.7345897
harvey forces national weather service to add new color to its rainfall map,1,1,0.9060892
hurrican harvey transposed over illinois to show widespread heavyrain,1,1,0.47380957
wotv news presssec the primary focus right now in puerto rico is relief and support in the rebuilding effo,1,1,0.78522927
harvey bashes texas coast leaving homes damaged residents injured amp without power,1,1,0.9848682
puerto rico is now a country dont believe me read,0,1,0.23592834
so many faves on one track for puerto rico a14y5a14y7 almostlikepraying supportpr,0,0,0.013827728
puerto rico power massive logistics challenge the commander of the us a usa news,0,1,0.8622384
raises big bucks for mexico earthquake relief,1,1,0.46315205
cyclone mora storm makes landfall in bangladesh six killed,1,1,0.9848252
trump on hurricane harvey we will endure and we will overcome,1,1,0.48298436
m56 earthquake 119km ssw of tres picos mexico 20170929t040022z depth 2166km 94a 2 47 w 14a 54 14 n,1,1,0.0611138
how to help mexico recover from its devastating earthquake from wherever you are,1,1,0.9518459
schools feed studentsao need after hurricane irma,1,1,0.969165
hurricane experts on harvey irma and whats next,1,1,0.9435007
are california forest fire memes worth investing in,0,1,0.1221576
helmetcam video amp radio traffic from california apartment fire firefighters,1,1,0.57649195
north woodlands area church of christ delivers nearly 95k in supplies to harvey victims,1,1,0.9713002
money irma business itaos not just toys r us more credit weak spots are emerging ai a,0,1,0.07025593
a very hota weather fire danger expected in southern california algeria u2,1,1,0.9370603
wheel wednesday all the way from puerto rico a14y5a14y7a12f jeepwrangler offroad wheelwednesday,0,0,0.0111654205
at mexican school hit by quake heartbreak and dwindling hope by paulina villegas via nyt,1,1,0.9465736
tornado signature right outside of polygon moving inland from the coast flwx hurricaneirma,1,1,0.96894485
good morning puerto rico oldsanjuan saturdayvibes,0,0,0.029434599
first harvey then irma and jose why its the season,0,1,0.12252681
boat and car mechanics in high demand after storms harvey and irma rip through texas and la gulf fla coastal s,1,1,0.9817842
video shows dog being pulled to safety following earthquake in mexico,1,1,0.72649914
and ahead of hurricanemaria and hurracaineirma the fakenewsmedia never reported this,0,1,0.5719043
inbox issues harveyrelated interim charges txlege,0,1,0.14542241
talkback with cbs manuel bojorquez from mexico city following devastating earthquake,1,1,0.20392324
missing puerto rico amp watching the sun sets at the beach prselevanta ai a14y5a14y7,0,0,0.025942389
trump at a church in puerto rico from jonathan ernst,0,0,0.038586594
the struggle is real harvey recovery for many houstonians has just begun please remember and be patient,1,1,0.6738476
grabbing hurricane harvey by the pussy fakenews cant keep ignoring this heroism,0,1,0.43107122
badass rescue dog who has rescued 52 lives is now saving people affected bya,1,1,0.9786291
nations lean on pacific disaster center to prepare for hurricane irma hawaii,1,1,0.94949996
an iconic moras icon,0,0,0.047005154
i think these new mhts are going to do just fine a12cjnj hurricaneharvey,0,0,0.009117324
harvey has got a busy footballing week football twice today football twice on thursday and once sunday,0,1,0.33252499
over half of puerto ricos schools remain closed,1,1,0.34270632
so was californiawild fire w trees standing cars burned wmelted rims bs,1,1,0.93040216
usd adds exhibition against arizona state to aid hurricane maria victims,1,1,0.9531829
how bout these fine folks in jax tryna pray and sing irma away,1,0,0.011799852
babies and stress the facts babies harvey ece,0,1,0.4605963
unconsolidated soil partly to blame for mexico city earthquake ksatnews,1,1,0.14158425
918 post irma information please continue to handle storm waste safely in the event of an emergency dial 911,1,1,0.9199818
maria looks more posttropical this morning look for the storm to begin moving out to sea later thanks,1,1,0.93949986
hemingways house and cats spared by hurricane irma,1,1,0.9528109
tornado of learning learn powerfully like the vacuum of a tornado involving knowledge that you need,0,1,0.5279152
hernandezs big game means dodgers owner owes 1m for pr relief,0,1,0.2231107
video of live tv interview shows the moment a powerful earthquake hit iraq,1,1,0.090335034
hurricane irma creates carnage when it hits south florida,1,1,0.9632158
stop playing golfsit your fat ass wellit is down and figure out a way to help puerto rico,0,0,0.011555818
femail rosie perez trump tweets nonsense puerto rico suffers the 53yearold aca,0,0,0.011467057
tampa bay residents can apply for federal unemployment services after irma,1,1,0.9562656
tx diaper bank in urgent need of volunteers for harvey victims,1,1,0.9721506
local pig rescue will shelter barnyard animals in hurricane irmas path,1,1,0.9844862
look at this very dangerous hurricane maria with winds of 175 mph,1,1,0.9729476
irma evacuees find shelter in demopolis locals lend helping hand,1,1,0.9826012
us coast guard saves texans from storm harvey flooding,1,1,0.9753541
listening to beni mora by gustav holst on gustav holst orchestral works,0,0,0.03304538
how ending daca could affect harvey victims hounews,1,1,0.57030094
breaking news second earthquake rattles central mexico in 4 days breakinga,1,1,0.79799783
pimp cs wife revealed all ugk archives were lost in hurricane harvey,1,1,0.73171717
denver7 journalist recounts mexico earthquake firsthand fund set up for denvers,1,1,0.80976886
20170915 hurricane irma florida keys a boat not where itaos supposed to be in duck key gettyimagesa,1,1,0.93062353
hurricane maria loves you hurricanemaria via sandydelgado,0,1,0.7411052
hurricane marias eye remains 485 miles from miami and slowly moving north,1,1,0.97973174
alert tornado warning near columbia river mouth,1,1,0.97804785
thiago alves loses dog to hurricane irma,1,1,0.8661029
illegal started cali fires,0,0,0.024145713
how the trauma of a storm like harvey affects your brain hurricaneharvey trauma ptsd,0,1,0.967451
coloradobased supertanker takes on california wildfires,1,1,0.23429538
metallica to perform at northern california wildfire concertannouncementcharityconcert,0,1,0.27958944
new tropical storm watches posted for coastal north carolina with winds that could gust 60 mph ncwx maria,1,1,0.98261124
hurricanemaria the devastation captured by joe raedlegetty,1,1,0.77800727
gfs has quite the et cyclone over the uk and ireland from the remnants of maria,1,1,0.9319478
cloud storage offers data safe haven from harveys deluge cloud,0,1,0.9130295
the size of a tornado compared to the size of wind turbines via,0,1,0.9693628
know where to go in case of a tornado a hurricaneirma irma,1,1,0.7377039
how donald trumps failure to help puerto rico could haunt him in 2020,0,1,0.26712844
how irma and harvey may impact our food supply,1,1,0.9585487
hurricanes like harvey and irma make life even more miserable for allergy sufferers,1,1,0.34765735
i texas hog hunters private pilots provide airlift to hurricane victims a8,1,1,0.93788046
four texas gop lawmakers voted against harvey aid package,1,1,0.22549964
fifteen daysjust over two weeks since harvey came to town,0,1,0.72302246
what it means to be a community in the wake of hurricane maria,0,1,0.74872464
biggest beneficiary from harvey and irma floor amp decor tts fnd,0,0,0.047777332
im out helping those affected by harvey a feels good helping others fight back rebuild 5,1,1,0.91555583
many volusia residents still suffering one week after irma,1,1,0.9307558
help cenotaph drummer rebuild his home destroyed by earthquake in mexicoa city,0,1,0.97713894
were focused on recovery efforts after irma learn how the work continues even after the storm has passed,1,1,0.9730973
black scout reviews mora bushcraft survival black knife,0,0,0.021642072
please keep praying for our bible society colleagues in the caribbean prayer irma,1,1,0.1013976
helping to pack personalcare kits at warehouse those gallon ziploc bags hold a lot harvey,1,1,0.9754558
tree tunnels to control colombo floods flood srilanka colombo,1,1,0.9760937
a homage to early new york spiritual house valentino mora body nostalgia,0,0,0.011240274
california wildfires evacuees offered free haircuts amp chiropractica care,1,1,0.9592567
help to close the zoo located in mayaga14ez puerto rico for animal mistreatment plz sign,1,1,0.18440038
harvey trailers sells utility car enclosed dump snowmobile trailers in maine trailera,0,1,0.08067402
my brother amp his family added another family member added to the packa12 d also a harvey rescuea125,1,0,0.009163611
dreamers saving lives during harvey still trump says get them outta here daca haiku,1,1,0.7521793
breaking large and extremely dangerous tornado on the ground in broward county florida irma,1,1,0.9854726
hosts dinner tonight to raise money for hurricane maria victims,1,1,0.9069436
fabric of srilanka torn apart by cyclonemora,1,1,0.35767877
how many fire fighters are illegal aliens in california jerry brown use you dear loved citizens,0,0,0.030319063
hurricane irma recovery update,1,1,0.9572275
take a trip to spanish speaking caribbean cuba dominican republic puerto rico,0,0,0.020015575
need to talk the toll from harvey is more than just material,1,1,0.83624446
sacramento group cares for florida pets displaced by hurricane irma,1,1,0.94123244
islamic state celebrates but does not claim responsibility for california wildfires,1,1,0.10773526
please helpwestie found after mexicos earthquake,0,1,0.6690945
hurricane irma terrifying path latest models show it will hit miami as category 5 storm,1,1,0.9859833
hurricane harvey threatens largest flood insurer,1,1,0.9865508
another dog of harvey named jimmy amp flown into bay area from texas he needs a home abc7news,1,1,0.86828667
orlando schools welcome students from puerto rico edchat hurricanemaria,0,0,0.04587961
evelyn says her neighbor javier who doesnt speak english rescued her from harvey javier we are all family,1,0,0.03468593
favourite line about irma,1,1,0.061833125
puerto rico getting the food out to the forgotten citizens,1,1,0.440533
good friend of mine found this in his hurricaneharvey cleanup a12e,0,1,0.5385961
seen from above entire california communities reduced to ash,1,1,0.9280988
money irma foxbusiness emmys ratings crater trumpbashing to blame foxnews fox b,0,0,0.017093256
fees waived at landfill for hurricane irma debris more infogtgtgt,1,1,0.8836634
94 tonnes of tin on route to anguilla to help after the destruction of irma,1,1,0.9002221
scientists have run out of adjectives to describe hurricane marias devastating power,1,1,0.964876
lets talk about hurricane maria,1,1,0.8411877
yaaas finally bought it i havent felt this happy since before hurricane mariaa12 2 i cant wait to start reading,0,0,0.025013376
irma poses us145bn sales hit to us retailers worse than harvey,1,1,0.9064297
isso porque a dona do post n mora em svp triste realidade,0,0,0.015682591
well thats new good for you james harvey hylton arca,0,0,0.011001196
iam so proud to be born in puerto rico,0,0,0.0143208
john mora doubles and scores in the 1st 10 mets top 3 stlmets,0,0,0.008703845
texas countys long recovery from hurricane harvey begins,1,1,0.9637047
the agriculture sector of puertorico faces lost crops and property damage from hurricane irma,1,1,0.97877216
more than 11000 in shelters as hurricane maria lashes puert tisnews click link,1,1,0.9774295
a hard days work cleaning up irma debris always goes up in smoke at horsemintfarm,1,1,0.9763723
hurricane maria damages dominicas main hospital leaves war zone conditions,1,1,0.9883902
sinkholes are being found in florida postirma are you covered for that irma harvey,1,1,0.8927663
pregnant with twins mother helped to get back on feet after harvey kprc2,1,1,0.763582
dont forget a pictures worth a thousand details puerto rico after maria,1,1,0.32887524
indian ship delivers aid for cyclone victims burma myanmar cyclone cyclonemora,1,1,0.9725329
on their way to encourage the victims of hurricane irma,1,1,0.8758763
tropical storm harvey triggers toxic air pollutants telesur english full coverage via,1,1,0.9366701
lcec hurricane irma update september 18th restored to 190104 lcec customers th,1,1,0.87063324
season over we could use able bodies at earthquake in mexico dig in,0,1,0.91645116
the eric and andre show featuring special guest the california forest fire,0,0,0.0090478305
do you remember now where is jesus to help you in hurricane irma amp hurricane harvey,1,1,0.4884061
marketsgtpolitic gt amid puerto ricos water crisis unions step in markets,1,1,0.4294507
iraniraq earthquake nsa leaks apple face id hacked and more security safety,1,1,0.29819623
irma aftermath st martin residents are now struggling just to survive propaganda,0,1,0.984361
helping the keys this am calvary church in jupiter sending a team down w supplies post irma,1,1,0.9460584
calm is here with a california newt also called a fire belly,0,0,0.0353128
news startling footage shows california wildfire impact,1,1,0.716715
passenger jet races against hurricane irma guess who won reports,1,1,0.8732599
tornado watch for most of south florida until 12am sept 10th,0,1,0.87740374
irma makes a slow exit from the tristate irma makes a slow exit cincy link,1,1,0.5220811
despite the rain wyeast middle school yard sale in the couv goes til 400 raising money for trip amp puerto rico,1,1,0.89833266
a post hurricanemaria update from stbarths caribbean stbarts,0,1,0.18124835
help people replace books lost to harvey flooding everything helps,1,1,0.98251235
video shows california family reuniting with pet dog presumed dead in wildfire,0,1,0.4608846
guest attacks man who let him stay during hurricane irma florida police say abc15,0,1,0.11652027
dont worry folks just got off an important conference call with hurricane irma well be fine,1,1,0.45324722
un migration agency appeals for usd 495 million to support communities in wake of irmaa,1,1,0.9404168
hurricane irma track update dominican republic amp cuba next 9 dead amp 49 million at risk,1,1,0.9858935
youre trending in puerto rico i miss you 57 hrvypreorder,0,1,0.15024067
iran used haarp technology which caused earthquake in kurdistan,0,1,0.33067024
what microbes may be lurking in floodwaters from hurricane harvey,1,1,0.8552987
tickling bondage footworship licking hurricane maria in revenge of the tongue tickles,1,1,0.31628048
harvey amp irma came diesel generators instantly kicked inkeeping internet ops uninterrpted,0,0,0.050740022
we are indivisible 100 of profits benefit aid for puerto rico,1,1,0.8200765
modular container home is d fastest ampmost efficient way 2 build strong durable buildings anywherea,0,0,0.036579184
the wait continues irma,0,1,0.54736024
mmmmm plus i made sure my cookie went towards the donation for harvey,1,1,0.4124852
irma is still leaving her mark in some areas of fl,1,1,0.81024444
first harvey and now irma relentless storms strain rescue workers,1,1,0.92654145
6 scenes of sentinel ingested to hdds for event 201709hurricaneirma irma hurricane,0,1,0.6581741
how biglaw in hurricane maria ravaged puerto rico are pressing on,1,1,0.93522084
harvey nash hr business partner,0,1,0.058048103
sheriff suspect shot wounded during irma burglary,0,1,0.8243978
cloudy water from irma as the waves continue to roll in,1,1,0.975926
the stream what can be done to help caribbean nations recover from irma,1,1,0.6990309
major hurricane maria has now strengthened 60 mph in 24 hours,1,1,0.98966914
heres a midmorning update on harveys future forecast in the houston area,1,1,0.88556683
sampc week 6 for harvey todays focus was explosive power a1414ba14d istrengthandconditioning basketball rugby athlete,0,1,0.10232877
the us embassy shows the reality of a devastating earthquake hitting iraq and iran,1,1,0.88072205
crude oil weekly hurricanes harvey irma lifts oil prices,1,1,0.13243704
local soccer tourney includes tx teams and money being raised for harvey relief,1,1,0.7890518
scenes from mexicos devastating earthquake by ro water filter,1,1,0.8893365
praying for those yet suffering from harvey i had the pleasure of volunteering with blmhtx in hard hit areas,1,1,0.7241533
fema approves loans to keep harvey damaged cities working to repair damage,1,1,0.9629132
this is what stupid looks like earthquake hurricanemaria hurricaneirma,0,1,0.11010297
harvey by the numbers thx for hosting eco recovery brief today,1,1,0.6352111
gofundme how to immediately help those impacted by the california wildfires webdesigna,0,1,0.93436754
blog energy department responders are on the ground assisting hurricane recovery n irma,1,1,0.9585453
love seeing my kiddos in puerto rico,0,0,0.03805896
behavior of donald j trump as president and leader of the united states of america in hurricane irma,1,0,0.03184428
thanks to uncle sam and hurricane irma for the best 10 days ever see you in 2 months friend keep rockin,0,1,0.43662792
new activation emsr244 earthquake in central mexico copernicus earthquake eucivpro,0,1,0.24043484
dang near everybody was affected by irma,1,1,0.8077721
and not one irma model was right only one was close but it had her hit miami and the panhandle,1,1,0.26249447
texas struggles with harvey flooding could still see water rise,1,1,0.98678166
hurricane irma ai aowonder girlsao help in georgia shelter redcross redcrosser,0,1,0.97815573
look at with a great graphic on how big hurricane irma is compared to the state of oklahoma,1,1,0.78323925
245 dead as school collapse during massive earthquake in mexico naijapals gistmania,1,1,0.97233915
hurricane irma minutebyminute animation,1,1,0.73807687
hurricane irma path and track live noaa update as models show direct hit on florida,1,1,0.98204297
fema insurance chief harvey may end in 11 billion in payouts to homeowners,1,1,0.9242597
air canada suspends flights to st maarten due to hurricane maria impact travel,1,1,0.56728417
trump appears to side against federal government in lawsuit over harvey relief unitedstates,1,1,0.6881391
why irma and harvey could finally get republicans to care about climate change,1,1,0.42880374
rick brown what to do in the aftermath of harvey,1,1,0.67281294
iran health minister meeting to discuss relief plan earthquake,1,1,0.71951747
harvey looks to slow cubs in 3rd start off dl mlb mets baseball,0,0,0.014149932
with congressman luis gutierrez and pedro soler at the dsfs event supporting the mexico amp puerto rico relief fund,1,0,0.018763075
is that a shark in naples houston whatever someone is jumping it irma harvey impeachtrump,0,1,0.5946545
so to for holding and i down while we report from puerto rico a14y5a14y7,0,0,0.0130161345
bill clinton also shared a pretty awkward puberty photo for puerto rico hurricane relief,0,0,0.02374026
science hurricane irma before and after images these satellite images show the destr,1,1,0.9585559
in case you missed it new story rolling hills to collect items for harvey victoms,0,0,0.017378896
this was actually taken at a benefit for puerto rico gaga is wearing a white pantsuityes on purpose,0,0,0.013871127
wrt irma forming over cool water heres judith curry an expert on hurricanes a,1,1,0.91293997
harvey cancels houston wedding louisiana city donates 1 us news amp world report,0,1,0.91569215
steve harvey tells how youtube has changed the daytime talk show,0,1,0.14861417
deadly california wildfires spark needed debate about current spending,1,1,0.6846667
heres how bad the mosquitos are after hurricane harvey,1,1,0.9117162
in marathon key irma on search amp rescue mission and bringing aid,1,1,0.9207547
harvey and irma arent natural disasters theyre climate change disasters,1,1,0.27297333
mexico earthquake navy says no missing child in collapsed school,1,1,0.9714166
northern california fire survivors aitas shameful they didnat warn usa,0,1,0.96297556
market screwed up for sure eqf hires feye to fix mess feye goes down cpst has only working power after,1,1,0.05651635
thinking of our friends in california as they begin recovery efforts from devastating wildfires,1,1,0.86420447
bridgeport family mourns relatives lost to hurricane maria,1,1,0.96344614
sabanas go go power rangers 3 arte de dan mora,0,0,0.013875447
what hurricane harvey says about risk climate and resilience,1,1,0.9445078
i will never tire of this photojnj hurricaneharvey,0,1,0.21132402
scranton woman returns home from aid trip to puerto rico scranton timestribune,0,1,0.12874146
raging wildfires caught sleeping californians by surprise usrc,1,1,0.46226195
collecting items in parker for harvey relief drive,1,1,0.9497884
two new inquiries into controversial puerto rico power topstories,0,0,0.01643698
as deadly fires ravage california wine country officials prepare for further fatalities,1,1,0.9715797
wish i could find out are these tornado clouds rolls around coral springs often very bad trees down from irma,1,1,0.9245423
south floridians irma the ppl in tampa say git and not jit 1 irma ight bet,1,1,0.48696452
taking supplies to all of those affected by harvey harvey relief donations appraisalmc houston,1,1,0.9775438
this is a line for gas people have been getting up at 3 am to make long lines like these,0,0,0.047923356
hurricane irma reminds us of an important truth about financial models,1,1,0.4178641
more florida keys residents return home to survey irmas destruction,1,1,0.9747965
algeria us sanctions snag donations to iran earthquake victims,1,1,0.8887786
money irma business a government crisis gives icelandaos pirate party a second chance a,0,1,0.1347939
sign language interpreter at press conference sparks outrage,0,1,0.32726246
drafts from irma,1,1,0.30308148
downtown dallas megashelter for harvey evacuees to close wednesday,1,1,0.93918604
bermudians david strong and jeff ryall survive brush with hurricane harvey,1,1,0.7097514
5pm sunday maria update cat 2 storm centered well east of the jacksonville florida coast heading north,1,1,0.93786293
portrait double exposure ai ai ai ai ai antonio mora ai,0,0,0.01566851
cyclone mora wreaks havoc cuts power in maungtaw,1,1,0.87762624
president donaldtrump push back when it comes to puerto rico,0,1,0.19100197
mexico may now have too much earthquake aid,1,1,0.6095757
i love you 8 from puerto rico is biutiful so cute,0,0,0.007186585
quake leaves trail of death and destructions iraq earthquake bahrain,1,1,0.8862489
deadly fires ravage californiaas wine country leaving at least 15 dead more than 150 missi,1,1,0.9762073
emergency broadcast martial law in wake of hurricane harvey amp irma,1,1,0.92606
the gekko files the qb and the coach try to get ucla righted we preview the 2017 bruins,0,0,0.008671942
shout out to louisianas at aap17 by for exemplary humanitarian efforts during harvey,1,1,0.25421822
harvey irma us homebuilder sentiment falls on stormrelated supply concern,1,1,0.8170302
goodbye hurricane irma click link to view amp comment,0,1,0.7951326
usgsm 41 51km wsw of paredon mexico earthquake,0,1,0.05725914
biych i just got the text for tornado warning pray for me and all my floridian people rip,1,1,0.6638658
brandi harvey live tonight downtown at the 40 east grill,0,1,0.93172085
letter after rokitas vote against harvey relief lets pray,1,1,0.6496357
leonel cardenas mora campeon panamericano jr de squash 2017 orgullosamente cdmx,0,0,0.019744463
raising funds to put rockport texas back together after hurricane harvey,1,1,0.97074145
hurricane irma bring it bitchna,0,1,0.8750671
the floor was rippling professor who survived mexico earthquake tells story,1,1,0.26791656
dont forget ususvi hurricanemaria,0,1,0.19948547
join us in praying for those affected by the california wildfires psalm 911 esv,1,1,0.8451653
hurricane irmas trail of havoc in sintmaarten,1,1,0.9658883
hellish california wildfires inspire haunting web comic,0,1,0.2969694
hurricane marias track shifting closer to midatlantic coast via,1,1,0.6983935
rep castro insists on harvey aid without any games,1,1,0.16182944
west bank flea market in harvey,0,1,0.5313396
google firm flies balloons to deliver internet cellphone signals in devastated puerto rico,1,1,0.9656879
as a class apostolic project pk3 pk4 collected items for hurricane harvey evacuees in irving shelters,1,1,0.7823041
skynews hurricane marias path along the coast of the unitedstates,1,1,0.9596069
south bay latino community devastated by mexico earthquake destruction sanfrancisco,1,1,0.9471706
rebuild dominica partners with project cure amp other global allies posthurricane maria,1,1,0.707782
flood risks will be mitigated considerably by 2020 patali read more lka srilanka,1,1,0.44437677
bond insurer proposes timeout for puerto rico litigation,0,1,0.15003417
puerto rico braces for visit from hurricane maria via,1,1,0.6691055
a tamilenglish translator needed floodsl srilanka,0,1,0.2577481
is it true that an earthquake will reach kuwait soon,0,1,0.546528
events in nyc aim to help hurricane battered puerto rico,1,1,0.969533
woman accused of assaulting woman preparing for hurricane irma,1,1,0.73253083
hurricaneharvey texas moves toward recovery gas prices slip,0,1,0.9174077
hey world this is the real batmanday mexicoearthquake mexicoestadepie,0,0,0.0074616815
ummmm lol harvey norman have online,1,1,0.062306855
thing you can rndmly find at best coworking space in puerto rico,0,0,0.00584453
1105 lake moraine pl raleigh nca 27607,0,1,0.16128083
lebst du notch mexico earthquake puert rico dominca,0,1,0.11548316
a rabbi aid drive after irma devestation on by,1,1,0.8871737
redditors donate wedding dresses to houston brides following hurricane harvey,1,1,0.79534763
history shows we dont need big government to clean up after harvey and irma,1,1,0.86011034
our power our future puerto ricoas road to a justrecovery,0,1,0.47512677
you can support mexicoquake victims right now,1,1,0.9199585
california pizza kitchen shits fire af,0,1,0.49499685
googles project loon seems to be having trouble with stationkeeping above puerto rico,0,0,0.020805327
a team of american experts is in mexico to assist with search and rescue efforts followinga,1,1,0.8053616
this is a mirrored image from a wild fire in california this this is a susano,1,0,0.018047307
california wildfire probes hammer pgampeas value,0,1,0.13963328
hillary caught on tape laughing about irma wiping out all of those florida hillbillies,0,1,0.06650197
irma flooding last week pumped more h2o into lakeo than armycorp released that stops today,0,1,0.81607765
sun 7am maria is no longer a major hurricane winds have dropped to 110mph heading toward cape hatteras nc,1,1,0.89404404
strategic planning business viability using publicly available data irs help for harvey,1,1,0.62216264
el paso to orange soldiers travel 1000 miles in wake of harvey,1,1,0.85095334
eating tornado potato and drinking beer while waiting for taeyeon albmusicfest albatrossmusicfestival,0,1,0.11411205
harvey city asks residents to remove parked cars from street for debris pickup,1,1,0.97913396
cleanup from hurricane harvey by skmiller photography beautiful,1,1,0.7330571
still standing after hurricane irma,1,1,0.8952082
california wildfiresa devastating effect on marijuana industry,1,1,0.18139374
even governor moonbeam is sight unseen,0,1,0.08597441
13 toxic waste sites damaged by harvey houston awash in chemicals,1,1,0.9886015
pioneer woman ree drummond holding harvey fundraiser news9,0,1,0.18463531
les harveyables actors stage musical amid piles of debris in floodimpacted houston,1,1,0.83215076
bb i just been eating like crazy since irma had me home for two weeks,0,1,0.30748543
eastside fire spent week helping california crews,1,1,0.9698443
after a flood inspect all medicines harvey,1,1,0.8212268
look at harvey simply embracing it,0,1,0.53864056
srilankas food gap widens in wake of regional floods and drought warn and,1,1,0.95992345
hurricane irma orlando assesses the damage photos,1,1,0.96893144
proud to work w to get fl lawyers amp their clients back on their feet nationwide access free,0,1,0.06795764
southern california prepares for potential wildfires,1,1,0.95449555
claudia harvey of dig it apparel to be featured on cutv news radio,0,1,0.164101
california wildfires kill 10 destroy 1500 buildings,1,1,0.97493863
the cone of uncertain continues to shift west putting atl on e side of irma meaning greater tornado threat gawx,1,1,0.96215403
do good today stop hogan street by from 11am6pm to donate supplies to help puerto rico after hurricane maria,1,1,0.28237543
irma update from highlands county next on,1,1,0.29914802
what is the future of puerto ricos energy grid techbuzz,0,0,0.0333934
thats indiana and thats how large hurricane irma is oh my,1,1,0.93094546
call the texas immigrant rights hotline if you have experienced an instance of hate or discrimination sb4 harvey,0,0,0.044410873
harvey spins deeper inland full scope of damage is unknown from,1,1,0.9673766
been a rough 3 weeks in the antilles backtobacktoback major hurricanes irma jose maria,1,1,0.89852715
i am alive he recalled thinking over and over again alive iran earthquake,1,0,0.031076837
student asks to bring dog to class before hurricane irma professor has the best response via rupliftingnews,1,1,0.39733914
pray for all those families in californiawhy how did this fire startso very sada12b,0,1,0.47611994
reload miami conference irma update,1,1,0.6060702
here are some explanations for the mysterious lights that follow earthquakes,1,1,0.11667999
thank you to those who purchased in support of hurricaneharvey enjoy your crunchi,1,1,0.6685099
harveys floodwaters flexed earths crust pushing it down as much as 2 centimeters,1,1,0.77869153
in key west stayed for irmathis is our tree in the back of our townhouse,1,1,0.95639277
time lapse video shows rapid rise of water in houston bayou during hurricane harvey,1,1,0.8427055
houses damaged roofs blown off as hurricane maria batters usvi,1,1,0.9904418
tytlive situation in usvi just as dire as puertorico,1,1,0.28005373
here is the new guyharvey aruba long sleeve guys tribute to that enchanting island,0,0,0.0137998555
flooding from irma prompts a new look at marshfront surge,1,1,0.96586543
watch expert frank mora discuss uscuba policy on,0,0,0.0219768
if hurricane irmas eye was over phoenix thats scary azfamily,1,1,0.4969511
releases statement on hurricane irma,1,1,0.6351621
put your hands up if ur not workn the mora,0,0,0.040703416
rainbow right over the tornado hit homes lady next to me says mother nature saying shes sorry,1,1,0.93787897
pray for all in the path of hurricane irma we are worried,1,1,0.80570227
john besh delivers hot bowls of gumbo and red beans to harvey evacuees,1,1,0.6000076
seismograms from yesterdays earthquake on the iran iraq border,1,1,0.08258284
24 and 48 hour rainfall amounts and most of this occurred in the last 12 hours harvey houstonflood,1,1,0.9510428
hurricane irma victims jesus saved us,1,1,0.9459537
tropical storm maria still making waves but will pick up speed over next few days and continue to move away,1,1,0.9911652
oh nice how about you send that money to puerto rico,1,0,0.008120913
amommy donat crya a 4yearold girl surviving hurricane maria unicef connect,1,1,0.85364056
an earthquake just shook la after mexico now we get hit after irma now maria5 hitting the caribbean but argue w,1,1,0.8982667
12 years ago my parents opened a museum a week ago it looked like this a127 harvey harveyflood,1,1,0.94753414
irma nfl right on the a0a0a0 top 5 throws of week 2 via twitter,0,1,0.21176906
some in texas begrudge aide to puerto rico,1,1,0.08879069
theres still a lot of work to do heres how to help,1,1,0.94035894
mexico we are the crack they are the collapse mexicoearthquake sismosmexico2017,0,1,0.66303575
hurricane irma storm batters caribbean islands as florida emergency declared,1,1,0.99037266
irma deals an unprecedented blow to floridas citrus industry,1,1,0.24166836
joel osteen asks new yorkers for charity after harvey in spoof read more money,1,1,0.08202624
sunny day landscape flooded area due to hurricane maria,1,1,0.9734437
chef cooks barbecue for california wildfire victims,0,1,0.40214816
familiar weather pattern for fl although satellite shows hurricane maria in distant e amp upper low pressure in gulf,1,1,0.90111804
were on the road to jacksonville to coordinate our response to irma in florida see you soon,0,1,0.96390516
after irma communities look at the long road ahead,1,1,0.9490625
pnnl scientists weigh the factors that power a hurricane like harvey or irma,1,1,0.84457844
photographer spotlight nick leggio owner ig mikemora photo by apin1k full feature,0,1,0.07664648
thousands of iranians homeless after strong iraqiran earthquake phnews,1,1,0.96730745
looting thugs take to streets during hurricane then get what they deserve video,1,1,0.7074269
forecast models indicated hurricane irma will turn north amp move over or near southflorida sunday cbs4,1,1,0.97535104
would you be prepared if a disaster like harvey or irma struck greater cincinnati,1,1,0.27635977
researcher claims to have predicted the iraniraqearthquake through planetary alignments,1,1,0.5108765
high tide hurricanemaria,1,1,0.7765944
rescue work suspended at earthquake collapse site in mexico city ap,1,1,0.9774688
dcsdfootball hurricane irma delayed them but week 4 stats are up online now,1,1,0.9761233
a reminder of what happened as evacuated passengers ahead of irma earlier this month,1,1,0.6800727
harvey disaster food boxes available in impacted areas visit to learn more,1,1,0.9843352
find out how you can join disaster relief efforts by clicking the link,1,1,0.9537733
president trump on tuesday raised the prospect of wiping out hurricaneravaged puerto ricos,0,0,0.035432905
vw audi nissan production hit by mexico earthquake,1,1,0.14587894
teen suffering health crisis during hurricane harvey uses siri to call for her own rescue,1,1,0.93503773
new 11pm advisory from the nhc no change irma still a very dangerous storm heading toward fl amp ga,1,1,0.91387844
univision news weekly brief a month after the mexico quake and hurricane maria,0,1,0.6749537
tubbsfire victim karen aycock 54 wouldnat leave the house without her animals,0,1,0.8969046
mexico earthquake leaves historical churches in countrya hit,0,1,0.9589965
it takes no compromise to give people their rights harvey milk,0,1,0.18825723
fsu students community send hurricane irma relief supplies to south florida,1,1,0.97725266
dog protects livestock from california wildfires,1,1,0.36847365
i am alive survivors of iran earthquake mourn as government scrambles to help,1,1,0.95380867
afpphoto a14yaa14y8 thousands evacuate as california wildfires kill 10 a127 frederic jbrown joshedelson robynbeck afp,1,1,0.6764533
a list of what u can donate and where u can send your donations to for hurricane harvey victims,1,1,0.9484584
popular on 500px collection of classic bmws saved from california wildfires by karnadi39,1,1,0.19753659
austins turnkey vacation rentals takes a hit from harvey on texas coast,1,1,0.89842033
get started tax help for small businesses hit by harvey and irma usa today,1,1,0.864976
as expected one 12hr tornado watch expires another is issued hurricane irma jaxwx savwx flwx gawx,1,1,0.82403606
chefs aiding puerto rico find redients difficult to come,1,1,0.15797839
td15 expected to become hurricanemaria next week threatening parts of caribbean hit by irma,1,1,0.9461691
hurricane harvey was no match for the boxing family fightnewsasia fightnews,0,1,0.1606361
azerbaijan offers assistance to iran after earthquake iranian envoy,1,1,0.93234724
the same islands that took a direct hit from irma will not take a direct hit from maria however puertorico isa,1,1,0.9457433
strong earthquake in iran had no effect on yesterdays earthquake in azerbaijan,1,1,0.68602437
yeah ive been ready to gojnj hurricaneharvey,0,1,0.7195631
news on npr a week after irma florida families still living in the dark,1,1,0.95732945
sandy beach mora psaria at the northern coastline of rizokarpaso cyprus,0,0,0.03895391
virginia beach woman chartered plane to rescue 300 animals as hurricane maria bore dow,1,1,0.9687349
how irma got her own wifi,0,1,0.12331721
see how we are moving forward together postirma fumccg news and happenings gablesstrong,1,1,0.8217949
whatas happening in puerto rico after hurricane maria is environmental injustice,0,1,0.57735133
this is the most adorable pic ive seen from visit a12 dai houston beygood hurricaneharvey,0,1,0.34241238
workplace gratitude in action helping harvey amp irma hurricane victims beinspired,1,1,0.9726198
sine mora ex dev on the new coop mode,0,0,0.0135092335
hurricane harvey downgraded to category 1 will likely become a tropical storm d27,1,1,0.9852763
tracking irma this morning as it passes north of dominican republic dangerous category 5 storm gt,1,1,0.93124187
copped tho right before my mom forced me to sit in the bathroom for tornado warning,0,1,0.32187483
irma maria jose forestfires earthquakes s song so much trouble in the world so true wheres the,0,1,0.104529314
yes thats a cadillac stuck in water the driver had to be rescued harvey,1,1,0.92624044
hurricane maria left puerto rico absolutely devastated,1,1,0.9179527
weekend soccer games called off after mexicoa earthquake,1,0,0.041445106
hurricane marias effect on us not ruled out forecasters say,1,1,0.9401588
in kingwood texas where many families are picking up the pieces after hurricaneharvey,1,1,0.97314554
family houston young professionals volunteered at the giving hub to help families in need after harvey,1,1,0.8900142
kenny chesney helps teen brothers reunite with mother after hurricane irma,1,1,0.6400929
20 of every order at squeezedonline goes towards hurricane harvey relief until sep 14th,1,1,0.96660364
relatives say children missing after a school collapsed in mexicos deadly earthquake have sent whatsapp messages,1,1,0.97696495
nationaldayofprayer is bullshit you really wanna help those impacted by harvey donate timemoneysupplies,1,1,0.5214394
breaking tornado warning for adams and yorkcounties in pa until 445 pm edt,1,1,0.95997566
fire crew shares video of what they faced battling californiaa blaze,1,1,0.6758225
linmanuel miranda talks helping puerto rico amp notching first top 40 hit exclusive,0,1,0.23538937
artists send thoughts amp prayers to mexico city following the devastating earthquake,1,1,0.83304846
northern california wildfire interactive map esri gis waze,1,1,0.2023863
good tuesday morning we hope things are back to normal at your home following irmajoin us now until 7am,1,1,0.8721866
uns global emergency response fund enables humanitarians to provide urgent aid for victims of hurricane irma,1,1,0.96258026
click here finance politics business three storms raging in atlantic with one aimi,1,1,0.57629704
check out new 61 magnitude earthquake hits mexico again hoodnews,1,1,0.79256845
baby born during hurricane harvey gets most apropos name,1,1,0.4192366
state aid to puerto rico has also been delayed by a mix of slow requests and money woes,1,1,0.12365852
fire storm california a geoterrorism a no justice aa justus,1,1,0.62992525
everybody go give eagle alum a120mora a follow at,0,0,0.0110085085
after earthquake mexico holds out hope for those trapped under rubble a not givinga upa,1,1,0.96141946
iran turns down offers of earthquake aid including from its archfoe israel,1,1,0.93619055
hurricanemaria relief just dropped off first baptist orlando,1,1,0.22807531
power slowly being restored after hurricane irma,1,1,0.9628975
california wildfires moment familys dog is found alive in ruins of home a video,1,1,0.8811389
enjoying the golden tornado band from home in erie,0,1,0.10707497
mexicans turn to church as earthquake death toll hits 320,1,1,0.9594168
business expert president trump signs hurricane harvey relief bill creditrepair jobs,1,1,0.2886632
democrat mocks trump with paper towels in congress after puerto rico fiasco,0,0,0.014134589
get to mora and try the whole menu,0,0,0.043366283
rainierwildflower one of the first flowers of spring coltsfoot already gone to seed kl,0,1,0.075675465
hillary clinton links climate change to wildfires hurricanes in california speech,0,1,0.0594909
this drone footage shows the devastation caused by the 71 magnitude earthquake in mexico,1,1,0.964797
bun b on hurricane harvey a itas worse than everyone music,0,1,0.07778276
latest update on hurricane irma with links to resources,1,1,0.9571203
ontiermexico will provide free legal advice to those affected by the earthquake,1,1,0.69046956
still havent taken down the plywood from irma im waiting to see what maria does f pray she heads north after,1,1,0.7966099
newsgraphic satellite view of hurricane irma traversing the caribbean on wednesday,1,1,0.9481755
orlando city wins friendly 61 helps puerto rico orlandocity,0,1,0.1568338
irmas twisted sister hurricanemaria maria2017 wx weather prayforpuertorico,1,1,0.5505487
frequentou one direction mora londres,0,0,0.024456762
tornado watch continues for the tri county and the nearby atlantic ocean water until midnight chswx irma,1,1,0.9845462
hurricane maria knocks out power across all of puerto rico nbc nightly news,1,1,0.9578442
welcome back titans finally back to school post irma bcpsfirst knownova backinbusiness,0,1,0.061267022
a damaged apartment is seen after the earthquake in the narrate neighborhood in mexico city,1,1,0.96984464
californias notorious winds feed wildfires,1,1,0.92945766
the dominican president expresses his amost sincere condolencesa to mexico fora,0,0,0.019212859
so trumps new nasa adm is also a climate skeptic see irma harvey,0,1,0.15021123
after 3 weeks of delay and one messy harvey my backpack was delivered at 1055 pm,0,1,0.17578581
puerto rico se levanta med students unite to help those in need,1,1,0.51255673
all my family is there boston restaurateur relieved after mexico earthquake,1,1,0.07120686
so proud of our kids who raised nearly 600 for puerto rico a14y5a14y7 hurricane relief with a bake sale today fwsu ai a14a,1,1,0.79917556
how hurricanemaria could affect mentalhealth edchat naturaldisaster,0,1,0.16611351
opening 19 locations postharvey kprc2,1,1,0.53604823
commanders of irgc irans army visit earthquake areas in western iran,0,1,0.93795717
30a tv update jazzfest star to play irma benefit friday 30atv 30a,1,0,0.029080799
smoke from californias wildfires will harm people beyond the flames reach,1,1,0.96404195
hurricane harvey could create 1m salvage vehicles,1,1,0.9533056
ian harvey offers us a brief insight into the history of passwords in his latest blog post,0,1,0.5775924
maria still roiling central florida beaches lee becomes hurricane,1,1,0.96203065
hurricane irma recovery fund for our island neighbours,1,1,0.9861357
supplies to fight off my post irma cold stress longhours loweredimmunity,0,1,0.6613471
tech labs reach out to researchers hit by harvey,1,1,0.9747195
the ghost of jose being absorbed by hurricane maria as she slowly heads north,1,1,0.86690116
congress looking into how tiny company from zinkes hometown gets 300 million contract to,0,1,0.76473874
harvey rainfall so far houston,1,1,0.95255446
my harvey always knows when i aint well a121,0,0,0.009135292
british troops help fix home wrecked by hurricane irma,1,1,0.98665214
tell that hurricane bitch irma to come this way i keep that mf thang on me,0,0,0.036300775
thank youuuu d irma,1,1,0.13737112
pizza hut workers paddle through harvey floodwaters to deliver free pies,1,1,0.9783877
blakpac member has not stopped assisting hurricane irma victims,1,1,0.95288426
irma resources for homeowners businesses amp workers,1,1,0.9442555
earthquake in kermanshah irans new genocide against religious and ethnic minorities,1,1,0.34390438
this photographer captured the devastation of hurricane maria from above,1,1,0.96481985
houston office market sees slight increase in vacancy post harvey cre,1,1,0.09509271
a jesuits firsthand account of hurricane harvey via,1,1,0.5533208
him amp his family lost a lot during harvey amp theyre just opening back up check them out,0,1,0.81404716
delivering aid to floodravaged sri lanka jewish sandiego,1,1,0.94494134
how i watched hurricane maria terrorize my home from a distance,1,1,0.34809855
classicmsinthebiz awhy donat you try acting like a womana by gia mora,0,0,0.022624012
the stahl boys doing a little cleaning up after hurricane irma dadepba thinblueline maria,1,1,0.8432079
recent hurricane hunters flying through maria find flight level winds of 120mph maria could be cat 3 again soon,1,1,0.9840316
evidently somebody didnat want to risk putting orlando under a tornado warning,1,1,0.7312702
one of the first solar storage tesla energy projects in puerto rico has come online,0,0,0.0077891997
puerto rican farm saved from hurricanemaria thanks to solarpower via,1,1,0.21172406
dogs rescued from puerto rico after hurricane maria are being adopted tech technology,1,1,0.9243185
behind the scenes with mora a124a12a,0,0,0.034670126
tornado low light,1,1,0.9290403
collapsed school in mexico earthquake is checked for a hidden defectsa,1,1,0.74858737
xmen gold 11 cover by dan mora omega red returns xmen marvel,0,0,0.010753459
lucky duck irma sits on eggs even during hurricaneforce winds,0,1,0.81687135
ashe members offer engineering support to puerto rico hospitals by,1,1,0.87478733
mexico further updates and advice to british nationals following the 19 sept earthquake,0,1,0.10735045
skutchi wants to help businesses affected by hurricaneharvey and irma call us today 8889933757,1,1,0.9563223
auto abs issuers pull pools back from harvey irma impacted areas,1,1,0.86248946
hurricane maria latest winds 105 mph about 475 miles sse of cape hatteras nc,1,1,0.9897748
my beloved friend is doing godas work in puertorico right now hurricanemaria crytime keepgoing,0,1,0.1113091
comparto con ustedes mi columna con ustedes en the hill congress must fund puerto ricos new electrical grid,1,0,0.018181112
lee has a massive eye maria now a tropical storm not looking as healthy as it once did,0,1,0.9436625
many islands devastated by irma will get hit again by maria your forecast at 4 pm,1,1,0.9801807
dominica hurricanemaria first cases of anarchy receiving whatsapp messages reports sos security,1,1,0.45131052
11 pm update on hurricane maria hurricane warnings discontinued for pr,1,1,0.98356473
f you ao atca ed ta is afl house soyluna2 vuelvemdt3 hurricane maria middendrenthe,0,1,0.15210281
great puerto rico project solar energy presents a great opportunity for puerto rico prstrong,0,0,0.0065450203
puerto rico is so grateful thanks mr president,0,0,0.034150984
fuck all no wall no clinton arrest zero help for puerto rico,0,0,0.013036819
tofu section during harvey hit texas,1,1,0.9438124
tracking hurricane irma,1,1,0.80188257
exxonmobil us branded wholesale network teams up to provide harvey relief,1,1,0.8104458
statement attributable to the on the earthquake in iran humanrights,0,1,0.41476926
houston mayor pushes storm surge spine to protect city,1,1,0.9771417
storm harvey flood victims face displaced alligators,1,1,0.9883963
yalls president has a networth of 35 billion dollars but could only donate 1 mill to harvey victims,1,1,0.9209029
harvey james was born on this day,0,0,0.018857708
just in tornado warnings spike across florida via,1,1,0.95118845
house washed away by river during hurricanemaria sadly 5 people were taken dominica dauki dausa,0,1,0.9836052
hurricane maria takes aim at battered caribbean florida could be next,1,1,0.9861638
damn i forgot how much of a shitshow bernies puerto rico operation was,0,0,0.0506396
wells fargo building in downtown jax flooded during irma forcing the doors to close for a while,1,1,0.977458
harvey in any language volunteer translators for farsi arabic vietnamese answer thea call,1,1,0.08190887
hurricane irma millions fleeing storm could bring highways to halt,1,1,0.9866305
permitting fees for irmarelated repairs have been waived contact us to report hurricane damage to start the repa,1,1,0.90271187
savannahaos undergoing repairs after irma damage,1,1,0.9304197
investigations on image search on mexico earthquakehave ss debating over a caption lies or not,0,1,0.112222046
just saw the duke unc score has hurricane maria made it to chapel hill already unc starts the season 13,1,1,0.9113343
15 stark videos expose reality of california wildfires,1,1,0.8064677
buy a solar light amp spread the word lets light aguadilla puerto rico letslightaguadilla,0,1,0.9358037
first alert hurricane maria continues moving on northern track,1,1,0.9819093
lifeline animal project and atlanta humane society to hold postirma mega adoption event,1,1,0.3286264
please support my gofundme campaign,0,1,0.4411545
damage caused by hurricanemaria in roseau dominica strafpgetty images,1,1,0.96842974
because record floods just arent enough theres another couplet and tor warning harvey txwx,1,1,0.5414765
arirang news wildfires ravage california,1,1,0.82499284
help michael bailey amp his family recover from the california wildfires a signala boost,1,1,0.8754538
when all the meat thawed after irma,0,1,0.08402886
so hurricane harvey left a lot of dogs without homesmax just found onea12 aa12 aa12 a,0,1,0.746497
tornado watch cancelled for two counties,1,1,0.89676195
home from houston east texas needs a lot of help and time to recover you can help here,1,1,0.97623104
video of cu collecting donations for hurricane harvey cuboulder cubuffs boulder,1,1,0.9317192
navy marine corps providing aroundtheclock hurricane maria relief,1,1,0.98004717
langevin applauds passing of supplemental funding package for hurricane harvey relief,1,1,0.9548853
nofollowtwitter for iphonea,0,1,0.17375615
hurricane blame harvey amp irma punishment for trump amp gay mayor internet says,0,1,0.21526803
grand chandelier rocked by earthquake from the weather channel iphone app,0,1,0.48343134
glen cove park kemah texas houstonflood kemah texas hurricaneharvey,0,1,0.7389736
the local seismograph detected the iraniraq earthquake making the detector ringing for more than 12 minutes,0,1,0.8913599
bankrupt puerto rico set for fresh hit from hurricane irma,1,1,0.9221613
is serving victims of harvey emdayofservice might even help,1,1,0.9731663
hadley brown join forces to aid puerto rico,1,1,0.7712946
flooded cars could flood usedcar market irma harvey,0,1,0.9727011
congrates we are waiting of loon in india as well,0,1,0.07383453
flew through the very outer edge of hurricane mariaas cloud cover no desire to fly any closer,0,1,0.97627777
21 dead in catastrophic california wildfires,1,1,0.9664682
students raise 1000 for puerto rico by dressing down one day,0,1,0.30784962
travel simulation reveals what its like inside a tornado in the new simulation from,1,1,0.11485491
miami football resumes practice following hurricane irma canes,1,1,0.10475836
some new brunswickers are doing a really great job helping florida reconstruct from irma power restored to over 6a,1,1,0.79665995
tolls to be reinstated following irma,1,1,0.14498886
wet mora a12a uom,0,1,0.08398855
puerto ricos governor says island is on steady path to improvement after hurricane maria,1,1,0.84117335
linmanuel mirandas releases starstudded song for puerto rico,0,0,0.040341325
please consider donating if you can hurricaneharvey houstonstrong chartwells,1,1,0.7554555
as hurricane irma nears hospitals in floridas southernmost county are evacuating patients a,1,1,0.9880812
in addition to hurricane irma hurricanes katia and jose formed on wednesday,1,1,0.96904147
matches of the cup of mexico are postponed because of a powerful earthquake,0,1,0.38769656
if anyone can hear us help cry lost in the trump maelstrom,0,1,0.5217191
ilustradora joanna mora obtiene premio mundial en los gourmand word cookbook awards,0,0,0.019417431
a country torn to bits puerto rico,1,1,0.077422105
a painting of the hurricane irma chainsaw nun this acrylic pain painting,0,1,0.2598091
winstonsalem native back in nc from st thomas after irma,0,1,0.39020917
please note that fiu is not a dropoff site for donations how to help irma,0,1,0.5341733
a121 soldes a14oe sine mora ex nintendo switch a bonplan,0,0,0.01514602
vegasnewsnow hurricane harvey hits texas hard vegas,1,1,0.866907
winds from hurricane irma peeled away this stop sign at horizons elementary,1,1,0.96689844
from cajun navy to houston midwives zello is goto app for harvey rescues,1,1,0.86820436
demand for just recovery battles shock doctrine in puerto rico,0,1,0.6072956
festival gives boost to puerto rico for hurricane maria relief wmc5 gtgt,1,1,0.73571295
congratulations to our new missnewmexicousa ashley moraa12 1,0,0,0.01641487
mariana velasquez mora proud alumni of rennes school of business a14z8a14y4 rsbgrad,0,0,0.01970035
what a great organization is providing free propaganda tshirts and hats to the victims of hurricane maria,1,1,0.2645288
how the big tree got devastated and the small one untouched is beyond me luck of the draw or a tornado,1,1,0.16006666
puerto ricoas coffee industry 6 weeks on,0,1,0.24347317
hurricaneharvey by the numbers according to houstonstrong wfaa more,0,1,0.4218887
high confidence that hurricane maria wont affect south carolina,1,1,0.9275709
irans mullah regime imposes new measures to quell earthquake victims,1,1,0.43732768
icymi earthquake aftershocks shake iraqiran border,1,1,0.9453238
when she says shes going to puerto rico with her friends,0,0,0.03475759
we just had a hurricane just hits florida big bad irma,1,1,0.8886022
survivors of mexico citys earthquake land in las vegas with stories of horror and heroics,1,1,0.18633573
hero alert please share a1414da12s8a motorcycle,0,1,0.07909296
view from bridge into orange from bridge city lots of neighborhoods still flooded out setxnews harvey,1,1,0.9082953
ppr volunteers jill amp kimberly at parc pet suites are caring for hurricane irma dogs that continue to arrivea,1,1,0.94326323
saw so much of this before during and after irma amazing people,0,1,0.50102264
56 magnitude undersea earthquake off chiapas mexico,1,1,0.6848224
puerto rico has incomparable beautiful beaches do you agree prstrong isladelencanto islabendita,0,0,0.02730651
irma nfl 0 to wish tysonpedro a happy birthday ufcpittsburgh ufc september 17 2017,0,0,0.0132152205
damn nature you scary 8 irma,0,0,0.022454081
prayers for those who suffering the natural disaster in iran e7 and iraq e6 f earthquake,0,1,0.51458126
florida keys reopens for residents to assess damage after hurricane irma,1,1,0.9856849
aerial view of a damaged road caused by a landslide in barranquitas puerto rico fema,1,1,0.9836272
lularoe irma and leggings lularoe jamie bigley lularoe lularoeleggings llr lulaaddict howiroe,0,0,0.025628496
328 die as massive earthquake hit kermanshah province of iran along iraq border iran,1,1,0.9834047
frank lopez on puerto rico toxic water amp fema candy,1,1,0.25270277
a week after irma puerto rico faces far worse from maria ai miami herald,1,1,0.7917553
people seek tents for temporary housing and breathing mask after mexicoearthquake,1,1,0.97267175
hurricane harvey unites a 083117 video,1,1,0.77137804
sharapova puig to bring supplies to hurricanehit puerto rico,1,1,0.4142894
financiallystrapped puerto rico faces hurricane maria after 1 billion hit by irma,1,1,0.90732145
oped philadelphians provide ten helping hands for relief work in puerto rico,1,1,0.9122215
puerto rico sees scores of college students leave in hurricanes aftermath college,1,1,0.61633855
a week after irma caribbean devastation is laid bare hurricaneirma environment,1,1,0.9574341
here are two ways to support mexicoearthquake survivors 1 prayformexico 2 donate,1,1,0.93998176
thehuffingtonposthurricane maria slams into puerto rico,0,1,0.15677625
the 2017 iraniraq earthquake from sentinel1 copenricus sentinel data esa snap,1,1,0.6956776
dog rescued from earthquake in mexico city xinhuaalamy,1,1,0.80263853
mastercard lends support 2 flood relief efforts in srilanka,1,1,0.97654265
radar indicated tornado in nw osceola co over west lake toho moving west 35 mph take shelter if here or near by,1,1,0.9751917
new artwork for sale fort san juan puerto rico,0,0,0.021134295
san diegans helping california wildfire victims sandiego,1,1,0.9100895
harvey aid tax reform lead busy congressional todo list nbc news,0,1,0.61995953
hurricane harvey airline flies plane of abandoned animals out of texas to safety,1,1,0.988472
five of 32 first coast bank of america branches open postirma,1,1,0.8268285
harveys unlikely hero meteorologist jeff linder fakenews propaganda,0,1,0.21976067
another successful trip to puerto rico to deliver much needed medical amp other aid bstrongglobalbetter wedobetter,1,1,0.7977979
harveyas canada coupons chicken wrap amp drink for just 749,0,0,0.017341364
and arrived in puerto rico this morning to deliver life saving supplies wedobetter,1,1,0.9095381
help adlcrc make a difference in puerto rico,0,1,0.08693606
iraniraq border earthquake death toll tops 200 officials say,1,1,0.95496804
guys new article out nowa126a126a126link is in the bio a14 3a14 3a14da14ea14fa12yai a1412di a12s8 was harvey and irma really disasters foodforthought,1,0,0.018993678
pm of israel more why did israel offer medical aid to victims of the earthquake on the,1,1,0.9517265
harvey destroyed dairy treet im officially pissed2,1,1,0.22449046
countdown to hurricane irma from orlando florida the lancescurv show,1,1,0.7196644
breaking tornado warning for lantana rd south to boca raton besafe,1,1,0.9368524
media confirmations about wildfires in california predicted by clairvoyant dimitrinkaa,0,1,0.26272964
finally garnidelia speedstar mora hires,0,0,0.03105053
tree down in nw hillshurricaneharvey,1,1,0.59192383
starting on on discussing irma and clean up after harvey congress and the debt ceiling,0,1,0.72948545
houston one week on relief religion recovery in pictures,0,1,0.9720371
emergencymanager resigns in puertorico army ends its mission head,0,1,0.7822405
f1 force india driver sergio perez donated three million pesos to victims of the earthquake in his native mexico,0,0,0.030435348
shes a tornado with pretty eyes and an invincible heartbeat a,0,0,0.027535127
video shows flood waters from hurricane maria rush down street,1,1,0.9714391
linmanuel miranda is not throwing away his shot will reprise lead role in hamilton fora,0,0,0.023438983
hurricane irma a practically impossible storm,1,1,0.8916498
california couple hid in pool as deadly wildfires swallowed everything around themgtgt,1,1,0.8961933
irma hits cotton in southeast especially in georgia,1,1,0.8756679
santa rosa pd nuns fire rapidly approaches oakmont residents must leave now,1,1,0.96570456
hurricane maria eye nears turks and caicos islands news world media,1,1,0.9856688
kempa mens tornado xl handball shoes white wei weimarinefluo grn 02 size 48 eu 13,0,1,0.10947963
pets orphaned by hurricane harvey headed to san diego the san diego uniontribune,1,1,0.9678523
james harvey cameron sentenced to 11 years in jail,0,1,0.2371032
watching for some coastal storm surge but not as bad as matthew gusty amp tornado threat higher here,0,1,0.9765609
crews to return today after helping with irma recovery in georgia vt,1,1,0.9847823
canadian cargo plane sent to texas to aid posthurricane harvey relief effort,1,1,0.972946
raymond james supports its associates and communities impacted by hurricanes harvey and irmaa,1,1,0.84718513
covering the army corps of engineers efforts to save the gujataca dam in puerto rico,1,1,0.9520363
california fires how this picture of a cat sums up the horror of wildfires sweepinga usa,1,1,0.6137336
wait wasnt mexico city suffered from an earthquake last week just asking,0,1,0.5061431
jennifer lopez and alex rodriguez raise 26m for puerto rico relief efforts christian post,1,1,0.123040155
follow me linmanuel miranda to return to a hamiltona role in puerto rico followforfollow,0,0,0.04979617
irmas devastating impact on caribbean islands nbc news,1,1,0.95190376
are irma and harvey godaos punishment for electing trump,0,1,0.5553239
modular expandable office unit is a clean and modern environment i irma,0,1,0.1217117
what will maria do after punishing puerto rico find out more in the latest tropical update,1,1,0.7221991
magnitude 61 aftershock hits mexico as search for people and pets continues a a1a 2a,1,1,0.98556966
iraq strong earthquake hits iraqiran border area six killed in iran humanitarian newzealand auckland,1,1,0.95996743
my hubby is at today on the column of harvey schachter business influencers,0,0,0.023137145
the waters in irmas path are 88 degrees thats like a hot tub of fuel for a category 5 storm,1,1,0.96565884
my administrators are the best 7 goodbye irma we are back in business 0dbd8,1,0,0.009159763
moore church dedicates new sanctuary 14 years after being destroyed in tornado,1,1,0.855618
words cant describe how grateful we are for the hard work amp generosity of those who responded to our plea for clea,1,1,0.8731252
while most were worried about storm surge from hurricaneirma many actually witnessed waters recedinga,1,1,0.8890478
modular homes match the quality and appearance of traditional stickbuilt houses irmaa,0,1,0.70530146
icymi mississippi natl guard helps with hurricane harvey response,1,1,0.96868896
dollar stabilises after selloff focus on north korea hurricane irma,0,1,0.8462322
time for me to visit saydrith mora home of the telvanni mages and their slaves,0,0,0.010583233
in puerto rico can you upgrade your taps to the ones that are in toronto more durable and strong,0,1,0.087938204
heres a close up look at the forecast track of maria thru friday staying a major hurricane,1,1,0.95708895
labrador helping mexicoas earthquake efforts earns presidential thanks,0,1,0.80863905
high school football returns this week in broward after hurricane irma,0,1,0.97489387
california basically on fire internet 90s mc donalds saaauuuuuce,0,1,0.53178614
mora builds on its 126year heritage with a new drive in the uk outdoor industry news,0,1,0.060088746
feds team with texas to provide postharvey relief,1,1,0.80907524
north east india worst hit by cyclone mora,1,1,0.96968025
how east coast dudes look making fun of hurricane harvey while irma is coming for them,1,1,0.9263265
networks join forces for hurricane harvey telethon featuring george clooney beyonce others,1,1,0.6849713
hes shaking peoples hands and then preparing food trump harvey houston,0,1,0.16092092
mexico earthquake prophecy fulfilled official video,0,1,0.22054297
puerto rican menas volleyball championship canceled due to hurricane maria,1,0,0.051313326
mexico revokes permits of schools that collapsed ina earthquake,1,1,0.8125347
viequeslove raises nearly 900000 in hurricane maria assistance,1,1,0.91819334
a ray of hope tesla brings solarpower to childrens hospital in puerto rico solar,1,1,0.7231894
california wildfire by bachirbadaoui1 photography beautiful,0,1,0.12083897
new texas law amid harvey eases home insurer penalties on damage claims,1,1,0.8966001
red flag warnings today october 22 in california nebraska kansas and colorado wildfires,0,1,0.8845641
irma gonna getchya is all smiles in fairbanks ak get the entire weeks geek in review here,0,0,0.02162854
all wet resist harvey presidential,0,1,0.19032286
together we are stronger strongertogether hurricanemaria here is how you can help,1,1,0.8962071
beyonca and her mom eat at their favorite houston spot after serving meals to harveya,0,0,0.022541096
dtmag secshulkin provides an update on harvey recovery efforts,1,1,0.7906063
adventist review online adventist relief personnel mobilize to help earthquake victims,1,1,0.9011627
twitter erupts after iraniraq earthquake,0,1,0.29766032
cyclone mora hits bangladesh destroys refugee homes news dw 30052017,1,1,0.9779187
what a great welcome back to work after hurricane irma by of course no notifications for the huge delay,1,1,0.20570743
president trump says he will travel to stormravaged puerto rico next tuesday,0,1,0.13606218
satellite images show harveys impact on texas towns,1,1,0.9648837
california fire crew gain control damage could reach a 3b,1,1,0.9839295
irma and harvey trump man nothing could save this ye,0,0,0.05436734
600 celebrities tweet your puberme for puerto rico relief lssc,1,0,0.036930107
irma nfl and its only halftime 1 gopats nevsno via twitter,0,0,0.015391804
mlb baseball melvin mora bobblehead baltimore orioles sga with box,0,0,0.01253741
mexico earthquake forces postponement of clasico nacional a soccer,0,1,0.10118719
breaking red cross to relaunch harvey assistance site on sept 21,0,1,0.9702681
no power from irma but this raised our spirits from lgm seeyounextspring,1,1,0.92580754
wildfires continue to burn across california oregon and utah,1,1,0.9671864
tornado damage canton fruitvale tx 43017 drone 000157,1,1,0.8172939
sensational alex harvey band livepenthouse tapes a699 arrived in stock see,0,0,0.026828477
puerto rico will rise again,0,1,0.15752645
reporting from houston on hurricaneharvey great job and please be safe,1,1,0.9261288
read more on how delivering good is helping harvey victims,1,1,0.96620065
10 benefit shows you can attend to stand with victims of the mexico earthquake,1,1,0.78778195
they are taking away early release days because of irma,0,1,0.8421036
we cant forget the victims of harvey amp irma their path was destructive staystrong,1,1,0.85745364
here are key messages for hurricane irma from flwx flkeys keywest,1,1,0.94774604
on hurricane irma aftermath news duty today for miami herald,1,1,0.97000533
were all feeling puerto ricos pain tweets and social posts from disasters change how we help breaking,1,0,0.053476352
deadly hurricane irma leaves hundreds of thousands without power in puerto rico,1,1,0.9848171
gary ferman column team needs to regain edge after hurricane irma,1,1,0.8952031
the navy has been gearing up to help respond to hurricane irma,1,1,0.95053744
photo of cop carrying woman baby through harvey floodwaters goes viral,1,1,0.92306125
1 week after irma and walmart still cleared out,1,1,0.7867538
sunearthquake model matches m81 in mexico,1,1,0.10803458
aect president amp ceo julia rathgeber discussing hurricane harvey response with legislative staff txlege,1,1,0.06956677
california wildfires wow what a crazy month in the states,0,1,0.08779445
man who killed ex before harvey knew exactly what he was doing,0,0,0.023401236
help us support puerto rico 1116 you can win a shoveit snow sleeve among other cool prizes maria,0,1,0.23876397
puerto rico part ii national grid and tesla team up to solve nantucket islands energy woes,0,0,0.04880798
mexico city earthquake cristiano ronaldo and top clubs lead tributes to victims of disaster,0,0,0.015904855
mora companion get the point,0,0,0.016123217
does the us honestly expect puerto rico to reimburse them for whitefishas outrageous rates,0,0,0.0150703285
one restaurant donated 3000 falafel sandwiches to the earthquake victims kermanshah iran,1,1,0.8398972
a12c yasss its time for livemes show magaaa a1439a340a1439moraa12b,0,0,0.017588397
caughtoncamera amp write new song for hurricane harvey relief,0,1,0.19530731
kim kardashian showcases sexy looks in vogue mexico cover shoot and makes a plea to help earthquake victims,0,0,0.033323996
a horrific time in puerto rico and the caribbean generally,0,0,0.023961144
underweight and overweight mainly overweight v high in central america data from alberto mora,0,1,0.06982608
did i use the wrong hashtag ayto jeugdzorg bergen2017 hurricane maria paulo freire,0,0,0.033814695
dozens of employees members lose home in california wildfires,1,1,0.9284227
arescuers save dog trapped under rubble after mexicoas earthquakea a121a14y2a14yd,1,1,0.95069504
lebron and the cavs may be sounding like jim mora soon i just hope we can win a game nbafinals2017,0,0,0.0074609825
harvey katia irma jose our planet is screaming for help 2e,1,1,0.9605897
aphrodite born on the waves antonio mora photography,0,0,0.020513685
because the mississippi delta was my home for 10 days while outrunning hurricane irma,0,1,0.69534975
chickfila manager organizes jet ski rescue for harvey victims,1,1,0.9325702
puerto rico was dope last nightstorm,0,0,0.02709439
hurricane irma might not have gotten us but we got a whole new storm thats about to destroy us,1,1,0.980988
florida man dies in police custody after violating irma curfew,0,1,0.6749293
hurricane irma gov deal expands state of emergency to all georgia,1,1,0.979329
quick someone find mike ross harvey needs the talk help him mike quickly darvey,0,1,0.4266105
irma nfl frank gore is in for the colts touchdown colts azvsind via twittera,0,0,0.018587189
what i learned from hurricaneirma or rather what i didnt know before it tuesdaythoughts,0,1,0.09155523
last of the irma rations until next time,0,0,0.047068328
their fault for not whipping out their own hurricane and kicking marias ass s puertorico lasvegas,1,0,0.021888524
small tornadoes unfortunately are part of tropical systems currently six tornado warnings are in effect in fl,1,1,0.98485863
this man cares nothing about puerto rico,0,0,0.011660685
mora impact port city sees heavy rain waterlogging tisnews click link,1,1,0.7587961
most mexico city museums have reopened,0,1,0.18687057
sentedcruz sbasouthcentral individual sba disaster loan assist now available harvey portaransas 8006,1,1,0.80690914
hurricane irma would stretch from san francisco to los angeles 3,1,1,0.86913925
maria is now a category 2 hurricane as it approaches the leeward islands track has it taking a more northerly roua,1,1,0.9334096
watch cnn ignore hurricaneharvey to keep complaining about trump,0,1,0.60063946
treasure coast family recounts vacation in the caribbean during irma,1,1,0.94210494
impressive thermal image of hurricanea maria,1,1,0.22928675
nana tornado at afia schwaras house celebrating her yawa of week lol animguaasea wakekeeping,0,1,0.5118798
hey your bio is redundant puerto ricous youare welcome,0,0,0.008816491
my fuji gotten to lean on everything in puerto rico lvpr16 lamblas,0,0,0.03606148
happy birthday to carlos moras biological son and brother chris gonzalez,0,0,0.0056674406
military mission to help puerto rico contact me for details you are not alone,1,1,0.89460516
rutgers chabad helping puertoa rico,1,1,0.6908269
dropoff centers throughout valley collecting items for puerto rico,1,1,0.8652804
a huge crane just collapsed on top of building in down town miami irma,1,1,0.9323144
stormtech ii hurricane maria edition,0,1,0.68282837
hurricane irma dislocated worker program,1,1,0.8874533
i just liked this song the wind by pj harvey musicmedicine playlist,0,0,0.012285218
crews fanned out across dekalb county today to assess damage to homes businesses left by irma has thea,1,1,0.9840439
irma update free roof help available,1,1,0.9387761
there is a lot of good info in here hurricaneirma irma scwx,1,1,0.83330566
watch 2 men film their narrow escape from raging california wildfire heatwave wildfires,0,1,0.7483309
minn women caught in california wildfires are home safe looking to help,1,1,0.9469914
selena gomez tears up talking about hurricane harvey victims via instyle celebrity entertainment lifestyle,1,1,0.4770632
this is what hurricane harvey will mean for trucking,1,1,0.86909163
on this day in 1991 a fire swept through oakland california burning thousands of homes tbt ccltbt,1,1,0.9146457
how the california wildfires will ravage the weed economy,1,1,0.9479432
puerto rico got leveled by hurricane maria and all i got was this lousy tshirt from cnn,0,1,0.094316565
usatoday raw over 400 known dead in iran earthquake,1,1,0.6707941
couldnt be happier to help those who were impacted by hurricane harvey 7,1,1,0.94231933
ucla head coach jim mora and db coach demetrice martin watching at the bruin elite camp,0,0,0.008794467
and i wouldnt drink from this if it were the only water on puerto rico staples,0,0,0.016352542
from hurricane watches will likely be issued for parts of fl today irma,1,1,0.96068686
hurricane maria downgraded to a category 2 storm here is the 5 pm advisory,1,1,0.9835398
puerto ricos massive blackout underscores islands fragile electrical system,1,1,0.65445256
interesting day volunteering for the red cross houstonstrong harvey logistics irmahurricane a121a121a121a121,1,1,0.66622275
3 jawdropping videos from the california wildfires,1,1,0.3275285
california woman stole from fire evacuees in santaa rosa,0,1,0.9049901
irs disaster relief info for hurricane maria available,1,1,0.9741552
pay con mora 3,0,0,0.017002063
earthquake swarming continues near yellowstone popocatapetl volcano erupts in mexico,1,1,0.89561474
nancy pelosi demands probe into montana firmas a highly suspecta contract to repaira,0,0,0.020726
news lata reassures visitors to mexico following huge earthquake,1,1,0.0898613
when i say sko you say mora sko,0,0,0.007876592
thehill fema chief harvey should be a wake up call to states to fully fund emergency management a,1,1,0.68017775
puerto rico is still in emergency mode hope of improvement is fading,1,1,0.8308211
diehard cyclist rides bike through hurricane irma,1,1,0.8723679
money irma business bull market loses this particular wind at its back via gadfly ai ba,0,1,0.06162022
marcus luttrell texas residents helping world war ii vet rebuild home hit by harvey for 100th birthday,1,1,0.9686631
did i fail in helping a harvey evacuee hcldr pinksocks a122,0,1,0.1322572
byeharvey i do feel for anyone named harvey right now though,0,1,0.22146593
apuerto ricos posthurricane recovery efforts have been largely a grassroots impulsea,1,1,0.5692987
centralfinance provided medicine for the flood affected communities floodsl,1,1,0.9571038
firefighters gain ground on california wildfires theresistance will maga follow,1,1,0.9503676
rescue workers continue to search through rubble following earthquake in iran and iraq,1,1,0.9880817
a modular home is not a mobile home it is simply a home that is built offsite as opposed to onsite irmaa,0,1,0.8538806
just liked sangre gitana y mora by lole y manuel,0,0,0.009250604
world leaders offer condolences to iran and earthquake survivors,1,1,0.6276809
blackedout puerto rico makes a longshot pitch for amazons hq2,0,0,0.036555767
a12c yasss its time for a great show a12bgabmaleno a12bhelping harvey amp i,0,0,0.012732835
while he insults them from a golf resort his second golf vacation since hurricane maria hit,0,1,0.5116324
steve harveys 6th grade teacher doubted him and he didnt forget it,0,1,0.10940278
this is why its so difficult to get supplies across puerto rico all major highways are blocked by utility poles,1,1,0.8798066
get your irma relief blowjob tshirt to help us rebuild in the spirit of george carlin at,1,1,0.9499904
wildfires in californiaas winelands economy finnacial,1,1,0.6946691
all clear issued for the turksandcaicos islands by hurricane maria recovery underway cometogether a14y9a14z8,1,1,0.8225536
whats happening harvey damage testing texas infrastructure,1,1,0.9721705
a why morataas move to manchester united is not done yetaa agent,0,0,0.031867515
the mets 6179 nimmo goes deep twice as harvey beats the reds 6180 72 this evening at citi field,0,0,0.0070473696
just in readout of briefing on hurricanes harvey and irma,1,1,0.7996512
news boris johnson calls for greater cooperation in wake of hurricane irma,1,1,0.79200083
hurricane harveys impact on the us oil industry,1,1,0.90065753
lessons from hurricane irma we need to embrace science and address outdated infrastructure irma study science,1,1,0.9069376
our furry friend safely returned home after boarding with us during hurricane irma chestercounty vetlife,1,1,0.90772295
flood damage 8 problems to watch out for harvey propertydamage,1,1,0.92975837
lpd officers return from harvey disaster relief,1,1,0.940136
storm clouds near the area under a tornado warning in st lucie county,1,1,0.99057394
hurricane maria crushed puerto rico farms this activist wants to grow resilience through,1,1,0.9836768
texasstrong harvey aid debt on todo list as congress gets back to work houstonproud,1,1,0.909758
amazing dogs help rescuers in mexico earthquake,1,1,0.9244679
abbreviated pundit roundup puerto rico is still there,0,0,0.05377615
icymi asks for 2nd collection for irma needs in us parishes this weekend,1,1,0.8959666
dear harvey specter wake the hell up now seriouslynow darvey suits,0,0,0.014377057
from space hurricane irma looks like a superstorm from another planet,1,1,0.6871976
made it clear that there isnt a policy dictating leave from natural disaster like irma,1,1,0.7491933
the latest irma news usa headline 0 by,1,1,0.4467755
lee harvey leyton orient lofc great player,0,0,0.030719018
im done being politically correct,0,0,0.043200064
scotx issues emerg order suspending dismissal deadline in cps cases where judge finds harvey precluded compliance,0,0,0.014254041
smoke smolders from a wildfireravaged home in sonoma california marcio jose sanchezap photo,1,0,0.031508505
cleanup begins in puerto rico where landfills are already filled to capacity,0,1,0.8659232
51617 mclean tx to elk city ok tornadohail,1,1,0.22392713
iraniraq earthquake 450 dead 7000 injured as iranian rescue missions wind down,1,1,0.9820873
israelis report feeling iran earthquake no local injuries or damage,1,1,0.9315122
navy delivers supplies to mexico hours after deadly earthquake,1,1,0.9735425
florida irma evacuee wins 10k in nc lottery,0,1,0.11744076
power lines and electrical equipment are a leading cause of california wildfires,1,1,0.97245693
clouds from tropical storm maria lucky its not coming any closer 9,1,1,0.981299
hosa members collecting blood for hurricane harvey and irma victims,1,1,0.96572167
tropical storm harvey set to hit us motorists at the pumpa a financial times tropicala via,1,1,0.98111683
these women dressed up and were among dozens of volunteers running kids activities in a park mexicoearthquake,0,1,0.843075
my ideal holiday sunny floridafortunately this area suffered very little damage from irma,0,1,0.75346655
remarks by vice president mike pence after briefing on california wildfires,1,1,0.10244212
devastating earthquake in iran has civilians begging for help ciaravinoecon,1,1,0.9257544
scdoc director bryan sterling says will recruit corrections officers in puerto rico,0,0,0.04082729
sat fam 20 homes cleared amp 60k meals prepd 4 harvey affected ppl texasstrong jesusstrong,1,1,0.93080664
clive smith no sympathy for those tax exiles hit by hurricane irmaa columnistsa,1,1,0.75358033
rihanna educates donaldtrump on the puertorico hurricanemaria crisis,0,1,0.6006352
watch houston caught in crosshairs of harvey read more abc rain storm,0,1,0.95101136
its so sad to hear about the families in iran iraq has lost so many people doing a earthquake f,1,1,0.62195474
tornado watch now in effect through noon sunday,1,1,0.9806076
yes tasted new tequila but this is more important theyre taking hurricaneharvey,0,0,0.04171696
bumper to bumper traffic in to beaumontnormally not backed up here in lumberton harvey,0,1,0.19399995
hurricane maria live updates catastrophic flooding in puerto rico,1,1,0.9812898
st augustine bed amp breakfast picking up the pieces after hurricane irma,0,1,0.85784596
tx gop delegation on harvey relief,1,1,0.76394725
firefighters gain edge in battle with deadly california blazes usnews usrc,1,1,0.98182523
hurricane harvey update from klein isd superintendent bret champion,1,1,0.24293143
amazing photo of neighborhood postwildfire from,1,1,0.3957833
looking into joses eye in awe of natures power stay safe everyone irma katia vitamission,1,1,0.8398781
thousands still without power this morning 1 week after irmalatest were hearing from the power companies livea,1,1,0.92985195
hurricane harvey rescue dogs looking for new homes in connecticut,1,1,0.9889627
just another tornado flooding kinda day,1,1,0.8426415
in harveyas wake will abbott still deny climatea change,1,1,0.13520929
hurricane mariaabout 400 miles se of ncis weakening some tonight no direct landfall expected for us coast,1,1,0.99016005
metallica has lined up a benefit gig for the california wildfires awe hope youall join us on november 9 a348,1,1,0.2641067
hurricane maria has redeveloped an eye it is now getting better organized,1,1,0.8757193
asking austinites to donate toys for harvey evacuees,1,1,0.76292175
cyclone mora hits mizoram damages houses triggers landslides,1,1,0.9636396
together for mexico fundraising event for mexicos earthquake victims join us october 1 vancouver bc,0,1,0.89135206
hands of hope foundation extends irmaharvey relief aid project,1,1,0.9484612
52013 moore ok ef5 tornado,1,1,0.27403206
hushed crews listen for survivors after mexico earthquake toll tops 200,1,1,0.9749395
rescuers search rubble as dawn breaks in mexico city earthquake toll hits 217,1,1,0.9788912
a benefit concert in savannah ga to help those effected by hurricane irma on september 24th starting at 6pm,1,1,0.90578675
hellacious hurricane maria earthcastsos,1,1,0.7354827
bay area residents rallied in oakland to demand aid for puerto rico,0,1,0.9360491
harveyrelated scams on the rise guns 2a,0,1,0.4464199
a doctor who survived katrina now tends victims of harvey,1,1,0.9336853
mainline establishes fund with feeding florida to aid hurricane irma victims,1,1,0.9571682
subsistence helps send aid to mexico earthquake victims,1,1,0.9551138
puerto rico knows whats what ht fipi lele,0,0,0.014057888
cut puerto rico loose wallow in your deliberate fiscal hell,0,1,0.072377
money irma business an 18500 home bar for the most aspirational of cocktail makers,1,0,0.010235667
nh donation drive for puerto rico exceeds expectations,1,1,0.44172946
1 messages of solidarity from mexico to irans earthquake victims in seeyouiniran,0,1,0.8242143
lessons learned from irma via psychology hurricaneirma goodreads,1,1,0.21057554
two confirmed drowning deaths from harvey in fort bend county deputies say,1,1,0.9747711
thank you to roxburyct for collecting donations to help danburyct help danburytx harveyrelief hurricaneharvey,1,1,0.92448944
moron trump will do this when he visits fire ravaged california,0,1,0.20844558
aoe tala hunter renfroe wildplassen dna20m hurricane maria sean spicer,0,1,0.33262286
style nike air 323085164 puerto rico jordan size 9,0,0,0.014726746
teaching saturday nov 11 at 4pm in bmore 10 all proceeds go to those impacted by the hurricane in puerto rico,1,1,0.9460073
6th grade maryland student collects 3000 cases of drinking water for puerto rico,1,1,0.8408964
we did it home in ct roadwarriors texasaftproud hurricaneharvey,0,1,0.30488726
florida had its flag with irma texas had its flag with harvey,1,1,0.51346934
the effects of harvey,1,1,0.6514432
mora 740 mg fixed blade bushcraft knife review,0,0,0.014012254
surprised by this preirma only 8 cat 3 hurricanes had tracked win 75 mi of ctrl puerto rico in noaa databasea,1,0,0.009745146
business a puerto rico is one of the worldas biggest centers for pharmaceutical manufacturing,0,0,0.03288242
irma displaces worlds best quant now hes on a climate mission,0,0,0.03557052
category 3 major hurricane maria continues to track nnw some uncertainty in track beyond tuesday,1,1,0.9798211
a serene environment and a fierce ride photo by adrian mora maroto ds5 dsperformanceline,0,0,0.029701209
scattered covered and irmad,0,1,0.37392914
dark goddess antonio mora,0,0,0.0330771
news wrap trump signs 15 billion hurricane harvey relief bill uspolitics via,1,1,0.60309047
hey puerto rico here are some paper towels oh by the way you screwed up our budget,0,0,0.0064031933
aau news hurrican harvey amp irma updates aau sports youthsports weareaau,1,1,0.4029602
frustration mounts over puerto ricos new normal as federal troops leave the island,1,1,0.35671517
donates 100k to mexico earthquake relief gtgtgt etalk,1,1,0.8950306
pr ham radio update hamradio huracanmaria hurricanemaria,1,1,0.2738096
weird during irma an earthquake hit mexico and now during maria it happens again coincedense does this maka,1,1,0.61979604
sorry to see the round barn in santa rosa destroyed by fire,1,1,0.7780334
what katrina can teach us about disrupted cardiac care after hurricane harvey ahanews,1,1,0.97574514
death toll from harvey surpasses 60,1,1,0.86744684
hurricane harvey 5 die in floodwaters while hundreds rescued from flood areas,1,1,0.99297297
nfl star goes above and beyond for victims of harvey in amazing gesture,1,1,0.058210097
hundreds leave homes near dangerously crumbling puerto rico dam,1,1,0.90614367
steve harvey cant come to the phone right now why oh cause hes dead,0,0,0.014627034
my whole worlda12fa12fa12fa12f you are best actor in whole the world mora saiyaaa superstar,0,0,0.015269278
day 4 clearing the backyard part 2 taking the deck to the pile hurricaneharvey cleanup aftermath,1,1,0.9246674
money irma business lawmakers subpoena new jersey transit over railsafety project,0,0,0.011446
toxic plant may have sprung undisclosed leak during hurricane harvey,1,1,0.92430216
mountains of aid are languishing on the docks in puerto rico,1,1,0.39276636
volunteers filling semi trailer for mexico earthquake relief,0,1,0.9618289
mexico still open for tourists travelnews mexico earthquake tourism,0,1,0.15818915
hurricane irma forces cancelation of miami at arkansas state with no makeup date,1,1,0.8234101
information for canadian and us citizens affected by mexicoa earthquake,1,1,0.5946726
nasa satellites capture breadth of northern california wildfires,1,1,0.5283093
economic impact from harvey irma likely to be shortlived,1,1,0.89882684
praying for the devastated rain forest 3 of puerto rico 57 f the only rain forest in america a,1,1,0.9310669
unitednations appeals for more resources for floodhit srilanka,1,1,0.7663417
can puerto rico be the model for a renewablespowered energy system business,0,1,0.20998825
follow this list of trusted accounts for uptodate information as irma unfolds,1,1,0.06890903
playa team joined red cross mexico to help sort amp package donations for the earthquake victims gvitravel gviplaya,1,1,0.89952284
worcester state sga joins in puerto rico disaster relief effort woostate news,1,1,0.7625506
this is quite frankly the only reason i watch instagram stories rn i live for harvey the calf updates,0,0,0.007031084
swimming not advised at collier co beaches today there is possible bacterial contamination flwx swfl yuck irma,1,1,0.83088243
new fire danger threatens to worsen most disastrous wildfire season in california historya,1,1,0.96960473
donald porter as larry mason looks like lee harvey oswald 711oceandrive noiralley darknessatnoon,0,0,0.03286829
so this song just reminds me of hurricane irma that just happened,0,0,0.049018458
seawalls across swfl crumbling in wake of irma,1,1,0.6799688
fuente de las nereidas fountain of the nymphs1903 by argentine pioneering sculptor lola mora womensart,0,0,0.016272422
california is obviously shaking the ring of fire is restless,1,1,0.29114464
program to issue id cards to flood victims read more lka srilanka,1,1,0.91967607
miami florida right now irma,1,1,0.47166863
as california burns trump displays little interest,1,1,0.05686755
cash donations can be made at mampt banks hurricanemariarelieffund,1,1,0.867078
on fire just like california gayfever,0,1,0.15535842
hurricane harvey texas electricity update ercot,1,1,0.9755906
hurricane marias aftermath photos reveal devastation on caribbean islands science,1,1,0.98674077
toxic sites hit by harvey threaten texans,1,1,0.9265206
we have your back john velazquez help as much as you can with hurricane maria relief ai,0,1,0.6807519
puerto rico gets aid from waterstep future efforts in the works,1,1,0.78535986
returning savannah evacuee gives birth in hardeeville irma,0,1,0.28090796
disaster management officials visit cyclone mora affected areas,1,1,0.97448564
iraniraq earthquake rouhani vows action over collapsed buildings,0,1,0.8999845
fhsaa launches web portal to coordinate sports aid to schools after irma,1,1,0.9607158
great coverage on the struggles still going on in puerto rico,1,1,0.21051611
irma nfl texans release wr jaelen strong via jamespalmertv,0,1,0.1066477
the aftermath of the moral and social bankruptcy orchestrated in the bbnaijaa show,0,0,0.04328453
map of 2017pueblamexicoearthquake,0,1,0.3383628
recovery timing from irma and harvey will differ for business homeowners,1,1,0.7027836
irma pummels cuban economy cuba standard your best source for cuban business news,1,1,0.17626864
earthquake gfz m 39 gulf of mexico forecast,0,1,0.46558675
palm trees have very little left on them sanjuan puertorico hurricanemaria cnn,1,1,0.9559947
prayers for the millions people affected by the powerful earthquake in mexico a12aa14y2a14ydai mexicofuerte mexicocity,0,1,0.8805365
no aessential oilsa will not clear the california fire smoke out of your air mother jones,0,0,0.043177314
a massive earthquake struck mexico yesterday if youre interested to help please contact me,1,1,0.9589634
hurricane maria two naval mines wash up on north carolina beaches,1,1,0.98802805
hurricane harvey diss freestyle by michael white underground texas hip hop,0,1,0.41814134
after over two weeks in darkness after harvey light is finally returning to port aransas,1,1,0.9740349
texans are unstoppable houstonstrong texasstrong harvey harveyrecovery sundaymorning americans a14yaa14y8a,0,1,0.6578088
suzana peric fashion show the mora smoothie,0,0,0.015059411
local residentas a hurricane magneta family impacted by harvey irma arlingtonva,1,1,0.9568825
animals colorado rescue groups to open doors for harvey animals fox31 denver,1,1,0.9777544
irmas winds ripped down many of our millennium signs and damaged a few locations please pardon our appearance as,1,1,0.98668796
vegetation fire burns at least 30 acres ina dublin,1,1,0.81903964
i like to wake up to good news this is not it irma stcroix,1,1,0.4649189
oregon strike teams return home from battling wildfires in california liveonk2,1,1,0.9565893
firefighters quickly contain clifftop brush fire sf,1,1,0.85937124
puerto rico utility regulators push back on feds in new court filing,1,0,0.02750762
had a blast djing larisalove salon in benefit of hurricaneharvey a12s4ai,0,1,0.25040776
maria wind whipping up in anguilla living on hope irma,1,1,0.9738545
talks to our exec committee about state rebuild from harvey amp prep for future storms,1,1,0.70468074
us economy hit by harvey sky news australia econ,1,1,0.88908917
aflac and tsys give to hurricane harvey relief others urged to help,1,1,0.9497639
after mexico earthquake bike brigade delivers muchnee muchnee news,0,1,0.6658894
the 500year storm quantifying marias destruction smart cities dive,1,1,0.7156473
central california sunset tonight lots of wildfire smoke to punch up the color pallet,0,0,0.04724323
follow me donald trump iran earthquake nfl your monday briefing followforfollow,1,0,0.024323387
michigan state volleyball to only play one match in florida due to hurricane irma,1,0,0.047102112
maria has been a hurricane for six days now could be around 6 more,1,1,0.9613723
arkansas national guard assists in response of hurricane harvey watch now a129,1,1,0.984565
civil air patrol illinois wing to help survey damage from hurricane harvey,1,1,0.9218107
fema actually can stay in puerto rico indefinitely,0,1,0.28938895
after harvey amp irma using recovery to build stronger and safer communities by,1,1,0.9479943
pro football club raises funds for california fire,0,1,0.5202816
deadly earthquake hits iran and iraq nbc nightly news,1,1,0.9072357
purchased buymigenteremix hurricane earthquake houston mexico puertorico,0,1,0.71306413
remember our brethren throughout the world tonight mexicoearthquake,0,1,0.15318055
hoping everyone is able to get back on track post hurricane irma wishing everyone well,0,1,0.22646108
port canaveral provides pipeline of fuel for postirma relief,1,1,0.83886427
after 200000 initial goal jj wattas harvey fund hits 20 million,1,1,0.95145667
hurricane harvey irma jose and now maria americans brace for new danger,1,1,0.96702373
san juan flights still on hold in wake of hurricane maria,1,1,0.9291456
trend alert hurricane irma more trends at trndnl,1,1,0.8223789
please irma evacuee from fl still in nc looking for her missing dog my friend is desperatea,1,1,0.361153
harvey levinas objectified gives glimpse of celebsa prized possessions,0,0,0.05365947
hurricane irma cat5 165mph will be near stcroix midnight tonight and eastern puerto rico around 8am tomorrow,1,1,0.98471695
us govat pesticide spraying in wake of harvey a toxic boon to agrochemicala giants,1,1,0.7602049
help puerto rico get free rare beer at dock street cannery,0,0,0.031832922
helping harvey move into uwe today doing my bit by watching the game,0,1,0.6867338
briefshell midstream partners hurricane harvey operational update,1,1,0.7770042
issued directive on hurricane irma response,1,1,0.84796345
tailgating in a different lot thanks to irmabut the hardcore tailgaters will not be denied,1,0,0.018023955
cyclonemora as usual buddhist monks are door to door to their peoples,0,1,0.59915465
stay strong puertorico and mexico hurricanemaria earthquake,0,1,0.25252423
harvey and irma are causing some people to have hurricane anxiety in robeson county,1,1,0.9746192
cmu student raises more than 100000 for puerto rico charters third rescue plane,1,1,0.85770124
we are still in need of donations to repair damage from irma donations are taxdeductible,1,1,0.97047764
trumps fix for puerto rico communications issues,1,1,0.074800834
update every county in yellow is under a tornado watch until 10 pm irmacsra,1,1,0.770761
is california the deep state,0,1,0.26834005
liam anderson talks about impact of california wildfires after big race at mt sac,0,1,0.80128014
earthquake relief in iran and iraq a difficult task,1,1,0.787523
third day in a row of recordbreaking temperatures brings critical fire conditions across southern california,0,1,0.917279
at times he felt that he had almost rather not be in love with her for it brought him no peace antonio mora,0,0,0.03878853
harvey boyer arlington tx,0,1,0.2707518
iran criticised for earthquake response details,0,1,0.73615044
harvey all over industrial production gt read more,0,1,0.057738893
hurricane irma 10 challenges for employers,1,1,0.9531513
fire at kuna mora cole roads stretches 280 acres,1,1,0.11595182
moras midnight bakery a moon sea jellya149,0,1,0.28189915
mr richmond hates mr mora doesnt stop talking about soccer has never spoken to a female student,0,0,0.00872891
a budding masterchef maybe wilf in the kitchen by matt harvey oilpainting,0,0,0.011123256
irmas aftermath with seigonie mohammed cnc3,1,1,0.4442657
thanks for donating to irma bvi appeal,1,1,0.64640117
the situation in puerto rico is dire please help your fellow clinicians and donate today,1,1,0.7473767
believe the meteorologists harvey is incredibly dangerous,1,1,0.7485877
37 days after hurricanemaria pure ineptitude or lack of any sense of urgency,0,1,0.83245206
as wildfires blazed on in santa rosa california help was needed from all over fire,1,1,0.9497616
aa pope francis offers prayer for victims of california wildfires news online,1,1,0.78737456
harvey wonat help flagging housing market,0,1,0.9000657
turn any keyword into article article makemoney former steve harvey writer a,0,0,0.0481164
so the state of california is pretty much on fire your move pres trump,0,1,0.67433214
congratulations on a beautiful wedding coach mora,0,0,0.0084938
a new fire threatens dozens of homes in california prompting more evacuations,1,1,0.9736646
satellite images show just how bad californiaas wildfires really are,1,1,0.91931945
maria grows to a cat 3 nears already battered caribbean 0 by,1,1,0.9664875
final day skinnycocares irmarecovery irmarelief hurricaneirmaaftermath irma,0,1,0.056090876
california fire survivors respond unexpectedly to loss of homes,1,1,0.98709095
usarmy soldiers from texas prepare to convoy south in support of harvey relief efforts,1,1,0.980532
irma nfl browns fear wr corey coleman broke his hand via tw,1,0,0.04999991
prolife attorney puts his life at risk to save victims of hurricane harvey,1,1,0.902156
i swear harvey and irma both boutta catch these hands 4,1,0,0.053854294
so proud of our kindergarten eagles taking pride in helping keep our campus beautiful following irma,1,1,0.45781654
puerto rico power grid deal under scrutiny nbc nightly news,1,1,0.40410298
maria to batter after irma second hurricane to strike eastern caribbean,1,1,0.9727701
night before puerto rico trip,0,0,0.032017015
puerto rico this seems like the kind of thing one would remembera121,0,0,0.006283676
colonialismas legacy neglect in puerto rico suffocation in dc,0,0,0.020974511
carmen mcreynolds victim of tubbsfire was a doctor and a western gala,0,0,0.026862761
fox news harvey fallout 53 of houstonas schools have a majora damage at least 22 will bea,1,1,0.9424711
via rand paul wants harvey relief to come from spending cuts p2 tcot,1,1,0.17139646
medtronic evacuates california facilities because of wildfires via startribune,1,1,0.8625443
new questions about areciboas future swirl in the wake of hurricane maria,0,1,0.17616066
20 of gbp 25 and free shipping harvey striped cotton cutout shoulder d gbp 1099,1,0,0.018187093
we could feel some effects from hurricane maria this week,1,1,0.8523167
this book arrived back in my hands after surviving hurricane maria in puerto rico itsasign thankiu nextread a12fa,0,1,0.57205445
tubb fire victims visit the remains of their home,1,1,0.96306056
how climate change hurricanes are rapidly accelerating the militarization of america,1,1,0.8664605
hurricane tracker carolinas midatlantic should watch maria forecasters say,1,1,0.9742261
news via foxnews the latest fires smoke reaches california beach town,1,1,0.17028669
children unable to attend school in devastated puerto rico,1,1,0.9064361
see hurricane irmas massive eye engulf an island,1,1,0.9072987
a selection of sunday front pages focusing on the california wildfires,0,1,0.544893
we called they answered showing up outside section 8 housing closed after irma residents wait to get b,1,1,0.3353872
irma blues latest speed test on verizon unlimited plan i hope spectrum services return soon,0,1,0.9270298
i wanted to get mora i didnt get her but at least i got lyonesse,0,0,0.038542226
beyond harvey and irma,1,1,0.17283803
please donate generously for the flood victims of sri lanka,1,1,0.9666553
everything dog lovers need to know about hurricane harvey,1,1,0.6014907
tesla is helping puerto rico get its power back via fastcompany,1,1,0.45834538
harvey victims nerves fray as days drag in houston shelter,1,1,0.9555588
this is a disaster money is running out in hurricaneravaged puerto rico,1,1,0.0694491
the national academy jury of 1907 francis luis mora,0,0,0.021602364
a pic of the mexican government helping mexicos earthquake recovery,0,1,0.8939517
lloyds of london estimates net claims for hurricane maria of 900 mln,1,1,0.934848
domenica se atlantic coast hamlets devastated by hurricanemaria says,1,1,0.9254892
more than 400 killed in iraniraq quake state media says,1,1,0.9777298
bravo helping in puertorico,1,1,0.7416102
3 weeks the mora until cancun a12 1a12 1,0,0,0.01498368
the sarasota heraldtribune from wednesday 96 friday 915 irma sarasota,0,1,0.1498417
trump blames delayed message to mexican quake victims on bad phone reception,0,1,0.8491196
this newborn photo shoot celebrates hurricane harvey rescue,1,1,0.7863847
week review beat mtsu harvey relief drive practice hard rti we noticed anchor down,1,1,0.32847136
mortgage rates rise monday as irmaaos impact becomes clearer,1,1,0.918751
ancient artifacts saved from deadly earthquake hold clues to mysteries of iraqs past,0,1,0.9318416
billboard is streaming the drag race queens puerto rico benefit show,0,0,0.014834498
broward county public schools to reopen on monday september 18 following hurricane irma,1,1,0.98327214
hurricane jose ambles off us coast as new tropical storm maria tracks irmas early path,1,1,0.9845841
cute totes proceeds to united ways mexico earthquake relief fund,0,1,0.3370542
usa today sees a template in its hurricane irma email newsletter,1,1,0.5135482
dont forget about puerto rico,0,1,0.055484723
breaking tornado watch in orlando area hurricaneirma,1,1,0.93552464
is postponing the floridapeppi due to the impact of hurricane irma on florida new date and venue wil,1,1,0.58610284
popular on 500px before hurricane irma by lindahammad streetphotography,0,1,0.368515
sarasota group escapes ca wildfire usa vacation travel,0,1,0.09518629
donald drumpf puerto rico wants everything to be done for them,0,1,0.23034316
electricity is something you dont notice until its gone report from puerto rico,1,1,0.1946612
raradio israel sends aid to mexico after devastating earthquake claims 248 lives,1,1,0.95857954
my tattoo so so so in love credit simon mora at hollow crown tattoo liverpool anime tattoo,0,0,0.048894785
postkatrina lessons for harveys returning students,0,1,0.86630374
if you dont like our president then dont accept federal fund relief help for hurricane maria dont be a hipocrite,0,1,0.6007872
one california doctoras dangerous mission to save his newborn patients from fire,1,1,0.8766214
trending this week operators prepare for irma restaurant serves as shelter,1,1,0.89990455
charter communications commits 135 million to hurricane irma relief efforts,1,1,0.9499107
tonight is dedicated to you puerto rico make sure to tune in on nbc at 10 et 9 ct a12ca12c,0,0,0.03032999
i live in puerto rico and its hella hot but who cares imma be rocking this shit for days,0,0,0.049754616
roundup bitcoin blowing up california fire survival story amp college basketball player,0,0,0.041908547
i had a great time packing meal for puerto rico yesterday a14y5a14y7a14y5a14y7a14y5a14y7,0,1,0.06288186
junk food dirty water and disease a month later puerto rico is still suffering,1,1,0.8006202
flesheating bacteria cancercausing chemicals and mold harvey and irmas lingering health threats,1,1,0.5729243
he collected donations for tx after hurricaneharvey now lorain councilman sends supplies to fl for hurricaneirma,1,1,0.98124766
california native loses everything in fire just two wee topstories,1,1,0.42328146
fema to rush recovery money for insurance claims related to harvey algeria,1,1,0.9566451
new death toll in californias wildfires has jumped to 21 details,1,1,0.92662925
league city tx this morning harvey,0,1,0.3164325
midnight circus is so cool for the whole family link for tix,0,1,0.9639118
beyoncas list of climate change disasters seem to include the mexico 81 earthquake,1,1,0.8927735
fire jumps southern california highway in rancho cucamonga a nbc 7 sana diego,1,1,0.96608925
tropical update tropical storm maria is bigger hurricane lee is stronger no issue for fl moving away swfl,1,1,0.99178994
harvey houstonstrong watch gulf 20 chance tropical development next 5 days would likely move toward tx,1,1,0.9804628
dont get sick helping w harvey,1,1,0.890376
early morning reminder to do your part californiawildfires california,1,0,0.036233686
homes and lives in ruins in california wildfires nbc nightly news,1,1,0.9806795
jose andres wants to use school kitchens in puerto rico to feed more people,1,1,0.8677035
meet harvey and irma a love thatas weathered 75 years fitnessworldabs,0,1,0.0827795
icymi trump pushes to run for senate during irma recovery visit,0,1,0.8654821
why couldnt and have come to puerto rico instead of,0,1,0.092942834
the gym above subway got destroyed the cement wall got blown out hurricanemaria,1,1,0.109907836
5am irma update national hurricane center still has irma making landfall near miami sunday as cat 4 storm,1,1,0.95657706
waiting for answers in corpus christi,0,1,0.8729612
gospel singer performs for harvey evacuees in conroe,0,1,0.6432325
tampa news polk county flower shop struggling with business after damage from hurricane irma,1,1,0.9628554
proposed rewiring for puerto rico,0,1,0.05660546
from the ap archives old san juan mainly untouched by hurricane maria,1,1,0.43377072
whats left of the mighty hurricane maria is now passing harmlessly to the south of us,1,1,0.97215724
the caribbean has been hit by a lot of storms this year but we still have 72 days until hurricane season ends,1,1,0.95786464
nature at its fiercest and humanity at its best,0,0,0.04866836
rescue workers in iran search for survivors after blocks in town of 30000 people collapsed,1,1,0.98667926
help raise money for harvey amp irma victims at on 920 ticket link,1,1,0.93448216
a message from the queen to the president of mexico following the recent earthquake,0,1,0.39664242
same region different islands distinct difference between irma and maria tracks in the caribbean,1,1,0.7880157
now i know why trump is spoiled he switch to imported milk please share i am hungry in puerto rico,0,0,0.009024645
sabine pass lng terminal receives first tanker since disruption from hurricane harvey,1,1,0.10208172
help is urgently needed in cuba through friday 922 cda will collect donations for irma,1,1,0.9823334
austin stands with houston scenes from weekend hurricane harvey benefits,1,1,0.7249981
forget about can you hear me now under this cell phone coverage scenario 13th day mariapr hurricanemaria,0,1,0.06314187
good gear morakniv garberg fixedblade knife,0,0,0.035028573
us to provide rs350mn flood relief to srilanka,1,1,0.93910825
hurricane harvey victims take shelter in san angelo,1,1,0.98269063
days of national mourning over life and traffic getting back to normal mexicoearthquake mexicocity,0,1,0.91991365
if you havent seen the destruction from harvey heres what our rv park looks like im standing at the front door,1,1,0.22063889
hurricane maria wont impact directly but indirectly bring high surf to our coastline the next two days,1,1,0.98526233
letters hard to know if trump will learn anything from hurricane harvey,1,1,0.26391208
new 00z gfs shows irma as intense hurricane just offshore of miami sunday am tropics,1,1,0.895677
oliveharvey collegehonoring the us powmia war veterans on today,0,1,0.31348917
hmmmm todays weather map vs the one from the day after tomorrow irma doomsday,1,1,0.062338725
sislovesme moka mora hush hush big brother full video porn sexy hot,0,0,0.014500467
father dies of asthma attack from californiaa wildfires,1,1,0.7514567
iom plans more help for floodhit srilanka top news,1,1,0.82814777
harvey still causing damage and flooding,1,1,0.98267186
still doesnt have the majority of menu items a whole week after irma hit 2,0,1,0.88646626
watch now 330 killed earthquake 75 magnitude in iraq and kuwait,1,1,0.9825868
leepride red raiders helping with hurricane harvey disaster relief a12ea128pts,1,1,0.96191555
found with an injured wing this little owl is now receiving the care he deserves at our affiliate swfc irma,1,1,0.6606819
losangelestimes another fire has broken out in southerncalifornia,1,1,0.7637066
money irma business what us decline the world still watches the fed via bv ai blooma,0,1,0.077343896
2017 joins a list of elite years with multiple category 5s in the atlantic maria irma,1,1,0.58722746
wsbtv reports bmonahanwsb maria is actually a hurricane again barely wind at 75 mph but its headed ou,1,1,0.9679666
new bbe blog post telemedicine provides care for hurricane harvey victims,1,1,0.7983455
live at this am awaiting arrival of on his way to puerto rico abc7ny,0,0,0.021046627
extension granted due to hurricane irma amp harvey,1,1,0.8567321
meet carmen yulan cruz the woman taking on donald trump after hurricane maria a newsweea,0,0,0.036746327
cnn when hurricane maria knocked out power and phone phoneservices puertorico,1,1,0.8863665
puerto rico board asks congress for backing in fight with governor,0,0,0.052608233
photos show destruction and scramble for survivors after deadly mexico earthquake,1,1,0.98169345
homes of the rich and famous in the path of hurricane irma,1,1,0.61525095
visit our infrastructure map at the hurricane maria portal,0,1,0.96967715
latest update on maria slow movement of storm could enhance impacts especially over the outer banks,1,1,0.9662937
1994a1 aministry of soundadj harveya12 6a a a,0,0,0.04643123
harvey was not a product of climate caused by change,1,1,0.31564742
over 15 million people exposed to strong shaking after mexicoearthquake report,1,1,0.94436824
is mentoring a moral obligation,0,0,0.041084673
hope was just 10 days old when her family was rescued following harvey photo by noelle mills,1,1,0.74970543
everyone is welcome zumba for puerto rico,0,0,0.016320372
tumi morake and martin bester join forces on jacaranda fmas new breakfast show,0,1,0.06279822
storm heads north off u s coast as irma like system eyes florida keys usnews,1,1,0.9140039
sundayas paper has zero mention of the california wildfires unbelievable not even a teaser at the bottom,0,1,0.10312231
what hurricane irma taught me by rebecca sherry eshraghi bahai,1,1,0.12702057
hurricane harvey drenches texas one stormrelated death reported,1,1,0.9193936
a we lost everything but we will rebuilda,1,1,0.70710313
condor survival craft amp mora clipper knifea comparison,0,1,0.08475861
hi douglas wilbur here had a scary time last plane from orlando b4 irma hope all in florida r ok,0,0,0.0097412085
oucou7 release on the arrival of hurricane irma in the dominican republic,1,1,0.94106835
student saves dozens of birds injured by hurricanemaria in puerto rico,1,1,0.93862617
first day back in class after hurricane irma todays word goal set goals today to become a better you tomorrow,1,1,0.059893414
me and my cousins waiting on the power to come back on hurricaneharvey,1,1,0.1618547
mexico tallying economic cost of big earthquake,1,1,0.61905074
federal loans approved to help cities in hurricane harveys wake independentie,1,1,0.882024
only 2 more days to apply for this years mora award at,0,0,0.04315238
uk weather warning met office issues rain warnings for uk as maria arrives,1,1,0.9697636
remarkable growth of solar industry in maryland climateaction podcast,0,0,0.054766987
lots of backyard work can be time consuming but linemen do whateverittakes to get the lights back on irma,1,0,0.054334637
chp sends stern message to drone operators near californiaa wildfires,1,1,0.925857
us brigade working hard to reestablish power in puerto rico,1,1,0.5121416
hurricane maria path update shock spaghetti model warning a usa must watch out,1,1,0.98729837
edaccessiblert jugosocial amorality is simply an attitude we adopt toward people we dislikea oscarwilde moraa,0,0,0.04282667
mexico withdrew its offer of harvey aid to texas after last weeks powerful earthquake,1,1,0.92102396
mike grabow 40 identified as among those killed in tubbs fire,1,1,0.7803612
news artists grapple with devastation caused by california wildfires,1,1,0.81460506
a shrinking shrinking shrinkinga puerto rico faces a demographica disaster,1,0,0.03982362
early expert opinion is that hurricane irma will have little if any lasting effect on reala,1,1,0.8543412
deadly wildfires threaten thousands of acres of pot farms in california,1,1,0.9796882
iran pledges swift aid after major quake kills 400,1,1,0.976035
icymi tandberg joined at the hip climatesilence climatechange renewables harvey irma maria auspol,0,1,0.20887515
puerto rico aid bill named for slang that means cool,0,1,0.2489686
my heart goes with iran and iraq 73 earthquake pray for sarpole zahab and kurdistan fff444,0,1,0.20793298
letter to the editor who will pay for houston work hurricaneharvey,1,1,0.7392927
furry responder brings hope to mexico earthquakea victims,1,1,0.08975274
powerful earthquake slams into mexico city,1,1,0.678161
silverado lending help to hurricane irma victims,1,1,0.96445024
a join us oct 1st 1000am 6pm show your support and love for victims of mexicos earthquake,1,1,0.9194296
a picture worth a thousand words hurricaneharvey,0,1,0.19049329
us carriers offer free calls texts and data after hurricane maria and mexicoa,1,1,0.8657637
hurricane maria has flooded multiple roads on ocracoke island again today,1,1,0.98894775
hurricanes irma harvey apply brakes to us economy marketwatch econ,1,1,0.9326681
hij de la bernarda directly from puerto ricoajust 3 weeks away tkts going fast click,0,1,0.07294353
airmen from the kentucky ang deployed to caribbean for hurricanemaria relief operations,1,1,0.9629122
san juan puerto rico cant wait to go back later this year livingthedream,0,0,0.013155305
fake irma video explodes online irma stjohn barbuda from the weather channel iphone app,0,1,0.07010676
houston corpus christi beaumont amp se texas seeing mosquitoes w zika virus harvey texas,0,1,0.9705247
its been done hurricane irma in lewd anime form we have reached peak horny,1,1,0.48374194
yes there were 4,0,1,0.119775124
from linkedin donts to trump in puerto rico this weeks top leadership stories,0,0,0.029327672
gov scotts tour of irma s impact on swfl today travels around collier county hear what he had to say in marcoa,1,1,0.09002934
kris jenner poses showing off her wealth meanwhile in puerto rico,0,0,0.03698229
busy weekend new ropes from robinson cano billy hamilton and puerto ricos debut wbc game in 2006 sodomofo,0,0,0.016276682
icymi mexicos second earthquake in two weeks leaves over 200 dead,1,1,0.96396935
call antinori construction to rebuild after irma 3867612805 eastcoastdockandseawall irma,1,1,0.942539
puerto rico mayor and montana firm feud on twitter over restoring power,0,0,0.027457226
the second disaster facing the victims of harvey and irma climatechange tfb f4f,1,1,0.97369325
happeningtoday tracking irma hurricane harvey relief efforts eat fit br campaign,1,1,0.9053156
update hurricane maria winds remain at 110 mph may increase in days,1,1,0.98998463
newsletter endangered earth harveys toxic toll,1,1,0.86625385
asian traders look to snap up us crude in wake of hurricane harvey,1,1,0.8877496
yaall look at my presidenta12 c puertoricorelief mexicoearthquake,0,1,0.07344408
update northern california wildfires water tender operator killed in vehicle accident,1,1,0.9658121
this song starts a fire in me losangeles blink182 california a12s4,0,0,0.028657315
mexico city earthquake triggers migration wave toa cancun,1,1,0.25473458
hurricane irma aftermath schools seek to regain normalcy,1,1,0.9848685
opinion column harvey irma and 911 we can replace the stuff,1,1,0.8817862
donate today a12fa14da12fa14da12fa14da12fa14da14y5a14y7a14y5a14y7a14y5a14y7a14y5a14y7,1,1,0.43095508
harris feinstein raise concerns about wireless emergency alert system deficiencies duringa,0,1,0.846463
bill murray is the man 20 donation to puertoricorelief for an autograph,1,1,0.1648902
hurricane irma symphony of compensation,1,1,0.78230906
85 of puerto rico remains without power 40 of people still dont have access to drinking water,1,1,0.9638885
house approves harvey relief bill among debt ceiling controversy,0,1,0.27504447
friend sent me this picture of a building on her street mexicoearthquake,1,1,0.365848
tracking this area of heavy rain that produced a tornado warning tracking now on cbs47,1,1,0.9520833
our power just came back on we lost it for about 3 hours i thought about puerto rico the whole time,0,1,0.2458156
combined harvey amp irma losses could strain some reinsurers fitch,1,1,0.9415328
seth troxler donates 10k to earthquake relief efforts challenges fellow umf mexico,1,1,0.6927844
come out and donate or volunteer to support those impacted by hurricane irma sat 923 pgcacirmadrive,1,1,0.9111375
our staffroom cake sale to help with irma,1,1,0.44834742
benjamin mora reveals his thoughts on the penalty for ceres read,0,1,0.06530559
walt disney world in hurricane irma,1,1,0.4397427
hurricane maria important stuff for nc pm monday sept 25a 2017,1,1,0.95723265
watch multiple buildings collapse during earthquake in mexico city,1,1,0.97645617
you can hurt me and try to break me but ill always rise and ill tear you the fuck up like a tornado,0,1,0.6641328
when an earthquake struck this rural corner of mexico city the flimsy shacks,0,1,0.08376137
more evidence of high winds from irma in south florida head south,1,1,0.97684973
harrowing footage shows plane flying through hurricane irma,0,1,0.9527938
things still bad in puerto rico while more weather misery on the way,1,0,0.020755092
bill quigley warning letter to harvey and irma survivors from katrina survivor,1,1,0.9282922
deals todaysdeals nwt lularoe irmamystery sale extra large deals todaysdeals,0,0,0.027454944
wildfires raging through northern california are terrifying,1,1,0.95937365
watching maria tropical storm watch issued for nc coast,1,1,0.96540135
keep sharing the mexicoquake everyday,1,1,0.30763862
dynamo and dash players recount harvey experiences foreverorange,0,1,0.07885438
pelosi wants the disaster relief package updated to include aid to california victims of the wildfires,1,1,0.96061546
quilting club in kewanee illinois made 75 quilts for puerto rico thank you ladies,1,0,0.047930356
video news via cnn zakarias grand bargain to rebuild puerto rico,0,1,0.12655982
el fogon de jule has been offering a taste of puerto rico in readingpa for 25 years,0,1,0.14547533
imagine math students donate thousands to hurricane harvey relief,1,1,0.9523881
queue of blooddonation after the destructive earthquake iran sympathy,1,1,0.916947
chef juan jose cuevas speaks to puerto ricos resiliencyaand why you should visit in 2018,0,0,0.013666114
hurricane harvey and irma disasters bring potential of 700b unpaid mortgage balances,1,1,0.98069006
this worked for detroit and puerto ricolol,0,0,0.02099278
hurricane harvey victims waiting for food houston texas 2017 colorized,1,1,0.9885925
gov edwards announces statewide blood drive to help victims of hurricane harvey nwlanews,1,1,0.9628167
i just had to evacuate my home in california due to the wildfire obviously i took the essentials,1,1,0.4442701
birds parrots irma take care little birdies,0,1,0.620295
dead ass a12 2a12 2a12 2 harveyirma kenneka jenkins iphone x,0,1,0.057186875
hurricane maria intensified explosively today from cat 3 to cat 5 loop,1,1,0.54437846
matt harvey fucks,0,1,0.07577215
needing irma resources visit for an updated list dial 211 or text your zip code to 898a,1,1,0.95081824
sandy survivors warn harvey and irma victims about whats ahead,1,1,0.97620493
hurricane marias predicted path twitter,1,1,0.736553
fundraiser for hurricane irma and harvey with women beyond survival,1,1,0.93524116
they did it supplies at ix to leave for puerto rico reports,1,1,0.8269601
attagirl aracely way to get out there today to clean up for our neighbors a12saa14da127a128sd6workin4u harvey,0,1,0.7216835
jose is expected to weaken as he moves north along the e coast while maria is expected to strengthen as she movea,0,1,0.95898706
lets help to make them strong again hurricanemaria,1,1,0.8060159
need a job fema needs texans to help with harvey recovery,1,1,0.94437635
sent this to irma and he left me on read,1,1,0.6141758
uw experts weigh in hurricane irmaaos unique magnitude future recovery response,1,1,0.96227974
oh my god i never actually tried using the tornado in lego dimensions before this is cute,0,0,0.01182046
thousands homeless as mexico quakes death toll tops 300,1,1,0.96814907
major hurricane 0 maria category 3 115 mph windmapapp,1,1,0.9819062
rich rodriguez ranked 38th best college coach by athlon,0,0,0.007938084
3monthold girl who was ripped from fathers arms during hurricane harvey found dead,1,1,0.9453867
expert warns harvey will be us most expensive natural disaster via,1,1,0.9576417
this is where one of the best computer models predicts harvey will besix days from now,1,0,0.041763823
looking for answers times reporters tested the water in houston,1,1,0.67598987
matt harvey fits in with the mets highly questionable rotation,0,0,0.009982543
tornado warnings popping up in south florida as irma nears,1,1,0.98337847
from a one on onea documentary shows puerto rico school before the storm,0,1,0.3061722
my son playing in prospect park jnj hurricaneirma2017 hurricanemaria,0,0,0.020580385
california and wines postfire wine sommelier sfrfoodies,1,0,0.02734597
puerto rico is a ghost town as visitors stay away after storm,1,1,0.51096106
key largo couple says hurricane irma took water away from florida bay,1,1,0.8504428
lots of our forest to haul away thanks irma,1,1,0.30292103
are harvey and irma good enough reasons to dump mcdonaldas stock via,0,1,0.21498828
she died in california wildfire trying to rescue hera puppy,1,1,0.9522008
i came back from hurricane marias aftermath to annoying fan wars but what was i expecting rly,0,1,0.0988522
powerful 71 magnitude earthquake hits southern mexico,1,1,0.9835487
warmer waters are fueling hurricane harveyas power,1,1,0.96176165
hurricane harvey strikes a powerful blow to texas and lingers,1,1,0.97579205
a few anxious faces around gintime o8 irma,0,0,0.04614394
held a miracle minute and raised 900 to aid victims of hurricaneharvey,1,1,0.8549983
after irma solar plus storage a small beacon of light in a sea of darkness,0,1,0.63253707
rockport tx 08272017 video footage via harvey hmrd,0,1,0.45335945
1 oz silver coin 2015 proof blue marlin guy harvey designed gainsville,0,0,0.012464441
live qampa hurricane irma slams florida,1,1,0.82395154
confirmed tornado with storm north of south lake tahoe california cawx,0,1,0.97279257
hurricane maria not getting same amount of coverage as harvey ora irma,1,1,0.96105003
guy fieri cooking 5000 meals day wildfire victims,0,1,0.653342
trump tells people of puerto rico not to believe the fake news about response to,0,0,0.032892276
hurricane maria is pounding our hotel in fajardo puerto rico tourism,1,1,0.9065042
distributing tarps in huamuchil oaxaca mexicoearthquake,1,1,0.14219391
in this afternoons matinee performance mr harvey thorne will be playing the part of al jolson,0,0,0.008708115
anura were you scraping coconut for one year via lka srilanka floodsl,0,0,0.030450542
these photos show how residents are coping in puerto rico nearly one month after maria,1,1,0.7808672
espn puerto rico tipoff relocated to ccu because of hurricane maria,0,1,0.09843258
the ocean is already picking up irma didnt do anything this soon,1,1,0.9576349
harvey a storm like no other by creationcare healthykids,1,1,0.1856898
irma harvey florida have mercy blacks just trying to feed their starving families,0,1,0.929894
schilling defends trump on puerto rico yet warns of grave consequences ahead,0,1,0.07679671
portorico hurricanemaria scam spam they keep on trying,0,1,0.36151773
urgent support needed for dominica island hardesthit by hurricanea maria,1,1,0.95998573
first indulgence since irma still no power but i have my caramelmacchiato,1,1,0.39829692
dallas readies itself for influx of hurricaneharvey evacuees hurricanerelief,1,1,0.7953293
south florida peeps we need volunteers hurricanemaria puertorico,1,1,0.9589276
is out of patience with democrats who think we cant afford nice things like saving the planet,0,0,0.009866878
mexico city earthquake a rescuers battle to save children trapped beneath rubble of schoola,1,1,0.9803324
mexico city a risk from earthquake tremorsbuiltup on top of,0,1,0.37046337
captive blackfish tokitae left 2 fend 4 herself during irma v freelolita,1,1,0.5021268
we want to make floridians aware of an important issue called assignment of benefits heretohelp irma,1,0,0.009811513
classless trump insults california by sending warm respects during wildfire a resist za,0,1,0.15057285
a couple of middle school students are raising money to help californias fire victims,1,1,0.9690139
far from baseball norm charlton looks to rebuild his hometown after hurricane harvey,1,1,0.75909543
hurricane irma took their homes and possibly their future news,1,1,0.9845627
harvey did next to nothing for oil in comparison to katrina,1,1,0.7748289
one of our safety patrols escorting 2 of our prek students to class our first day back after hurricane irmaa,1,1,0.9160673
barry bonds among pro athletes who fled golf club ahead of california wildfires,1,1,0.5980292
our little town of nome hurricaneharvey texasstrong,0,1,0.41587266
california suburb destroyed by fire last night,1,1,0.8801523
dad where are the lights its been one month son the politicians of puerto rico stole the lights,0,0,0.01888402
new new hurricane maria puerto rico officials describe apocalyptic conditions,0,1,0.4975239
woman at las vegas shooting loses california home to wildfires,1,1,0.4022372
harvey aftermath houston open for business other cities suffering,1,1,0.13951914
5am advisory maria weakens significantly overnight but it is still a hurricane with winds up to 80 mph,1,1,0.97641045
hurricane irma charleston flooded neighborhoods watch now 9,1,1,0.9848675
hurricane irma could hit us by this weekend after harvey devastation,1,1,0.9890091
much like harvey hurricaneirma could bring rain to arkansas as it fizzles out arwx,1,1,0.91432786
oil amp gas operators increase number of evacuated platforms due to harvey oilandgasnews,1,1,0.8331172
tropical stormhurricane lee will likely interact with mariamary later this week,1,1,0.9663038
michael buffer had his steve harvey moment with carlos estrada winning the fight,0,0,0.014391335
republikkklans rnc gop voted against 4disasters harvey irma katrina thank a democrat,1,0,0.050688818
mims family of 7 loses everything to tornado during irma gt,1,1,0.971975
thats cause steve harvey did the announcinga,0,1,0.098298006
provides shelter for evacuated zoo animals during hurricane irma,1,1,0.98260766
as i pleas bring these supplies everything will be donated to those impacted by hurricane harveyas i,1,1,0.93993926
did the dark state create harvey fakenews propaganda,1,0,0.02695318
california architects begin to assess the catastrophic wildfire damage,1,1,0.95546705
this graphic feels like a very poor representation of actual real life hurricane maria,1,0,0.035286512
first time i text mora in months and he thinks all im trying to do is get drunk smh,0,0,0.006990983
pre august 11th at 730am and post september 18th at 730am irma fortunate and resilient,1,1,0.16347039
mexico earthquake relief paypal donations donativosrescatetoposorg toposmx,1,1,0.9012613
irma will cost disneyworld other theme parks millions via orlando sentinel,0,1,0.7649469
northern california wildfires are devastating the areas cannabis crop cannabis,1,1,0.90582913
join the pro bono attorneys helping with californias fire recovery,1,1,0.7820505
day 8 no power irma sarasota,1,1,0.30995625
deadly aftershock volcanic ash spread alarm in mexico,1,1,0.96219045
to show you how scary hurricane harvey is,1,1,0.5489347
this was taken the day we left summerland key floridakeys irma hurricaneirma missing the keys pretty bad today,1,1,0.86066276
know your hurricane evacuation zone,1,1,0.96252507
ever since harvey melania has looked like secretservice,0,0,0.02143591
top charity found scamming hundred of harvey victims out of food do not donate,1,1,0.95949954
this really puts things in perspective please help houston however you can harvey,1,1,0.8553206
ibec emergency housing wkh puerto rico,1,1,0.6139527
govt donates b2m to help floodstricken sria lanka,1,1,0.87741685
introducing the new 2017 puerto rico a14y5a14y7state seal,0,0,0.016089229
final 49 knox webb 22 blue tornado improve to 31 gobigblue,0,1,0.556413
forcecast track of hurricane irma has trumps maralago club in its sights,1,1,0.91834384
liga fully sustainable and disaster resistant living environments irma harvey,1,1,0.8358662
bryn amp harvey all the way from england whos the bigger kid bbl06 turnuptheheat,0,0,0.009945795
harvey victims worried irma could slow recovery read more victims,1,1,0.9802786
is puerto rico part of the us another katrina should we help them heres how to donate,1,1,0.73034114
aztf1 has been demobilized from harvey were heading home,0,1,0.87494266
donald trump is yet to address the deadly iraniraq earthquake but has had time to tweet,1,1,0.5812699
mexico im sad i think of wenchuan earthquake in chinaa123a123,0,0,0.022004964
abannon says bush 43 a most destructivea,0,1,0.17558175
de mora just landed,0,0,0.04445577
if youre looking for a way to help my church has a few good options hurricane harvey relief cottonwoodfamily,1,1,0.79038066
ozarksfirst kolr hurricane irma death toll at 9 as florida awaits storm,1,1,0.9614683
iraqiran earthquake from bhuj to haiti the deadliest quakes of this century worldnews,1,1,0.9738478
stepupfortexas help our kxly radio stations raise money for victims of hurricaneharvey,1,1,0.96368563
mexico drops harvey aid to texas citing its own natural disasters,1,1,0.96517676
coast guard investigative service agents inspect sailboats damaged by hurricane irma in key west floridaa,1,1,0.98639244
34 pot farms have burned down in california wildfires via socialmedia mlm,1,1,0.9674597
funnel cloud reported w tornado warning d sdwx,1,1,0.84900796
four tornadoes have been confirmed so far from irma full report scwx gawx,1,1,0.98666745
carlton church plans fundraiser on oct 29 for community in puerto rico,1,1,0.33056146
so sad to hear about the earthquake in mexico city my thoughts go out to everyone there a12ca12c mexicocity,1,1,0.41169423
powerful hurricane irma slams caribbean eyes us,1,1,0.88605875
tesla starts energy storage at hospital to help puerto rico,1,1,0.91170526
huge earthquake could strike today says prophet who predicted iraniraq killer quake,1,1,0.48801434
tell us how you really feel obx hurricanemaria,0,0,0.028644813
also had to replace my tryb thanks to harvey fuckoffharvey,0,1,0.18359508
kids open lemonade stand to help raise money for animals displaced by hurricane harvey,1,1,0.9671966
dr jim denison california wildfires whose door will you knock ona today,0,1,0.4748512
thankfully we are free of damage and are back in full swing post hurricane irma,1,1,0.7518802
raytheon coyote uavs help noaa track and model hurricane maria,1,1,0.9190207
although i got this care package after irma my girlfriend is still the best dd,0,1,0.2703913
horses sheep amp turkeys evacuated from fire how to help after california fires,1,1,0.9115792
fl irma preliminary needs on bigpinekey distribution center 30250 overseas hwy big pine key fl 33043a,1,1,0.8808696
and get puertorico users cell service,0,1,0.62736213
rain brings breath of fresh air to areas hit hard by california wildfires,1,1,0.97963023
how to help victims of the northern california wildfire,1,1,0.9391384
looking for a new pet dogs rescued from puerto rico are looking for new homes in nyc,1,1,0.6410611
71km ssw of paredon mexico earthquake mag 57 september 24 2017 060612 100612 gmt,1,1,0.16473822
53000 people made homeless by hurricane harvey what happens next,1,1,0.9571203
puerto ricans in ct wait anxiously for news about hurricane,1,1,0.5537854
la mina in earlier this year i cant imagine what hurricanemaria has done to this rainforest amp ecology,1,0,0.033758525
land ofrost chipped in time and person power to provide relief supplies to hurricaneharvey victims in houston,1,1,0.83347446
harveyas heroes area man steps up when no one else will patxnews,0,1,0.29125103
from the archive macron i will help st martin recover from irma,1,1,0.9006871
an update from about disaster relief in response to hurricanemaria,1,1,0.91653746
creating new voters daily a343,0,0,0.039101433
maria is still a major hurricane and will actually have a positive effect on our weather this weekend dry,1,1,0.9616321
raiders release statement on central mexico earthquake,0,1,0.5541498
earthquake ml 39 eastern iran emsc,1,1,0.5110174
hurricane harvey another crushing burden for houstons poorest and most vulnerable,1,1,0.7723087
after hurricane irma group handing out bulk bbq at germain arena,1,1,0.8868536
when you try to figure out how pellegri salcedo mora60m nainggolan60m,0,0,0.032601323
hurricane maria has left a path of devastation behind it heres how you can help gtgt,1,1,0.9907458
bayarea restaurants join forces help north bay fire,0,1,0.96486205
shop kipsongo and help us support rebuilding efforts in the virgin islands post hurricane irma shop kenyaa,1,1,0.980332
radio reports on california wildfires,0,1,0.62277097
large tree fell in mount mora cemetery no tombs seem to be damaged,0,1,0.94427663
apartment residents angry displaced after irma,0,1,0.9566862
need something to get your over hump day come out to b3 brew beats amp bites at perry harvey park starting at 5 pm,0,0,0.033152066
beautiful samoan firefighters sing moving hymn in midst of california wildfiresa,1,1,0.6297795
telegraph pics landlords demand rent for flooded homes from hurricane harvey victims,1,1,0.9663499
insurers and reinsurers struggling to assess the damage of hurricane harvey,1,1,0.97997004
106th rescue wing returns from harvey irma missions,1,1,0.93714774
hurricane maria a the aftermath a st croixa usvi,1,1,0.9442004
if hurricane maria kills me gets my warhammer stuff this is a legally binding tweet,0,1,0.74226433
do you have boat damage due to hurricane irma we can assist you with filing a claim with your insurance company,1,1,0.97235256
icymi raradio samaritans purse ramping up aid efforts in caribbean after hurricane maria,1,1,0.8800905
trending in scuba hurricane maria relief,0,1,0.90942687
wh releases pic of trump signing harvey aid etc into law earlier at camp david,1,1,0.35553852
new assessment data on hurricaneirma irma,1,1,0.889836
perspective amp fright cat 5 irma from the virgin islands ht fox35,1,1,0.2761976
weighing the hazards as i via,0,1,0.2279328
icymi maria will be joining monica in puerto rico on monday to help distribute supplies a12fa14bai a14y5a14y7 beblessed,1,1,0.755569
harvey and ruby waiting to settle down and watch crufts2017,0,1,0.38403717
irma the savage rat ripshelia,0,1,0.14950497
watch teaming up for texas telethon with coach cal and the cats on from 330630 pm,0,1,0.4105978
how about getting some power to the american citizens in puerto rico you hopeless asswipe,1,0,0.041920982
kill people burn shit fuck school 666 ofwgkta i punch bitches stop kony 2012 fuck steve harvey,0,0,0.0326851
not irma anymore his name is dukeaf,0,0,0.021354584
join us in the clubhouse on sunday 18th june for a special three course fathersday lunch,0,0,0.03721188
oh snap darrell issa,0,1,0.08673128
twitter erupted over president trumps federal g tweet about hurricane irma,0,0,0.036501627
in hot weather a power outage can be deadly check on friends neighbors amp loved ones,0,1,0.96417004
congrats on hitting yoir goal guys im sure the victims of harvey will appreciate it greatly,0,1,0.549143
ive never flown in one of these what a beauty tornado,0,1,0.54438347
21 kids among dead found in school after mexico earthquake,1,1,0.97560126
one volunteer me helping another for hurricaneharvey rescues,1,1,0.9515138
california nurse flees wildfires nurse nurses nurselife nursepractitioner nurseblog,0,1,0.43774378
tropical cyclone mora by eumetsat composite image of tropical cyclone mora approaching banga,1,1,0.95774275
champions for puerto rico medical relief in ny nhma2017,0,1,0.3122997
a lesson from hurricane irma bury the utility poles by unknown author via nyt,1,1,0.382565
jonny gomes bringing huge truck to help california fire victims the kansa royals,1,1,0.9140704
on air sur np fedo mora amp camurri after the rain pochette,0,0,0.02227302
image of the week irma churns up sediment in the florida keys video,1,1,0.59898
paralympics body postpones world championship over mexicoa earthquake,1,1,0.19726159
so puerto rico was already part of the us somethings fishy with whitefish,0,1,0.081054285
before hurricane irma quinn street flood clean up,1,1,0.97777474
local sheriff smacks down breitbart for bigoted lie about california wildfires,0,0,0.0485855
breaking tornado warning has been cancelled houston may see some tornadoes overnight tonight harvey,1,1,0.9873891
pretty sure yall got investigate reporters,0,0,0.02618586
iran survivors struggle in aftermath of years most deadly earthquake,1,1,0.94864804
losangelestimes the package includes 5765 million for california wildfire,0,1,0.8140112
s a f e b o y e s ready to look for people after earthquake in mexico,1,0,0.021000473
thesciencemic nasa map of wildfire damage helps california recovery effort science,1,1,0.9734935
harvey damage could reach 180 billion,1,1,0.98045087
maria wants to do the work irma couldnt completely do 34,0,1,0.8819086
